episode_id,scene,seed,snapshot_id,method,budget,roi_pixels,selected_tiles,enhanced_quality,background_quality,charged_bytes,tile_payload_bytes,critical_tile_payload_bytes,critical_tile_payload_fraction,critical_region_pixels,critical_boundary_edge_pixels,eligible_boundary_edge_pixels,critical_boundary_high_quality_coverage,eligible_boundary_high_quality_coverage,critical_region_mse,critical_region_psnr_db,eligible_boundary_mse,eligible_boundary_psnr_db,tcobr_eligible,tcobr_recalled,tcobr,reconstruction_sha256
m6a_v3_formal_s1_seed630100,S1,630100,0,state_only_risk_roi,severe,9,1,35,5,31441,31046,0,0.0,0,0,0,,,,,,,0,0,,0332e0e7eedba6a3a6d319eff7e05255323f8cd6865db210a229a2ef5d40254a
m6a_v3_formal_s1_seed630100,S1,630100,0,state_only_risk_roi,low,9,1,55,25,32250,31855,0,0.0,0,0,0,,,,,,,0,0,,c6d0c8242ffc4343189848c999d25655915e51cdd60847d6b2f0b5782c034025
m6a_v3_formal_s1_seed630100,S1,630100,0,state_only_risk_roi,medium,9,1,75,45,32942,32547,0,0.0,0,0,0,,,,,,,0,0,,d27b3aa4e83b410f8d1194e78b1ef29b8ae8fe22d37177164da59ebc66004804
m6a_v3_formal_s1_seed630100,S1,630100,0,state_only_risk_roi,high,9,1,95,65,33752,33357,0,0.0,0,0,0,,,,,,,0,0,,97a6c1a67d001c474c9c87eb7e90e30f156f392008bcaa7039528354eb9ba0dd
m6a_v3_formal_s1_seed630100,S1,630100,0,command_conditioned_risk_roi,severe,9,1,35,5,31450,31046,0,0.0,0,0,0,,,,,,,0,0,,0332e0e7eedba6a3a6d319eff7e05255323f8cd6865db210a229a2ef5d40254a
m6a_v3_formal_s1_seed630100,S1,630100,0,command_conditioned_risk_roi,low,9,1,55,25,32259,31855,0,0.0,0,0,0,,,,,,,0,0,,c6d0c8242ffc4343189848c999d25655915e51cdd60847d6b2f0b5782c034025
m6a_v3_formal_s1_seed630100,S1,630100,0,command_conditioned_risk_roi,medium,9,1,75,45,32951,32547,0,0.0,0,0,0,,,,,,,0,0,,d27b3aa4e83b410f8d1194e78b1ef29b8ae8fe22d37177164da59ebc66004804
m6a_v3_formal_s1_seed630100,S1,630100,0,command_conditioned_risk_roi,high,9,1,95,65,33761,33357,0,0.0,0,0,0,,,,,,,0,0,,97a6c1a67d001c474c9c87eb7e90e30f156f392008bcaa7039528354eb9ba0dd
m6a_v3_formal_s1_seed630100,S1,630100,1,state_only_risk_roi,severe,9,1,35,5,31457,31062,0,0.0,0,0,0,,,,,,,0,0,,bde5822dbf993ce1a51a57e65a07e7bc431a73fcd14ec06e166a2284620c70e2
m6a_v3_formal_s1_seed630100,S1,630100,1,state_only_risk_roi,low,9,1,55,25,32279,31884,0,0.0,0,0,0,,,,,,,0,0,,a46b163ee7eab6855278857f5b4f09588e56d95073997a8ad3bc30903092ac86
m6a_v3_formal_s1_seed630100,S1,630100,1,state_only_risk_roi,medium,9,1,75,45,32924,32529,0,0.0,0,0,0,,,,,,,0,0,,3ab01e95c26dc8b56ff1d91271019020c234a1e8618f81b6d9f2e2ec586b9bb8
m6a_v3_formal_s1_seed630100,S1,630100,1,state_only_risk_roi,high,9,1,95,65,33825,33430,0,0.0,0,0,0,,,,,,,0,0,,ea536b4b4a866fe8388d94bbad5ea8feb2184baaf2139d4be00926a49774a086
m6a_v3_formal_s1_seed630100,S1,630100,1,command_conditioned_risk_roi,severe,9,1,35,5,31466,31062,0,0.0,0,0,0,,,,,,,0,0,,bde5822dbf993ce1a51a57e65a07e7bc431a73fcd14ec06e166a2284620c70e2
m6a_v3_formal_s1_seed630100,S1,630100,1,command_conditioned_risk_roi,low,9,1,55,25,32288,31884,0,0.0,0,0,0,,,,,,,0,0,,a46b163ee7eab6855278857f5b4f09588e56d95073997a8ad3bc30903092ac86
m6a_v3_formal_s1_seed630100,S1,630100,1,command_conditioned_risk_roi,medium,9,1,75,45,32933,32529,0,0.0,0,0,0,,,,,,,0,0,,3ab01e95c26dc8b56ff1d91271019020c234a1e8618f81b6d9f2e2ec586b9bb8
m6a_v3_formal_s1_seed630100,S1,630100,1,command_conditioned_risk_roi,high,9,1,95,65,33834,33430,0,0.0,0,0,0,,,,,,,0,0,,ea536b4b4a866fe8388d94bbad5ea8feb2184baaf2139d4be00926a49774a086
m6a_v3_formal_s1_seed630100,S1,630100,2,state_only_risk_roi,severe,9,2,35,5,31352,30957,23199,0.7493943211551507,10920,7,0,0.0,,106.27713675213676,27.866405154448554,,,0,0,,1f1609f89d446be295129649f69a9fd51c9bd5b81fb70f3c8c75d74dcbf9f6fa
m6a_v3_formal_s1_seed630100,S1,630100,2,state_only_risk_roi,low,9,2,75,45,32297,31902,23735,0.7439972415522538,10920,7,0,0.0,,7.772161172161172,39.22538562834341,,,0,0,,15687e0ecb7c152da657a856518f3d8ac72fb565017a4df7978fd98ed8fd7a61
m6a_v3_formal_s1_seed630100,S1,630100,2,state_only_risk_roi,medium,9,2,95,65,32688,32293,23967,0.7421732263958133,10920,7,0,0.0,,4.084310134310134,42.01961648876713,,,0,0,,fb9056c00070a00080640e7617995be23e3b75154c6bc1acac85f4ff525e7a64
m6a_v3_formal_s1_seed630100,S1,630100,2,state_only_risk_roi,high,9,2,95,65,32688,32293,23967,0.7421732263958133,10920,7,0,0.0,,4.084310134310134,42.01961648876713,,,0,0,,fb9056c00070a00080640e7617995be23e3b75154c6bc1acac85f4ff525e7a64
m6a_v3_formal_s1_seed630100,S1,630100,2,command_conditioned_risk_roi,severe,9,2,35,5,31361,30957,23199,0.7493943211551507,10920,7,0,0.0,,106.27713675213676,27.866405154448554,,,0,0,,1f1609f89d446be295129649f69a9fd51c9bd5b81fb70f3c8c75d74dcbf9f6fa
m6a_v3_formal_s1_seed630100,S1,630100,2,command_conditioned_risk_roi,low,9,2,75,45,32306,31902,23735,0.7439972415522538,10920,7,0,0.0,,7.772161172161172,39.22538562834341,,,0,0,,15687e0ecb7c152da657a856518f3d8ac72fb565017a4df7978fd98ed8fd7a61
m6a_v3_formal_s1_seed630100,S1,630100,2,command_conditioned_risk_roi,medium,9,2,95,65,32697,32293,23967,0.7421732263958133,10920,7,0,0.0,,4.084310134310134,42.01961648876713,,,0,0,,fb9056c00070a00080640e7617995be23e3b75154c6bc1acac85f4ff525e7a64
m6a_v3_formal_s1_seed630100,S1,630100,2,command_conditioned_risk_roi,high,9,2,95,65,32697,32293,23967,0.7421732263958133,10920,7,0,0.0,,4.084310134310134,42.01961648876713,,,0,0,,fb9056c00070a00080640e7617995be23e3b75154c6bc1acac85f4ff525e7a64
m6a_v3_formal_s1_seed630100,S1,630100,3,state_only_risk_roi,severe,9,1,35,5,31376,30981,7749,0.2501210419289242,3480,2,0,0.0,,173.02471264367816,25.749722242229602,,,0,0,,895997c7251be786ede8711f41b319eeb4e270f3da8d32d385ff3c9b2d600a93
m6a_v3_formal_s1_seed630100,S1,630100,3,state_only_risk_roi,low,9,1,55,25,32101,31706,7918,0.24973191194095753,3480,2,0,0.0,,23.069157088122605,34.50048634516078,,,0,0,,d647fbe2f90b0b90eeee376cc4f0c504987dc276721cecf34ebb8a34e2f43b48
m6a_v3_formal_s1_seed630100,S1,630100,3,state_only_risk_roi,medium,9,1,95,65,33441,33046,8174,0.24735217575500817,3480,2,0,0.0,,10.684099616858237,37.84342432206506,,,0,0,,876c3b0c1bd5f11d9611705e940a864adf86aa34e37e0189716c5685d6c81f50
m6a_v3_formal_s1_seed630100,S1,630100,3,state_only_risk_roi,high,9,1,95,65,33441,33046,8174,0.24735217575500817,3480,2,0,0.0,,10.684099616858237,37.84342432206506,,,0,0,,876c3b0c1bd5f11d9611705e940a864adf86aa34e37e0189716c5685d6c81f50
m6a_v3_formal_s1_seed630100,S1,630100,3,command_conditioned_risk_roi,severe,11,1,35,5,31389,30981,7749,0.2501210419289242,3480,2,0,0.0,,173.02471264367816,25.749722242229602,,,0,0,,895997c7251be786ede8711f41b319eeb4e270f3da8d32d385ff3c9b2d600a93
m6a_v3_formal_s1_seed630100,S1,630100,3,command_conditioned_risk_roi,low,11,1,55,25,32114,31706,7918,0.24973191194095753,3480,2,0,0.0,,23.069157088122605,34.50048634516078,,,0,0,,d647fbe2f90b0b90eeee376cc4f0c504987dc276721cecf34ebb8a34e2f43b48
m6a_v3_formal_s1_seed630100,S1,630100,3,command_conditioned_risk_roi,medium,11,1,95,65,33454,33046,8174,0.24735217575500817,3480,2,0,0.0,,10.684099616858237,37.84342432206506,,,0,0,,876c3b0c1bd5f11d9611705e940a864adf86aa34e37e0189716c5685d6c81f50
m6a_v3_formal_s1_seed630100,S1,630100,3,command_conditioned_risk_roi,high,11,1,95,65,33454,33046,8174,0.24735217575500817,3480,2,0,0.0,,10.684099616858237,37.84342432206506,,,0,0,,876c3b0c1bd5f11d9611705e940a864adf86aa34e37e0189716c5685d6c81f50
m6a_v3_formal_s1_seed630101,S1,630101,0,state_only_risk_roi,severe,9,1,35,5,31443,31048,0,0.0,0,0,0,,,,,,,0,0,,0481348fdfc8628c6e225b58cc6bc1faea0b19f72c13724b7963e6caaa7e0c16
m6a_v3_formal_s1_seed630101,S1,630101,0,state_only_risk_roi,low,9,1,55,25,32303,31908,0,0.0,0,0,0,,,,,,,0,0,,f3fd2db1b0994680a75cf48baf05359c8a4b664df8e281e027d7df6035f3110f
m6a_v3_formal_s1_seed630101,S1,630101,0,state_only_risk_roi,medium,9,1,75,45,33027,32632,0,0.0,0,0,0,,,,,,,0,0,,be5a2295e575c4f43a852bc97983b682f84b1cec77d6e30ae222094b9042330e
m6a_v3_formal_s1_seed630101,S1,630101,0,state_only_risk_roi,high,9,1,95,65,33872,33477,0,0.0,0,0,0,,,,,,,0,0,,1c4c283d56e91621709692b555e4fbdad562d56ab4343946ee6bb3a775f8c6e1
m6a_v3_formal_s1_seed630101,S1,630101,0,command_conditioned_risk_roi,severe,9,1,35,5,31452,31048,0,0.0,0,0,0,,,,,,,0,0,,0481348fdfc8628c6e225b58cc6bc1faea0b19f72c13724b7963e6caaa7e0c16
m6a_v3_formal_s1_seed630101,S1,630101,0,command_conditioned_risk_roi,low,9,1,55,25,32312,31908,0,0.0,0,0,0,,,,,,,0,0,,f3fd2db1b0994680a75cf48baf05359c8a4b664df8e281e027d7df6035f3110f
m6a_v3_formal_s1_seed630101,S1,630101,0,command_conditioned_risk_roi,medium,9,1,75,45,33036,32632,0,0.0,0,0,0,,,,,,,0,0,,be5a2295e575c4f43a852bc97983b682f84b1cec77d6e30ae222094b9042330e
m6a_v3_formal_s1_seed630101,S1,630101,0,command_conditioned_risk_roi,high,9,1,95,65,33881,33477,0,0.0,0,0,0,,,,,,,0,0,,1c4c283d56e91621709692b555e4fbdad562d56ab4343946ee6bb3a775f8c6e1
m6a_v3_formal_s1_seed630101,S1,630101,1,state_only_risk_roi,severe,9,1,35,5,31445,31050,0,0.0,0,0,0,,,,,,,0,0,,7c6ddda25b4c7154c000880e2bf8fac1772d5805cbcacbe635ef2c628c72f6bf
m6a_v3_formal_s1_seed630101,S1,630101,1,state_only_risk_roi,low,9,1,55,25,32257,31862,0,0.0,0,0,0,,,,,,,0,0,,78c365603999c4ff07a2734e08031a4b88745db5a3423668e74c5fb525072dda
m6a_v3_formal_s1_seed630101,S1,630101,1,state_only_risk_roi,medium,9,1,75,45,32895,32500,0,0.0,0,0,0,,,,,,,0,0,,2e922911bcf50302501acc43212d6384a202ffddaf46da7e220416b0f4ff5bbe
m6a_v3_formal_s1_seed630101,S1,630101,1,state_only_risk_roi,high,9,1,95,65,33805,33410,0,0.0,0,0,0,,,,,,,0,0,,27507c5cbce40f0de7d1704f1f5ae1dce552b6fbc13a8ea9bab5758168211b49
m6a_v3_formal_s1_seed630101,S1,630101,1,command_conditioned_risk_roi,severe,9,1,35,5,31454,31050,0,0.0,0,0,0,,,,,,,0,0,,7c6ddda25b4c7154c000880e2bf8fac1772d5805cbcacbe635ef2c628c72f6bf
m6a_v3_formal_s1_seed630101,S1,630101,1,command_conditioned_risk_roi,low,9,1,55,25,32266,31862,0,0.0,0,0,0,,,,,,,0,0,,78c365603999c4ff07a2734e08031a4b88745db5a3423668e74c5fb525072dda
m6a_v3_formal_s1_seed630101,S1,630101,1,command_conditioned_risk_roi,medium,9,1,75,45,32904,32500,0,0.0,0,0,0,,,,,,,0,0,,2e922911bcf50302501acc43212d6384a202ffddaf46da7e220416b0f4ff5bbe
m6a_v3_formal_s1_seed630101,S1,630101,1,command_conditioned_risk_roi,high,9,1,95,65,33814,33410,0,0.0,0,0,0,,,,,,,0,0,,27507c5cbce40f0de7d1704f1f5ae1dce552b6fbc13a8ea9bab5758168211b49
m6a_v3_formal_s1_seed630101,S1,630101,2,state_only_risk_roi,severe,9,2,35,5,31357,30962,23205,0.7494670886893612,11280,11,0,0.0,,122.9434988179669,27.233747924302797,,,0,0,,0b9b9526d6a19c6ff933f6f50428b307b2e6e6a00c0569c21d4e238374e4612f
m6a_v3_formal_s1_seed630101,S1,630101,2,state_only_risk_roi,low,9,2,55,25,31965,31570,23597,0.747450110864745,11280,11,0,0.0,,26.464804964539006,33.90411663112572,,,0,0,,fdeb512502df48c3b9fc6934c241a8a7f5c94403557684a63bee77cafe250fa7
m6a_v3_formal_s1_seed630101,S1,630101,2,state_only_risk_roi,medium,9,2,95,65,32895,32500,24174,0.7438153846153847,11280,11,0,0.0,,8.91119976359338,38.631441814516116,,,0,0,,a0dfdaef8e393f5619956b82d569bddce1989c8838a7e36d61ed57233b5d209a
m6a_v3_formal_s1_seed630101,S1,630101,2,state_only_risk_roi,high,9,2,95,65,32895,32500,24174,0.7438153846153847,11280,11,0,0.0,,8.91119976359338,38.631441814516116,,,0,0,,a0dfdaef8e393f5619956b82d569bddce1989c8838a7e36d61ed57233b5d209a
m6a_v3_formal_s1_seed630101,S1,630101,2,command_conditioned_risk_roi,severe,9,2,35,5,31366,30962,23205,0.7494670886893612,11280,11,0,0.0,,122.9434988179669,27.233747924302797,,,0,0,,0b9b9526d6a19c6ff933f6f50428b307b2e6e6a00c0569c21d4e238374e4612f
m6a_v3_formal_s1_seed630101,S1,630101,2,command_conditioned_risk_roi,low,9,2,55,25,31974,31570,23597,0.747450110864745,11280,11,0,0.0,,26.464804964539006,33.90411663112572,,,0,0,,fdeb512502df48c3b9fc6934c241a8a7f5c94403557684a63bee77cafe250fa7
m6a_v3_formal_s1_seed630101,S1,630101,2,command_conditioned_risk_roi,medium,9,2,95,65,32904,32500,24174,0.7438153846153847,11280,11,0,0.0,,8.91119976359338,38.631441814516116,,,0,0,,a0dfdaef8e393f5619956b82d569bddce1989c8838a7e36d61ed57233b5d209a
m6a_v3_formal_s1_seed630101,S1,630101,2,command_conditioned_risk_roi,high,9,2,95,65,32904,32500,24174,0.7438153846153847,11280,11,0,0.0,,8.91119976359338,38.631441814516116,,,0,0,,a0dfdaef8e393f5619956b82d569bddce1989c8838a7e36d61ed57233b5d209a
m6a_v3_formal_s1_seed630101,S1,630101,3,state_only_risk_roi,severe,9,1,35,5,31349,30954,11599,0.3747173224785165,6000,5,0,0.0,,159.20627777777779,26.111201721490907,,,0,0,,b77cd54328cef7e463759dd65b2d83917bedeefa3d45399188c4d2b15a497bd9
m6a_v3_formal_s1_seed630101,S1,630101,3,state_only_risk_roi,low,9,1,55,25,31990,31595,11784,0.37297040670992243,6000,5,0,0.0,,16.762777777777778,35.88734373208462,,,0,0,,d648665d7af2d3d613173cb10db47206060689e5960d0790bab0197d18153602
m6a_v3_formal_s1_seed630101,S1,630101,3,state_only_risk_roi,medium,9,1,95,65,33179,32784,12040,0.36725231820400195,6000,5,0,0.0,,9.326611111111111,38.43356492373481,,,0,0,,72bd65f4f56affc7daee087872cf57ae0f319dca6eed90ba73589b9f0ac75713
m6a_v3_formal_s1_seed630101,S1,630101,3,state_only_risk_roi,high,9,1,95,65,33179,32784,12040,0.36725231820400195,6000,5,0,0.0,,9.326611111111111,38.43356492373481,,,0,0,,72bd65f4f56affc7daee087872cf57ae0f319dca6eed90ba73589b9f0ac75713
m6a_v3_formal_s1_seed630101,S1,630101,3,command_conditioned_risk_roi,severe,11,1,35,5,31362,30954,11599,0.3747173224785165,6000,5,0,0.0,,159.20627777777779,26.111201721490907,,,0,0,,b77cd54328cef7e463759dd65b2d83917bedeefa3d45399188c4d2b15a497bd9
m6a_v3_formal_s1_seed630101,S1,630101,3,command_conditioned_risk_roi,low,11,1,55,25,32003,31595,11784,0.37297040670992243,6000,5,0,0.0,,16.762777777777778,35.88734373208462,,,0,0,,d648665d7af2d3d613173cb10db47206060689e5960d0790bab0197d18153602
m6a_v3_formal_s1_seed630101,S1,630101,3,command_conditioned_risk_roi,medium,11,1,95,65,33192,32784,12040,0.36725231820400195,6000,5,0,0.0,,9.326611111111111,38.43356492373481,,,0,0,,72bd65f4f56affc7daee087872cf57ae0f319dca6eed90ba73589b9f0ac75713
m6a_v3_formal_s1_seed630101,S1,630101,3,command_conditioned_risk_roi,high,11,1,95,65,33192,32784,12040,0.36725231820400195,6000,5,0,0.0,,9.326611111111111,38.43356492373481,,,0,0,,72bd65f4f56affc7daee087872cf57ae0f319dca6eed90ba73589b9f0ac75713
m6a_v3_formal_s1_seed630102,S1,630102,0,state_only_risk_roi,severe,9,1,35,5,31441,31046,0,0.0,0,0,0,,,,,,,0,0,,83f88bc18aa283e667711e1cf5eb849ba6258d892f631f436565f648afed169a
m6a_v3_formal_s1_seed630102,S1,630102,0,state_only_risk_roi,low,9,1,55,25,32271,31876,0,0.0,0,0,0,,,,,,,0,0,,ac7c2a5069225660ae4a31a5c78e480c40cc1da384c40ecb0f8b66611b7fffd5
m6a_v3_formal_s1_seed630102,S1,630102,0,state_only_risk_roi,medium,9,1,75,45,32993,32598,0,0.0,0,0,0,,,,,,,0,0,,75275f1e7d1759b583c190d2336640586624b15893b954f225cf867cccf7716d
m6a_v3_formal_s1_seed630102,S1,630102,0,state_only_risk_roi,high,9,1,95,65,33830,33435,0,0.0,0,0,0,,,,,,,0,0,,fc6ec4ea1a39c0c2d1328e907e3e26d8dbdc0a3c6049209f5641a13ee00bdd75
m6a_v3_formal_s1_seed630102,S1,630102,0,command_conditioned_risk_roi,severe,9,1,35,5,31450,31046,0,0.0,0,0,0,,,,,,,0,0,,83f88bc18aa283e667711e1cf5eb849ba6258d892f631f436565f648afed169a
m6a_v3_formal_s1_seed630102,S1,630102,0,command_conditioned_risk_roi,low,9,1,55,25,32280,31876,0,0.0,0,0,0,,,,,,,0,0,,ac7c2a5069225660ae4a31a5c78e480c40cc1da384c40ecb0f8b66611b7fffd5
m6a_v3_formal_s1_seed630102,S1,630102,0,command_conditioned_risk_roi,medium,9,1,75,45,33002,32598,0,0.0,0,0,0,,,,,,,0,0,,75275f1e7d1759b583c190d2336640586624b15893b954f225cf867cccf7716d
m6a_v3_formal_s1_seed630102,S1,630102,0,command_conditioned_risk_roi,high,9,1,95,65,33839,33435,0,0.0,0,0,0,,,,,,,0,0,,fc6ec4ea1a39c0c2d1328e907e3e26d8dbdc0a3c6049209f5641a13ee00bdd75
m6a_v3_formal_s1_seed630102,S1,630102,1,state_only_risk_roi,severe,9,1,35,5,31449,31054,0,0.0,0,0,0,,,,,,,0,0,,4c26ed9124eb3b2d21701b794943887ad8817c7964e704714b99330ce7b89414
m6a_v3_formal_s1_seed630102,S1,630102,1,state_only_risk_roi,low,9,1,55,25,32225,31830,0,0.0,0,0,0,,,,,,,0,0,,ee8f94e931fccc2dc8896dfc527844feaae05418c6e7f2617fe4b182735267d4
m6a_v3_formal_s1_seed630102,S1,630102,1,state_only_risk_roi,medium,9,1,75,45,32833,32438,0,0.0,0,0,0,,,,,,,0,0,,1ab1aa376778056417cda84be3dd8af89b2dc19b5ea2fefd41b034afa57b789d
m6a_v3_formal_s1_seed630102,S1,630102,1,state_only_risk_roi,high,9,1,95,65,33695,33300,0,0.0,0,0,0,,,,,,,0,0,,56233d6adc76aa2d2c52fac2be4d89dafb95453517653129c2bb7b2e68d70eaf
m6a_v3_formal_s1_seed630102,S1,630102,1,command_conditioned_risk_roi,severe,9,1,35,5,31458,31054,0,0.0,0,0,0,,,,,,,0,0,,4c26ed9124eb3b2d21701b794943887ad8817c7964e704714b99330ce7b89414
m6a_v3_formal_s1_seed630102,S1,630102,1,command_conditioned_risk_roi,low,9,1,55,25,32234,31830,0,0.0,0,0,0,,,,,,,0,0,,ee8f94e931fccc2dc8896dfc527844feaae05418c6e7f2617fe4b182735267d4
m6a_v3_formal_s1_seed630102,S1,630102,1,command_conditioned_risk_roi,medium,9,1,75,45,32842,32438,0,0.0,0,0,0,,,,,,,0,0,,1ab1aa376778056417cda84be3dd8af89b2dc19b5ea2fefd41b034afa57b789d
m6a_v3_formal_s1_seed630102,S1,630102,1,command_conditioned_risk_roi,high,9,1,95,65,33704,33300,0,0.0,0,0,0,,,,,,,0,0,,56233d6adc76aa2d2c52fac2be4d89dafb95453517653129c2bb7b2e68d70eaf
m6a_v3_formal_s1_seed630102,S1,630102,2,state_only_risk_roi,severe,9,2,35,5,31367,30972,23215,0.749547978819579,11229,11,0,0.0,,131.59708492890434,26.938340917519263,,,0,0,,d8af815ef35fe8e94efb26297460c87702c866eaafca2ccc7cd354ca7fe8ca77
m6a_v3_formal_s1_seed630102,S1,630102,2,state_only_risk_roi,low,9,2,55,25,31954,31559,23594,0.7476155771729143,11229,11,0,0.0,,15.871730934781963,36.12456068364381,,,0,0,,93206e67383f8eb76bf6c3dbd53d6cbbd7f83942fffef005899d1a8d14c496bd
m6a_v3_formal_s1_seed630102,S1,630102,2,state_only_risk_roi,medium,9,2,95,65,32889,32494,24184,0.7442604788576352,11229,11,0,0.0,,4.765399115385757,41.349810810035564,,,0,0,,410a3e8b64c54332fdfd15bb0e74ce5770e02f5537a5c7a89fcbb1fcda23c2ce
m6a_v3_formal_s1_seed630102,S1,630102,2,state_only_risk_roi,high,9,2,95,65,32889,32494,24184,0.7442604788576352,11229,11,0,0.0,,4.765399115385757,41.349810810035564,,,0,0,,410a3e8b64c54332fdfd15bb0e74ce5770e02f5537a5c7a89fcbb1fcda23c2ce
m6a_v3_formal_s1_seed630102,S1,630102,2,command_conditioned_risk_roi,severe,9,2,35,5,31376,30972,23215,0.749547978819579,11229,11,0,0.0,,131.59708492890434,26.938340917519263,,,0,0,,d8af815ef35fe8e94efb26297460c87702c866eaafca2ccc7cd354ca7fe8ca77
m6a_v3_formal_s1_seed630102,S1,630102,2,command_conditioned_risk_roi,low,9,2,55,25,31963,31559,23594,0.7476155771729143,11229,11,0,0.0,,15.871730934781963,36.12456068364381,,,0,0,,93206e67383f8eb76bf6c3dbd53d6cbbd7f83942fffef005899d1a8d14c496bd
m6a_v3_formal_s1_seed630102,S1,630102,2,command_conditioned_risk_roi,medium,9,2,95,65,32898,32494,24184,0.7442604788576352,11229,11,0,0.0,,4.765399115385757,41.349810810035564,,,0,0,,410a3e8b64c54332fdfd15bb0e74ce5770e02f5537a5c7a89fcbb1fcda23c2ce
m6a_v3_formal_s1_seed630102,S1,630102,2,command_conditioned_risk_roi,high,9,2,95,65,32898,32494,24184,0.7442604788576352,11229,11,0,0.0,,4.765399115385757,41.349810810035564,,,0,0,,410a3e8b64c54332fdfd15bb0e74ce5770e02f5537a5c7a89fcbb1fcda23c2ce
m6a_v3_formal_s1_seed630102,S1,630102,3,state_only_risk_roi,severe,9,1,35,5,31376,30981,7749,0.2501210419289242,2520,3,0,0.0,,174.6003968253968,25.710351344486213,,,0,0,,458ae6ea9c3371ab981d03c4f32555d2eb41f24ce1ec85764574ac8f5d7d75ab
m6a_v3_formal_s1_seed630102,S1,630102,3,state_only_risk_roi,low,9,1,55,25,32123,31728,7940,0.25025214321734746,2520,3,0,0.0,,25.03095238095238,34.14602986852033,,,0,0,,bcf1cce4c4439f19f1ecfb7fe2d0b92b1a207bddb5eb24e36c1ff53ae75dddcb
m6a_v3_formal_s1_seed630102,S1,630102,3,state_only_risk_roi,medium,9,1,75,45,32745,32350,8093,0.2501700154559505,2520,3,0,0.0,,15.475,36.23449703175755,,,0,0,,4e7af6f1e0f07040e9937209fe4f0f42c5166a9292fc51c3d290b9156bcbbf11
m6a_v3_formal_s1_seed630102,S1,630102,3,state_only_risk_roi,high,9,1,95,65,33538,33143,8271,0.2495549588148327,2520,3,0,0.0,,5.791402116402116,40.50296640370459,,,0,0,,e27195ec58df64255242affaaafbc74f6de751d452d445cbfb17cf7da2bf5152
m6a_v3_formal_s1_seed630102,S1,630102,3,command_conditioned_risk_roi,severe,11,1,35,5,31389,30981,7749,0.2501210419289242,2520,3,0,0.0,,174.6003968253968,25.710351344486213,,,0,0,,458ae6ea9c3371ab981d03c4f32555d2eb41f24ce1ec85764574ac8f5d7d75ab
m6a_v3_formal_s1_seed630102,S1,630102,3,command_conditioned_risk_roi,low,11,1,55,25,32136,31728,7940,0.25025214321734746,2520,3,0,0.0,,25.03095238095238,34.14602986852033,,,0,0,,bcf1cce4c4439f19f1ecfb7fe2d0b92b1a207bddb5eb24e36c1ff53ae75dddcb
m6a_v3_formal_s1_seed630102,S1,630102,3,command_conditioned_risk_roi,medium,11,1,75,45,32758,32350,8093,0.2501700154559505,2520,3,0,0.0,,15.475,36.23449703175755,,,0,0,,4e7af6f1e0f07040e9937209fe4f0f42c5166a9292fc51c3d290b9156bcbbf11
m6a_v3_formal_s1_seed630102,S1,630102,3,command_conditioned_risk_roi,high,11,1,95,65,33551,33143,8271,0.2495549588148327,2520,3,0,0.0,,5.791402116402116,40.50296640370459,,,0,0,,e27195ec58df64255242affaaafbc74f6de751d452d445cbfb17cf7da2bf5152
m6a_v3_formal_s1_seed630103,S1,630103,0,state_only_risk_roi,severe,9,1,35,5,31449,31054,0,0.0,0,0,0,,,,,,,0,0,,7efecd5b323a564cc004d6a31c01f7eed3ef6e166987cd7705a1b066b26699ae
m6a_v3_formal_s1_seed630103,S1,630103,0,state_only_risk_roi,low,9,1,55,25,32302,31907,0,0.0,0,0,0,,,,,,,0,0,,f38c0d9e1ad2af816160ea5b66ec8e160fe2467ab3b205a76552b1041abad298
m6a_v3_formal_s1_seed630103,S1,630103,0,state_only_risk_roi,medium,9,1,75,45,33024,32629,0,0.0,0,0,0,,,,,,,0,0,,7698d0fd7043d6b17e5641407ec4378008320ddbbcfc9a06f5d4b1b59183bede
m6a_v3_formal_s1_seed630103,S1,630103,0,state_only_risk_roi,high,9,1,95,65,33870,33475,0,0.0,0,0,0,,,,,,,0,0,,de60958aa18a0c46a4067e1b0048991f669c9cc0bb5d9d1da09f34e2c9b8341e
m6a_v3_formal_s1_seed630103,S1,630103,0,command_conditioned_risk_roi,severe,9,1,35,5,31458,31054,0,0.0,0,0,0,,,,,,,0,0,,7efecd5b323a564cc004d6a31c01f7eed3ef6e166987cd7705a1b066b26699ae
m6a_v3_formal_s1_seed630103,S1,630103,0,command_conditioned_risk_roi,low,9,1,55,25,32311,31907,0,0.0,0,0,0,,,,,,,0,0,,f38c0d9e1ad2af816160ea5b66ec8e160fe2467ab3b205a76552b1041abad298
m6a_v3_formal_s1_seed630103,S1,630103,0,command_conditioned_risk_roi,medium,9,1,75,45,33033,32629,0,0.0,0,0,0,,,,,,,0,0,,7698d0fd7043d6b17e5641407ec4378008320ddbbcfc9a06f5d4b1b59183bede
m6a_v3_formal_s1_seed630103,S1,630103,0,command_conditioned_risk_roi,high,9,1,95,65,33879,33475,0,0.0,0,0,0,,,,,,,0,0,,de60958aa18a0c46a4067e1b0048991f669c9cc0bb5d9d1da09f34e2c9b8341e
m6a_v3_formal_s1_seed630103,S1,630103,1,state_only_risk_roi,severe,9,1,35,5,31428,31033,0,0.0,0,0,0,,,,,,,0,0,,e47fc90270c0753664fb544e78e051ff55461ccf85302d8288f027bdfcdc7832
m6a_v3_formal_s1_seed630103,S1,630103,1,state_only_risk_roi,low,9,1,55,25,32187,31792,0,0.0,0,0,0,,,,,,,0,0,,2658871b43a770e763e91177a4015c7027f9b5a3c03cfbb01bb93f484ae9e6d6
m6a_v3_formal_s1_seed630103,S1,630103,1,state_only_risk_roi,medium,9,1,75,45,32806,32411,0,0.0,0,0,0,,,,,,,0,0,,1c97586111e97641e0bba88e43847c0fd7cf4a86c66c427013b72efcd5bf81fc
m6a_v3_formal_s1_seed630103,S1,630103,1,state_only_risk_roi,high,9,1,95,65,33640,33245,0,0.0,0,0,0,,,,,,,0,0,,71b3aff7dfb61e822a7bb4ca85e0e29e14b7aa1ffa8a47e3435e34218aefeaf7
m6a_v3_formal_s1_seed630103,S1,630103,1,command_conditioned_risk_roi,severe,9,1,35,5,31437,31033,0,0.0,0,0,0,,,,,,,0,0,,e47fc90270c0753664fb544e78e051ff55461ccf85302d8288f027bdfcdc7832
m6a_v3_formal_s1_seed630103,S1,630103,1,command_conditioned_risk_roi,low,9,1,55,25,32196,31792,0,0.0,0,0,0,,,,,,,0,0,,2658871b43a770e763e91177a4015c7027f9b5a3c03cfbb01bb93f484ae9e6d6
m6a_v3_formal_s1_seed630103,S1,630103,1,command_conditioned_risk_roi,medium,9,1,75,45,32815,32411,0,0.0,0,0,0,,,,,,,0,0,,1c97586111e97641e0bba88e43847c0fd7cf4a86c66c427013b72efcd5bf81fc
m6a_v3_formal_s1_seed630103,S1,630103,1,command_conditioned_risk_roi,high,9,1,95,65,33649,33245,0,0.0,0,0,0,,,,,,,0,0,,71b3aff7dfb61e822a7bb4ca85e0e29e14b7aa1ffa8a47e3435e34218aefeaf7
m6a_v3_formal_s1_seed630103,S1,630103,2,state_only_risk_roi,severe,9,2,35,5,31360,30965,23208,0.7494913612142742,10680,8,0,0.0,,143.49918851435706,26.56230915719386,,,0,0,,1b06c76eb317f6713023ed1d4d57fe329e289aaa146e4662f77082976e850b51
m6a_v3_formal_s1_seed630103,S1,630103,2,state_only_risk_roi,low,9,2,55,25,31942,31547,23581,0.7474878752337781,10680,8,0,0.0,,13.69603620474407,36.76485465498925,,,0,0,,0bd983640561b1e335a045685ce15a1f7dd99821aea3e3b61c0afdd1b81ce00d
m6a_v3_formal_s1_seed630103,S1,630103,2,state_only_risk_roi,medium,9,2,95,65,32873,32478,24160,0.7438881704538457,10680,8,0,0.0,,4.175905118601748,41.923297384349645,,,0,0,,3fe2265c0c1f4551deebb08e05fa358923a921b8730fca98c21df9b1ba353131
m6a_v3_formal_s1_seed630103,S1,630103,2,state_only_risk_roi,high,9,2,95,65,32873,32478,24160,0.7438881704538457,10680,8,0,0.0,,4.175905118601748,41.923297384349645,,,0,0,,3fe2265c0c1f4551deebb08e05fa358923a921b8730fca98c21df9b1ba353131
m6a_v3_formal_s1_seed630103,S1,630103,2,command_conditioned_risk_roi,severe,9,2,35,5,31369,30965,23208,0.7494913612142742,10680,8,0,0.0,,143.49918851435706,26.56230915719386,,,0,0,,1b06c76eb317f6713023ed1d4d57fe329e289aaa146e4662f77082976e850b51
m6a_v3_formal_s1_seed630103,S1,630103,2,command_conditioned_risk_roi,low,9,2,55,25,31951,31547,23581,0.7474878752337781,10680,8,0,0.0,,13.69603620474407,36.76485465498925,,,0,0,,0bd983640561b1e335a045685ce15a1f7dd99821aea3e3b61c0afdd1b81ce00d
m6a_v3_formal_s1_seed630103,S1,630103,2,command_conditioned_risk_roi,medium,9,2,95,65,32882,32478,24160,0.7438881704538457,10680,8,0,0.0,,4.175905118601748,41.923297384349645,,,0,0,,3fe2265c0c1f4551deebb08e05fa358923a921b8730fca98c21df9b1ba353131
m6a_v3_formal_s1_seed630103,S1,630103,2,command_conditioned_risk_roi,high,9,2,95,65,32882,32478,24160,0.7438881704538457,10680,8,0,0.0,,4.175905118601748,41.923297384349645,,,0,0,,3fe2265c0c1f4551deebb08e05fa358923a921b8730fca98c21df9b1ba353131
m6a_v3_formal_s1_seed630103,S1,630103,3,state_only_risk_roi,severe,9,1,35,5,31341,30946,11591,0.37455567763200415,5400,3,0,0.0,,171.63320987654322,25.784790361508332,,,0,0,,3a19292009b69e003902e4f17049972f83f79de82fae9460a550109a4cf9ff65
m6a_v3_formal_s1_seed630103,S1,630103,3,state_only_risk_roi,low,9,1,55,25,31986,31591,11780,0.3728910132632712,5400,3,0,0.0,,10.547530864197531,37.89929555979096,,,0,0,,562ab225e68c9680b10da031c6500432403c8f4f9e11b44b6713a5e4b264f2a0
m6a_v3_formal_s1_seed630103,S1,630103,3,state_only_risk_roi,medium,9,1,95,65,33175,32780,12036,0.3671751067724222,5400,3,0,0.0,,2.8661728395061727,43.557779846528994,,,0,0,,392d8fdd065e8a20b2051eadf2bcd0a9f9ebd37ad9efc84d5cbd8585a460dd6d
m6a_v3_formal_s1_seed630103,S1,630103,3,state_only_risk_roi,high,9,1,95,65,33175,32780,12036,0.3671751067724222,5400,3,0,0.0,,2.8661728395061727,43.557779846528994,,,0,0,,392d8fdd065e8a20b2051eadf2bcd0a9f9ebd37ad9efc84d5cbd8585a460dd6d
m6a_v3_formal_s1_seed630103,S1,630103,3,command_conditioned_risk_roi,severe,11,1,35,5,31354,30946,11591,0.37455567763200415,5400,3,0,0.0,,171.63320987654322,25.784790361508332,,,0,0,,3a19292009b69e003902e4f17049972f83f79de82fae9460a550109a4cf9ff65
m6a_v3_formal_s1_seed630103,S1,630103,3,command_conditioned_risk_roi,low,11,1,55,25,31999,31591,11780,0.3728910132632712,5400,3,0,0.0,,10.547530864197531,37.89929555979096,,,0,0,,562ab225e68c9680b10da031c6500432403c8f4f9e11b44b6713a5e4b264f2a0
m6a_v3_formal_s1_seed630103,S1,630103,3,command_conditioned_risk_roi,medium,11,1,95,65,33188,32780,12036,0.3671751067724222,5400,3,0,0.0,,2.8661728395061727,43.557779846528994,,,0,0,,392d8fdd065e8a20b2051eadf2bcd0a9f9ebd37ad9efc84d5cbd8585a460dd6d
m6a_v3_formal_s1_seed630103,S1,630103,3,command_conditioned_risk_roi,high,11,1,95,65,33188,32780,12036,0.3671751067724222,5400,3,0,0.0,,2.8661728395061727,43.557779846528994,,,0,0,,392d8fdd065e8a20b2051eadf2bcd0a9f9ebd37ad9efc84d5cbd8585a460dd6d
m6a_v3_formal_s2_seed630200,S2,630200,0,state_only_risk_roi,severe,9,1,35,5,31428,31033,0,0.0,0,0,0,,,,,,,0,0,,453c65166dff0f036fb0b4f1ab4be89792843c7cef461628f37f2392504ad132
m6a_v3_formal_s2_seed630200,S2,630200,0,state_only_risk_roi,low,9,1,55,25,32231,31836,0,0.0,0,0,0,,,,,,,0,0,,7c1905ab7b4dbaf801f6702931cb8fa7fcf826962dd0baad890ce97ceacfa588
m6a_v3_formal_s2_seed630200,S2,630200,0,state_only_risk_roi,medium,9,1,75,45,32940,32545,0,0.0,0,0,0,,,,,,,0,0,,6cac314da09af432a410367c05907a0e3750ff57ec06a56559aeb6510c34498b
m6a_v3_formal_s2_seed630200,S2,630200,0,state_only_risk_roi,high,9,1,95,65,33779,33384,0,0.0,0,0,0,,,,,,,0,0,,32c3a426406fefb2b70e1cbff3a3aad66ea56bd39ae7212ae341927d46aab5c2
m6a_v3_formal_s2_seed630200,S2,630200,0,command_conditioned_risk_roi,severe,9,1,35,5,31437,31033,0,0.0,0,0,0,,,,,,,0,0,,453c65166dff0f036fb0b4f1ab4be89792843c7cef461628f37f2392504ad132
m6a_v3_formal_s2_seed630200,S2,630200,0,command_conditioned_risk_roi,low,9,1,55,25,32240,31836,0,0.0,0,0,0,,,,,,,0,0,,7c1905ab7b4dbaf801f6702931cb8fa7fcf826962dd0baad890ce97ceacfa588
m6a_v3_formal_s2_seed630200,S2,630200,0,command_conditioned_risk_roi,medium,9,1,75,45,32949,32545,0,0.0,0,0,0,,,,,,,0,0,,6cac314da09af432a410367c05907a0e3750ff57ec06a56559aeb6510c34498b
m6a_v3_formal_s2_seed630200,S2,630200,0,command_conditioned_risk_roi,high,9,1,95,65,33788,33384,0,0.0,0,0,0,,,,,,,0,0,,32c3a426406fefb2b70e1cbff3a3aad66ea56bd39ae7212ae341927d46aab5c2
m6a_v3_formal_s2_seed630200,S2,630200,1,state_only_risk_roi,severe,9,1,35,5,31464,31069,0,0.0,0,0,0,,,,,,,0,0,,e1599562400548374f3c77dde98d939bc89117d62bd6d8861f0048f124cb2b97
m6a_v3_formal_s2_seed630200,S2,630200,1,state_only_risk_roi,low,9,1,55,25,32372,31977,0,0.0,0,0,0,,,,,,,0,0,,accaeffac1d1f8776e7fb4823ffc74294f7d519c47997579871d1633a59778db
m6a_v3_formal_s2_seed630200,S2,630200,1,state_only_risk_roi,medium,9,1,75,45,33066,32671,0,0.0,0,0,0,,,,,,,0,0,,d78e031d8b7b48e0a3ab8fe20c32f9648a2a4bc9856e8ba4e42e10c059262a46
m6a_v3_formal_s2_seed630200,S2,630200,1,state_only_risk_roi,high,9,1,95,65,34037,33642,0,0.0,0,0,0,,,,,,,0,0,,e2a4c7af18a54830a4c77de5235a779937652be2a8ff9d7b33e8cb319b5f9806
m6a_v3_formal_s2_seed630200,S2,630200,1,command_conditioned_risk_roi,severe,9,1,15,1,31323,30919,0,0.0,0,0,0,,,,,,,0,0,,3711ed70e0410da797575853a62ec4a2c981919197d843a91f58b35441d4b850
m6a_v3_formal_s2_seed630200,S2,630200,1,command_conditioned_risk_roi,low,9,1,35,5,31473,31069,0,0.0,0,0,0,,,,,,,0,0,,e1599562400548374f3c77dde98d939bc89117d62bd6d8861f0048f124cb2b97
m6a_v3_formal_s2_seed630200,S2,630200,1,command_conditioned_risk_roi,medium,9,1,75,45,33075,32671,0,0.0,0,0,0,,,,,,,0,0,,d78e031d8b7b48e0a3ab8fe20c32f9648a2a4bc9856e8ba4e42e10c059262a46
m6a_v3_formal_s2_seed630200,S2,630200,1,command_conditioned_risk_roi,high,9,1,95,65,34046,33642,0,0.0,0,0,0,,,,,,,0,0,,e2a4c7af18a54830a4c77de5235a779937652be2a8ff9d7b33e8cb319b5f9806
m6a_v3_formal_s2_seed630200,S2,630200,2,state_only_risk_roi,severe,9,2,15,1,31328,30933,3888,0.12569100960139656,1272,19,19,0.0,0.0,306.60796645702305,23.264969261245767,1948.4561403508771,15.233897265759861,1,1,1.0,0ecb1957627aecac7bc4d5d564b3332e20c138746835bd1735c877989d55c935
m6a_v3_formal_s2_seed630200,S2,630200,2,state_only_risk_roi,low,9,2,55,25,32341,31946,4040,0.12646340699931133,1272,19,19,0.0,0.0,46.742400419287215,31.433693493867526,805.8947368421053,19.068020413879708,1,1,1.0,2080a886b2b9801b28cbdf39eb5395597664acff4e48b556a144ccdd38a0a0ff
m6a_v3_formal_s2_seed630200,S2,630200,2,state_only_risk_roi,medium,9,2,75,45,33054,32659,4147,0.12697878073425395,1272,19,19,0.0,0.0,31.47536687631027,33.151095599298365,582.9298245614035,20.474640850799673,1,1,1.0,fb074befe52ec6d45ac8a07c75456688be950df1a2014ceaebbcfc5f9e1dc526
m6a_v3_formal_s2_seed630200,S2,630200,2,state_only_risk_roi,high,9,2,95,65,33809,33414,4372,0.13084335907104808,1272,19,19,0.0,0.0,19.72877358490566,35.179802721622295,425.3157894736842,21.84368855054883,1,1,1.0,24268d0cd4fbe5b1e88f951eba87e41102cf7b77eb293df964d710f3cfaa4bd5
m6a_v3_formal_s2_seed630200,S2,630200,2,command_conditioned_risk_roi,severe,9,2,15,1,31337,30933,3888,0.12569100960139656,1272,19,19,0.0,0.0,306.60796645702305,23.264969261245767,1948.4561403508771,15.233897265759861,1,1,1.0,0ecb1957627aecac7bc4d5d564b3332e20c138746835bd1735c877989d55c935
m6a_v3_formal_s2_seed630200,S2,630200,2,command_conditioned_risk_roi,low,9,2,55,25,32350,31946,4040,0.12646340699931133,1272,19,19,0.0,0.0,46.742400419287215,31.433693493867526,805.8947368421053,19.068020413879708,1,1,1.0,2080a886b2b9801b28cbdf39eb5395597664acff4e48b556a144ccdd38a0a0ff
m6a_v3_formal_s2_seed630200,S2,630200,2,command_conditioned_risk_roi,medium,9,2,75,45,33063,32659,4147,0.12697878073425395,1272,19,19,0.0,0.0,31.47536687631027,33.151095599298365,582.9298245614035,20.474640850799673,1,1,1.0,fb074befe52ec6d45ac8a07c75456688be950df1a2014ceaebbcfc5f9e1dc526
m6a_v3_formal_s2_seed630200,S2,630200,2,command_conditioned_risk_roi,high,9,2,95,65,33818,33414,4372,0.13084335907104808,1272,19,19,0.0,0.0,19.72877358490566,35.179802721622295,425.3157894736842,21.84368855054883,1,1,1.0,24268d0cd4fbe5b1e88f951eba87e41102cf7b77eb293df964d710f3cfaa4bd5
m6a_v3_formal_s2_seed630200,S2,630200,3,state_only_risk_roi,severe,9,1,35,5,31377,30982,0,0.0,0,0,0,,,,,,,0,0,,d7287e1741db68dd639a87093a1046eed600251efd45d49895b799f01ebf3b80
m6a_v3_formal_s2_seed630200,S2,630200,3,state_only_risk_roi,low,9,1,55,25,32011,31616,0,0.0,0,0,0,,,,,,,0,0,,1a55c42a0c0438e70812969b453d7ef0dc34222cf5a55723c354ecad28da5b83
m6a_v3_formal_s2_seed630200,S2,630200,3,state_only_risk_roi,medium,9,1,95,65,33281,32886,0,0.0,0,0,0,,,,,,,0,0,,17810a13ee586974d633f3ca4bd372950c9af3ebb2fc0eb7a7547eb7aca7a0df
m6a_v3_formal_s2_seed630200,S2,630200,3,state_only_risk_roi,high,9,1,95,65,33281,32886,0,0.0,0,0,0,,,,,,,0,0,,17810a13ee586974d633f3ca4bd372950c9af3ebb2fc0eb7a7547eb7aca7a0df
m6a_v3_formal_s2_seed630200,S2,630200,3,command_conditioned_risk_roi,severe,11,1,35,5,31390,30982,0,0.0,0,0,0,,,,,,,0,0,,d7287e1741db68dd639a87093a1046eed600251efd45d49895b799f01ebf3b80
m6a_v3_formal_s2_seed630200,S2,630200,3,command_conditioned_risk_roi,low,11,1,55,25,32024,31616,0,0.0,0,0,0,,,,,,,0,0,,1a55c42a0c0438e70812969b453d7ef0dc34222cf5a55723c354ecad28da5b83
m6a_v3_formal_s2_seed630200,S2,630200,3,command_conditioned_risk_roi,medium,11,1,95,65,33294,32886,0,0.0,0,0,0,,,,,,,0,0,,17810a13ee586974d633f3ca4bd372950c9af3ebb2fc0eb7a7547eb7aca7a0df
m6a_v3_formal_s2_seed630200,S2,630200,3,command_conditioned_risk_roi,high,11,1,95,65,33294,32886,0,0.0,0,0,0,,,,,,,0,0,,17810a13ee586974d633f3ca4bd372950c9af3ebb2fc0eb7a7547eb7aca7a0df
m6a_v3_formal_s2_seed630201,S2,630201,0,state_only_risk_roi,severe,9,1,35,5,31432,31037,0,0.0,0,0,0,,,,,,,0,0,,6d4ad39c27164e960c8bf307f5bac41e51118edc662a009b327828247c356c2b
m6a_v3_formal_s2_seed630201,S2,630201,0,state_only_risk_roi,low,9,1,55,25,32240,31845,0,0.0,0,0,0,,,,,,,0,0,,298dfaa829fe280fd0c1b91f93eced19b5005a603d10b8a1b9da68e5eeb9d34c
m6a_v3_formal_s2_seed630201,S2,630201,0,state_only_risk_roi,medium,9,1,75,45,32945,32550,0,0.0,0,0,0,,,,,,,0,0,,1582d2ba3a6a6998a58619457259fb7683464a1b063348ae3afb6968b66287d8
m6a_v3_formal_s2_seed630201,S2,630201,0,state_only_risk_roi,high,9,1,95,65,33789,33394,0,0.0,0,0,0,,,,,,,0,0,,cd909dd3f439d302655d79bcbc5fa7750dca3a93ff5f2942e7e44ef4be9bc918
m6a_v3_formal_s2_seed630201,S2,630201,0,command_conditioned_risk_roi,severe,9,1,35,5,31441,31037,0,0.0,0,0,0,,,,,,,0,0,,6d4ad39c27164e960c8bf307f5bac41e51118edc662a009b327828247c356c2b
m6a_v3_formal_s2_seed630201,S2,630201,0,command_conditioned_risk_roi,low,9,1,55,25,32249,31845,0,0.0,0,0,0,,,,,,,0,0,,298dfaa829fe280fd0c1b91f93eced19b5005a603d10b8a1b9da68e5eeb9d34c
m6a_v3_formal_s2_seed630201,S2,630201,0,command_conditioned_risk_roi,medium,9,1,75,45,32954,32550,0,0.0,0,0,0,,,,,,,0,0,,1582d2ba3a6a6998a58619457259fb7683464a1b063348ae3afb6968b66287d8
m6a_v3_formal_s2_seed630201,S2,630201,0,command_conditioned_risk_roi,high,9,1,95,65,33798,33394,0,0.0,0,0,0,,,,,,,0,0,,cd909dd3f439d302655d79bcbc5fa7750dca3a93ff5f2942e7e44ef4be9bc918
m6a_v3_formal_s2_seed630201,S2,630201,1,state_only_risk_roi,severe,9,1,35,5,31466,31071,0,0.0,0,0,0,,,,,,,0,0,,f63cb25f40766ac942b40217648010821aab3ab7e554a91710975477eeef2f59
m6a_v3_formal_s2_seed630201,S2,630201,1,state_only_risk_roi,low,9,1,35,5,31466,31071,0,0.0,0,0,0,,,,,,,0,0,,f63cb25f40766ac942b40217648010821aab3ab7e554a91710975477eeef2f59
m6a_v3_formal_s2_seed630201,S2,630201,1,state_only_risk_roi,medium,9,1,75,45,33044,32649,0,0.0,0,0,0,,,,,,,0,0,,65037bdfa011f216d34d05b4d624b6b7ccfc5f3604073552ff7b592283936e10
m6a_v3_formal_s2_seed630201,S2,630201,1,state_only_risk_roi,high,9,1,95,65,34013,33618,0,0.0,0,0,0,,,,,,,0,0,,27d74b2719aa392535e3af104f77f4e282691e2330a4e609d87d3974843c530c
m6a_v3_formal_s2_seed630201,S2,630201,1,command_conditioned_risk_roi,severe,9,1,15,1,31328,30924,0,0.0,0,0,0,,,,,,,0,0,,50b4c8d5ff51722a2c216fdc35c4b26a790f95182becd023e9d243e3cb11b34a
m6a_v3_formal_s2_seed630201,S2,630201,1,command_conditioned_risk_roi,low,9,1,35,5,31475,31071,0,0.0,0,0,0,,,,,,,0,0,,f63cb25f40766ac942b40217648010821aab3ab7e554a91710975477eeef2f59
m6a_v3_formal_s2_seed630201,S2,630201,1,command_conditioned_risk_roi,medium,9,1,75,45,33053,32649,0,0.0,0,0,0,,,,,,,0,0,,65037bdfa011f216d34d05b4d624b6b7ccfc5f3604073552ff7b592283936e10
m6a_v3_formal_s2_seed630201,S2,630201,1,command_conditioned_risk_roi,high,9,1,95,65,34022,33618,0,0.0,0,0,0,,,,,,,0,0,,27d74b2719aa392535e3af104f77f4e282691e2330a4e609d87d3974843c530c
m6a_v3_formal_s2_seed630201,S2,630201,2,state_only_risk_roi,severe,9,2,35,5,31458,31063,3921,0.12622734442906353,1251,30,30,0.0,0.0,169.25126565414334,25.84548435861953,1695.9555555555555,15.836658939789878,1,1,1.0,cdeee5b969ffdb3e418bf6b4a1a726cfbcd091282b38eadf413eb1529389e586
m6a_v3_formal_s2_seed630201,S2,630201,2,state_only_risk_roi,low,9,2,55,25,32337,31942,4058,0.12704276501158349,1251,30,30,0.0,0.0,37.30482280841993,32.413153793625106,474.2888888888889,21.370374102636163,1,1,1.0,8649ef0d9445417530152411348e1a939a42f7075f02c23cf75aa37cc284b470
m6a_v3_formal_s2_seed630201,S2,630201,2,state_only_risk_roi,medium,9,2,75,45,33050,32655,4164,0.12751492880110243,1251,30,30,0.0,0.0,27.439914734878762,33.746976033313445,432.9888888888889,21.7660360898604,1,1,1.0,a58a50eb6011e49a297e30b6764e9a958223f57864571e9f0209f4a1d2396fe5
m6a_v3_formal_s2_seed630201,S2,630201,2,state_only_risk_roi,high,9,2,95,65,33815,33420,4395,0.131508078994614,1251,30,30,0.0,0.0,17.95843325339728,35.58811916013494,276.65555555555557,23.711409651071982,1,1,1.0,388306eccce72f6853ade71e9058817cd30ed8234c0f929d1c59271d22ab3fdf
m6a_v3_formal_s2_seed630201,S2,630201,2,command_conditioned_risk_roi,severe,9,2,15,1,31339,30935,3889,0.12571520930984323,1251,30,30,0.0,0.0,294.89448441247004,23.434137111090244,2281.6555555555556,14.548302780215783,1,1,1.0,9bab405b9b13971d3421d429083f7a94690417ff3db979118a6269dfc1ae7c6a
m6a_v3_formal_s2_seed630201,S2,630201,2,command_conditioned_risk_roi,low,9,2,55,25,32346,31942,4058,0.12704276501158349,1251,30,30,0.0,0.0,37.30482280841993,32.413153793625106,474.2888888888889,21.370374102636163,1,1,1.0,8649ef0d9445417530152411348e1a939a42f7075f02c23cf75aa37cc284b470
m6a_v3_formal_s2_seed630201,S2,630201,2,command_conditioned_risk_roi,medium,9,2,75,45,33059,32655,4164,0.12751492880110243,1251,30,30,0.0,0.0,27.439914734878762,33.746976033313445,432.9888888888889,21.7660360898604,1,1,1.0,a58a50eb6011e49a297e30b6764e9a958223f57864571e9f0209f4a1d2396fe5
m6a_v3_formal_s2_seed630201,S2,630201,2,command_conditioned_risk_roi,high,9,2,95,65,33824,33420,4395,0.131508078994614,1251,30,30,0.0,0.0,17.95843325339728,35.58811916013494,276.65555555555557,23.711409651071982,1,1,1.0,388306eccce72f6853ade71e9058817cd30ed8234c0f929d1c59271d22ab3fdf
m6a_v3_formal_s2_seed630201,S2,630201,3,state_only_risk_roi,severe,9,1,35,5,31373,30978,0,0.0,0,0,0,,,,,,,0,0,,0e4c1a25d7da5ba478a965980604cdb8f1d46b0c316f6f68b26f58cf0504a407
m6a_v3_formal_s2_seed630201,S2,630201,3,state_only_risk_roi,low,9,1,55,25,31996,31601,0,0.0,0,0,0,,,,,,,0,0,,ab41f0836e99f3d9539a890a1d66e93f5ca5770fb3f85773db6978293000a329
m6a_v3_formal_s2_seed630201,S2,630201,3,state_only_risk_roi,medium,9,1,95,65,33257,32862,0,0.0,0,0,0,,,,,,,0,0,,98bf8286c8f739a607f7f1572085f7a4500bb26fc1aec9846db687164dec5662
m6a_v3_formal_s2_seed630201,S2,630201,3,state_only_risk_roi,high,9,1,95,65,33257,32862,0,0.0,0,0,0,,,,,,,0,0,,98bf8286c8f739a607f7f1572085f7a4500bb26fc1aec9846db687164dec5662
m6a_v3_formal_s2_seed630201,S2,630201,3,command_conditioned_risk_roi,severe,11,1,35,5,31386,30978,0,0.0,0,0,0,,,,,,,0,0,,0e4c1a25d7da5ba478a965980604cdb8f1d46b0c316f6f68b26f58cf0504a407
m6a_v3_formal_s2_seed630201,S2,630201,3,command_conditioned_risk_roi,low,11,1,55,25,32009,31601,0,0.0,0,0,0,,,,,,,0,0,,ab41f0836e99f3d9539a890a1d66e93f5ca5770fb3f85773db6978293000a329
m6a_v3_formal_s2_seed630201,S2,630201,3,command_conditioned_risk_roi,medium,11,1,95,65,33270,32862,0,0.0,0,0,0,,,,,,,0,0,,98bf8286c8f739a607f7f1572085f7a4500bb26fc1aec9846db687164dec5662
m6a_v3_formal_s2_seed630201,S2,630201,3,command_conditioned_risk_roi,high,11,1,95,65,33270,32862,0,0.0,0,0,0,,,,,,,0,0,,98bf8286c8f739a607f7f1572085f7a4500bb26fc1aec9846db687164dec5662
m6a_v3_formal_s2_seed630202,S2,630202,0,state_only_risk_roi,severe,9,1,35,5,31431,31036,0,0.0,0,0,0,,,,,,,0,0,,898bfc2830fd070f4e4d0d45cea3613362da1054eb8a8cefe65fdb7a72af234d
m6a_v3_formal_s2_seed630202,S2,630202,0,state_only_risk_roi,low,9,1,55,25,32244,31849,0,0.0,0,0,0,,,,,,,0,0,,87109d4df970e362ad3f7494f6ec6df9f414997be5e0bb535aba76f971e3048d
m6a_v3_formal_s2_seed630202,S2,630202,0,state_only_risk_roi,medium,9,1,75,45,32953,32558,0,0.0,0,0,0,,,,,,,0,0,,a37f0c9ff4a6d3b982987ea82d1d693198f8a946698f8dfc281e8602eea96a61
m6a_v3_formal_s2_seed630202,S2,630202,0,state_only_risk_roi,high,9,1,95,65,33787,33392,0,0.0,0,0,0,,,,,,,0,0,,57694a3c95e56594e1c34714152e0546d9585306ff16691019aa5cc587b6f5f1
m6a_v3_formal_s2_seed630202,S2,630202,0,command_conditioned_risk_roi,severe,9,1,35,5,31440,31036,0,0.0,0,0,0,,,,,,,0,0,,898bfc2830fd070f4e4d0d45cea3613362da1054eb8a8cefe65fdb7a72af234d
m6a_v3_formal_s2_seed630202,S2,630202,0,command_conditioned_risk_roi,low,9,1,55,25,32253,31849,0,0.0,0,0,0,,,,,,,0,0,,87109d4df970e362ad3f7494f6ec6df9f414997be5e0bb535aba76f971e3048d
m6a_v3_formal_s2_seed630202,S2,630202,0,command_conditioned_risk_roi,medium,9,1,75,45,32962,32558,0,0.0,0,0,0,,,,,,,0,0,,a37f0c9ff4a6d3b982987ea82d1d693198f8a946698f8dfc281e8602eea96a61
m6a_v3_formal_s2_seed630202,S2,630202,0,command_conditioned_risk_roi,high,9,1,95,65,33796,33392,0,0.0,0,0,0,,,,,,,0,0,,57694a3c95e56594e1c34714152e0546d9585306ff16691019aa5cc587b6f5f1
m6a_v3_formal_s2_seed630202,S2,630202,1,state_only_risk_roi,severe,9,1,15,1,31324,30929,0,0.0,0,0,0,,,,,,,0,0,,032a1e13919d3d33cce092cc419c6109a802563997525dd9e448545ae7c30a28
m6a_v3_formal_s2_seed630202,S2,630202,1,state_only_risk_roi,low,9,1,55,25,32305,31910,0,0.0,0,0,0,,,,,,,0,0,,6f9d22f274c651479320a0f84fd1d07ba9946813fbaf3f8759fca2d3fc26a0b1
m6a_v3_formal_s2_seed630202,S2,630202,1,state_only_risk_roi,medium,9,1,75,45,32964,32569,0,0.0,0,0,0,,,,,,,0,0,,0cbc7d8955e328cb03e2fb3d2862f8fb68997ad7d347ad581b23ae5f203ee0e5
m6a_v3_formal_s2_seed630202,S2,630202,1,state_only_risk_roi,high,9,1,95,65,33919,33524,0,0.0,0,0,0,,,,,,,0,0,,fd64c8843f7aa87bb2bebbaecbb624bc0fe4b8b3306c2d1cae542ae77eb6c1ca
m6a_v3_formal_s2_seed630202,S2,630202,1,command_conditioned_risk_roi,severe,9,1,15,1,31333,30929,0,0.0,0,0,0,,,,,,,0,0,,032a1e13919d3d33cce092cc419c6109a802563997525dd9e448545ae7c30a28
m6a_v3_formal_s2_seed630202,S2,630202,1,command_conditioned_risk_roi,low,9,1,55,25,32314,31910,0,0.0,0,0,0,,,,,,,0,0,,6f9d22f274c651479320a0f84fd1d07ba9946813fbaf3f8759fca2d3fc26a0b1
m6a_v3_formal_s2_seed630202,S2,630202,1,command_conditioned_risk_roi,medium,9,1,75,45,32973,32569,0,0.0,0,0,0,,,,,,,0,0,,0cbc7d8955e328cb03e2fb3d2862f8fb68997ad7d347ad581b23ae5f203ee0e5
m6a_v3_formal_s2_seed630202,S2,630202,1,command_conditioned_risk_roi,high,9,1,95,65,33928,33524,0,0.0,0,0,0,,,,,,,0,0,,fd64c8843f7aa87bb2bebbaecbb624bc0fe4b8b3306c2d1cae542ae77eb6c1ca
m6a_v3_formal_s2_seed630202,S2,630202,2,state_only_risk_roi,severe,9,2,15,1,31317,30922,5174,0.1673242351723692,1232,20,20,0.15,0.15,273.5140692640693,23.761006899915284,1969.9166666666667,15.186325062658668,1,1,1.0,c9ace1724146c7e9f72cd468f3a96e93988cf7b0873b3976589dc0ec7f538b79
m6a_v3_formal_s2_seed630202,S2,630202,2,state_only_risk_roi,low,9,2,55,25,32368,31973,5382,0.16832952803928314,1232,20,20,0.15,0.15,39.45400432900433,32.16989272974291,625.25,20.170266604653705,1,1,1.0,acfec02ac147abaf03bc742c2d58dfc8bfb1a77e63971924be6b2ff24d2682e8
m6a_v3_formal_s2_seed630202,S2,630202,2,state_only_risk_roi,medium,9,2,75,45,33077,32682,5523,0.16899210574628235,1232,20,20,0.15,0.15,30.39962121212121,33.30212188657527,554.35,20.69296309003253,1,1,1.0,c87e82f070c7195927ce82fa5707228c6e3f691b0dcd5886901329c3c63e3d36
m6a_v3_formal_s2_seed630202,S2,630202,2,state_only_risk_roi,high,9,2,95,65,33923,33528,5879,0.17534597947983774,1232,20,20,0.15,0.15,15.929383116883116,36.108814032790264,345.0833333333333,22.75156376413157,1,1,1.0,345a945ce13ee96acef4f2d05f1251b70cbdfce3da05c2aa9bcc48d12881a4b0
m6a_v3_formal_s2_seed630202,S2,630202,2,command_conditioned_risk_roi,severe,9,2,15,1,31326,30922,5174,0.1673242351723692,1232,20,20,0.15,0.15,273.5140692640693,23.761006899915284,1969.9166666666667,15.186325062658668,1,1,1.0,c9ace1724146c7e9f72cd468f3a96e93988cf7b0873b3976589dc0ec7f538b79
m6a_v3_formal_s2_seed630202,S2,630202,2,command_conditioned_risk_roi,low,9,2,35,5,31478,31074,5214,0.16779301023363583,1232,20,20,0.15,0.15,144.6439393939394,26.527801195165445,1190.3166666666666,17.374178462898115,1,1,1.0,57343858f33fd6144db82ee17dbef5ba1ed00efc2dcbb54fa9d0e6f72e6a15ae
m6a_v3_formal_s2_seed630202,S2,630202,2,command_conditioned_risk_roi,medium,9,2,75,45,33086,32682,5523,0.16899210574628235,1232,20,20,0.15,0.15,30.39962121212121,33.30212188657527,554.35,20.69296309003253,1,1,1.0,c87e82f070c7195927ce82fa5707228c6e3f691b0dcd5886901329c3c63e3d36
m6a_v3_formal_s2_seed630202,S2,630202,2,command_conditioned_risk_roi,high,9,2,95,65,33932,33528,5879,0.17534597947983774,1232,20,20,0.15,0.15,15.929383116883116,36.108814032790264,345.0833333333333,22.75156376413157,1,1,1.0,345a945ce13ee96acef4f2d05f1251b70cbdfce3da05c2aa9bcc48d12881a4b0
m6a_v3_formal_s2_seed630202,S2,630202,3,state_only_risk_roi,severe,9,1,35,5,31346,30951,0,0.0,0,0,0,,,,,,,0,0,,188185c092a363c121413d6f93ac2bb288b7bb0c7a81e4c3698de01a18b9ddfc
m6a_v3_formal_s2_seed630202,S2,630202,3,state_only_risk_roi,low,9,1,75,45,32365,31970,0,0.0,0,0,0,,,,,,,0,0,,afac55a6bf0999c11c757ab8343dbc34dd4c8d657e8dbae0e19792a6390eb257
m6a_v3_formal_s2_seed630202,S2,630202,3,state_only_risk_roi,medium,9,1,95,65,33071,32676,0,0.0,0,0,0,,,,,,,0,0,,dcd249fde72cfc5f17b0ff3248eb6cd3dda5d89592f6be2cdd5a89a339ec3f87
m6a_v3_formal_s2_seed630202,S2,630202,3,state_only_risk_roi,high,9,1,95,65,33071,32676,0,0.0,0,0,0,,,,,,,0,0,,dcd249fde72cfc5f17b0ff3248eb6cd3dda5d89592f6be2cdd5a89a339ec3f87
m6a_v3_formal_s2_seed630202,S2,630202,3,command_conditioned_risk_roi,severe,11,1,35,5,31359,30951,0,0.0,0,0,0,,,,,,,0,0,,188185c092a363c121413d6f93ac2bb288b7bb0c7a81e4c3698de01a18b9ddfc
m6a_v3_formal_s2_seed630202,S2,630202,3,command_conditioned_risk_roi,low,11,1,55,25,31912,31504,0,0.0,0,0,0,,,,,,,0,0,,2465f76aead7cba3867cd492ea6772914d68d49ed10ea89c7ee393e025574afd
m6a_v3_formal_s2_seed630202,S2,630202,3,command_conditioned_risk_roi,medium,11,1,95,65,33084,32676,0,0.0,0,0,0,,,,,,,0,0,,dcd249fde72cfc5f17b0ff3248eb6cd3dda5d89592f6be2cdd5a89a339ec3f87
m6a_v3_formal_s2_seed630202,S2,630202,3,command_conditioned_risk_roi,high,11,1,95,65,33084,32676,0,0.0,0,0,0,,,,,,,0,0,,dcd249fde72cfc5f17b0ff3248eb6cd3dda5d89592f6be2cdd5a89a339ec3f87
m6a_v3_formal_s2_seed630203,S2,630203,0,state_only_risk_roi,severe,9,1,35,5,31425,31030,0,0.0,0,0,0,,,,,,,0,0,,4cf1274098d455ab4776f37016dd93d0dac0f5c85b3a267c4325a4ef5e87c0a5
m6a_v3_formal_s2_seed630203,S2,630203,0,state_only_risk_roi,low,9,1,55,25,32209,31814,0,0.0,0,0,0,,,,,,,0,0,,6ffefc7844c03f549a947580650caa6ee2df0af34684ed17e5a41537a553695b
m6a_v3_formal_s2_seed630203,S2,630203,0,state_only_risk_roi,medium,9,1,75,45,32915,32520,0,0.0,0,0,0,,,,,,,0,0,,d734bb02840051a8a386490433b7d6350e6c16a4ac8a553ff188dd785227c96e
m6a_v3_formal_s2_seed630203,S2,630203,0,state_only_risk_roi,high,9,1,95,65,33739,33344,0,0.0,0,0,0,,,,,,,0,0,,9e5569f2f92badee381fae36248afc1e38f836dcd1fbcfe21c4918c8f0c93c27
m6a_v3_formal_s2_seed630203,S2,630203,0,command_conditioned_risk_roi,severe,9,1,35,5,31434,31030,0,0.0,0,0,0,,,,,,,0,0,,4cf1274098d455ab4776f37016dd93d0dac0f5c85b3a267c4325a4ef5e87c0a5
m6a_v3_formal_s2_seed630203,S2,630203,0,command_conditioned_risk_roi,low,9,1,55,25,32218,31814,0,0.0,0,0,0,,,,,,,0,0,,6ffefc7844c03f549a947580650caa6ee2df0af34684ed17e5a41537a553695b
m6a_v3_formal_s2_seed630203,S2,630203,0,command_conditioned_risk_roi,medium,9,1,75,45,32924,32520,0,0.0,0,0,0,,,,,,,0,0,,d734bb02840051a8a386490433b7d6350e6c16a4ac8a553ff188dd785227c96e
m6a_v3_formal_s2_seed630203,S2,630203,0,command_conditioned_risk_roi,high,9,1,95,65,33748,33344,0,0.0,0,0,0,,,,,,,0,0,,9e5569f2f92badee381fae36248afc1e38f836dcd1fbcfe21c4918c8f0c93c27
m6a_v3_formal_s2_seed630203,S2,630203,1,state_only_risk_roi,severe,9,1,15,1,31320,30925,0,0.0,0,0,0,,,,,,,0,0,,17a0c78849b1d90cc30fe0eb32b7cb98a1f8daa5a4381cd7415e3ce3e01df455
m6a_v3_formal_s2_seed630203,S2,630203,1,state_only_risk_roi,low,9,1,35,5,31472,31077,0,0.0,0,0,0,,,,,,,0,0,,29ca26898b771632cded37755d5efb3ac94a7be262f58ea3092201f0b06b86ea
m6a_v3_formal_s2_seed630203,S2,630203,1,state_only_risk_roi,medium,9,1,75,45,33073,32678,0,0.0,0,0,0,,,,,,,0,0,,1bab0696bac43184cf613ba383795d879a4bd96cbec76ca69bb985e0ea3b530d
m6a_v3_formal_s2_seed630203,S2,630203,1,state_only_risk_roi,high,9,1,95,65,34014,33619,0,0.0,0,0,0,,,,,,,0,0,,3f58b74fb31827242ddf852aaa9e47f25370cdd7218d17983e1980ce78cadc65
m6a_v3_formal_s2_seed630203,S2,630203,1,command_conditioned_risk_roi,severe,9,1,15,1,31329,30925,0,0.0,0,0,0,,,,,,,0,0,,17a0c78849b1d90cc30fe0eb32b7cb98a1f8daa5a4381cd7415e3ce3e01df455
m6a_v3_formal_s2_seed630203,S2,630203,1,command_conditioned_risk_roi,low,9,1,35,5,31481,31077,0,0.0,0,0,0,,,,,,,0,0,,29ca26898b771632cded37755d5efb3ac94a7be262f58ea3092201f0b06b86ea
m6a_v3_formal_s2_seed630203,S2,630203,1,command_conditioned_risk_roi,medium,9,1,75,45,33082,32678,0,0.0,0,0,0,,,,,,,0,0,,1bab0696bac43184cf613ba383795d879a4bd96cbec76ca69bb985e0ea3b530d
m6a_v3_formal_s2_seed630203,S2,630203,1,command_conditioned_risk_roi,high,9,1,95,65,34023,33619,0,0.0,0,0,0,,,,,,,0,0,,3f58b74fb31827242ddf852aaa9e47f25370cdd7218d17983e1980ce78cadc65
m6a_v3_formal_s2_seed630203,S2,630203,2,state_only_risk_roi,severe,9,2,15,1,31324,30929,5172,0.1672217013159171,1234,36,36,0.08333333333333333,0.08333333333333333,207.81766612641815,24.95397897651045,1179.962962962963,17.412119851153854,1,0,0.0,254afadab4ddb584a61106bf4c92bfba2d0720f501943f4d3f9c85c546921b3b
m6a_v3_formal_s2_seed630203,S2,630203,2,state_only_risk_roi,low,9,2,55,25,32342,31947,5363,0.1678717876482925,1234,36,36,0.08333333333333333,0.08333333333333333,51.029713668287414,31.05257229389131,674.3981481481482,19.841639917929573,1,1,1.0,656f1584f7e7a760941ffc777015bfe3658c29f0cf784b55e385746cc58602a0
m6a_v3_formal_s2_seed630203,S2,630203,2,state_only_risk_roi,medium,9,2,75,45,33075,32680,5498,0.1682374541003672,1234,36,36,0.08333333333333333,0.08333333333333333,33.855483522420315,32.834513401168486,449.9166666666667,21.599482794442928,1,0,0.0,07574bde9e30c6f1445b6aa7715c460bb4a8627d0fb7ff83726b4983e7af4e07
m6a_v3_formal_s2_seed630203,S2,630203,2,state_only_risk_roi,high,9,2,95,65,33903,33508,5845,0.1744359555926943,1234,36,36,0.08333333333333333,0.08333333333333333,16.738519719070773,35.893633126028455,203.2962962962963,25.049508942452828,1,1,1.0,e5c11509d626ffc6f93b538656ebc90013282dfdd5605129ae5dbf314a6e702c
m6a_v3_formal_s2_seed630203,S2,630203,2,command_conditioned_risk_roi,severe,9,2,15,1,31333,30929,5172,0.1672217013159171,1234,36,36,0.08333333333333333,0.08333333333333333,207.81766612641815,24.95397897651045,1179.962962962963,17.412119851153854,1,0,0.0,254afadab4ddb584a61106bf4c92bfba2d0720f501943f4d3f9c85c546921b3b
m6a_v3_formal_s2_seed630203,S2,630203,2,command_conditioned_risk_roi,low,9,2,55,25,32351,31947,5363,0.1678717876482925,1234,36,36,0.08333333333333333,0.08333333333333333,51.029713668287414,31.05257229389131,674.3981481481482,19.841639917929573,1,1,1.0,656f1584f7e7a760941ffc777015bfe3658c29f0cf784b55e385746cc58602a0
m6a_v3_formal_s2_seed630203,S2,630203,2,command_conditioned_risk_roi,medium,9,2,75,45,33084,32680,5498,0.1682374541003672,1234,36,36,0.08333333333333333,0.08333333333333333,33.855483522420315,32.834513401168486,449.9166666666667,21.599482794442928,1,0,0.0,07574bde9e30c6f1445b6aa7715c460bb4a8627d0fb7ff83726b4983e7af4e07
m6a_v3_formal_s2_seed630203,S2,630203,2,command_conditioned_risk_roi,high,9,2,95,65,33912,33508,5845,0.1744359555926943,1234,36,36,0.08333333333333333,0.08333333333333333,16.738519719070773,35.893633126028455,203.2962962962963,25.049508942452828,1,1,1.0,e5c11509d626ffc6f93b538656ebc90013282dfdd5605129ae5dbf314a6e702c
m6a_v3_formal_s2_seed630203,S2,630203,3,state_only_risk_roi,severe,9,1,35,5,31384,30989,0,0.0,0,0,0,,,,,,,0,0,,a81ea2575742e925ad89af8f81b4d80b1ee67b2601bc568080e63997e9d3b119
m6a_v3_formal_s2_seed630203,S2,630203,3,state_only_risk_roi,low,9,1,55,25,32005,31610,0,0.0,0,0,0,,,,,,,0,0,,f96bbba7ea4fc714ce978d7b15b97e0a948e72eab44e9afc9151cea496bf77e7
m6a_v3_formal_s2_seed630203,S2,630203,3,state_only_risk_roi,medium,9,1,95,65,33288,32893,0,0.0,0,0,0,,,,,,,0,0,,e4c7df290c7f7f729a39eccb3aa0d8ada1724bf5ecc31871161d2d5f1dcb09bc
m6a_v3_formal_s2_seed630203,S2,630203,3,state_only_risk_roi,high,9,1,95,65,33288,32893,0,0.0,0,0,0,,,,,,,0,0,,e4c7df290c7f7f729a39eccb3aa0d8ada1724bf5ecc31871161d2d5f1dcb09bc
m6a_v3_formal_s2_seed630203,S2,630203,3,command_conditioned_risk_roi,severe,11,1,35,5,31397,30989,0,0.0,0,0,0,,,,,,,0,0,,a81ea2575742e925ad89af8f81b4d80b1ee67b2601bc568080e63997e9d3b119
m6a_v3_formal_s2_seed630203,S2,630203,3,command_conditioned_risk_roi,low,11,1,55,25,32018,31610,0,0.0,0,0,0,,,,,,,0,0,,f96bbba7ea4fc714ce978d7b15b97e0a948e72eab44e9afc9151cea496bf77e7
m6a_v3_formal_s2_seed630203,S2,630203,3,command_conditioned_risk_roi,medium,11,1,95,65,33301,32893,0,0.0,0,0,0,,,,,,,0,0,,e4c7df290c7f7f729a39eccb3aa0d8ada1724bf5ecc31871161d2d5f1dcb09bc
m6a_v3_formal_s2_seed630203,S2,630203,3,command_conditioned_risk_roi,high,11,1,95,65,33301,32893,0,0.0,0,0,0,,,,,,,0,0,,e4c7df290c7f7f729a39eccb3aa0d8ada1724bf5ecc31871161d2d5f1dcb09bc
m6a_v3_formal_s3_seed630300,S3,630300,0,state_only_risk_roi,severe,9,1,35,5,31427,31032,0,0.0,0,0,0,,,,,,,0,0,,b9a5f8c3c554b57841abc21e275d98d462a09488c63e93dd1c2dc3eb51d8135b
m6a_v3_formal_s3_seed630300,S3,630300,0,state_only_risk_roi,low,9,1,55,25,32274,31879,0,0.0,0,0,0,,,,,,,0,0,,5db7ea202f87e723ef8c06fe57f236e3039be364708f33891a6c37c16d0fcd05
m6a_v3_formal_s3_seed630300,S3,630300,0,state_only_risk_roi,medium,9,1,75,45,32998,32603,0,0.0,0,0,0,,,,,,,0,0,,dda494d53d1b4d78996421a1d75304e9a0eec137ea50b8796dd6a35b90454034
m6a_v3_formal_s3_seed630300,S3,630300,0,state_only_risk_roi,high,9,1,95,65,33832,33437,0,0.0,0,0,0,,,,,,,0,0,,e0f80ea36fc59a4bad903396af51467504ead7a67c4cfdb9527a7f346e74f677
m6a_v3_formal_s3_seed630300,S3,630300,0,command_conditioned_risk_roi,severe,9,1,35,5,31436,31032,0,0.0,0,0,0,,,,,,,0,0,,b9a5f8c3c554b57841abc21e275d98d462a09488c63e93dd1c2dc3eb51d8135b
m6a_v3_formal_s3_seed630300,S3,630300,0,command_conditioned_risk_roi,low,9,1,55,25,32283,31879,0,0.0,0,0,0,,,,,,,0,0,,5db7ea202f87e723ef8c06fe57f236e3039be364708f33891a6c37c16d0fcd05
m6a_v3_formal_s3_seed630300,S3,630300,0,command_conditioned_risk_roi,medium,9,1,75,45,33007,32603,0,0.0,0,0,0,,,,,,,0,0,,dda494d53d1b4d78996421a1d75304e9a0eec137ea50b8796dd6a35b90454034
m6a_v3_formal_s3_seed630300,S3,630300,0,command_conditioned_risk_roi,high,9,1,95,65,33841,33437,0,0.0,0,0,0,,,,,,,0,0,,e0f80ea36fc59a4bad903396af51467504ead7a67c4cfdb9527a7f346e74f677
m6a_v3_formal_s3_seed630300,S3,630300,1,state_only_risk_roi,severe,10,1,35,5,31399,31002,0,0.0,0,0,0,,,,,,,0,0,,c7c0794b37006f2c4d0d394a1c74c5c30be7935090bf06a42c4a758ba375d265
m6a_v3_formal_s3_seed630300,S3,630300,1,state_only_risk_roi,low,10,1,55,25,32286,31889,0,0.0,0,0,0,,,,,,,0,0,,8c64af45dd591089743c3a9dd4c1ff3cb8edc0b0bd80b534ced273a53843752b
m6a_v3_formal_s3_seed630300,S3,630300,1,state_only_risk_roi,medium,10,1,75,45,33007,32610,0,0.0,0,0,0,,,,,,,0,0,,12e67ec1b97ca7ab48c3c2bf962beb82ff47322f7ac84174b0b40236f2faef9b
m6a_v3_formal_s3_seed630300,S3,630300,1,state_only_risk_roi,high,10,1,95,65,33827,33430,0,0.0,0,0,0,,,,,,,0,0,,f032e827c046f3ba5ab0ed6a1c115ba6a9f56cf82354881c4e76f2b4bc1e1f47
m6a_v3_formal_s3_seed630300,S3,630300,1,command_conditioned_risk_roi,severe,11,1,35,5,31410,31002,0,0.0,0,0,0,,,,,,,0,0,,c7c0794b37006f2c4d0d394a1c74c5c30be7935090bf06a42c4a758ba375d265
m6a_v3_formal_s3_seed630300,S3,630300,1,command_conditioned_risk_roi,low,11,1,55,25,32297,31889,0,0.0,0,0,0,,,,,,,0,0,,8c64af45dd591089743c3a9dd4c1ff3cb8edc0b0bd80b534ced273a53843752b
m6a_v3_formal_s3_seed630300,S3,630300,1,command_conditioned_risk_roi,medium,11,1,75,45,33018,32610,0,0.0,0,0,0,,,,,,,0,0,,12e67ec1b97ca7ab48c3c2bf962beb82ff47322f7ac84174b0b40236f2faef9b
m6a_v3_formal_s3_seed630300,S3,630300,1,command_conditioned_risk_roi,high,11,1,95,65,33838,33430,0,0.0,0,0,0,,,,,,,0,0,,f032e827c046f3ba5ab0ed6a1c115ba6a9f56cf82354881c4e76f2b4bc1e1f47
m6a_v3_formal_s3_seed630300,S3,630300,2,state_only_risk_roi,severe,9,1,35,5,31405,31010,19412,0.6259916156078684,11280,80,80,0.0375,0.0375,176.18989361702128,25.670993675310392,745.0958333333333,19.408682260911824,1,1,1.0,8142e31d2226f1a18a61c937df445c07b68bdaa26a104989b4798a85b62c2486
m6a_v3_formal_s3_seed630300,S3,630300,2,state_only_risk_roi,low,9,1,55,25,32064,31669,19838,0.6264170008525688,11280,80,80,0.0375,0.0375,24.41164302600473,34.25483350270306,245.36666666666667,24.232647978559335,1,1,1.0,50b5e31d59bdb82223835252f670f018d688e3d9ce6c1cc9fb1a6697456ea7aa
m6a_v3_formal_s3_seed630300,S3,630300,2,state_only_risk_roi,medium,9,1,95,65,32998,32603,20423,0.6264147471091618,11280,80,80,0.0375,0.0375,7.447901891252955,39.41046413674444,63.675,30.091114072322576,1,1,1.0,018ca656af42d2026e2affb520d3ec0a6f1d8867ccc7a089c18012ddafcfd63d
m6a_v3_formal_s3_seed630300,S3,630300,2,state_only_risk_roi,high,9,1,95,65,32998,32603,20423,0.6264147471091618,11280,80,80,0.0375,0.0375,7.447901891252955,39.41046413674444,63.675,30.091114072322576,1,1,1.0,018ca656af42d2026e2affb520d3ec0a6f1d8867ccc7a089c18012ddafcfd63d
m6a_v3_formal_s3_seed630300,S3,630300,2,command_conditioned_risk_roi,severe,13,2,35,5,31446,31034,19436,0.6262808532577173,11280,80,80,0.125,0.125,171.8630023640662,25.778979664292734,645.725,20.03032759916822,1,1,1.0,f493d5c80393794c7735c59c257cf9d1f582380df9edf509f2fa75169e7f946c
m6a_v3_formal_s3_seed630300,S3,630300,2,command_conditioned_risk_roi,low,13,2,55,25,32105,31693,19862,0.6266999021866028,11280,80,80,0.125,0.125,23.753959810874704,34.3734434351063,210.85416666666666,24.890981733853614,1,1,1.0,3ca68fdaf6df05ff3d9b010a4cb0b4f85399f041b69fc57d31482210648cac10
m6a_v3_formal_s3_seed630300,S3,630300,2,command_conditioned_risk_roi,medium,13,2,95,65,33112,32700,20520,0.6275229357798165,11280,80,80,0.125,0.125,7.169946808510638,39.57564427076819,55.5125,30.68689574686178,1,1,1.0,60e1f4616b09877d17bf36ba10a17f96d15636a77ba77051bd6a15360d5eca9a
m6a_v3_formal_s3_seed630300,S3,630300,2,command_conditioned_risk_roi,high,13,2,95,65,33112,32700,20520,0.6275229357798165,11280,80,80,0.125,0.125,7.169946808510638,39.57564427076819,55.5125,30.68689574686178,1,1,1.0,60e1f4616b09877d17bf36ba10a17f96d15636a77ba77051bd6a15360d5eca9a
m6a_v3_formal_s3_seed630300,S3,630300,3,state_only_risk_roi,severe,7,1,35,5,31382,30991,11599,0.374269949340131,6600,9,0,0.0,,190.37515151515152,25.33470098878805,,,0,0,,b5c70425c48edcf36a3040cd77e306fe725a5330c324c0e4bbdf1dcf8473987b
m6a_v3_formal_s3_seed630300,S3,630300,3,state_only_risk_roi,low,7,1,55,25,31986,31595,11758,0.3721474916917234,6600,9,0,0.0,,23.958636363636362,34.33618264871889,,,0,0,,3f8c83a18bba224c6e022e3644be70376e33c7e99e063909c13b7eb505303e5d
m6a_v3_formal_s3_seed630300,S3,630300,3,state_only_risk_roi,medium,7,1,95,65,33102,32711,11979,0.3662070863012442,6600,9,0,0.0,,6.668989898989899,39.8902030124147,,,0,0,,2befb36ced3ad19bdc1f297628f97a07e4e6fb0e23fd269eae1457c2d6bb15e7
m6a_v3_formal_s3_seed630300,S3,630300,3,state_only_risk_roi,high,7,1,95,65,33102,32711,11979,0.3662070863012442,6600,9,0,0.0,,6.668989898989899,39.8902030124147,,,0,0,,2befb36ced3ad19bdc1f297628f97a07e4e6fb0e23fd269eae1457c2d6bb15e7
m6a_v3_formal_s3_seed630300,S3,630300,3,command_conditioned_risk_roi,severe,11,1,35,5,31399,30991,11599,0.374269949340131,6600,9,0,0.0,,190.37515151515152,25.33470098878805,,,0,0,,b5c70425c48edcf36a3040cd77e306fe725a5330c324c0e4bbdf1dcf8473987b
m6a_v3_formal_s3_seed630300,S3,630300,3,command_conditioned_risk_roi,low,11,1,55,25,32003,31595,11758,0.3721474916917234,6600,9,0,0.0,,23.958636363636362,34.33618264871889,,,0,0,,3f8c83a18bba224c6e022e3644be70376e33c7e99e063909c13b7eb505303e5d
m6a_v3_formal_s3_seed630300,S3,630300,3,command_conditioned_risk_roi,medium,11,1,95,65,33119,32711,11979,0.3662070863012442,6600,9,0,0.0,,6.668989898989899,39.8902030124147,,,0,0,,2befb36ced3ad19bdc1f297628f97a07e4e6fb0e23fd269eae1457c2d6bb15e7
m6a_v3_formal_s3_seed630300,S3,630300,3,command_conditioned_risk_roi,high,11,1,95,65,33119,32711,11979,0.3662070863012442,6600,9,0,0.0,,6.668989898989899,39.8902030124147,,,0,0,,2befb36ced3ad19bdc1f297628f97a07e4e6fb0e23fd269eae1457c2d6bb15e7
m6a_v3_formal_s3_seed630301,S3,630301,0,state_only_risk_roi,severe,9,1,35,5,31428,31033,0,0.0,0,0,0,,,,,,,0,0,,2aa4a16405147b81ee38d938f192077f7c64dd0abecdeffbcce863e97ee5dc1b
m6a_v3_formal_s3_seed630301,S3,630301,0,state_only_risk_roi,low,9,1,55,25,32277,31882,0,0.0,0,0,0,,,,,,,0,0,,b9f6f8d24676d708a7a04a07e8eb5f429cd9dea94ea0e88888400f4bde652e7b
m6a_v3_formal_s3_seed630301,S3,630301,0,state_only_risk_roi,medium,9,1,75,45,32997,32602,0,0.0,0,0,0,,,,,,,0,0,,cc2a4a01b8f3f55ac7fe8f297867c25ad068123862bc2b34b712bb0b36f8ede1
m6a_v3_formal_s3_seed630301,S3,630301,0,state_only_risk_roi,high,9,1,95,65,33835,33440,0,0.0,0,0,0,,,,,,,0,0,,729e235bd204dfed2cfc1d960f091b366b77889e612b4678d7cac434b7f25d5c
m6a_v3_formal_s3_seed630301,S3,630301,0,command_conditioned_risk_roi,severe,9,1,35,5,31437,31033,0,0.0,0,0,0,,,,,,,0,0,,2aa4a16405147b81ee38d938f192077f7c64dd0abecdeffbcce863e97ee5dc1b
m6a_v3_formal_s3_seed630301,S3,630301,0,command_conditioned_risk_roi,low,9,1,55,25,32286,31882,0,0.0,0,0,0,,,,,,,0,0,,b9f6f8d24676d708a7a04a07e8eb5f429cd9dea94ea0e88888400f4bde652e7b
m6a_v3_formal_s3_seed630301,S3,630301,0,command_conditioned_risk_roi,medium,9,1,75,45,33006,32602,0,0.0,0,0,0,,,,,,,0,0,,cc2a4a01b8f3f55ac7fe8f297867c25ad068123862bc2b34b712bb0b36f8ede1
m6a_v3_formal_s3_seed630301,S3,630301,0,command_conditioned_risk_roi,high,9,1,95,65,33844,33440,0,0.0,0,0,0,,,,,,,0,0,,729e235bd204dfed2cfc1d960f091b366b77889e612b4678d7cac434b7f25d5c
m6a_v3_formal_s3_seed630301,S3,630301,1,state_only_risk_roi,severe,10,1,35,5,31398,31001,0,0.0,0,0,0,,,,,,,0,0,,d1e4c6d0aefd5c4a6ff99c808d26e132bc6bc4e81d71a060d8089c05b7eba65e
m6a_v3_formal_s3_seed630301,S3,630301,1,state_only_risk_roi,low,10,1,55,25,32300,31903,0,0.0,0,0,0,,,,,,,0,0,,4d13b0b2be346e889f77d5e90b89f4620454231ecc9fd5f895e061b1a2b69227
m6a_v3_formal_s3_seed630301,S3,630301,1,state_only_risk_roi,medium,10,1,75,45,33008,32611,0,0.0,0,0,0,,,,,,,0,0,,3aa6047c4f0aa9b9212c3c34b8698834daa7b584c7093d29f84db3bad763249d
m6a_v3_formal_s3_seed630301,S3,630301,1,state_only_risk_roi,high,10,1,95,65,33846,33449,0,0.0,0,0,0,,,,,,,0,0,,6efa219efe566841f64c4b5cb889725bc6f994c6354be1934d846164d4f9f764
m6a_v3_formal_s3_seed630301,S3,630301,1,command_conditioned_risk_roi,severe,11,1,35,5,31409,31001,0,0.0,0,0,0,,,,,,,0,0,,d1e4c6d0aefd5c4a6ff99c808d26e132bc6bc4e81d71a060d8089c05b7eba65e
m6a_v3_formal_s3_seed630301,S3,630301,1,command_conditioned_risk_roi,low,11,1,55,25,32311,31903,0,0.0,0,0,0,,,,,,,0,0,,4d13b0b2be346e889f77d5e90b89f4620454231ecc9fd5f895e061b1a2b69227
m6a_v3_formal_s3_seed630301,S3,630301,1,command_conditioned_risk_roi,medium,11,1,75,45,33019,32611,0,0.0,0,0,0,,,,,,,0,0,,3aa6047c4f0aa9b9212c3c34b8698834daa7b584c7093d29f84db3bad763249d
m6a_v3_formal_s3_seed630301,S3,630301,1,command_conditioned_risk_roi,high,11,1,95,65,33857,33449,0,0.0,0,0,0,,,,,,,0,0,,6efa219efe566841f64c4b5cb889725bc6f994c6354be1934d846164d4f9f764
m6a_v3_formal_s3_seed630301,S3,630301,2,state_only_risk_roi,severe,9,1,35,5,31387,30992,23258,0.7504517294785751,11400,77,77,0.0,0.0,167.3633918128655,25.894198921111524,1077.917748917749,17.804947378223666,1,1,1.0,ed64e592a13c95b5a0ba055154b1fe4754d119c5ceb4066eeaf33218f779cbe4
m6a_v3_formal_s3_seed630301,S3,630301,2,state_only_risk_roi,low,9,1,55,25,32016,31621,23722,0.7501976534581449,11400,77,77,0.0,0.0,26.04078947368421,33.97426214348586,246.32467532467533,24.215724418401038,1,1,1.0,519aab53035dcd82c2fc25e3c0d2806539594d4ce42a9bd1bc99b84b55b04965
m6a_v3_formal_s3_seed630301,S3,630301,2,state_only_risk_roi,medium,9,1,95,65,32880,32485,24331,0.7489918423887948,11400,77,77,0.0,0.0,7.543157894736842,39.35527162326666,47.65800865800866,31.349444690367886,1,1,1.0,a0f6d10bf1c0da29dba79832ca3c020d11be3344c37b5a2baebcd92aa8155889
m6a_v3_formal_s3_seed630301,S3,630301,2,state_only_risk_roi,high,9,1,95,65,32880,32485,24331,0.7489918423887948,11400,77,77,0.0,0.0,7.543157894736842,39.35527162326666,47.65800865800866,31.349444690367886,1,1,1.0,a0f6d10bf1c0da29dba79832ca3c020d11be3344c37b5a2baebcd92aa8155889
m6a_v3_formal_s3_seed630301,S3,630301,2,command_conditioned_risk_roi,severe,13,2,35,5,31405,30993,23259,0.7504597812409254,11400,77,77,0.0,0.0,164.0366081871345,25.981395801405405,1077.917748917749,17.804947378223666,1,1,1.0,c623f59ffef3598bc27e09d36e0b5ea07370776fdd8dc73be09a8d4483939849
m6a_v3_formal_s3_seed630301,S3,630301,2,command_conditioned_risk_roi,low,13,2,55,25,32034,31622,23723,0.7502055530959458,11400,77,77,0.0,0.0,26.007923976608186,33.979746738579934,246.32467532467533,24.215724418401038,1,1,1.0,dfe2ac5d7f4c249ebe12f9aad1e4692b27c0766bbed3a976bb99f7af60319a95
m6a_v3_formal_s3_seed630301,S3,630301,2,command_conditioned_risk_roi,medium,13,2,95,65,32909,32497,24343,0.7490845308797736,11400,77,77,0.0,0.0,7.472631578947368,39.39606789982597,47.65800865800866,31.349444690367886,1,1,1.0,1611dd0259df2615abe9dcfa75aee3a4084dc5c0df6a97b3c2591ae23e5d73f7
m6a_v3_formal_s3_seed630301,S3,630301,2,command_conditioned_risk_roi,high,13,2,95,65,32909,32497,24343,0.7490845308797736,11400,77,77,0.0,0.0,7.472631578947368,39.39606789982597,47.65800865800866,31.349444690367886,1,1,1.0,1611dd0259df2615abe9dcfa75aee3a4084dc5c0df6a97b3c2591ae23e5d73f7
m6a_v3_formal_s3_seed630301,S3,630301,3,state_only_risk_roi,severe,7,1,35,5,31379,30988,11596,0.3742093713695624,6120,5,0,0.0,,211.7615468409586,24.872332602000476,,,0,0,,37a08944f9e1c7222e73724caaf1fe609fecf7a7326c82de8bcd274c18e80ad1
m6a_v3_formal_s3_seed630301,S3,630301,3,state_only_risk_roi,low,7,1,55,25,32034,31643,11806,0.3730998957115318,6120,5,0,0.0,,32.496786492374724,33.01239943816134,,,0,0,,9b037fe98a63a8b6fabe9496d496ab1c446782b68a002f52e79559c8376270d5
m6a_v3_formal_s3_seed630301,S3,630301,3,state_only_risk_roi,medium,7,1,95,65,33201,32810,12078,0.3681194757695824,6120,5,0,0.0,,11.341721132897604,37.584013960992614,,,0,0,,69a1cfb81bc9ea22f3dad5c50864feb38a0941a1cc7023833fb94addae8a3f31
m6a_v3_formal_s3_seed630301,S3,630301,3,state_only_risk_roi,high,7,1,95,65,33201,32810,12078,0.3681194757695824,6120,5,0,0.0,,11.341721132897604,37.584013960992614,,,0,0,,69a1cfb81bc9ea22f3dad5c50864feb38a0941a1cc7023833fb94addae8a3f31
m6a_v3_formal_s3_seed630301,S3,630301,3,command_conditioned_risk_roi,severe,11,1,35,5,31396,30988,11596,0.3742093713695624,6120,5,0,0.0,,211.7615468409586,24.872332602000476,,,0,0,,37a08944f9e1c7222e73724caaf1fe609fecf7a7326c82de8bcd274c18e80ad1
m6a_v3_formal_s3_seed630301,S3,630301,3,command_conditioned_risk_roi,low,11,1,55,25,32051,31643,11806,0.3730998957115318,6120,5,0,0.0,,32.496786492374724,33.01239943816134,,,0,0,,9b037fe98a63a8b6fabe9496d496ab1c446782b68a002f52e79559c8376270d5
m6a_v3_formal_s3_seed630301,S3,630301,3,command_conditioned_risk_roi,medium,11,1,95,65,33218,32810,12078,0.3681194757695824,6120,5,0,0.0,,11.341721132897604,37.584013960992614,,,0,0,,69a1cfb81bc9ea22f3dad5c50864feb38a0941a1cc7023833fb94addae8a3f31
m6a_v3_formal_s3_seed630301,S3,630301,3,command_conditioned_risk_roi,high,11,1,95,65,33218,32810,12078,0.3681194757695824,6120,5,0,0.0,,11.341721132897604,37.584013960992614,,,0,0,,69a1cfb81bc9ea22f3dad5c50864feb38a0941a1cc7023833fb94addae8a3f31
m6a_v3_formal_s3_seed630302,S3,630302,0,state_only_risk_roi,severe,9,1,35,5,31428,31033,0,0.0,0,0,0,,,,,,,0,0,,62af7a945eb09bad3435a946357b3b894627538cc81f4592c542e42a8f8f4924
m6a_v3_formal_s3_seed630302,S3,630302,0,state_only_risk_roi,low,9,1,55,25,32273,31878,0,0.0,0,0,0,,,,,,,0,0,,e404141edc672148bb9312a86480601f1210d14a2fa39ffbe522ba78ef4689da
m6a_v3_formal_s3_seed630302,S3,630302,0,state_only_risk_roi,medium,9,1,75,45,32990,32595,0,0.0,0,0,0,,,,,,,0,0,,9b40ffc9be227751aa31587998dd44a2fc259002f533332102042e5f0eebfa2c
m6a_v3_formal_s3_seed630302,S3,630302,0,state_only_risk_roi,high,9,1,95,65,33828,33433,0,0.0,0,0,0,,,,,,,0,0,,dd157864cd60403a3ac2da053be2778fa70f3ce4c76bd05b22d865f276b06dcc
m6a_v3_formal_s3_seed630302,S3,630302,0,command_conditioned_risk_roi,severe,9,1,35,5,31437,31033,0,0.0,0,0,0,,,,,,,0,0,,62af7a945eb09bad3435a946357b3b894627538cc81f4592c542e42a8f8f4924
m6a_v3_formal_s3_seed630302,S3,630302,0,command_conditioned_risk_roi,low,9,1,55,25,32282,31878,0,0.0,0,0,0,,,,,,,0,0,,e404141edc672148bb9312a86480601f1210d14a2fa39ffbe522ba78ef4689da
m6a_v3_formal_s3_seed630302,S3,630302,0,command_conditioned_risk_roi,medium,9,1,75,45,32999,32595,0,0.0,0,0,0,,,,,,,0,0,,9b40ffc9be227751aa31587998dd44a2fc259002f533332102042e5f0eebfa2c
m6a_v3_formal_s3_seed630302,S3,630302,0,command_conditioned_risk_roi,high,9,1,95,65,33837,33433,0,0.0,0,0,0,,,,,,,0,0,,dd157864cd60403a3ac2da053be2778fa70f3ce4c76bd05b22d865f276b06dcc
m6a_v3_formal_s3_seed630302,S3,630302,1,state_only_risk_roi,severe,10,1,35,5,31400,31003,0,0.0,0,0,0,,,,,,,0,0,,d287ee643e85c76215c128f2a8c62d8b213e0403cf3031a21aa8bd7843360f21
m6a_v3_formal_s3_seed630302,S3,630302,1,state_only_risk_roi,low,10,1,55,25,32299,31902,0,0.0,0,0,0,,,,,,,0,0,,3a5bbacf23763ba9dc9b46e07231518f078efdabec73132450a86363d47e9a73
m6a_v3_formal_s3_seed630302,S3,630302,1,state_only_risk_roi,medium,10,1,75,45,33003,32606,0,0.0,0,0,0,,,,,,,0,0,,70d881055f0325b1af263cd1d8edec0e5eff6c3ad35c5e047a4680a316374bf8
m6a_v3_formal_s3_seed630302,S3,630302,1,state_only_risk_roi,high,10,1,95,65,33862,33465,0,0.0,0,0,0,,,,,,,0,0,,63c3708ae25c98e8a993f1fb1d1297e32b470f640ea310345620d2500f06c035
m6a_v3_formal_s3_seed630302,S3,630302,1,command_conditioned_risk_roi,severe,11,1,35,5,31411,31003,0,0.0,0,0,0,,,,,,,0,0,,d287ee643e85c76215c128f2a8c62d8b213e0403cf3031a21aa8bd7843360f21
m6a_v3_formal_s3_seed630302,S3,630302,1,command_conditioned_risk_roi,low,11,1,55,25,32310,31902,0,0.0,0,0,0,,,,,,,0,0,,3a5bbacf23763ba9dc9b46e07231518f078efdabec73132450a86363d47e9a73
m6a_v3_formal_s3_seed630302,S3,630302,1,command_conditioned_risk_roi,medium,11,1,75,45,33014,32606,0,0.0,0,0,0,,,,,,,0,0,,70d881055f0325b1af263cd1d8edec0e5eff6c3ad35c5e047a4680a316374bf8
m6a_v3_formal_s3_seed630302,S3,630302,1,command_conditioned_risk_roi,high,11,1,95,65,33873,33465,0,0.0,0,0,0,,,,,,,0,0,,63c3708ae25c98e8a993f1fb1d1297e32b470f640ea310345620d2500f06c035
m6a_v3_formal_s3_seed630302,S3,630302,2,state_only_risk_roi,severe,9,1,35,5,31416,31021,19431,0.6263821282357113,11040,79,79,0.05063291139240506,0.05063291139240506,163.22647946859902,26.00289747171518,626.1729957805907,20.16386026485703,1,1,1.0,9789c60dac904ffb3ae75bd0bbf61c3dde700e0ed5bf105f17732263fc662e77
m6a_v3_formal_s3_seed630302,S3,630302,2,state_only_risk_roi,low,9,1,55,25,31998,31603,19817,0.6270607220833465,11040,79,79,0.05063291139240506,0.05063291139240506,28.69423309178744,33.55285738979765,256.1054852320675,24.046614806403714,1,1,1.0,6c5ec518d350044cfcd1dfe506e13f6c1618fc3c84cfb78bb2a0751bb108585f
m6a_v3_formal_s3_seed630302,S3,630302,2,state_only_risk_roi,medium,9,1,95,65,32930,32535,20399,0.626986322422007,11040,79,79,0.05063291139240506,0.05063291139240506,7.599667874396135,39.32285747990916,64.05485232067511,30.06528326611194,1,1,1.0,4487a6b684969186a4897ef8abd9e5631089ad8c63c92289ece04cf63e92c774
m6a_v3_formal_s3_seed630302,S3,630302,2,state_only_risk_roi,high,9,1,95,65,32930,32535,20399,0.626986322422007,11040,79,79,0.05063291139240506,0.05063291139240506,7.599667874396135,39.32285747990916,64.05485232067511,30.06528326611194,1,1,1.0,4487a6b684969186a4897ef8abd9e5631089ad8c63c92289ece04cf63e92c774
m6a_v3_formal_s3_seed630302,S3,630302,2,command_conditioned_risk_roi,severe,13,2,35,5,31457,31045,19455,0.6266709615074891,11040,79,79,0.13924050632911392,0.13924050632911392,158.80552536231883,26.122147519920752,525.5443037974684,20.924710275945458,1,1,1.0,10c25821f11998543fd76e3a84503cb9fd5e440cd7e7e279b44447c97788fc69
m6a_v3_formal_s3_seed630302,S3,630302,2,command_conditioned_risk_roi,low,13,2,55,25,32039,31627,19841,0.6273437252980049,11040,79,79,0.13924050632911392,0.13924050632911392,28.022252415458937,33.655773201290884,221.1561181434599,24.68381402515258,1,1,1.0,26eec319159efbbd2c17bb0fd060a94eb72dd5f04982cd548fd8ac85d0440ca0
m6a_v3_formal_s3_seed630302,S3,630302,2,command_conditioned_risk_roi,medium,13,2,95,65,33044,32632,20496,0.6280951213532728,11040,79,79,0.13924050632911392,0.13924050632911392,7.315670289855072,39.48826236852386,55.78902953586498,30.665315540530685,1,1,1.0,979119f74c91a8508a2b3c57a10806f83a69e5d2b8bb829b00ae7649c6a40c64
m6a_v3_formal_s3_seed630302,S3,630302,2,command_conditioned_risk_roi,high,13,2,95,65,33044,32632,20496,0.6280951213532728,11040,79,79,0.13924050632911392,0.13924050632911392,7.315670289855072,39.48826236852386,55.78902953586498,30.665315540530685,1,1,1.0,979119f74c91a8508a2b3c57a10806f83a69e5d2b8bb829b00ae7649c6a40c64
m6a_v3_formal_s3_seed630302,S3,630302,3,state_only_risk_roi,severe,7,1,35,5,31375,30984,11592,0.37412858249419056,6360,6,0,0.0,,211.00796645702306,24.887815087786834,,,0,0,,d1616da72a4a9abe1325d9cc142a88a3d3f4e19ccdbf3e421c8390b6e861f96d
m6a_v3_formal_s3_seed630302,S3,630302,3,state_only_risk_roi,low,7,1,55,25,31998,31607,11770,0.3723858638909102,6360,6,0,0.0,,9.387526205450733,38.405291985130205,,,0,0,,fd91cb2451b82c3296ec12d402133276a906a3a90319fa183ac58958ff276749
m6a_v3_formal_s3_seed630302,S3,630302,3,state_only_risk_roi,medium,7,1,95,65,33114,32723,11991,0.3664395073801302,6360,6,0,0.0,,2.1346960167714886,44.83744321149989,,,0,0,,4d8353d0a43e09081a9d76e3b141a3ed8f2adb260fbf2edcfb1fc9a5df6ea540
m6a_v3_formal_s3_seed630302,S3,630302,3,state_only_risk_roi,high,7,1,95,65,33114,32723,11991,0.3664395073801302,6360,6,0,0.0,,2.1346960167714886,44.83744321149989,,,0,0,,4d8353d0a43e09081a9d76e3b141a3ed8f2adb260fbf2edcfb1fc9a5df6ea540
m6a_v3_formal_s3_seed630302,S3,630302,3,command_conditioned_risk_roi,severe,11,1,35,5,31392,30984,11592,0.37412858249419056,6360,6,0,0.0,,211.00796645702306,24.887815087786834,,,0,0,,d1616da72a4a9abe1325d9cc142a88a3d3f4e19ccdbf3e421c8390b6e861f96d
m6a_v3_formal_s3_seed630302,S3,630302,3,command_conditioned_risk_roi,low,11,1,55,25,32015,31607,11770,0.3723858638909102,6360,6,0,0.0,,9.387526205450733,38.405291985130205,,,0,0,,fd91cb2451b82c3296ec12d402133276a906a3a90319fa183ac58958ff276749
m6a_v3_formal_s3_seed630302,S3,630302,3,command_conditioned_risk_roi,medium,11,1,95,65,33131,32723,11991,0.3664395073801302,6360,6,0,0.0,,2.1346960167714886,44.83744321149989,,,0,0,,4d8353d0a43e09081a9d76e3b141a3ed8f2adb260fbf2edcfb1fc9a5df6ea540
m6a_v3_formal_s3_seed630302,S3,630302,3,command_conditioned_risk_roi,high,11,1,95,65,33131,32723,11991,0.3664395073801302,6360,6,0,0.0,,2.1346960167714886,44.83744321149989,,,0,0,,4d8353d0a43e09081a9d76e3b141a3ed8f2adb260fbf2edcfb1fc9a5df6ea540
m6a_v3_formal_s3_seed630303,S3,630303,0,state_only_risk_roi,severe,9,1,35,5,31429,31034,0,0.0,0,0,0,,,,,,,0,0,,100f2825ae763437b2cabf06c33caf90361cb752f46218d1a63974a07611c5e1
m6a_v3_formal_s3_seed630303,S3,630303,0,state_only_risk_roi,low,9,1,55,25,32266,31871,0,0.0,0,0,0,,,,,,,0,0,,3b018cac7d68a7e1378f8a44e1694ea20ab39e9c161fa335674dc0eae7ece332
m6a_v3_formal_s3_seed630303,S3,630303,0,state_only_risk_roi,medium,9,1,75,45,32978,32583,0,0.0,0,0,0,,,,,,,0,0,,0909e1887486168bc16b0c7a02c0f02ccd7ef096ff6b437a3733604750fce619
m6a_v3_formal_s3_seed630303,S3,630303,0,state_only_risk_roi,high,9,1,95,65,33808,33413,0,0.0,0,0,0,,,,,,,0,0,,c69bbb70b9cefc3326011994bf0812316cbf0b42638fb7697b027808a21cc505
m6a_v3_formal_s3_seed630303,S3,630303,0,command_conditioned_risk_roi,severe,9,1,35,5,31438,31034,0,0.0,0,0,0,,,,,,,0,0,,100f2825ae763437b2cabf06c33caf90361cb752f46218d1a63974a07611c5e1
m6a_v3_formal_s3_seed630303,S3,630303,0,command_conditioned_risk_roi,low,9,1,55,25,32275,31871,0,0.0,0,0,0,,,,,,,0,0,,3b018cac7d68a7e1378f8a44e1694ea20ab39e9c161fa335674dc0eae7ece332
m6a_v3_formal_s3_seed630303,S3,630303,0,command_conditioned_risk_roi,medium,9,1,75,45,32987,32583,0,0.0,0,0,0,,,,,,,0,0,,0909e1887486168bc16b0c7a02c0f02ccd7ef096ff6b437a3733604750fce619
m6a_v3_formal_s3_seed630303,S3,630303,0,command_conditioned_risk_roi,high,9,1,95,65,33817,33413,0,0.0,0,0,0,,,,,,,0,0,,c69bbb70b9cefc3326011994bf0812316cbf0b42638fb7697b027808a21cc505
m6a_v3_formal_s3_seed630303,S3,630303,1,state_only_risk_roi,severe,10,1,35,5,31399,31002,0,0.0,0,0,0,,,,,,,0,0,,9bc96eb01f7b222ae0b83e7016a9ee5e35bd71a28f285dce7941fb7620dbd85e
m6a_v3_formal_s3_seed630303,S3,630303,1,state_only_risk_roi,low,10,1,55,25,32283,31886,0,0.0,0,0,0,,,,,,,0,0,,f42e6cce25081a2ab4474c64fe19110ad7e4f59033a77cbc7a880449408e65e9
m6a_v3_formal_s3_seed630303,S3,630303,1,state_only_risk_roi,medium,10,1,75,45,33013,32616,0,0.0,0,0,0,,,,,,,0,0,,27d46d298e220804e56c178abc0e2f1bf9c75cf7da536476f7274ead8fbcd9f4
m6a_v3_formal_s3_seed630303,S3,630303,1,state_only_risk_roi,high,10,1,95,65,33829,33432,0,0.0,0,0,0,,,,,,,0,0,,593a42a1c2bd4a37a3eaa35849fc2e0c22c0c46b37daa662a1253f9e7331a7d5
m6a_v3_formal_s3_seed630303,S3,630303,1,command_conditioned_risk_roi,severe,11,1,35,5,31410,31002,0,0.0,0,0,0,,,,,,,0,0,,9bc96eb01f7b222ae0b83e7016a9ee5e35bd71a28f285dce7941fb7620dbd85e
m6a_v3_formal_s3_seed630303,S3,630303,1,command_conditioned_risk_roi,low,11,1,55,25,32294,31886,0,0.0,0,0,0,,,,,,,0,0,,f42e6cce25081a2ab4474c64fe19110ad7e4f59033a77cbc7a880449408e65e9
m6a_v3_formal_s3_seed630303,S3,630303,1,command_conditioned_risk_roi,medium,11,1,75,45,33024,32616,0,0.0,0,0,0,,,,,,,0,0,,27d46d298e220804e56c178abc0e2f1bf9c75cf7da536476f7274ead8fbcd9f4
m6a_v3_formal_s3_seed630303,S3,630303,1,command_conditioned_risk_roi,high,11,1,95,65,33840,33432,0,0.0,0,0,0,,,,,,,0,0,,593a42a1c2bd4a37a3eaa35849fc2e0c22c0c46b37daa662a1253f9e7331a7d5
m6a_v3_formal_s3_seed630303,S3,630303,2,state_only_risk_roi,severe,9,1,35,5,31370,30975,19397,0.6262146892655367,11400,70,70,0.014285714285714285,0.014285714285714285,148.93964912280703,26.400700344853632,718.7904761904762,19.564780466954762,1,1,1.0,dc451cc4510c6c7d8aaadf44f6da2ed9f876f90ecab71fce162d2ec3ff0b6f3d
m6a_v3_formal_s3_seed630303,S3,630303,2,state_only_risk_roi,low,9,1,75,45,32223,31828,19905,0.6253927359557622,11400,70,70,0.014285714285714285,0.014285714285714285,10.919181286549708,37.74890284409753,88.02857142857142,28.684567069012452,1,1,1.0,de5682065e78fa0f7609eb8d0904ab8865903f73c151ec9107af980cfdc73cff
m6a_v3_formal_s3_seed630303,S3,630303,2,state_only_risk_roi,medium,9,1,95,65,32691,32296,20211,0.6258050532573693,11400,70,70,0.014285714285714285,0.014285714285714285,6.81733918128655,39.7946545899258,62.333333333333336,30.18360009051074,1,1,1.0,dfc109ba1869aca04e68bf07ccbffca40cad03ba67a92756beb4174ad4a80a46
m6a_v3_formal_s3_seed630303,S3,630303,2,state_only_risk_roi,high,9,1,95,65,32691,32296,20211,0.6258050532573693,11400,70,70,0.014285714285714285,0.014285714285714285,6.81733918128655,39.7946545899258,62.333333333333336,30.18360009051074,1,1,1.0,dfc109ba1869aca04e68bf07ccbffca40cad03ba67a92756beb4174ad4a80a46
m6a_v3_formal_s3_seed630303,S3,630303,2,command_conditioned_risk_roi,severe,13,2,35,5,31415,31003,19425,0.626552269135245,11400,70,70,0.1,0.1,145.22312865497076,26.51044572001663,666.3571428571429,19.89373303470351,1,1,1.0,5fa3fa7827066a87893155d749c20f5c1e28a152bdc584701455bdf827cd5750
m6a_v3_formal_s3_seed630303,S3,630303,2,command_conditioned_risk_roi,low,13,2,75,45,32270,31858,19935,0.6257454956368887,11400,70,70,0.1,0.1,10.485555555555555,37.92488915258695,76.13809523809523,29.3147835308528,1,1,1.0,a72d2258256a0a14dc5dda77f38aac992e4c02b047144db0e560cf63bc063ae3
m6a_v3_formal_s3_seed630303,S3,630303,2,command_conditioned_risk_roi,medium,13,2,95,65,32838,32426,20341,0.6273052488743601,11400,70,70,0.1,0.1,6.285116959064328,40.14766997031514,58.2,30.48157376218022,1,1,1.0,4bb4e598cf4be4299013caed6f6cc11063f410874a84db32b563afc86cf40814
m6a_v3_formal_s3_seed630303,S3,630303,2,command_conditioned_risk_roi,high,13,2,95,65,32838,32426,20341,0.6273052488743601,11400,70,70,0.1,0.1,6.285116959064328,40.14766997031514,58.2,30.48157376218022,1,1,1.0,4bb4e598cf4be4299013caed6f6cc11063f410874a84db32b563afc86cf40814
m6a_v3_formal_s3_seed630303,S3,630303,3,state_only_risk_roi,severe,7,1,35,5,31399,31008,15509,0.5001612487100103,7320,5,0,0.6,,182.7898451730419,25.51128295880456,,,0,0,,0dfa5dab6031fa61b50ec8febe6e5a324ae821dd6e5eec3185a0cdf1a99fed6d
m6a_v3_formal_s3_seed630303,S3,630303,3,state_only_risk_roi,low,7,1,55,25,31961,31570,15726,0.4981311371555274,7320,5,0,0.6,,9.319899817850638,38.43669116838875,,,0,0,,f272933d28232355dbae13c7e89a6c5a21ad9358e83fecc439bba4cf51e166fd
m6a_v3_formal_s3_seed630303,S3,630303,3,state_only_risk_roi,medium,7,1,95,65,33048,32657,16199,0.49603454083351195,7320,5,0,0.6,,2.1475409836065573,44.81138900222913,,,0,0,,ba28ff2d4528e1562956b12520cb4c23c930b2c6a2e29abdcb284aa28012be7f
m6a_v3_formal_s3_seed630303,S3,630303,3,state_only_risk_roi,high,7,1,95,65,33048,32657,16199,0.49603454083351195,7320,5,0,0.6,,2.1475409836065573,44.81138900222913,,,0,0,,ba28ff2d4528e1562956b12520cb4c23c930b2c6a2e29abdcb284aa28012be7f
m6a_v3_formal_s3_seed630303,S3,630303,3,command_conditioned_risk_roi,severe,11,1,35,5,31416,31008,15509,0.5001612487100103,7320,5,0,0.6,,182.7898451730419,25.51128295880456,,,0,0,,0dfa5dab6031fa61b50ec8febe6e5a324ae821dd6e5eec3185a0cdf1a99fed6d
m6a_v3_formal_s3_seed630303,S3,630303,3,command_conditioned_risk_roi,low,11,1,55,25,31978,31570,15726,0.4981311371555274,7320,5,0,0.6,,9.319899817850638,38.43669116838875,,,0,0,,f272933d28232355dbae13c7e89a6c5a21ad9358e83fecc439bba4cf51e166fd
m6a_v3_formal_s3_seed630303,S3,630303,3,command_conditioned_risk_roi,medium,11,1,95,65,33065,32657,16199,0.49603454083351195,7320,5,0,0.6,,2.1475409836065573,44.81138900222913,,,0,0,,ba28ff2d4528e1562956b12520cb4c23c930b2c6a2e29abdcb284aa28012be7f
m6a_v3_formal_s3_seed630303,S3,630303,3,command_conditioned_risk_roi,high,11,1,95,65,33065,32657,16199,0.49603454083351195,7320,5,0,0.6,,2.1475409836065573,44.81138900222913,,,0,0,,ba28ff2d4528e1562956b12520cb4c23c930b2c6a2e29abdcb284aa28012be7f
m6a_v3_formal_s4_seed630400,S4,630400,0,state_only_risk_roi,severe,9,1,35,5,31408,31013,0,0.0,0,0,0,,,,,,,0,0,,132759cfbf52b8ff7b869ca4545233afcb135a9dcc84416f2d44781b1b2b7897
m6a_v3_formal_s4_seed630400,S4,630400,0,state_only_risk_roi,low,9,1,55,25,32179,31784,0,0.0,0,0,0,,,,,,,0,0,,d9fe591e4436a7654ead3beb4b8777a6aaf9cabcb6e23b494fa2823859d02be3
m6a_v3_formal_s4_seed630400,S4,630400,0,state_only_risk_roi,medium,9,1,75,45,32832,32437,0,0.0,0,0,0,,,,,,,0,0,,640d6dfc7e9a8c99a28b661c6bcfabba568d4c522600881e3dda9359104e9244
m6a_v3_formal_s4_seed630400,S4,630400,0,state_only_risk_roi,high,9,1,95,65,33602,33207,0,0.0,0,0,0,,,,,,,0,0,,1e6ad5de1d0287f4580959e2980e77a9f26faca9d8d864b002b86c8ed8a6538f
m6a_v3_formal_s4_seed630400,S4,630400,0,command_conditioned_risk_roi,severe,9,1,35,5,31417,31013,0,0.0,0,0,0,,,,,,,0,0,,132759cfbf52b8ff7b869ca4545233afcb135a9dcc84416f2d44781b1b2b7897
m6a_v3_formal_s4_seed630400,S4,630400,0,command_conditioned_risk_roi,low,9,1,55,25,32188,31784,0,0.0,0,0,0,,,,,,,0,0,,d9fe591e4436a7654ead3beb4b8777a6aaf9cabcb6e23b494fa2823859d02be3
m6a_v3_formal_s4_seed630400,S4,630400,0,command_conditioned_risk_roi,medium,9,1,75,45,32841,32437,0,0.0,0,0,0,,,,,,,0,0,,640d6dfc7e9a8c99a28b661c6bcfabba568d4c522600881e3dda9359104e9244
m6a_v3_formal_s4_seed630400,S4,630400,0,command_conditioned_risk_roi,high,9,1,95,65,33611,33207,0,0.0,0,0,0,,,,,,,0,0,,1e6ad5de1d0287f4580959e2980e77a9f26faca9d8d864b002b86c8ed8a6538f
m6a_v3_formal_s4_seed630400,S4,630400,1,state_only_risk_roi,severe,10,2,35,5,31379,30982,0,0.0,0,0,0,,,,,,,0,0,,8c8b85b3cb33a900079f10195962382962dc8a47315a76939b53fa857a4acde5
m6a_v3_formal_s4_seed630400,S4,630400,1,state_only_risk_roi,low,10,2,55,25,32123,31726,0,0.0,0,0,0,,,,,,,0,0,,5c8addb2fac422308d1fee6e99b5765bbf894448726ea388f2ee25c2e8d61745
m6a_v3_formal_s4_seed630400,S4,630400,1,state_only_risk_roi,medium,10,2,75,45,32721,32324,0,0.0,0,0,0,,,,,,,0,0,,338a3659c07c2cedeb320fc564c110c0a6a8227edb88a0922b6cdb176be9d099
m6a_v3_formal_s4_seed630400,S4,630400,1,state_only_risk_roi,high,10,2,95,65,33641,33244,0,0.0,0,0,0,,,,,,,0,0,,15cfb358172ffeb154761d5b1d18c18e81bdb2adcdb67674d569134410b92bcc
m6a_v3_formal_s4_seed630400,S4,630400,1,command_conditioned_risk_roi,severe,11,2,35,5,31390,30982,0,0.0,0,0,0,,,,,,,0,0,,8c8b85b3cb33a900079f10195962382962dc8a47315a76939b53fa857a4acde5
m6a_v3_formal_s4_seed630400,S4,630400,1,command_conditioned_risk_roi,low,11,2,55,25,32134,31726,0,0.0,0,0,0,,,,,,,0,0,,5c8addb2fac422308d1fee6e99b5765bbf894448726ea388f2ee25c2e8d61745
m6a_v3_formal_s4_seed630400,S4,630400,1,command_conditioned_risk_roi,medium,11,2,75,45,32732,32324,0,0.0,0,0,0,,,,,,,0,0,,338a3659c07c2cedeb320fc564c110c0a6a8227edb88a0922b6cdb176be9d099
m6a_v3_formal_s4_seed630400,S4,630400,1,command_conditioned_risk_roi,high,11,2,95,65,33652,33244,0,0.0,0,0,0,,,,,,,0,0,,15cfb358172ffeb154761d5b1d18c18e81bdb2adcdb67674d569134410b92bcc
m6a_v3_formal_s4_seed630400,S4,630400,2,state_only_risk_roi,severe,9,1,35,5,31391,30996,3908,0.12608078461737,600,9,0,0.0,,713.4972222222223,19.59688074203382,,,0,0,,90e1e47d6ad9ce33583e7e7b00bd02396dc10d031492fd8e2ae7781f96872c8e
m6a_v3_formal_s4_seed630400,S4,630400,2,state_only_risk_roi,low,9,1,55,25,32198,31803,4125,0.12970474483539288,600,9,0,0.0,,64.49277777777777,30.035692779671553,,,0,0,,24b59b66f48d5bcc8816aa460fb99dfbc1ecce7c471e20ce2dc4c382443b60f1
m6a_v3_formal_s4_seed630400,S4,630400,2,state_only_risk_roi,medium,9,1,75,45,32850,32455,4269,0.13153597288553381,600,9,0,0.0,,36.12777777777778,32.55239111963318,,,0,0,,f508e6f7c125873ae080bf6c49661ef99698cbb287d2b767d0c64502ea318cf1
m6a_v3_formal_s4_seed630400,S4,630400,2,state_only_risk_roi,high,9,1,95,65,33741,33346,4415,0.13239968811851496,600,9,0,0.0,,14.60388888888889,36.48611840830566,,,0,0,,acf7d557e294810271da86850c5a02d96b3f26e64390b9794334b0af660be40c
m6a_v3_formal_s4_seed630400,S4,630400,2,command_conditioned_risk_roi,severe,13,2,35,5,31450,31038,3908,0.12591017462465365,600,9,0,0.0,,713.4972222222223,19.59688074203382,,,0,0,,21c1bf22fc132ba7a9eb00d2b2020a69a04d82ca1d18428ea6dc1d180767c551
m6a_v3_formal_s4_seed630400,S4,630400,2,command_conditioned_risk_roi,low,13,2,55,25,32250,31838,4125,0.12956215842703686,600,9,0,0.0,,64.49277777777777,30.035692779671553,,,0,0,,9842a7d565c713044d9347230b6f8c63700e9c40a5f150c4d188d34d1ea084fd
m6a_v3_formal_s4_seed630400,S4,630400,2,command_conditioned_risk_roi,medium,13,2,75,45,32911,32499,4269,0.13135788793501338,600,9,0,0.0,,36.12777777777778,32.55239111963318,,,0,0,,50f2f26146f343ff5eb9e172443efe32bc12b0d900fcbe378973a4220db42595
m6a_v3_formal_s4_seed630400,S4,630400,2,command_conditioned_risk_roi,high,13,2,95,65,33994,33582,4415,0.13146923947352748,600,9,0,0.0,,14.60388888888889,36.48611840830566,,,0,0,,f04e52f2d46cbf9971ab9dd6fac4fcb360ed4e564d9928fff0d62efd8266bd55
m6a_v3_formal_s4_seed630400,S4,630400,3,state_only_risk_roi,severe,7,1,35,5,31436,31045,3902,0.12568851666935094,720,26,26,0.0,0.0,280.6467592592593,23.649203292559108,485.28205128205127,21.270861321393024,1,1,1.0,da7d8a69bed67507588bed0bb33a53be9ebf642d96d4ea1c688ea46078d85567
m6a_v3_formal_s4_seed630400,S4,630400,3,state_only_risk_roi,low,7,1,55,25,32319,31928,4050,0.1268479077925332,720,26,26,0.0,0.0,61.05694444444445,30.27345294349766,202.39743589743588,25.06875354590704,1,1,1.0,2069d46d49b622d22d58d19d6f8f3d96516acf24eb8ce87526c936c90dc0f9b3
m6a_v3_formal_s4_seed630400,S4,630400,3,state_only_risk_roi,medium,7,1,75,45,33023,32632,4147,0.12708384407943124,720,26,26,0.0,0.0,36.210648148148145,32.542440623794,183.53846153846155,25.49353273840424,1,1,1.0,efef48d486f57735e2489840c6d68a26acc316d5518e0f01ecd865a8e3e7e7af
m6a_v3_formal_s4_seed630400,S4,630400,3,state_only_risk_roi,high,7,1,95,65,33982,33591,4259,0.12678991396505015,720,26,26,0.0,0.0,22.150925925925925,34.67688476082384,66.88461538461539,29.877541268360158,1,1,1.0,e3291e4abdbb6835c00f2670195ef785ece2ede62211cfb9c2e9f4321992bab2
m6a_v3_formal_s4_seed630400,S4,630400,3,command_conditioned_risk_roi,severe,11,1,35,5,31453,31045,3902,0.12568851666935094,720,26,26,0.0,0.0,280.6467592592593,23.649203292559108,485.28205128205127,21.270861321393024,1,1,1.0,da7d8a69bed67507588bed0bb33a53be9ebf642d96d4ea1c688ea46078d85567
m6a_v3_formal_s4_seed630400,S4,630400,3,command_conditioned_risk_roi,low,11,1,55,25,32336,31928,4050,0.1268479077925332,720,26,26,0.0,0.0,61.05694444444445,30.27345294349766,202.39743589743588,25.06875354590704,1,1,1.0,2069d46d49b622d22d58d19d6f8f3d96516acf24eb8ce87526c936c90dc0f9b3
m6a_v3_formal_s4_seed630400,S4,630400,3,command_conditioned_risk_roi,medium,11,1,75,45,33040,32632,4147,0.12708384407943124,720,26,26,0.0,0.0,36.210648148148145,32.542440623794,183.53846153846155,25.49353273840424,1,1,1.0,efef48d486f57735e2489840c6d68a26acc316d5518e0f01ecd865a8e3e7e7af
m6a_v3_formal_s4_seed630400,S4,630400,3,command_conditioned_risk_roi,high,11,1,95,65,33999,33591,4259,0.12678991396505015,720,26,26,0.0,0.0,22.150925925925925,34.67688476082384,66.88461538461539,29.877541268360158,1,1,1.0,e3291e4abdbb6835c00f2670195ef785ece2ede62211cfb9c2e9f4321992bab2
m6a_v3_formal_s4_seed630401,S4,630401,0,state_only_risk_roi,severe,9,1,35,5,31408,31013,0,0.0,0,0,0,,,,,,,0,0,,132759cfbf52b8ff7b869ca4545233afcb135a9dcc84416f2d44781b1b2b7897
m6a_v3_formal_s4_seed630401,S4,630401,0,state_only_risk_roi,low,9,1,55,25,32179,31784,0,0.0,0,0,0,,,,,,,0,0,,d9fe591e4436a7654ead3beb4b8777a6aaf9cabcb6e23b494fa2823859d02be3
m6a_v3_formal_s4_seed630401,S4,630401,0,state_only_risk_roi,medium,9,1,75,45,32832,32437,0,0.0,0,0,0,,,,,,,0,0,,640d6dfc7e9a8c99a28b661c6bcfabba568d4c522600881e3dda9359104e9244
m6a_v3_formal_s4_seed630401,S4,630401,0,state_only_risk_roi,high,9,1,95,65,33602,33207,0,0.0,0,0,0,,,,,,,0,0,,1e6ad5de1d0287f4580959e2980e77a9f26faca9d8d864b002b86c8ed8a6538f
m6a_v3_formal_s4_seed630401,S4,630401,0,command_conditioned_risk_roi,severe,9,1,35,5,31417,31013,0,0.0,0,0,0,,,,,,,0,0,,132759cfbf52b8ff7b869ca4545233afcb135a9dcc84416f2d44781b1b2b7897
m6a_v3_formal_s4_seed630401,S4,630401,0,command_conditioned_risk_roi,low,9,1,55,25,32188,31784,0,0.0,0,0,0,,,,,,,0,0,,d9fe591e4436a7654ead3beb4b8777a6aaf9cabcb6e23b494fa2823859d02be3
m6a_v3_formal_s4_seed630401,S4,630401,0,command_conditioned_risk_roi,medium,9,1,75,45,32841,32437,0,0.0,0,0,0,,,,,,,0,0,,640d6dfc7e9a8c99a28b661c6bcfabba568d4c522600881e3dda9359104e9244
m6a_v3_formal_s4_seed630401,S4,630401,0,command_conditioned_risk_roi,high,9,1,95,65,33611,33207,0,0.0,0,0,0,,,,,,,0,0,,1e6ad5de1d0287f4580959e2980e77a9f26faca9d8d864b002b86c8ed8a6538f
m6a_v3_formal_s4_seed630401,S4,630401,1,state_only_risk_roi,severe,10,2,35,5,31379,30982,0,0.0,0,0,0,,,,,,,0,0,,8c8b85b3cb33a900079f10195962382962dc8a47315a76939b53fa857a4acde5
m6a_v3_formal_s4_seed630401,S4,630401,1,state_only_risk_roi,low,10,2,55,25,32123,31726,0,0.0,0,0,0,,,,,,,0,0,,630780b4a55e543741ecd3ae1163f4f48d864d79596175029513af5194a5d33c
m6a_v3_formal_s4_seed630401,S4,630401,1,state_only_risk_roi,medium,10,2,75,45,32721,32324,0,0.0,0,0,0,,,,,,,0,0,,3dd58485ad35408c92cdc9e53982351292a2a507bab3fdc1e24251bc641d0a30
m6a_v3_formal_s4_seed630401,S4,630401,1,state_only_risk_roi,high,10,2,95,65,33641,33244,0,0.0,0,0,0,,,,,,,0,0,,d80fe4421d7bf72291922b95dab9a52191faefb18a0f81a1c0ec58f233d737ac
m6a_v3_formal_s4_seed630401,S4,630401,1,command_conditioned_risk_roi,severe,11,2,35,5,31390,30982,0,0.0,0,0,0,,,,,,,0,0,,8c8b85b3cb33a900079f10195962382962dc8a47315a76939b53fa857a4acde5
m6a_v3_formal_s4_seed630401,S4,630401,1,command_conditioned_risk_roi,low,11,2,55,25,32134,31726,0,0.0,0,0,0,,,,,,,0,0,,630780b4a55e543741ecd3ae1163f4f48d864d79596175029513af5194a5d33c
m6a_v3_formal_s4_seed630401,S4,630401,1,command_conditioned_risk_roi,medium,11,2,75,45,32732,32324,0,0.0,0,0,0,,,,,,,0,0,,3dd58485ad35408c92cdc9e53982351292a2a507bab3fdc1e24251bc641d0a30
m6a_v3_formal_s4_seed630401,S4,630401,1,command_conditioned_risk_roi,high,11,2,95,65,33652,33244,0,0.0,0,0,0,,,,,,,0,0,,d80fe4421d7bf72291922b95dab9a52191faefb18a0f81a1c0ec58f233d737ac
m6a_v3_formal_s4_seed630401,S4,630401,2,state_only_risk_roi,severe,9,1,35,5,31363,30968,3878,0.1252260397830018,120,10,0,0.0,,259.35555555555555,23.991848055836883,,,0,0,,0ef3494af83ba395e855e6d63318279a4c00c0f106c0cb195c6c9ee734e4c1fa
m6a_v3_formal_s4_seed630401,S4,630401,2,state_only_risk_roi,low,9,1,55,25,32083,31688,4010,0.1265463266851805,120,10,0,0.0,,36.727777777777774,32.48085708810252,,,0,0,,1c3ff93e88dfe95a4727a70fa8db20fd0fc1d64e27c2cc5bc673068ddf986464
m6a_v3_formal_s4_seed630401,S4,630401,2,state_only_risk_roi,medium,9,1,75,45,32679,32284,4103,0.12709081898153884,120,10,0,0.0,,22.602777777777778,34.58918545639584,,,0,0,,dcd709238b3f45224ba609ac38081216d47136eb88dceb8d346db60c7f3c0f99
m6a_v3_formal_s4_seed630401,S4,630401,2,state_only_risk_roi,high,9,1,95,65,33530,33135,4211,0.12708616266787384,120,10,0,0.0,,14.008333333333333,36.666938934760644,,,0,0,,5009ec29abcdcc0fcd5236b1fa29964f1bc5d74776476e1b04104191f4915c0d
m6a_v3_formal_s4_seed630401,S4,630401,2,command_conditioned_risk_roi,severe,13,2,35,5,31422,31010,3878,0.1250564334085779,120,10,0,0.0,,259.35555555555555,23.991848055836883,,,0,0,,5922415e4b8c8a8a1f771d6c5bb82ea7a00a011ca77027ef661d5909c6c79351
m6a_v3_formal_s4_seed630401,S4,630401,2,command_conditioned_risk_roi,low,13,2,55,25,32135,31723,4010,0.1264067080667024,120,10,0,0.0,,36.727777777777774,32.48085708810252,,,0,0,,84656cd6cd1fa927071210c77661a09f1f5cc58385029b7d947f8206ac0b1c88
m6a_v3_formal_s4_seed630401,S4,630401,2,command_conditioned_risk_roi,medium,13,2,75,45,32740,32328,4103,0.12691784211828755,120,10,0,0.0,,22.602777777777778,34.58918545639584,,,0,0,,d3e6d419ee64df784c5f5affd6f6c2791209ffd9faa15d6dcc654f9ef6037c74
m6a_v3_formal_s4_seed630401,S4,630401,2,command_conditioned_risk_roi,high,13,2,95,65,33783,33371,4211,0.12618740822870156,120,10,0,0.0,,14.008333333333333,36.666938934760644,,,0,0,,2125891121815eec23816057ddaa8998556b0360a3cd4cbfbe9f043af133425f
m6a_v3_formal_s4_seed630401,S4,630401,3,state_only_risk_roi,severe,7,1,35,5,31433,31042,3896,0.12550737710199086,960,6,0,0.0,,207.33541666666667,24.9640686702718,,,0,0,,9be08993eb455d8d534c47c242f873cba7804d0e7f7328c599d0682712c25cea
m6a_v3_formal_s4_seed630401,S4,630401,3,state_only_risk_roi,low,7,1,55,25,32294,31903,4036,0.12650847882644264,960,6,0,0.0,,59.21006944444444,30.406847904239555,,,0,0,,c0b2ec12242fd00d50cc5b6c545f8a979eec1be2f17ccf99f99ab92cd8dae7b8
m6a_v3_formal_s4_seed630401,S4,630401,3,state_only_risk_roi,medium,7,1,75,45,32981,32590,4134,0.12684872660325253,960,6,0,0.0,,29.54513888888889,33.42594324970358,,,0,0,,98e7942b054bc0b5db777e88eb7bfea0fcd71f6e1b76daf4647982fb72f92335
m6a_v3_formal_s4_seed630401,S4,630401,3,state_only_risk_roi,high,7,1,95,65,33922,33531,4249,0.12671855894545347,960,6,0,0.0,,20.503125,35.01260301430517,,,0,0,,8fe90018a543bc637b2161aaadebc590a86492594e4e395044e458e1a1bcb8b1
m6a_v3_formal_s4_seed630401,S4,630401,3,command_conditioned_risk_roi,severe,11,1,35,5,31450,31042,3896,0.12550737710199086,960,6,0,0.0,,207.33541666666667,24.9640686702718,,,0,0,,9be08993eb455d8d534c47c242f873cba7804d0e7f7328c599d0682712c25cea
m6a_v3_formal_s4_seed630401,S4,630401,3,command_conditioned_risk_roi,low,11,1,55,25,32311,31903,4036,0.12650847882644264,960,6,0,0.0,,59.21006944444444,30.406847904239555,,,0,0,,c0b2ec12242fd00d50cc5b6c545f8a979eec1be2f17ccf99f99ab92cd8dae7b8
m6a_v3_formal_s4_seed630401,S4,630401,3,command_conditioned_risk_roi,medium,11,1,75,45,32998,32590,4134,0.12684872660325253,960,6,0,0.0,,29.54513888888889,33.42594324970358,,,0,0,,98e7942b054bc0b5db777e88eb7bfea0fcd71f6e1b76daf4647982fb72f92335
m6a_v3_formal_s4_seed630401,S4,630401,3,command_conditioned_risk_roi,high,11,1,95,65,33939,33531,4249,0.12671855894545347,960,6,0,0.0,,20.503125,35.01260301430517,,,0,0,,8fe90018a543bc637b2161aaadebc590a86492594e4e395044e458e1a1bcb8b1
m6a_v3_formal_s4_seed630402,S4,630402,0,state_only_risk_roi,severe,9,1,35,5,31408,31013,0,0.0,0,0,0,,,,,,,0,0,,132759cfbf52b8ff7b869ca4545233afcb135a9dcc84416f2d44781b1b2b7897
m6a_v3_formal_s4_seed630402,S4,630402,0,state_only_risk_roi,low,9,1,55,25,32179,31784,0,0.0,0,0,0,,,,,,,0,0,,d9fe591e4436a7654ead3beb4b8777a6aaf9cabcb6e23b494fa2823859d02be3
m6a_v3_formal_s4_seed630402,S4,630402,0,state_only_risk_roi,medium,9,1,75,45,32832,32437,0,0.0,0,0,0,,,,,,,0,0,,640d6dfc7e9a8c99a28b661c6bcfabba568d4c522600881e3dda9359104e9244
m6a_v3_formal_s4_seed630402,S4,630402,0,state_only_risk_roi,high,9,1,95,65,33602,33207,0,0.0,0,0,0,,,,,,,0,0,,1e6ad5de1d0287f4580959e2980e77a9f26faca9d8d864b002b86c8ed8a6538f
m6a_v3_formal_s4_seed630402,S4,630402,0,command_conditioned_risk_roi,severe,9,1,35,5,31417,31013,0,0.0,0,0,0,,,,,,,0,0,,132759cfbf52b8ff7b869ca4545233afcb135a9dcc84416f2d44781b1b2b7897
m6a_v3_formal_s4_seed630402,S4,630402,0,command_conditioned_risk_roi,low,9,1,55,25,32188,31784,0,0.0,0,0,0,,,,,,,0,0,,d9fe591e4436a7654ead3beb4b8777a6aaf9cabcb6e23b494fa2823859d02be3
m6a_v3_formal_s4_seed630402,S4,630402,0,command_conditioned_risk_roi,medium,9,1,75,45,32841,32437,0,0.0,0,0,0,,,,,,,0,0,,640d6dfc7e9a8c99a28b661c6bcfabba568d4c522600881e3dda9359104e9244
m6a_v3_formal_s4_seed630402,S4,630402,0,command_conditioned_risk_roi,high,9,1,95,65,33611,33207,0,0.0,0,0,0,,,,,,,0,0,,1e6ad5de1d0287f4580959e2980e77a9f26faca9d8d864b002b86c8ed8a6538f
m6a_v3_formal_s4_seed630402,S4,630402,1,state_only_risk_roi,severe,10,2,35,5,31375,30978,0,0.0,0,0,0,,,,,,,0,0,,c586e9f94d3a36fac2b294f6c239f325c1193880697ed1cab2b9de6b69dbe5b9
m6a_v3_formal_s4_seed630402,S4,630402,1,state_only_risk_roi,low,10,2,55,25,32133,31736,0,0.0,0,0,0,,,,,,,0,0,,fd116d3583e3df102e8a711d1ea8de8ce42d168ff24ba32fd9c0d7b5e3fbfffe
m6a_v3_formal_s4_seed630402,S4,630402,1,state_only_risk_roi,medium,10,2,75,45,32746,32349,0,0.0,0,0,0,,,,,,,0,0,,116bcb2294af27c2ac16f76aa92b8e5ff49028d57c6586427b97aee64ae063f9
m6a_v3_formal_s4_seed630402,S4,630402,1,state_only_risk_roi,high,10,2,95,65,33663,33266,0,0.0,0,0,0,,,,,,,0,0,,91d0c6dcd6fdee5a2246926b98633e2e3a58f7cbe8492599804e6badca0eef12
m6a_v3_formal_s4_seed630402,S4,630402,1,command_conditioned_risk_roi,severe,11,2,35,5,31386,30978,0,0.0,0,0,0,,,,,,,0,0,,c586e9f94d3a36fac2b294f6c239f325c1193880697ed1cab2b9de6b69dbe5b9
m6a_v3_formal_s4_seed630402,S4,630402,1,command_conditioned_risk_roi,low,11,2,55,25,32144,31736,0,0.0,0,0,0,,,,,,,0,0,,fd116d3583e3df102e8a711d1ea8de8ce42d168ff24ba32fd9c0d7b5e3fbfffe
m6a_v3_formal_s4_seed630402,S4,630402,1,command_conditioned_risk_roi,medium,11,2,75,45,32757,32349,0,0.0,0,0,0,,,,,,,0,0,,116bcb2294af27c2ac16f76aa92b8e5ff49028d57c6586427b97aee64ae063f9
m6a_v3_formal_s4_seed630402,S4,630402,1,command_conditioned_risk_roi,high,11,2,95,65,33674,33266,0,0.0,0,0,0,,,,,,,0,0,,91d0c6dcd6fdee5a2246926b98633e2e3a58f7cbe8492599804e6badca0eef12
m6a_v3_formal_s4_seed630402,S4,630402,2,state_only_risk_roi,severe,9,1,35,5,31356,30961,3873,0.12509285875779205,2280,15,0,0.0,,332.5200292397661,22.912625508488667,,,0,0,,f968da192aac7c7f1352a5ffd1398a1cf0c0cb031b541faae8f9450193960eff
m6a_v3_formal_s4_seed630402,S4,630402,2,state_only_risk_roi,low,9,1,55,25,32085,31690,4012,0.12660145156200694,2280,15,0,0.0,,83.4720760233918,28.91539145949495,,,0,0,,f712f0cbfb455159f2930463a13121634be240a12b8fe798dba81f1aa26c5162
m6a_v3_formal_s4_seed630402,S4,630402,2,state_only_risk_roi,medium,9,1,75,45,32696,32301,4103,0.1270239311476425,2280,15,0,0.0,,53.784356725146196,30.824243821503078,,,0,0,,69663ebadba40603b34488015a64a7e49432e7bba2ce7cae92eff981d722b075
m6a_v3_formal_s4_seed630402,S4,630402,2,state_only_risk_roi,high,9,1,95,65,33522,33127,4200,0.12678479789899477,2280,15,0,0.0,,28.140058479532165,33.637553652350064,,,0,0,,d55e59da640bf0e8af110ec132b9418c62520efeb1a656bb1b6849184fef7573
m6a_v3_formal_s4_seed630402,S4,630402,2,command_conditioned_risk_roi,severe,13,2,35,5,31416,31004,3873,0.12491936524319443,2280,15,0,0.0,,332.5200292397661,22.912625508488667,,,0,0,,27c5d7d6b3f10ef041fa932a3ec784db8c1e42a5189d2687c21603eac4c8d402
m6a_v3_formal_s4_seed630402,S4,630402,2,command_conditioned_risk_roi,low,13,2,55,25,32140,31728,4012,0.12644982349974784,2280,15,0,0.0,,83.4720760233918,28.91539145949495,,,0,0,,3476f2be6b6da540783095c31cb6ae590289d12c03592e38534b45d90f99e815
m6a_v3_formal_s4_seed630402,S4,630402,2,command_conditioned_risk_roi,medium,13,2,75,45,32756,32344,4103,0.1268550581251546,2280,15,0,0.0,,53.784356725146196,30.824243821503078,,,0,0,,4a8ae6e6cf8a43b71bf77c575741c4b5962a7228e8816857d293308f180fbf8b
m6a_v3_formal_s4_seed630402,S4,630402,2,command_conditioned_risk_roi,high,13,2,95,65,33768,33356,4200,0.1259143782228085,2280,15,0,0.0,,28.140058479532165,33.637553652350064,,,0,0,,e50850f2e85c9e0ae97342331d6538db1205d5c3acc5fb5ae44dfe89c1aa3bf6
m6a_v3_formal_s4_seed630402,S4,630402,3,state_only_risk_roi,severe,7,1,35,5,31408,31017,7748,0.24979849759809136,3731,28,28,0.0,0.0,150.3007236665773,26.361192892387887,807.0595238095239,19.061747940408914,1,1,1.0,381f5348dc37a5f654d81ac3798a447df475d7dfc7a26d0ebb7fb11eea36d7b1
m6a_v3_formal_s4_seed630402,S4,630402,3,state_only_risk_roi,low,7,1,55,25,32200,31809,7906,0.24854600899116602,3731,28,28,0.0,0.0,30.038506209237916,33.35402029114195,322.98809523809524,23.038938455575014,1,1,1.0,d41db0713c92b822006f43478a76f77cd8853c6738f74911b662cc823964f061
m6a_v3_formal_s4_seed630402,S4,630402,3,state_only_risk_roi,medium,7,1,75,45,32818,32427,8001,0.24673882875381625,3731,28,28,0.0,0.0,18.14920039310283,35.54222864967559,153.20238095238096,26.27814846051445,1,1,1.0,c052b4d58ec0f733e445b501173bf600ec3eba2c072023ea7f9804a755983056
m6a_v3_formal_s4_seed630402,S4,630402,3,state_only_risk_roi,high,7,1,95,65,33691,33300,8117,0.24375375375375374,3731,28,28,0.0,0.0,11.743768426695256,37.43272881988011,64.04761904761905,30.065773712634027,1,1,1.0,0fa0010b6039c802cf720f48414210f2f247e456aaef64308851e7784cf822c3
m6a_v3_formal_s4_seed630402,S4,630402,3,command_conditioned_risk_roi,severe,10,1,35,5,31423,31017,7748,0.24979849759809136,3731,28,28,0.0,0.0,150.3007236665773,26.361192892387887,807.0595238095239,19.061747940408914,1,1,1.0,381f5348dc37a5f654d81ac3798a447df475d7dfc7a26d0ebb7fb11eea36d7b1
m6a_v3_formal_s4_seed630402,S4,630402,3,command_conditioned_risk_roi,low,10,1,55,25,32215,31809,7906,0.24854600899116602,3731,28,28,0.0,0.0,30.038506209237916,33.35402029114195,322.98809523809524,23.038938455575014,1,1,1.0,d41db0713c92b822006f43478a76f77cd8853c6738f74911b662cc823964f061
m6a_v3_formal_s4_seed630402,S4,630402,3,command_conditioned_risk_roi,medium,10,1,75,45,32833,32427,8001,0.24673882875381625,3731,28,28,0.0,0.0,18.14920039310283,35.54222864967559,153.20238095238096,26.27814846051445,1,1,1.0,c052b4d58ec0f733e445b501173bf600ec3eba2c072023ea7f9804a755983056
m6a_v3_formal_s4_seed630402,S4,630402,3,command_conditioned_risk_roi,high,10,1,95,65,33706,33300,8117,0.24375375375375374,3731,28,28,0.0,0.0,11.743768426695256,37.43272881988011,64.04761904761905,30.065773712634027,1,1,1.0,0fa0010b6039c802cf720f48414210f2f247e456aaef64308851e7784cf822c3
m6a_v3_formal_s4_seed630403,S4,630403,0,state_only_risk_roi,severe,9,1,35,5,31408,31013,0,0.0,0,0,0,,,,,,,0,0,,132759cfbf52b8ff7b869ca4545233afcb135a9dcc84416f2d44781b1b2b7897
m6a_v3_formal_s4_seed630403,S4,630403,0,state_only_risk_roi,low,9,1,55,25,32179,31784,0,0.0,0,0,0,,,,,,,0,0,,d9fe591e4436a7654ead3beb4b8777a6aaf9cabcb6e23b494fa2823859d02be3
m6a_v3_formal_s4_seed630403,S4,630403,0,state_only_risk_roi,medium,9,1,75,45,32832,32437,0,0.0,0,0,0,,,,,,,0,0,,640d6dfc7e9a8c99a28b661c6bcfabba568d4c522600881e3dda9359104e9244
m6a_v3_formal_s4_seed630403,S4,630403,0,state_only_risk_roi,high,9,1,95,65,33602,33207,0,0.0,0,0,0,,,,,,,0,0,,1e6ad5de1d0287f4580959e2980e77a9f26faca9d8d864b002b86c8ed8a6538f
m6a_v3_formal_s4_seed630403,S4,630403,0,command_conditioned_risk_roi,severe,9,1,35,5,31417,31013,0,0.0,0,0,0,,,,,,,0,0,,132759cfbf52b8ff7b869ca4545233afcb135a9dcc84416f2d44781b1b2b7897
m6a_v3_formal_s4_seed630403,S4,630403,0,command_conditioned_risk_roi,low,9,1,55,25,32188,31784,0,0.0,0,0,0,,,,,,,0,0,,d9fe591e4436a7654ead3beb4b8777a6aaf9cabcb6e23b494fa2823859d02be3
m6a_v3_formal_s4_seed630403,S4,630403,0,command_conditioned_risk_roi,medium,9,1,75,45,32841,32437,0,0.0,0,0,0,,,,,,,0,0,,640d6dfc7e9a8c99a28b661c6bcfabba568d4c522600881e3dda9359104e9244
m6a_v3_formal_s4_seed630403,S4,630403,0,command_conditioned_risk_roi,high,9,1,95,65,33611,33207,0,0.0,0,0,0,,,,,,,0,0,,1e6ad5de1d0287f4580959e2980e77a9f26faca9d8d864b002b86c8ed8a6538f
m6a_v3_formal_s4_seed630403,S4,630403,1,state_only_risk_roi,severe,10,2,35,5,31374,30977,0,0.0,0,0,0,,,,,,,0,0,,512302495271d6a21f5760f821b1c215d0a8f739dee8ebcbe8e544aa3b19a74a
m6a_v3_formal_s4_seed630403,S4,630403,1,state_only_risk_roi,low,10,2,55,25,32130,31733,0,0.0,0,0,0,,,,,,,0,0,,df94f95f37bc0ad70eb685e2f3c4d143ccd0155932ea0cef2172638b5556c735
m6a_v3_formal_s4_seed630403,S4,630403,1,state_only_risk_roi,medium,10,2,75,45,32742,32345,0,0.0,0,0,0,,,,,,,0,0,,7fe070b2d017ea13cf51e1b7aee2eebbc7fef9dc54039a52fd45a6c6801dccdd
m6a_v3_formal_s4_seed630403,S4,630403,1,state_only_risk_roi,high,10,2,95,65,33666,33269,0,0.0,0,0,0,,,,,,,0,0,,c9d596db3b10a002eded72cb39a13bc7a37acd9944f980707e34d805b52db9b0
m6a_v3_formal_s4_seed630403,S4,630403,1,command_conditioned_risk_roi,severe,11,2,35,5,31385,30977,0,0.0,0,0,0,,,,,,,0,0,,512302495271d6a21f5760f821b1c215d0a8f739dee8ebcbe8e544aa3b19a74a
m6a_v3_formal_s4_seed630403,S4,630403,1,command_conditioned_risk_roi,low,11,2,55,25,32141,31733,0,0.0,0,0,0,,,,,,,0,0,,df94f95f37bc0ad70eb685e2f3c4d143ccd0155932ea0cef2172638b5556c735
m6a_v3_formal_s4_seed630403,S4,630403,1,command_conditioned_risk_roi,medium,11,2,75,45,32753,32345,0,0.0,0,0,0,,,,,,,0,0,,7fe070b2d017ea13cf51e1b7aee2eebbc7fef9dc54039a52fd45a6c6801dccdd
m6a_v3_formal_s4_seed630403,S4,630403,1,command_conditioned_risk_roi,high,11,2,95,65,33677,33269,0,0.0,0,0,0,,,,,,,0,0,,c9d596db3b10a002eded72cb39a13bc7a37acd9944f980707e34d805b52db9b0
m6a_v3_formal_s4_seed630403,S4,630403,2,state_only_risk_roi,severe,9,1,35,5,31377,30982,3893,0.1256536053192176,2160,9,0,0.0,,366.67453703703706,22.487996085518773,,,0,0,,0d5c91a05837eda2e612f30802266f66ea8edf377c26f0af68e8765176d585ab
m6a_v3_formal_s4_seed630403,S4,630403,2,state_only_risk_roi,low,9,1,55,25,32106,31711,4031,0.1271167733594021,2160,9,0,0.0,,38.96018518518518,32.224593483719865,,,0,0,,9713235491c388dbc6c2bf7474cf46c93fa4be00f73f410adb8c1a6fc09680d9
m6a_v3_formal_s4_seed630403,S4,630403,2,state_only_risk_roi,medium,9,1,75,45,32723,32328,4136,0.1279386290522148,2160,9,0,0.0,,38.2287037037037,32.30690789081506,,,0,0,,284a0d05a3344c080d22a71a757918a3e5b85832ea67f36a51efa66f939e1290
m6a_v3_formal_s4_seed630403,S4,630403,2,state_only_risk_roi,high,9,1,95,65,33575,33180,4254,0.12820976491862568,2160,9,0,0.0,,22.044444444444444,34.69781202489075,,,0,0,,e1cbe5daa5882913731e298a513d7dfce81d454d6366ab937206e6bbf156ca76
m6a_v3_formal_s4_seed630403,S4,630403,2,command_conditioned_risk_roi,severe,13,2,35,5,31437,31025,3893,0.12547945205479452,2160,9,0,0.0,,366.67453703703706,22.487996085518773,,,0,0,,fbebe68ecb6f95df6d7c852a43745e213b26863a923cf8325f2a469d8cce67fb
m6a_v3_formal_s4_seed630403,S4,630403,2,command_conditioned_risk_roi,low,13,2,55,25,32161,31749,4031,0.12696462880720652,2160,9,0,0.0,,38.96018518518518,32.224593483719865,,,0,0,,46526def3e3bf199033a86d0601aaba75ab722f3f9f7399996c165877c746f6a
m6a_v3_formal_s4_seed630403,S4,630403,2,command_conditioned_risk_roi,medium,13,2,75,45,32783,32371,4136,0.12776868184486115,2160,9,0,0.0,,38.2287037037037,32.30690789081506,,,0,0,,ad54aba3ca19b9f778c94686124a63e28b917304ba36c7261fb99fb9f98c165f
m6a_v3_formal_s4_seed630403,S4,630403,2,command_conditioned_risk_roi,high,13,2,95,65,33821,33409,4254,0.1273309587236972,2160,9,0,0.0,,22.044444444444444,34.69781202489075,,,0,0,,901def6d92b1dd973efbf8699def2bfe60d3e16818021e846f67aeae2f89fc2f
m6a_v3_formal_s4_seed630403,S4,630403,3,state_only_risk_roi,severe,7,1,35,5,31416,31025,7757,0.2500241740531829,2705,12,0,0.0,,144.147134935305,26.542743460836967,,,0,0,,34a6fb9e8c2aa2a0575e8ef86874bcf054abd3a48b26ac0e407675dd3f8560c6
m6a_v3_formal_s4_seed630403,S4,630403,3,state_only_risk_roi,low,7,1,55,25,32213,31822,7929,0.2491672427880083,2705,12,0,0.0,,20.826617375231052,34.944616225843895,,,0,0,,cf590d052a54999d4b80c7bd96c1854284bfc7e3feb28fdc0f94e8713c447367
m6a_v3_formal_s4_seed630403,S4,630403,3,state_only_risk_roi,medium,7,1,75,45,32867,32476,8048,0.24781377016873998,2705,12,0,0.0,,11.585335797905113,37.49171734648372,,,0,0,,f89687a9de6f06b05ed1baddc0dab94f01df0c8ae1a401e943e7f75c0dc11dad
m6a_v3_formal_s4_seed630403,S4,630403,3,state_only_risk_roi,high,7,1,95,65,33746,33355,8179,0.24521061310148404,2705,12,0,0.0,,7.800985828712261,39.209308719061255,,,0,0,,5c986f584529a4dc7ab0352cd5416a243195ded97f3b9440c930323ca0941093
m6a_v3_formal_s4_seed630403,S4,630403,3,command_conditioned_risk_roi,severe,10,1,35,5,31431,31025,7757,0.2500241740531829,2705,12,0,0.0,,144.147134935305,26.542743460836967,,,0,0,,34a6fb9e8c2aa2a0575e8ef86874bcf054abd3a48b26ac0e407675dd3f8560c6
m6a_v3_formal_s4_seed630403,S4,630403,3,command_conditioned_risk_roi,low,10,1,55,25,32228,31822,7929,0.2491672427880083,2705,12,0,0.0,,20.826617375231052,34.944616225843895,,,0,0,,cf590d052a54999d4b80c7bd96c1854284bfc7e3feb28fdc0f94e8713c447367
m6a_v3_formal_s4_seed630403,S4,630403,3,command_conditioned_risk_roi,medium,10,1,75,45,32882,32476,8048,0.24781377016873998,2705,12,0,0.0,,11.585335797905113,37.49171734648372,,,0,0,,f89687a9de6f06b05ed1baddc0dab94f01df0c8ae1a401e943e7f75c0dc11dad
m6a_v3_formal_s4_seed630403,S4,630403,3,command_conditioned_risk_roi,high,10,1,95,65,33761,33355,8179,0.24521061310148404,2705,12,0,0.0,,7.800985828712261,39.209308719061255,,,0,0,,5c986f584529a4dc7ab0352cd5416a243195ded97f3b9440c930323ca0941093
m6a_v3_formal_s5_seed630500,S5,630500,0,state_only_risk_roi,severe,9,1,35,5,31360,30965,0,0.0,0,0,0,,,,,,,0,0,,f4239811c3a3d64936f87a3ddfe0a36f7367650dc169ad3beb4c8f6c597d3d87
m6a_v3_formal_s5_seed630500,S5,630500,0,state_only_risk_roi,low,9,1,55,25,32109,31714,0,0.0,0,0,0,,,,,,,0,0,,1e86388db720728d5924a5ec3df164604ba0ecb4b9fa146d5ab914598649d352
m6a_v3_formal_s5_seed630500,S5,630500,0,state_only_risk_roi,medium,9,1,75,45,32724,32329,0,0.0,0,0,0,,,,,,,0,0,,78478c59f8837c9b4e13d30f408d12c69242c14d285e2386f6f00f98b10f9840
m6a_v3_formal_s5_seed630500,S5,630500,0,state_only_risk_roi,high,9,1,95,65,33535,33140,0,0.0,0,0,0,,,,,,,0,0,,0103f39a063571bc91943e3e13cba96867d5476359cdb7b4b7e0b734bf54f3c8
m6a_v3_formal_s5_seed630500,S5,630500,0,command_conditioned_risk_roi,severe,9,1,35,5,31369,30965,0,0.0,0,0,0,,,,,,,0,0,,f4239811c3a3d64936f87a3ddfe0a36f7367650dc169ad3beb4c8f6c597d3d87
m6a_v3_formal_s5_seed630500,S5,630500,0,command_conditioned_risk_roi,low,9,1,55,25,32118,31714,0,0.0,0,0,0,,,,,,,0,0,,1e86388db720728d5924a5ec3df164604ba0ecb4b9fa146d5ab914598649d352
m6a_v3_formal_s5_seed630500,S5,630500,0,command_conditioned_risk_roi,medium,9,1,75,45,32733,32329,0,0.0,0,0,0,,,,,,,0,0,,78478c59f8837c9b4e13d30f408d12c69242c14d285e2386f6f00f98b10f9840
m6a_v3_formal_s5_seed630500,S5,630500,0,command_conditioned_risk_roi,high,9,1,95,65,33544,33140,0,0.0,0,0,0,,,,,,,0,0,,0103f39a063571bc91943e3e13cba96867d5476359cdb7b4b7e0b734bf54f3c8
m6a_v3_formal_s5_seed630500,S5,630500,1,state_only_risk_roi,severe,6,1,15,1,31325,30936,0,0.0,0,0,0,,,,,,,0,0,,c5a0b2c558b99c5d94f2b059d896e7c7cbbde2fe5e35e812438ce074df6453a1
m6a_v3_formal_s5_seed630500,S5,630500,1,state_only_risk_roi,low,6,1,35,5,31498,31109,0,0.0,0,0,0,,,,,,,0,0,,a25ef83934af0e81e039b9d109f7b75cef328ae8fcc16bb2a9857611ccfe7c52
m6a_v3_formal_s5_seed630500,S5,630500,1,state_only_risk_roi,medium,6,1,75,45,33210,32821,0,0.0,0,0,0,,,,,,,0,0,,c35288e8b09baf0a03925ced56c8ec57b2db5633354b780c59876af154f2a46a
m6a_v3_formal_s5_seed630500,S5,630500,1,state_only_risk_roi,high,6,1,95,65,34099,33710,0,0.0,0,0,0,,,,,,,0,0,,04e6aa1729c3ffbd3eb9caa1d3ae5c6a21357e79f0764f314cd4a32585d752b5
m6a_v3_formal_s5_seed630500,S5,630500,1,command_conditioned_risk_roi,severe,6,1,15,1,31334,30936,0,0.0,0,0,0,,,,,,,0,0,,c5a0b2c558b99c5d94f2b059d896e7c7cbbde2fe5e35e812438ce074df6453a1
m6a_v3_formal_s5_seed630500,S5,630500,1,command_conditioned_risk_roi,low,6,1,35,5,31507,31109,0,0.0,0,0,0,,,,,,,0,0,,a25ef83934af0e81e039b9d109f7b75cef328ae8fcc16bb2a9857611ccfe7c52
m6a_v3_formal_s5_seed630500,S5,630500,1,command_conditioned_risk_roi,medium,6,1,75,45,33219,32821,0,0.0,0,0,0,,,,,,,0,0,,c35288e8b09baf0a03925ced56c8ec57b2db5633354b780c59876af154f2a46a
m6a_v3_formal_s5_seed630500,S5,630500,1,command_conditioned_risk_roi,high,6,1,95,65,34108,33710,0,0.0,0,0,0,,,,,,,0,0,,04e6aa1729c3ffbd3eb9caa1d3ae5c6a21357e79f0764f314cd4a32585d752b5
m6a_v3_formal_s5_seed630500,S5,630500,2,state_only_risk_roi,severe,9,1,15,1,31326,30931,0,0.0,0,0,0,,,,,,,0,0,,51859eaa3f39f57563c570922a530bf5675f43913a20501697a51aefad6efefb
m6a_v3_formal_s5_seed630500,S5,630500,2,state_only_risk_roi,low,9,1,55,25,32318,31923,0,0.0,0,0,0,,,,,,,0,0,,9ca5f6d6a214818967d95205487f758f881efb793571a5e590fe1b3eb958821f
m6a_v3_formal_s5_seed630500,S5,630500,2,state_only_risk_roi,medium,9,1,75,45,32955,32560,0,0.0,0,0,0,,,,,,,0,0,,0f4e46441364bd28cc1d17932c8a169b0d40f64d13bd034ac585990ae554be47
m6a_v3_formal_s5_seed630500,S5,630500,2,state_only_risk_roi,high,9,1,95,65,33677,33282,0,0.0,0,0,0,,,,,,,0,0,,bb9558cbc62a51ac7705511bdc5140243c2b2484d3a80e73d7ab514559223590
m6a_v3_formal_s5_seed630500,S5,630500,2,command_conditioned_risk_roi,severe,9,1,15,1,31335,30931,0,0.0,0,0,0,,,,,,,0,0,,51859eaa3f39f57563c570922a530bf5675f43913a20501697a51aefad6efefb
m6a_v3_formal_s5_seed630500,S5,630500,2,command_conditioned_risk_roi,low,9,1,55,25,32327,31923,0,0.0,0,0,0,,,,,,,0,0,,9ca5f6d6a214818967d95205487f758f881efb793571a5e590fe1b3eb958821f
m6a_v3_formal_s5_seed630500,S5,630500,2,command_conditioned_risk_roi,medium,9,1,75,45,32964,32560,0,0.0,0,0,0,,,,,,,0,0,,0f4e46441364bd28cc1d17932c8a169b0d40f64d13bd034ac585990ae554be47
m6a_v3_formal_s5_seed630500,S5,630500,2,command_conditioned_risk_roi,high,9,1,95,65,33686,33282,0,0.0,0,0,0,,,,,,,0,0,,bb9558cbc62a51ac7705511bdc5140243c2b2484d3a80e73d7ab514559223590
m6a_v3_formal_s5_seed630500,S5,630500,3,state_only_risk_roi,severe,9,1,35,5,31441,31046,19428,0.6257810990143657,9480,25,25,0.16,0.16,151.99838255977497,26.312413942988083,978.32,18.22599428878779,1,1,1.0,757a5525596b796a976f2ef60a39a28d959591f02d4446bcb52be8629716670a
m6a_v3_formal_s5_seed630500,S5,630500,3,state_only_risk_roi,low,9,1,55,25,32196,31801,19874,0.6249489009779566,9480,25,25,0.16,0.16,26.69324894514768,33.866789240951306,260.12,23.979066155320492,1,1,1.0,7aa4241f84f57065f64fa63fa4d30dfc31363e0e38889feb60ac289d381ea5a3
m6a_v3_formal_s5_seed630500,S5,630500,3,state_only_risk_roi,medium,9,1,95,65,33370,32975,20572,0.6238665655799849,9480,25,25,0.16,0.16,10.539381153305204,37.90265249952962,51.733333333333334,30.993098986654033,1,1,1.0,596635c5be07bf78b16f8b554769ef8c0c6626e1c9097dc085d9ec4eef5d7f07
m6a_v3_formal_s5_seed630500,S5,630500,3,state_only_risk_roi,high,9,1,95,65,33370,32975,20572,0.6238665655799849,9480,25,25,0.16,0.16,10.539381153305204,37.90265249952962,51.733333333333334,30.993098986654033,1,1,1.0,596635c5be07bf78b16f8b554769ef8c0c6626e1c9097dc085d9ec4eef5d7f07
m6a_v3_formal_s5_seed630500,S5,630500,3,command_conditioned_risk_roi,severe,7,1,35,5,31446,31046,19428,0.6257810990143657,9480,25,25,0.16,0.16,151.99838255977497,26.312413942988083,978.32,18.22599428878779,1,1,1.0,757a5525596b796a976f2ef60a39a28d959591f02d4446bcb52be8629716670a
m6a_v3_formal_s5_seed630500,S5,630500,3,command_conditioned_risk_roi,low,7,1,55,25,32201,31801,19874,0.6249489009779566,9480,25,25,0.16,0.16,26.69324894514768,33.866789240951306,260.12,23.979066155320492,1,1,1.0,7aa4241f84f57065f64fa63fa4d30dfc31363e0e38889feb60ac289d381ea5a3
m6a_v3_formal_s5_seed630500,S5,630500,3,command_conditioned_risk_roi,medium,7,1,95,65,33375,32975,20572,0.6238665655799849,9480,25,25,0.16,0.16,10.539381153305204,37.90265249952962,51.733333333333334,30.993098986654033,1,1,1.0,596635c5be07bf78b16f8b554769ef8c0c6626e1c9097dc085d9ec4eef5d7f07
m6a_v3_formal_s5_seed630500,S5,630500,3,command_conditioned_risk_roi,high,7,1,95,65,33375,32975,20572,0.6238665655799849,9480,25,25,0.16,0.16,10.539381153305204,37.90265249952962,51.733333333333334,30.993098986654033,1,1,1.0,596635c5be07bf78b16f8b554769ef8c0c6626e1c9097dc085d9ec4eef5d7f07
m6a_v3_formal_s5_seed630501,S5,630501,0,state_only_risk_roi,severe,9,1,35,5,31360,30965,0,0.0,0,0,0,,,,,,,0,0,,f4239811c3a3d64936f87a3ddfe0a36f7367650dc169ad3beb4c8f6c597d3d87
m6a_v3_formal_s5_seed630501,S5,630501,0,state_only_risk_roi,low,9,1,55,25,32109,31714,0,0.0,0,0,0,,,,,,,0,0,,d48f1b7aa74965443b4f89c6c0056086e4113c5fb09adef330ffe1ec66e0d97e
m6a_v3_formal_s5_seed630501,S5,630501,0,state_only_risk_roi,medium,9,1,75,45,32724,32329,0,0.0,0,0,0,,,,,,,0,0,,78478c59f8837c9b4e13d30f408d12c69242c14d285e2386f6f00f98b10f9840
m6a_v3_formal_s5_seed630501,S5,630501,0,state_only_risk_roi,high,9,1,95,65,33534,33139,0,0.0,0,0,0,,,,,,,0,0,,4a2a0632bcec3e9490c91518f6df37837cbdeca29dbb9f8254c9c8e5fbd0b531
m6a_v3_formal_s5_seed630501,S5,630501,0,command_conditioned_risk_roi,severe,9,1,35,5,31369,30965,0,0.0,0,0,0,,,,,,,0,0,,f4239811c3a3d64936f87a3ddfe0a36f7367650dc169ad3beb4c8f6c597d3d87
m6a_v3_formal_s5_seed630501,S5,630501,0,command_conditioned_risk_roi,low,9,1,55,25,32118,31714,0,0.0,0,0,0,,,,,,,0,0,,d48f1b7aa74965443b4f89c6c0056086e4113c5fb09adef330ffe1ec66e0d97e
m6a_v3_formal_s5_seed630501,S5,630501,0,command_conditioned_risk_roi,medium,9,1,75,45,32733,32329,0,0.0,0,0,0,,,,,,,0,0,,78478c59f8837c9b4e13d30f408d12c69242c14d285e2386f6f00f98b10f9840
m6a_v3_formal_s5_seed630501,S5,630501,0,command_conditioned_risk_roi,high,9,1,95,65,33543,33139,0,0.0,0,0,0,,,,,,,0,0,,4a2a0632bcec3e9490c91518f6df37837cbdeca29dbb9f8254c9c8e5fbd0b531
m6a_v3_formal_s5_seed630501,S5,630501,1,state_only_risk_roi,severe,6,1,15,1,31324,30935,0,0.0,0,0,0,,,,,,,0,0,,040bdd1a8e458c2183c5f8301c3de955e5afd8f106fba1e4fab30a41b194b368
m6a_v3_formal_s5_seed630501,S5,630501,1,state_only_risk_roi,low,6,1,35,5,31485,31096,0,0.0,0,0,0,,,,,,,0,0,,af3b86cbd8c810d4b0849128340bea24a46ea33e44404eb0c747f682b549a087
m6a_v3_formal_s5_seed630501,S5,630501,1,state_only_risk_roi,medium,6,1,75,45,33193,32804,0,0.0,0,0,0,,,,,,,0,0,,0a17b88b0b3291b36f1fa098097a9ab042da2ff65ff1c2129ffd54fde798ba78
m6a_v3_formal_s5_seed630501,S5,630501,1,state_only_risk_roi,high,6,1,95,65,34056,33667,0,0.0,0,0,0,,,,,,,0,0,,40447a3fd2a0e2b770283893cdea04cd109c2209598e84cdaf8b577be47c38a5
m6a_v3_formal_s5_seed630501,S5,630501,1,command_conditioned_risk_roi,severe,6,1,15,1,31333,30935,0,0.0,0,0,0,,,,,,,0,0,,040bdd1a8e458c2183c5f8301c3de955e5afd8f106fba1e4fab30a41b194b368
m6a_v3_formal_s5_seed630501,S5,630501,1,command_conditioned_risk_roi,low,6,1,35,5,31494,31096,0,0.0,0,0,0,,,,,,,0,0,,af3b86cbd8c810d4b0849128340bea24a46ea33e44404eb0c747f682b549a087
m6a_v3_formal_s5_seed630501,S5,630501,1,command_conditioned_risk_roi,medium,6,1,75,45,33202,32804,0,0.0,0,0,0,,,,,,,0,0,,0a17b88b0b3291b36f1fa098097a9ab042da2ff65ff1c2129ffd54fde798ba78
m6a_v3_formal_s5_seed630501,S5,630501,1,command_conditioned_risk_roi,high,6,1,95,65,34065,33667,0,0.0,0,0,0,,,,,,,0,0,,40447a3fd2a0e2b770283893cdea04cd109c2209598e84cdaf8b577be47c38a5
m6a_v3_formal_s5_seed630501,S5,630501,2,state_only_risk_roi,severe,9,1,35,5,31465,31070,0,0.0,0,0,0,,,,,,,0,0,,a3582dc6c82dad8c4c63adefe247dae69a8b48d6aa88d64f24e4ea4140fa783b
m6a_v3_formal_s5_seed630501,S5,630501,2,state_only_risk_roi,low,9,1,55,25,32288,31893,0,0.0,0,0,0,,,,,,,0,0,,5274af32924d6002c98e9ac10dd2584e5b56e3c25ab8a714c206372c5dbfd81d
m6a_v3_formal_s5_seed630501,S5,630501,2,state_only_risk_roi,medium,9,1,75,45,32955,32560,0,0.0,0,0,0,,,,,,,0,0,,7b8bceff7124f11cbd6486c71a537bd86ddc0b71b22a32d9fac41e16592c9c68
m6a_v3_formal_s5_seed630501,S5,630501,2,state_only_risk_roi,high,9,1,95,65,33680,33285,0,0.0,0,0,0,,,,,,,0,0,,e74a9aa0bc74e36940c47cc9bac905562b3e7757d815afc46a44135841d189c8
m6a_v3_formal_s5_seed630501,S5,630501,2,command_conditioned_risk_roi,severe,9,1,15,1,31331,30927,0,0.0,0,0,0,,,,,,,0,0,,4b83359af7e9f8ffb8dbf31116953f7a78374c06761cbc07b686cebf615a552b
m6a_v3_formal_s5_seed630501,S5,630501,2,command_conditioned_risk_roi,low,9,1,55,25,32297,31893,0,0.0,0,0,0,,,,,,,0,0,,5274af32924d6002c98e9ac10dd2584e5b56e3c25ab8a714c206372c5dbfd81d
m6a_v3_formal_s5_seed630501,S5,630501,2,command_conditioned_risk_roi,medium,9,1,75,45,32964,32560,0,0.0,0,0,0,,,,,,,0,0,,7b8bceff7124f11cbd6486c71a537bd86ddc0b71b22a32d9fac41e16592c9c68
m6a_v3_formal_s5_seed630501,S5,630501,2,command_conditioned_risk_roi,high,9,1,95,65,33689,33285,0,0.0,0,0,0,,,,,,,0,0,,e74a9aa0bc74e36940c47cc9bac905562b3e7757d815afc46a44135841d189c8
m6a_v3_formal_s5_seed630501,S5,630501,3,state_only_risk_roi,severe,9,1,35,5,31363,30968,15453,0.4989989666752777,9480,10,0,0.0,,91.77039381153305,28.50377765484712,,,0,0,,332bcb7d3e9bc602564495973069b0346790efff02e25b74c01a5a8c0d9a44cc
m6a_v3_formal_s5_seed630501,S5,630501,3,state_only_risk_roi,low,9,1,75,45,32366,31971,15702,0.4911325889086985,9480,10,0,0.0,,11.920464135021097,37.3678719545075,,,0,0,,75d1c124dffab59debae387beec6d7634714d6261cb45725694924baa3b60336
m6a_v3_formal_s5_seed630501,S5,630501,3,state_only_risk_roi,medium,9,1,95,65,32939,32544,15806,0.48568092428711895,9480,10,0,0.0,,6.159845288326301,40.23510556377178,,,0,0,,a8031563165eddc994b2f0b1808415b927a4f03b3b7c16134b56066501ec7531
m6a_v3_formal_s5_seed630501,S5,630501,3,state_only_risk_roi,high,9,1,95,65,32939,32544,15806,0.48568092428711895,9480,10,0,0.0,,6.159845288326301,40.23510556377178,,,0,0,,a8031563165eddc994b2f0b1808415b927a4f03b3b7c16134b56066501ec7531
m6a_v3_formal_s5_seed630501,S5,630501,3,command_conditioned_risk_roi,severe,7,1,35,5,31368,30968,15453,0.4989989666752777,9480,10,0,0.0,,91.77039381153305,28.50377765484712,,,0,0,,332bcb7d3e9bc602564495973069b0346790efff02e25b74c01a5a8c0d9a44cc
m6a_v3_formal_s5_seed630501,S5,630501,3,command_conditioned_risk_roi,low,7,1,75,45,32371,31971,15702,0.4911325889086985,9480,10,0,0.0,,11.920464135021097,37.3678719545075,,,0,0,,75d1c124dffab59debae387beec6d7634714d6261cb45725694924baa3b60336
m6a_v3_formal_s5_seed630501,S5,630501,3,command_conditioned_risk_roi,medium,7,1,95,65,32944,32544,15806,0.48568092428711895,9480,10,0,0.0,,6.159845288326301,40.23510556377178,,,0,0,,a8031563165eddc994b2f0b1808415b927a4f03b3b7c16134b56066501ec7531
m6a_v3_formal_s5_seed630501,S5,630501,3,command_conditioned_risk_roi,high,7,1,95,65,32944,32544,15806,0.48568092428711895,9480,10,0,0.0,,6.159845288326301,40.23510556377178,,,0,0,,a8031563165eddc994b2f0b1808415b927a4f03b3b7c16134b56066501ec7531
m6a_v3_formal_s5_seed630502,S5,630502,0,state_only_risk_roi,severe,9,1,35,5,31360,30965,0,0.0,0,0,0,,,,,,,0,0,,f4239811c3a3d64936f87a3ddfe0a36f7367650dc169ad3beb4c8f6c597d3d87
m6a_v3_formal_s5_seed630502,S5,630502,0,state_only_risk_roi,low,9,1,55,25,32109,31714,0,0.0,0,0,0,,,,,,,0,0,,d48f1b7aa74965443b4f89c6c0056086e4113c5fb09adef330ffe1ec66e0d97e
m6a_v3_formal_s5_seed630502,S5,630502,0,state_only_risk_roi,medium,9,1,75,45,32724,32329,0,0.0,0,0,0,,,,,,,0,0,,78478c59f8837c9b4e13d30f408d12c69242c14d285e2386f6f00f98b10f9840
m6a_v3_formal_s5_seed630502,S5,630502,0,state_only_risk_roi,high,9,1,95,65,33535,33140,0,0.0,0,0,0,,,,,,,0,0,,0103f39a063571bc91943e3e13cba96867d5476359cdb7b4b7e0b734bf54f3c8
m6a_v3_formal_s5_seed630502,S5,630502,0,command_conditioned_risk_roi,severe,9,1,35,5,31369,30965,0,0.0,0,0,0,,,,,,,0,0,,f4239811c3a3d64936f87a3ddfe0a36f7367650dc169ad3beb4c8f6c597d3d87
m6a_v3_formal_s5_seed630502,S5,630502,0,command_conditioned_risk_roi,low,9,1,55,25,32118,31714,0,0.0,0,0,0,,,,,,,0,0,,d48f1b7aa74965443b4f89c6c0056086e4113c5fb09adef330ffe1ec66e0d97e
m6a_v3_formal_s5_seed630502,S5,630502,0,command_conditioned_risk_roi,medium,9,1,75,45,32733,32329,0,0.0,0,0,0,,,,,,,0,0,,78478c59f8837c9b4e13d30f408d12c69242c14d285e2386f6f00f98b10f9840
m6a_v3_formal_s5_seed630502,S5,630502,0,command_conditioned_risk_roi,high,9,1,95,65,33544,33140,0,0.0,0,0,0,,,,,,,0,0,,0103f39a063571bc91943e3e13cba96867d5476359cdb7b4b7e0b734bf54f3c8
m6a_v3_formal_s5_seed630502,S5,630502,1,state_only_risk_roi,severe,6,1,15,1,31324,30935,0,0.0,0,0,0,,,,,,,0,0,,ecb04a24763715d2aa7be784410e30e9a1c18cddf5876c1b495236337fa193e9
m6a_v3_formal_s5_seed630502,S5,630502,1,state_only_risk_roi,low,6,1,35,5,31490,31101,0,0.0,0,0,0,,,,,,,0,0,,040ebc99de99d21055fcf85bb515022fa8ade3443663bc1500f0a792ea00c8ad
m6a_v3_formal_s5_seed630502,S5,630502,1,state_only_risk_roi,medium,6,1,75,45,33192,32803,0,0.0,0,0,0,,,,,,,0,0,,38a167dee3ecd928c6e24345482db04026090d27cc8163c7b2e8a75b5ff81d97
m6a_v3_formal_s5_seed630502,S5,630502,1,state_only_risk_roi,high,6,1,95,65,34064,33675,0,0.0,0,0,0,,,,,,,0,0,,3664603637f99f6ced3e85cadd836bdf6725416209d0314b07ea1defb865910f
m6a_v3_formal_s5_seed630502,S5,630502,1,command_conditioned_risk_roi,severe,6,1,15,1,31333,30935,0,0.0,0,0,0,,,,,,,0,0,,ecb04a24763715d2aa7be784410e30e9a1c18cddf5876c1b495236337fa193e9
m6a_v3_formal_s5_seed630502,S5,630502,1,command_conditioned_risk_roi,low,6,1,35,5,31499,31101,0,0.0,0,0,0,,,,,,,0,0,,040ebc99de99d21055fcf85bb515022fa8ade3443663bc1500f0a792ea00c8ad
m6a_v3_formal_s5_seed630502,S5,630502,1,command_conditioned_risk_roi,medium,6,1,75,45,33201,32803,0,0.0,0,0,0,,,,,,,0,0,,38a167dee3ecd928c6e24345482db04026090d27cc8163c7b2e8a75b5ff81d97
m6a_v3_formal_s5_seed630502,S5,630502,1,command_conditioned_risk_roi,high,6,1,95,65,34073,33675,0,0.0,0,0,0,,,,,,,0,0,,3664603637f99f6ced3e85cadd836bdf6725416209d0314b07ea1defb865910f
m6a_v3_formal_s5_seed630502,S5,630502,2,state_only_risk_roi,severe,9,1,35,5,31464,31069,0,0.0,0,0,0,,,,,,,0,0,,469c1b0ea05426082ccfa2aea56b6a91957de56d76e47477153cb689a33e7273
m6a_v3_formal_s5_seed630502,S5,630502,2,state_only_risk_roi,low,9,1,55,25,32278,31883,0,0.0,0,0,0,,,,,,,0,0,,2dd52a4c4230d3537b6fb17187c4611a07b8c30b5de4b677d19e12e953672c40
m6a_v3_formal_s5_seed630502,S5,630502,2,state_only_risk_roi,medium,9,1,75,45,32946,32551,0,0.0,0,0,0,,,,,,,0,0,,7f452c84995badb8cc1c00d074c4a09c5e35437389abea8967aa19a5d8a0fbd1
m6a_v3_formal_s5_seed630502,S5,630502,2,state_only_risk_roi,high,9,1,95,65,33655,33260,0,0.0,0,0,0,,,,,,,0,0,,bb5dbee5d75779b392d2b0bb8398586747d0336dcd79b0de486b27cd8d1637e8
m6a_v3_formal_s5_seed630502,S5,630502,2,command_conditioned_risk_roi,severe,9,1,15,1,31332,30928,0,0.0,0,0,0,,,,,,,0,0,,92f8b08667d4ae1445b985b937354f4f37270bf2b16166542ce50641cb545b88
m6a_v3_formal_s5_seed630502,S5,630502,2,command_conditioned_risk_roi,low,9,1,55,25,32287,31883,0,0.0,0,0,0,,,,,,,0,0,,2dd52a4c4230d3537b6fb17187c4611a07b8c30b5de4b677d19e12e953672c40
m6a_v3_formal_s5_seed630502,S5,630502,2,command_conditioned_risk_roi,medium,9,1,75,45,32955,32551,0,0.0,0,0,0,,,,,,,0,0,,7f452c84995badb8cc1c00d074c4a09c5e35437389abea8967aa19a5d8a0fbd1
m6a_v3_formal_s5_seed630502,S5,630502,2,command_conditioned_risk_roi,high,9,1,95,65,33664,33260,0,0.0,0,0,0,,,,,,,0,0,,bb5dbee5d75779b392d2b0bb8398586747d0336dcd79b0de486b27cd8d1637e8
m6a_v3_formal_s5_seed630502,S5,630502,3,state_only_risk_roi,severe,9,1,35,5,31439,31044,19426,0.6257569900785981,9480,21,21,0.14285714285714285,0.14285714285714285,146.2356188466948,26.480271935504103,942.936507936508,18.38597910104226,1,1,1.0,736ffc48599ec3bc389bc77302399294c1f362470e4d16e5860be3b0dc950ec8
m6a_v3_formal_s5_seed630502,S5,630502,3,state_only_risk_roi,low,9,1,55,25,32165,31770,19843,0.6245829398803903,9480,21,21,0.14285714285714285,0.14285714285714285,27.41153305203938,33.75147035747137,164.38095238095238,25.972288685586577,1,1,1.0,9226e66e9c82ea00a14cd8bdf3f17b7e2a4cd7a791e729b498910b2be6abcbeb
m6a_v3_formal_s5_seed630502,S5,630502,3,state_only_risk_roi,medium,9,1,95,65,33388,32993,20590,0.624071772800291,9480,21,21,0.14285714285714285,0.14285714285714285,10.970534458509142,37.72852574977132,57.77777777777778,30.513195266724363,1,1,1.0,8c877076bd3def82b69e0ab288d1ddac28dd0c5d69dc8ebb921ae56a4b1b242d
m6a_v3_formal_s5_seed630502,S5,630502,3,state_only_risk_roi,high,9,1,95,65,33388,32993,20590,0.624071772800291,9480,21,21,0.14285714285714285,0.14285714285714285,10.970534458509142,37.72852574977132,57.77777777777778,30.513195266724363,1,1,1.0,8c877076bd3def82b69e0ab288d1ddac28dd0c5d69dc8ebb921ae56a4b1b242d
m6a_v3_formal_s5_seed630502,S5,630502,3,command_conditioned_risk_roi,severe,7,1,35,5,31444,31044,19426,0.6257569900785981,9480,21,21,0.14285714285714285,0.14285714285714285,146.2356188466948,26.480271935504103,942.936507936508,18.38597910104226,1,1,1.0,736ffc48599ec3bc389bc77302399294c1f362470e4d16e5860be3b0dc950ec8
m6a_v3_formal_s5_seed630502,S5,630502,3,command_conditioned_risk_roi,low,7,1,55,25,32170,31770,19843,0.6245829398803903,9480,21,21,0.14285714285714285,0.14285714285714285,27.41153305203938,33.75147035747137,164.38095238095238,25.972288685586577,1,1,1.0,9226e66e9c82ea00a14cd8bdf3f17b7e2a4cd7a791e729b498910b2be6abcbeb
m6a_v3_formal_s5_seed630502,S5,630502,3,command_conditioned_risk_roi,medium,7,1,95,65,33393,32993,20590,0.624071772800291,9480,21,21,0.14285714285714285,0.14285714285714285,10.970534458509142,37.72852574977132,57.77777777777778,30.513195266724363,1,1,1.0,8c877076bd3def82b69e0ab288d1ddac28dd0c5d69dc8ebb921ae56a4b1b242d
m6a_v3_formal_s5_seed630502,S5,630502,3,command_conditioned_risk_roi,high,7,1,95,65,33393,32993,20590,0.624071772800291,9480,21,21,0.14285714285714285,0.14285714285714285,10.970534458509142,37.72852574977132,57.77777777777778,30.513195266724363,1,1,1.0,8c877076bd3def82b69e0ab288d1ddac28dd0c5d69dc8ebb921ae56a4b1b242d
m6a_v3_formal_s5_seed630503,S5,630503,0,state_only_risk_roi,severe,9,1,35,5,31360,30965,0,0.0,0,0,0,,,,,,,0,0,,ab9d55346a27b60591e9f64986ac338d0a25d126cb3901254ca417ba10751c2a
m6a_v3_formal_s5_seed630503,S5,630503,0,state_only_risk_roi,low,9,1,55,25,32109,31714,0,0.0,0,0,0,,,,,,,0,0,,afd6b956ce635247438d763f8015f81e4092b0736b85557301d5c0a590df9030
m6a_v3_formal_s5_seed630503,S5,630503,0,state_only_risk_roi,medium,9,1,75,45,32723,32328,0,0.0,0,0,0,,,,,,,0,0,,813b9527ed3233bd49df6e10da5c859971b5d66bcdb86892fb1926cc4e93b89c
m6a_v3_formal_s5_seed630503,S5,630503,0,state_only_risk_roi,high,9,1,95,65,33533,33138,0,0.0,0,0,0,,,,,,,0,0,,3e7b5ad04992a7ab9c3f0c621686d06bdf894dbcad94cc179bccf6eca070e044
m6a_v3_formal_s5_seed630503,S5,630503,0,command_conditioned_risk_roi,severe,9,1,35,5,31369,30965,0,0.0,0,0,0,,,,,,,0,0,,ab9d55346a27b60591e9f64986ac338d0a25d126cb3901254ca417ba10751c2a
m6a_v3_formal_s5_seed630503,S5,630503,0,command_conditioned_risk_roi,low,9,1,55,25,32118,31714,0,0.0,0,0,0,,,,,,,0,0,,afd6b956ce635247438d763f8015f81e4092b0736b85557301d5c0a590df9030
m6a_v3_formal_s5_seed630503,S5,630503,0,command_conditioned_risk_roi,medium,9,1,75,45,32732,32328,0,0.0,0,0,0,,,,,,,0,0,,813b9527ed3233bd49df6e10da5c859971b5d66bcdb86892fb1926cc4e93b89c
m6a_v3_formal_s5_seed630503,S5,630503,0,command_conditioned_risk_roi,high,9,1,95,65,33542,33138,0,0.0,0,0,0,,,,,,,0,0,,3e7b5ad04992a7ab9c3f0c621686d06bdf894dbcad94cc179bccf6eca070e044
m6a_v3_formal_s5_seed630503,S5,630503,1,state_only_risk_roi,severe,6,1,15,1,31321,30932,0,0.0,0,0,0,,,,,,,0,0,,c7943dda72c70a01631edf35192cd2741ddcb4649c4c1210f8f01185ff0bd208
m6a_v3_formal_s5_seed630503,S5,630503,1,state_only_risk_roi,low,6,1,35,5,31483,31094,0,0.0,0,0,0,,,,,,,0,0,,152626204b5cded9d0e7113c8c7714d915442032324d5ee1d106ca1ee85f5b6e
m6a_v3_formal_s5_seed630503,S5,630503,1,state_only_risk_roi,medium,6,1,75,45,33198,32809,0,0.0,0,0,0,,,,,,,0,0,,6d50b98480906c67eb09378e465a80420ee82f1dc44280bd4ffac458c177e258
m6a_v3_formal_s5_seed630503,S5,630503,1,state_only_risk_roi,high,6,1,95,65,34062,33673,0,0.0,0,0,0,,,,,,,0,0,,ce406d902bde8e57483f04213f8c9197a66418162f804d319f52a72eac3b5fb2
m6a_v3_formal_s5_seed630503,S5,630503,1,command_conditioned_risk_roi,severe,6,1,15,1,31330,30932,0,0.0,0,0,0,,,,,,,0,0,,c7943dda72c70a01631edf35192cd2741ddcb4649c4c1210f8f01185ff0bd208
m6a_v3_formal_s5_seed630503,S5,630503,1,command_conditioned_risk_roi,low,6,1,35,5,31492,31094,0,0.0,0,0,0,,,,,,,0,0,,152626204b5cded9d0e7113c8c7714d915442032324d5ee1d106ca1ee85f5b6e
m6a_v3_formal_s5_seed630503,S5,630503,1,command_conditioned_risk_roi,medium,6,1,75,45,33207,32809,0,0.0,0,0,0,,,,,,,0,0,,6d50b98480906c67eb09378e465a80420ee82f1dc44280bd4ffac458c177e258
m6a_v3_formal_s5_seed630503,S5,630503,1,command_conditioned_risk_roi,high,6,1,95,65,34071,33673,0,0.0,0,0,0,,,,,,,0,0,,ce406d902bde8e57483f04213f8c9197a66418162f804d319f52a72eac3b5fb2
m6a_v3_formal_s5_seed630503,S5,630503,2,state_only_risk_roi,severe,9,1,35,5,31466,31071,0,0.0,0,0,0,,,,,,,0,0,,316a808a7faeeb2948e2723d0684f603b2e16a271d30c30540a847ac152d0ac0
m6a_v3_formal_s5_seed630503,S5,630503,2,state_only_risk_roi,low,9,1,55,25,32275,31880,0,0.0,0,0,0,,,,,,,0,0,,1d4e7d49b234122afcd5eeea8d5582970229e4196f54a8a9e004ed5ea858ff3d
m6a_v3_formal_s5_seed630503,S5,630503,2,state_only_risk_roi,medium,9,1,75,45,32953,32558,0,0.0,0,0,0,,,,,,,0,0,,6de791715f7e91e4b75d748ec81fbe7d8a36d2e40d1e19fef3934c2379a501fd
m6a_v3_formal_s5_seed630503,S5,630503,2,state_only_risk_roi,high,9,1,95,65,33644,33249,0,0.0,0,0,0,,,,,,,0,0,,ef5da80b243cae17ed572e0d958fba18a1aaf5295be8dd04dfb9c6eca39b3635
m6a_v3_formal_s5_seed630503,S5,630503,2,command_conditioned_risk_roi,severe,9,1,15,1,31333,30929,0,0.0,0,0,0,,,,,,,0,0,,ea575ea13c26ce49932c5d210a93e6e746683c07e4bedf0916cb20ecb29ec2b6
m6a_v3_formal_s5_seed630503,S5,630503,2,command_conditioned_risk_roi,low,9,1,55,25,32284,31880,0,0.0,0,0,0,,,,,,,0,0,,1d4e7d49b234122afcd5eeea8d5582970229e4196f54a8a9e004ed5ea858ff3d
m6a_v3_formal_s5_seed630503,S5,630503,2,command_conditioned_risk_roi,medium,9,1,75,45,32962,32558,0,0.0,0,0,0,,,,,,,0,0,,6de791715f7e91e4b75d748ec81fbe7d8a36d2e40d1e19fef3934c2379a501fd
m6a_v3_formal_s5_seed630503,S5,630503,2,command_conditioned_risk_roi,high,9,1,95,65,33653,33249,0,0.0,0,0,0,,,,,,,0,0,,ef5da80b243cae17ed572e0d958fba18a1aaf5295be8dd04dfb9c6eca39b3635
m6a_v3_formal_s5_seed630503,S5,630503,3,state_only_risk_roi,severe,9,1,35,5,31416,31021,15506,0.49985493697817607,9240,17,17,0.0,0.0,99.60310245310245,28.148074947606936,839.0588235294117,18.89287952078886,1,1,1.0,bb3e5031acaac3c69093c0e0ea2a24f9e85a6c43e21cedf2411d85182191a189
m6a_v3_formal_s5_seed630503,S5,630503,3,state_only_risk_roi,low,9,1,55,25,32101,31706,15770,0.4973821989528796,9240,17,17,0.0,0.0,18.92878787878788,35.35957556434397,187.50980392156862,25.400563811896262,1,1,1.0,670fb35d80c1e6361595cdb0413e443b822f074356308317cbf59c76130cb88c
m6a_v3_formal_s5_seed630503,S5,630503,3,state_only_risk_roi,medium,9,1,95,65,33240,32845,16107,0.49039427614553205,9240,17,17,0.0,0.0,5.652849927849928,40.608129049269486,83.74509803921569,28.901209655390225,1,1,1.0,60dd81d90ef0d7bdf5cd9e081103f80bd430b456d384a7eeb1e021596975440e
m6a_v3_formal_s5_seed630503,S5,630503,3,state_only_risk_roi,high,9,1,95,65,33240,32845,16107,0.49039427614553205,9240,17,17,0.0,0.0,5.652849927849928,40.608129049269486,83.74509803921569,28.901209655390225,1,1,1.0,60dd81d90ef0d7bdf5cd9e081103f80bd430b456d384a7eeb1e021596975440e
m6a_v3_formal_s5_seed630503,S5,630503,3,command_conditioned_risk_roi,severe,7,1,35,5,31421,31021,15506,0.49985493697817607,9240,17,17,0.0,0.0,99.60310245310245,28.148074947606936,839.0588235294117,18.89287952078886,1,1,1.0,bb3e5031acaac3c69093c0e0ea2a24f9e85a6c43e21cedf2411d85182191a189
m6a_v3_formal_s5_seed630503,S5,630503,3,command_conditioned_risk_roi,low,7,1,55,25,32106,31706,15770,0.4973821989528796,9240,17,17,0.0,0.0,18.92878787878788,35.35957556434397,187.50980392156862,25.400563811896262,1,1,1.0,670fb35d80c1e6361595cdb0413e443b822f074356308317cbf59c76130cb88c
m6a_v3_formal_s5_seed630503,S5,630503,3,command_conditioned_risk_roi,medium,7,1,95,65,33245,32845,16107,0.49039427614553205,9240,17,17,0.0,0.0,5.652849927849928,40.608129049269486,83.74509803921569,28.901209655390225,1,1,1.0,60dd81d90ef0d7bdf5cd9e081103f80bd430b456d384a7eeb1e021596975440e
m6a_v3_formal_s5_seed630503,S5,630503,3,command_conditioned_risk_roi,high,7,1,95,65,33245,32845,16107,0.49039427614553205,9240,17,17,0.0,0.0,5.652849927849928,40.608129049269486,83.74509803921569,28.901209655390225,1,1,1.0,60dd81d90ef0d7bdf5cd9e081103f80bd430b456d384a7eeb1e021596975440e
m6a_v3_formal_s6_seed630600,S6,630600,0,state_only_risk_roi,severe,9,1,35,5,31429,31034,0,0.0,0,0,0,,,,,,,0,0,,43ae4ad77f818649d522522c586700596b193ddc64e77c58f3161f825dff6170
m6a_v3_formal_s6_seed630600,S6,630600,0,state_only_risk_roi,low,9,1,55,25,32208,31813,0,0.0,0,0,0,,,,,,,0,0,,6650b8abe9f1a654c6b8436b962cf01d27f1197b53066df8bba9bbb355182ff7
m6a_v3_formal_s6_seed630600,S6,630600,0,state_only_risk_roi,medium,9,1,75,45,32910,32515,0,0.0,0,0,0,,,,,,,0,0,,efb4d040d38e46d5e4ee21abf5c879da36e194fc2d494071a23d39e5801ce7b0
m6a_v3_formal_s6_seed630600,S6,630600,0,state_only_risk_roi,high,9,1,95,65,33727,33332,0,0.0,0,0,0,,,,,,,0,0,,7447ba5c756ef0c1dc8c8a01b8a41892d4457374726b826ab95430f32fc3b463
m6a_v3_formal_s6_seed630600,S6,630600,0,command_conditioned_risk_roi,severe,9,1,35,5,31438,31034,0,0.0,0,0,0,,,,,,,0,0,,43ae4ad77f818649d522522c586700596b193ddc64e77c58f3161f825dff6170
m6a_v3_formal_s6_seed630600,S6,630600,0,command_conditioned_risk_roi,low,9,1,55,25,32217,31813,0,0.0,0,0,0,,,,,,,0,0,,6650b8abe9f1a654c6b8436b962cf01d27f1197b53066df8bba9bbb355182ff7
m6a_v3_formal_s6_seed630600,S6,630600,0,command_conditioned_risk_roi,medium,9,1,75,45,32919,32515,0,0.0,0,0,0,,,,,,,0,0,,efb4d040d38e46d5e4ee21abf5c879da36e194fc2d494071a23d39e5801ce7b0
m6a_v3_formal_s6_seed630600,S6,630600,0,command_conditioned_risk_roi,high,9,1,95,65,33736,33332,0,0.0,0,0,0,,,,,,,0,0,,7447ba5c756ef0c1dc8c8a01b8a41892d4457374726b826ab95430f32fc3b463
m6a_v3_formal_s6_seed630600,S6,630600,1,state_only_risk_roi,severe,9,1,35,5,31465,31070,0,0.0,0,0,0,,,,,,,0,0,,e9c3171a732217be128c9096cecd5178d7b8f34fcf3651b832138b800393c79d
m6a_v3_formal_s6_seed630600,S6,630600,1,state_only_risk_roi,low,9,1,55,25,32264,31869,0,0.0,0,0,0,,,,,,,0,0,,a171cad49191f1c4606a42fb5bb9065fd1a257b5bb5659c3d8402b4199fbd31c
m6a_v3_formal_s6_seed630600,S6,630600,1,state_only_risk_roi,medium,9,1,75,45,32910,32515,0,0.0,0,0,0,,,,,,,0,0,,1b8d1d6b2f3894d31bcf22369d63d82254f9d641171c37d9869259c84b743e1f
m6a_v3_formal_s6_seed630600,S6,630600,1,state_only_risk_roi,high,9,1,95,65,33865,33470,0,0.0,0,0,0,,,,,,,0,0,,4295428a2a9af3dd52a4d4039a7942d02d9a58d8f87ca57505f18c6635fbaed7
m6a_v3_formal_s6_seed630600,S6,630600,1,command_conditioned_risk_roi,severe,9,1,15,1,31341,30937,0,0.0,0,0,0,,,,,,,0,0,,17c901efd1263f30f7355e7846cbfe3c9e98d76390c8dcbcb02a9ddf4e5d49f1
m6a_v3_formal_s6_seed630600,S6,630600,1,command_conditioned_risk_roi,low,9,1,55,25,32273,31869,0,0.0,0,0,0,,,,,,,0,0,,a171cad49191f1c4606a42fb5bb9065fd1a257b5bb5659c3d8402b4199fbd31c
m6a_v3_formal_s6_seed630600,S6,630600,1,command_conditioned_risk_roi,medium,9,1,75,45,32919,32515,0,0.0,0,0,0,,,,,,,0,0,,1b8d1d6b2f3894d31bcf22369d63d82254f9d641171c37d9869259c84b743e1f
m6a_v3_formal_s6_seed630600,S6,630600,1,command_conditioned_risk_roi,high,9,1,95,65,33874,33470,0,0.0,0,0,0,,,,,,,0,0,,4295428a2a9af3dd52a4d4039a7942d02d9a58d8f87ca57505f18c6635fbaed7
m6a_v3_formal_s6_seed630600,S6,630600,2,state_only_risk_roi,severe,9,2,15,1,31343,30948,5217,0.168573090345095,1005,25,25,1.0,1.0,539.983416252073,20.806999387131064,616.36,20.23245914375963,1,1,1.0,8e41a958fd15e3eb1d0c2c09063119bb4d799b743aa8bf478d48abf1aea1ede6
m6a_v3_formal_s6_seed630600,S6,630600,2,state_only_risk_roi,low,9,2,55,25,32254,31859,5476,0.1718823566339182,1005,25,25,1.0,1.0,109.33532338308457,27.743198670610138,142.44,26.594483958656944,1,1,1.0,12666f41dce2c086f3ed8e476d72e82da862e83a0ae66005f79bb41e191ff3ce
m6a_v3_formal_s6_seed630600,S6,630600,2,state_only_risk_roi,medium,9,2,75,45,33000,32605,5669,0.17386903849102897,1005,25,25,1.0,1.0,89.46235489220564,28.614400350702848,44.0,31.69627684381723,1,1,1.0,f046b864b80f867c6f86e5e7eb8b7237d5368a3773aa9e0237afffebfe73925e
m6a_v3_formal_s6_seed630600,S6,630600,2,state_only_risk_roi,high,9,2,95,65,33890,33495,6106,0.18229586505448575,1005,25,25,1.0,1.0,27.075953565505806,33.804966002447976,2.44,44.25690534529181,1,1,1.0,17fc00937c796e3472b7c92ea38946f0e09c7aee7da5b24eb26dd030f173d1b4
m6a_v3_formal_s6_seed630600,S6,630600,2,command_conditioned_risk_roi,severe,9,2,15,1,31352,30948,5217,0.168573090345095,1005,25,25,1.0,1.0,539.983416252073,20.806999387131064,616.36,20.23245914375963,1,1,1.0,8e41a958fd15e3eb1d0c2c09063119bb4d799b743aa8bf478d48abf1aea1ede6
m6a_v3_formal_s6_seed630600,S6,630600,2,command_conditioned_risk_roi,low,9,2,55,25,32263,31859,5476,0.1718823566339182,1005,25,25,1.0,1.0,109.33532338308457,27.743198670610138,142.44,26.594483958656944,1,1,1.0,12666f41dce2c086f3ed8e476d72e82da862e83a0ae66005f79bb41e191ff3ce
m6a_v3_formal_s6_seed630600,S6,630600,2,command_conditioned_risk_roi,medium,9,2,75,45,33009,32605,5669,0.17386903849102897,1005,25,25,1.0,1.0,89.46235489220564,28.614400350702848,44.0,31.69627684381723,1,1,1.0,f046b864b80f867c6f86e5e7eb8b7237d5368a3773aa9e0237afffebfe73925e
m6a_v3_formal_s6_seed630600,S6,630600,2,command_conditioned_risk_roi,high,9,2,95,65,33899,33495,6106,0.18229586505448575,1005,25,25,1.0,1.0,27.075953565505806,33.804966002447976,2.44,44.25690534529181,1,1,1.0,17fc00937c796e3472b7c92ea38946f0e09c7aee7da5b24eb26dd030f173d1b4
m6a_v3_formal_s6_seed630600,S6,630600,3,state_only_risk_roi,severe,9,1,35,5,31348,30953,0,0.0,0,0,0,,,,,,,0,0,,d2280ef6131c8f02820296ca7592520502ccc992b3a1c9b647c7001757998add
m6a_v3_formal_s6_seed630600,S6,630600,3,state_only_risk_roi,low,9,1,55,25,31972,31577,0,0.0,0,0,0,,,,,,,0,0,,852f7babe00830ac7d6dbd065ca87dfde5de3dc0310db12526ab50b8358d27fd
m6a_v3_formal_s6_seed630600,S6,630600,3,state_only_risk_roi,medium,9,1,95,65,33268,32873,0,0.0,0,0,0,,,,,,,0,0,,f793141fab5df475872f0e9e05212dc21d12ebd9326a13c08f14c555f9a6c8cc
m6a_v3_formal_s6_seed630600,S6,630600,3,state_only_risk_roi,high,9,1,95,65,33268,32873,0,0.0,0,0,0,,,,,,,0,0,,f793141fab5df475872f0e9e05212dc21d12ebd9326a13c08f14c555f9a6c8cc
m6a_v3_formal_s6_seed630600,S6,630600,3,command_conditioned_risk_roi,severe,11,1,35,5,31361,30953,0,0.0,0,0,0,,,,,,,0,0,,d2280ef6131c8f02820296ca7592520502ccc992b3a1c9b647c7001757998add
m6a_v3_formal_s6_seed630600,S6,630600,3,command_conditioned_risk_roi,low,11,1,55,25,31985,31577,0,0.0,0,0,0,,,,,,,0,0,,852f7babe00830ac7d6dbd065ca87dfde5de3dc0310db12526ab50b8358d27fd
m6a_v3_formal_s6_seed630600,S6,630600,3,command_conditioned_risk_roi,medium,11,1,95,65,33281,32873,0,0.0,0,0,0,,,,,,,0,0,,f793141fab5df475872f0e9e05212dc21d12ebd9326a13c08f14c555f9a6c8cc
m6a_v3_formal_s6_seed630600,S6,630600,3,command_conditioned_risk_roi,high,11,1,95,65,33281,32873,0,0.0,0,0,0,,,,,,,0,0,,f793141fab5df475872f0e9e05212dc21d12ebd9326a13c08f14c555f9a6c8cc
m6a_v3_formal_s6_seed630601,S6,630601,0,state_only_risk_roi,severe,9,1,35,5,31430,31035,0,0.0,0,0,0,,,,,,,0,0,,fb20fccb7b820a1adcb14c4a8ed603b301156f6fd74b7213e26d356c2f3d706d
m6a_v3_formal_s6_seed630601,S6,630601,0,state_only_risk_roi,low,9,1,55,25,32212,31817,0,0.0,0,0,0,,,,,,,0,0,,93ae3de7d990810849c8efb745b6f1b554b0c73ee894c179db42f8eed0a0087d
m6a_v3_formal_s6_seed630601,S6,630601,0,state_only_risk_roi,medium,9,1,75,45,32921,32526,0,0.0,0,0,0,,,,,,,0,0,,b7d183dedd2ed308d80a8a47bcd4dcc248a756f46d4699f0b50a0d3df05baa56
m6a_v3_formal_s6_seed630601,S6,630601,0,state_only_risk_roi,high,9,1,95,65,33735,33340,0,0.0,0,0,0,,,,,,,0,0,,105747f3b8fe74d69455eae550745b2e9d2a49280c50f0e6cdfe67a86e94e9f4
m6a_v3_formal_s6_seed630601,S6,630601,0,command_conditioned_risk_roi,severe,9,1,35,5,31439,31035,0,0.0,0,0,0,,,,,,,0,0,,fb20fccb7b820a1adcb14c4a8ed603b301156f6fd74b7213e26d356c2f3d706d
m6a_v3_formal_s6_seed630601,S6,630601,0,command_conditioned_risk_roi,low,9,1,55,25,32221,31817,0,0.0,0,0,0,,,,,,,0,0,,93ae3de7d990810849c8efb745b6f1b554b0c73ee894c179db42f8eed0a0087d
m6a_v3_formal_s6_seed630601,S6,630601,0,command_conditioned_risk_roi,medium,9,1,75,45,32930,32526,0,0.0,0,0,0,,,,,,,0,0,,b7d183dedd2ed308d80a8a47bcd4dcc248a756f46d4699f0b50a0d3df05baa56
m6a_v3_formal_s6_seed630601,S6,630601,0,command_conditioned_risk_roi,high,9,1,95,65,33744,33340,0,0.0,0,0,0,,,,,,,0,0,,105747f3b8fe74d69455eae550745b2e9d2a49280c50f0e6cdfe67a86e94e9f4
m6a_v3_formal_s6_seed630601,S6,630601,1,state_only_risk_roi,severe,9,1,35,5,31456,31061,0,0.0,0,0,0,,,,,,,0,0,,15123ba4bf1f2510f8468ffac39adbf38998b37a68f553025b8592b762d5ca74
m6a_v3_formal_s6_seed630601,S6,630601,1,state_only_risk_roi,low,9,1,55,25,32285,31890,0,0.0,0,0,0,,,,,,,0,0,,a910f0c299ed531540c052878e90c553b4db7ed09e27b90cb1e50073de5482f6
m6a_v3_formal_s6_seed630601,S6,630601,1,state_only_risk_roi,medium,9,1,75,45,32960,32565,0,0.0,0,0,0,,,,,,,0,0,,7d5217a0a561b121df3150048fe7750dc5ee1144df9d03f4bd4584be3ddd248f
m6a_v3_formal_s6_seed630601,S6,630601,1,state_only_risk_roi,high,9,1,95,65,33945,33550,0,0.0,0,0,0,,,,,,,0,0,,615cd1bf937525151363ecff79d50ce5bbd65554a91eca503ba4c53c9635d6f5
m6a_v3_formal_s6_seed630601,S6,630601,1,command_conditioned_risk_roi,severe,9,1,35,5,31465,31061,0,0.0,0,0,0,,,,,,,0,0,,15123ba4bf1f2510f8468ffac39adbf38998b37a68f553025b8592b762d5ca74
m6a_v3_formal_s6_seed630601,S6,630601,1,command_conditioned_risk_roi,low,9,1,55,25,32294,31890,0,0.0,0,0,0,,,,,,,0,0,,a910f0c299ed531540c052878e90c553b4db7ed09e27b90cb1e50073de5482f6
m6a_v3_formal_s6_seed630601,S6,630601,1,command_conditioned_risk_roi,medium,9,1,75,45,32969,32565,0,0.0,0,0,0,,,,,,,0,0,,7d5217a0a561b121df3150048fe7750dc5ee1144df9d03f4bd4584be3ddd248f
m6a_v3_formal_s6_seed630601,S6,630601,1,command_conditioned_risk_roi,high,9,1,95,65,33954,33550,0,0.0,0,0,0,,,,,,,0,0,,615cd1bf937525151363ecff79d50ce5bbd65554a91eca503ba4c53c9635d6f5
m6a_v3_formal_s6_seed630601,S6,630601,2,state_only_risk_roi,severe,9,2,15,1,31341,30946,5212,0.1684224132359594,938,22,22,1.0,1.0,426.8802416488984,21.827743071214442,353.3939393939394,22.648212636607724,1,1,1.0,34761503fceeb107806b9ad0bca1580de155bd081f65943e139936497ba88079
m6a_v3_formal_s6_seed630601,S6,630601,2,state_only_risk_roi,low,9,2,55,25,32356,31961,5505,0.1722411689246269,938,22,22,1.0,1.0,193.06894100923952,25.273679464008396,66.63636363636364,29.893690713850077,1,1,1.0,ee7331d3495638c9f60c205ab435f4691e002f3ffd684236ac5e34a5051cb2fc
m6a_v3_formal_s6_seed630601,S6,630601,2,state_only_risk_roi,medium,9,2,75,45,33128,32733,5715,0.17459444597195492,938,22,22,1.0,1.0,98.12082444918266,28.21319172207733,35.53030303030303,32.62481449358677,1,1,1.0,bd59a4cd99dcf6773904f0778d3eb224dab205bcdf9412315393d32c94501423
m6a_v3_formal_s6_seed630601,S6,630601,2,state_only_risk_roi,high,9,2,95,65,34068,33673,6157,0.18284679119769548,938,22,22,1.0,1.0,53.5408670931059,30.843949605709398,2.409090909090909,44.31227172089328,1,1,1.0,a830e3592532b2fbdb1c821ba08138c823ec704aff5d75daf736aace508ce749
m6a_v3_formal_s6_seed630601,S6,630601,2,command_conditioned_risk_roi,severe,9,2,15,1,31350,30946,5212,0.1684224132359594,938,22,22,1.0,1.0,426.8802416488984,21.827743071214442,353.3939393939394,22.648212636607724,1,1,1.0,34761503fceeb107806b9ad0bca1580de155bd081f65943e139936497ba88079
m6a_v3_formal_s6_seed630601,S6,630601,2,command_conditioned_risk_roi,low,9,2,55,25,32365,31961,5505,0.1722411689246269,938,22,22,1.0,1.0,193.06894100923952,25.273679464008396,66.63636363636364,29.893690713850077,1,1,1.0,ee7331d3495638c9f60c205ab435f4691e002f3ffd684236ac5e34a5051cb2fc
m6a_v3_formal_s6_seed630601,S6,630601,2,command_conditioned_risk_roi,medium,9,2,75,45,33137,32733,5715,0.17459444597195492,938,22,22,1.0,1.0,98.12082444918266,28.21319172207733,35.53030303030303,32.62481449358677,1,1,1.0,bd59a4cd99dcf6773904f0778d3eb224dab205bcdf9412315393d32c94501423
m6a_v3_formal_s6_seed630601,S6,630601,2,command_conditioned_risk_roi,high,9,2,95,65,34077,33673,6157,0.18284679119769548,938,22,22,1.0,1.0,53.5408670931059,30.843949605709398,2.409090909090909,44.31227172089328,1,1,1.0,a830e3592532b2fbdb1c821ba08138c823ec704aff5d75daf736aace508ce749
m6a_v3_formal_s6_seed630601,S6,630601,3,state_only_risk_roi,severe,9,1,35,5,31343,30948,0,0.0,0,0,0,,,,,,,0,0,,1d387941daa7ddcfffdd817f456543d40d2899877a7863a3b3e448148a80eeb6
m6a_v3_formal_s6_seed630601,S6,630601,3,state_only_risk_roi,low,9,1,55,25,31973,31578,0,0.0,0,0,0,,,,,,,0,0,,1a15bc7d677486bba2fff26b7d28ccf868a07ef159bcb9210aee68a2e392ecae
m6a_v3_formal_s6_seed630601,S6,630601,3,state_only_risk_roi,medium,9,1,95,65,33283,32888,0,0.0,0,0,0,,,,,,,0,0,,88bd662be3b9c59547fc1924f91366a9acc560f1f99454346dec599995b26183
m6a_v3_formal_s6_seed630601,S6,630601,3,state_only_risk_roi,high,9,1,95,65,33283,32888,0,0.0,0,0,0,,,,,,,0,0,,88bd662be3b9c59547fc1924f91366a9acc560f1f99454346dec599995b26183
m6a_v3_formal_s6_seed630601,S6,630601,3,command_conditioned_risk_roi,severe,11,1,35,5,31356,30948,0,0.0,0,0,0,,,,,,,0,0,,1d387941daa7ddcfffdd817f456543d40d2899877a7863a3b3e448148a80eeb6
m6a_v3_formal_s6_seed630601,S6,630601,3,command_conditioned_risk_roi,low,11,1,55,25,31986,31578,0,0.0,0,0,0,,,,,,,0,0,,1a15bc7d677486bba2fff26b7d28ccf868a07ef159bcb9210aee68a2e392ecae
m6a_v3_formal_s6_seed630601,S6,630601,3,command_conditioned_risk_roi,medium,11,1,95,65,33296,32888,0,0.0,0,0,0,,,,,,,0,0,,88bd662be3b9c59547fc1924f91366a9acc560f1f99454346dec599995b26183
m6a_v3_formal_s6_seed630601,S6,630601,3,command_conditioned_risk_roi,high,11,1,95,65,33296,32888,0,0.0,0,0,0,,,,,,,0,0,,88bd662be3b9c59547fc1924f91366a9acc560f1f99454346dec599995b26183
m6a_v3_formal_s6_seed630602,S6,630602,0,state_only_risk_roi,severe,9,1,35,5,31426,31031,0,0.0,0,0,0,,,,,,,0,0,,302c9436f48e7f94a9f8ab707c3f69bbb59f4e411252b821c10031d1d0b09641
m6a_v3_formal_s6_seed630602,S6,630602,0,state_only_risk_roi,low,9,1,55,25,32211,31816,0,0.0,0,0,0,,,,,,,0,0,,431a65b01e5424721d543e5fe7e377c1936f19c4121292571cf87b2b4026b62a
m6a_v3_formal_s6_seed630602,S6,630602,0,state_only_risk_roi,medium,9,1,75,45,32916,32521,0,0.0,0,0,0,,,,,,,0,0,,d3c35c71c2bc77bb571bc4af206f5188e8d294cf8f3feb26b86b04eeed4336db
m6a_v3_formal_s6_seed630602,S6,630602,0,state_only_risk_roi,high,9,1,95,65,33728,33333,0,0.0,0,0,0,,,,,,,0,0,,d632c90d05c9b4838592a981688e8fc99f090197020a20b6ee05fd846248c1c6
m6a_v3_formal_s6_seed630602,S6,630602,0,command_conditioned_risk_roi,severe,9,1,35,5,31435,31031,0,0.0,0,0,0,,,,,,,0,0,,302c9436f48e7f94a9f8ab707c3f69bbb59f4e411252b821c10031d1d0b09641
m6a_v3_formal_s6_seed630602,S6,630602,0,command_conditioned_risk_roi,low,9,1,55,25,32220,31816,0,0.0,0,0,0,,,,,,,0,0,,431a65b01e5424721d543e5fe7e377c1936f19c4121292571cf87b2b4026b62a
m6a_v3_formal_s6_seed630602,S6,630602,0,command_conditioned_risk_roi,medium,9,1,75,45,32925,32521,0,0.0,0,0,0,,,,,,,0,0,,d3c35c71c2bc77bb571bc4af206f5188e8d294cf8f3feb26b86b04eeed4336db
m6a_v3_formal_s6_seed630602,S6,630602,0,command_conditioned_risk_roi,high,9,1,95,65,33737,33333,0,0.0,0,0,0,,,,,,,0,0,,d632c90d05c9b4838592a981688e8fc99f090197020a20b6ee05fd846248c1c6
m6a_v3_formal_s6_seed630602,S6,630602,1,state_only_risk_roi,severe,9,1,35,5,31462,31067,0,0.0,0,0,0,,,,,,,0,0,,e77175e78c29f759cdaeabba2e15867ce05ba68041e122be7bf0809e861adef3
m6a_v3_formal_s6_seed630602,S6,630602,1,state_only_risk_roi,low,9,1,55,25,32294,31899,0,0.0,0,0,0,,,,,,,0,0,,d38027f250b69a4ce10be08339b66de04c083f703f7b9579e1dc5647559e516c
m6a_v3_formal_s6_seed630602,S6,630602,1,state_only_risk_roi,medium,9,1,75,45,32981,32586,0,0.0,0,0,0,,,,,,,0,0,,8d928f3a63d56d6a700831552c23e4aa3b041d6ade66ef471a24ffce71eef01d
m6a_v3_formal_s6_seed630602,S6,630602,1,state_only_risk_roi,high,9,1,95,65,33949,33554,0,0.0,0,0,0,,,,,,,0,0,,531bd7ac90b28b37afd0d2abd9e834ab168043d1481036b0181ffa3f2fe600d8
m6a_v3_formal_s6_seed630602,S6,630602,1,command_conditioned_risk_roi,severe,9,1,15,1,31343,30939,0,0.0,0,0,0,,,,,,,0,0,,df150738fd68de272958e6c5ca7596fe0899a1e1870e0718554bfc55ecd50b5e
m6a_v3_formal_s6_seed630602,S6,630602,1,command_conditioned_risk_roi,low,9,1,55,25,32303,31899,0,0.0,0,0,0,,,,,,,0,0,,d38027f250b69a4ce10be08339b66de04c083f703f7b9579e1dc5647559e516c
m6a_v3_formal_s6_seed630602,S6,630602,1,command_conditioned_risk_roi,medium,9,1,75,45,32990,32586,0,0.0,0,0,0,,,,,,,0,0,,8d928f3a63d56d6a700831552c23e4aa3b041d6ade66ef471a24ffce71eef01d
m6a_v3_formal_s6_seed630602,S6,630602,1,command_conditioned_risk_roi,high,9,1,95,65,33958,33554,0,0.0,0,0,0,,,,,,,0,0,,531bd7ac90b28b37afd0d2abd9e834ab168043d1481036b0181ffa3f2fe600d8
m6a_v3_formal_s6_seed630602,S6,630602,2,state_only_risk_roi,severe,9,2,15,1,31339,30944,5210,0.16836866597724923,938,19,19,1.0,1.0,331.3685145700071,22.927691199050212,721.5263157894736,19.548281853916407,1,1,1.0,85c41d57b77ef0cad31afbe50d778bfbd09f83c862695425c3d037b7e5ed6801
m6a_v3_formal_s6_seed630602,S6,630602,2,state_only_risk_roi,low,9,2,55,25,32262,31867,5444,0.17083503310634826,938,19,19,1.0,1.0,83.57782515991471,28.909892950095376,185.2280701754386,25.45373558875462,1,1,1.0,db889bac53dcb14895195e1f262b04222adbbd8f2872fc467d655d06c1a0ccc6
m6a_v3_formal_s6_seed630602,S6,630602,2,state_only_risk_roi,medium,9,2,75,45,32957,32562,5595,0.17182605491063202,938,19,19,1.0,1.0,25.407604832977967,34.08116634693944,57.75438596491228,30.514953900001696,1,1,1.0,9344de27ac3d6bb3c8e375b806764c1e4fe07f69554f5a6f1aae3e29200c3a08
m6a_v3_formal_s6_seed630602,S6,630602,2,state_only_risk_roi,high,9,2,95,65,33781,33386,5952,0.17827832025399867,938,19,19,1.0,1.0,24.1318407960199,34.30489909366844,2.175438596491228,44.75533531378167,1,1,1.0,c58f77b6511783d1a85b6e3aea6604676ac63179ebee86bec5aa8f83a35627bf
m6a_v3_formal_s6_seed630602,S6,630602,2,command_conditioned_risk_roi,severe,9,2,15,1,31348,30944,5210,0.16836866597724923,938,19,19,1.0,1.0,331.3685145700071,22.927691199050212,721.5263157894736,19.548281853916407,1,1,1.0,85c41d57b77ef0cad31afbe50d778bfbd09f83c862695425c3d037b7e5ed6801
m6a_v3_formal_s6_seed630602,S6,630602,2,command_conditioned_risk_roi,low,9,2,55,25,32271,31867,5444,0.17083503310634826,938,19,19,1.0,1.0,83.57782515991471,28.909892950095376,185.2280701754386,25.45373558875462,1,1,1.0,db889bac53dcb14895195e1f262b04222adbbd8f2872fc467d655d06c1a0ccc6
m6a_v3_formal_s6_seed630602,S6,630602,2,command_conditioned_risk_roi,medium,9,2,75,45,32966,32562,5595,0.17182605491063202,938,19,19,1.0,1.0,25.407604832977967,34.08116634693944,57.75438596491228,30.514953900001696,1,1,1.0,9344de27ac3d6bb3c8e375b806764c1e4fe07f69554f5a6f1aae3e29200c3a08
m6a_v3_formal_s6_seed630602,S6,630602,2,command_conditioned_risk_roi,high,9,2,95,65,33790,33386,5952,0.17827832025399867,938,19,19,1.0,1.0,24.1318407960199,34.30489909366844,2.175438596491228,44.75533531378167,1,1,1.0,c58f77b6511783d1a85b6e3aea6604676ac63179ebee86bec5aa8f83a35627bf
m6a_v3_formal_s6_seed630602,S6,630602,3,state_only_risk_roi,severe,9,1,35,5,31345,30950,0,0.0,0,0,0,,,,,,,0,0,,38aea39ecb34232f3217a2d4a1ac076e48165dd6b1a0113e9a719db2f198632d
m6a_v3_formal_s6_seed630602,S6,630602,3,state_only_risk_roi,low,9,1,55,25,31979,31584,0,0.0,0,0,0,,,,,,,0,0,,471843f1502e4b273cc09b92a0b16b245bf0a1f77a3650bb717583dd50dabbf1
m6a_v3_formal_s6_seed630602,S6,630602,3,state_only_risk_roi,medium,9,1,95,65,33282,32887,0,0.0,0,0,0,,,,,,,0,0,,42186e41f9334264e2e41ab676eaccf761dfe917bc9b0515f8d457ef31468780
m6a_v3_formal_s6_seed630602,S6,630602,3,state_only_risk_roi,high,9,1,95,65,33282,32887,0,0.0,0,0,0,,,,,,,0,0,,42186e41f9334264e2e41ab676eaccf761dfe917bc9b0515f8d457ef31468780
m6a_v3_formal_s6_seed630602,S6,630602,3,command_conditioned_risk_roi,severe,11,1,35,5,31358,30950,0,0.0,0,0,0,,,,,,,0,0,,38aea39ecb34232f3217a2d4a1ac076e48165dd6b1a0113e9a719db2f198632d
m6a_v3_formal_s6_seed630602,S6,630602,3,command_conditioned_risk_roi,low,11,1,55,25,31992,31584,0,0.0,0,0,0,,,,,,,0,0,,471843f1502e4b273cc09b92a0b16b245bf0a1f77a3650bb717583dd50dabbf1
m6a_v3_formal_s6_seed630602,S6,630602,3,command_conditioned_risk_roi,medium,11,1,95,65,33295,32887,0,0.0,0,0,0,,,,,,,0,0,,42186e41f9334264e2e41ab676eaccf761dfe917bc9b0515f8d457ef31468780
m6a_v3_formal_s6_seed630602,S6,630602,3,command_conditioned_risk_roi,high,11,1,95,65,33295,32887,0,0.0,0,0,0,,,,,,,0,0,,42186e41f9334264e2e41ab676eaccf761dfe917bc9b0515f8d457ef31468780
m6a_v3_formal_s6_seed630603,S6,630603,0,state_only_risk_roi,severe,9,1,35,5,31431,31036,0,0.0,0,0,0,,,,,,,0,0,,bfa68e3397fe507d61bda7409e58620e75d9a4a4e68add2a7f06b6adc6448db3
m6a_v3_formal_s6_seed630603,S6,630603,0,state_only_risk_roi,low,9,1,55,25,32259,31864,0,0.0,0,0,0,,,,,,,0,0,,dd28b66ea1ed95d2643665c900e17d091c5a080e66475c15ba5dad8da460bec5
m6a_v3_formal_s6_seed630603,S6,630603,0,state_only_risk_roi,medium,9,1,75,45,32999,32604,0,0.0,0,0,0,,,,,,,0,0,,ea3598ec2540d7dc8caaeea037c43777665c8ebd43bfa81a3afb1bae34a748e3
m6a_v3_formal_s6_seed630603,S6,630603,0,state_only_risk_roi,high,9,1,95,65,33859,33464,0,0.0,0,0,0,,,,,,,0,0,,bee83333a85da248564999f7fb00113009a1da77bd4cac019d60b805395a1feb
m6a_v3_formal_s6_seed630603,S6,630603,0,command_conditioned_risk_roi,severe,9,1,35,5,31440,31036,0,0.0,0,0,0,,,,,,,0,0,,bfa68e3397fe507d61bda7409e58620e75d9a4a4e68add2a7f06b6adc6448db3
m6a_v3_formal_s6_seed630603,S6,630603,0,command_conditioned_risk_roi,low,9,1,55,25,32268,31864,0,0.0,0,0,0,,,,,,,0,0,,dd28b66ea1ed95d2643665c900e17d091c5a080e66475c15ba5dad8da460bec5
m6a_v3_formal_s6_seed630603,S6,630603,0,command_conditioned_risk_roi,medium,9,1,75,45,33008,32604,0,0.0,0,0,0,,,,,,,0,0,,ea3598ec2540d7dc8caaeea037c43777665c8ebd43bfa81a3afb1bae34a748e3
m6a_v3_formal_s6_seed630603,S6,630603,0,command_conditioned_risk_roi,high,9,1,95,65,33868,33464,0,0.0,0,0,0,,,,,,,0,0,,bee83333a85da248564999f7fb00113009a1da77bd4cac019d60b805395a1feb
m6a_v3_formal_s6_seed630603,S6,630603,1,state_only_risk_roi,severe,9,1,35,5,31450,31055,0,0.0,0,0,0,,,,,,,0,0,,bd9e0f939fdf3ea9fe9d226bc6a9a3cabde6e9fc1c5f5b64e7f09708aed663aa
m6a_v3_formal_s6_seed630603,S6,630603,1,state_only_risk_roi,low,9,1,55,25,32281,31886,0,0.0,0,0,0,,,,,,,0,0,,81a935a176a0fbc618b53ecd02a5556e2e6220a341e8c64ecae9ecd4f976b451
m6a_v3_formal_s6_seed630603,S6,630603,1,state_only_risk_roi,medium,9,1,75,45,32972,32577,0,0.0,0,0,0,,,,,,,0,0,,65ea58bc34404e6230a8aef331e6a2c573552ab73c01a732a73b888e1c142e66
m6a_v3_formal_s6_seed630603,S6,630603,1,state_only_risk_roi,high,9,1,95,65,33913,33518,0,0.0,0,0,0,,,,,,,0,0,,7b6567ee7bb1cfdc0767cbc4f0fab03527679d79f000f6f55dbbd73e225eddb1
m6a_v3_formal_s6_seed630603,S6,630603,1,command_conditioned_risk_roi,severe,9,1,35,5,31459,31055,0,0.0,0,0,0,,,,,,,0,0,,bd9e0f939fdf3ea9fe9d226bc6a9a3cabde6e9fc1c5f5b64e7f09708aed663aa
m6a_v3_formal_s6_seed630603,S6,630603,1,command_conditioned_risk_roi,low,9,1,55,25,32290,31886,0,0.0,0,0,0,,,,,,,0,0,,81a935a176a0fbc618b53ecd02a5556e2e6220a341e8c64ecae9ecd4f976b451
m6a_v3_formal_s6_seed630603,S6,630603,1,command_conditioned_risk_roi,medium,9,1,75,45,32981,32577,0,0.0,0,0,0,,,,,,,0,0,,65ea58bc34404e6230a8aef331e6a2c573552ab73c01a732a73b888e1c142e66
m6a_v3_formal_s6_seed630603,S6,630603,1,command_conditioned_risk_roi,high,9,1,95,65,33922,33518,0,0.0,0,0,0,,,,,,,0,0,,7b6567ee7bb1cfdc0767cbc4f0fab03527679d79f000f6f55dbbd73e225eddb1
m6a_v3_formal_s6_seed630603,S6,630603,2,state_only_risk_roi,severe,9,2,15,1,31339,30944,5210,0.16836866597724923,930,23,23,1.0,1.0,265.38458781362004,23.89204663220636,305.3478260869565,23.282855284692165,1,1,1.0,3e00a7246ee34a1a14f1ef352dabe9f460fcfb59a63a6423952d35d912e9f5e6
m6a_v3_formal_s6_seed630603,S6,630603,2,state_only_risk_roi,low,9,2,55,25,32292,31897,5474,0.17161488541242123,930,23,23,1.0,1.0,96.40824372759856,28.289661894927463,131.59420289855072,26.938436030840805,1,1,1.0,a02696abab2772f95b168450c627085997d05a2a835e4903e8ab2a88f3d18193
m6a_v3_formal_s6_seed630603,S6,630603,2,state_only_risk_roi,medium,9,2,75,45,33028,32633,5668,0.17368921030858334,930,23,23,1.0,1.0,46.13799283154122,31.490216636422357,37.391304347826086,32.40309745641936,1,1,1.0,221fa5f7c25e83223b624b8a113cd30b08433abee881e58097dbb93ea83ba34f
m6a_v3_formal_s6_seed630603,S6,630603,2,state_only_risk_roi,high,9,2,95,65,33884,33489,6054,0.18077577712084564,930,23,23,1.0,1.0,23.54336917562724,34.41211748168406,3.608695652173913,42.55730104509429,1,1,1.0,a637a529bd982df7078b951174d5ed597919f45aedca08055b41ffe37589d536
m6a_v3_formal_s6_seed630603,S6,630603,2,command_conditioned_risk_roi,severe,9,2,15,1,31348,30944,5210,0.16836866597724923,930,23,23,1.0,1.0,265.38458781362004,23.89204663220636,305.3478260869565,23.282855284692165,1,1,1.0,3e00a7246ee34a1a14f1ef352dabe9f460fcfb59a63a6423952d35d912e9f5e6
m6a_v3_formal_s6_seed630603,S6,630603,2,command_conditioned_risk_roi,low,9,2,55,25,32301,31897,5474,0.17161488541242123,930,23,23,1.0,1.0,96.40824372759856,28.289661894927463,131.59420289855072,26.938436030840805,1,1,1.0,a02696abab2772f95b168450c627085997d05a2a835e4903e8ab2a88f3d18193
m6a_v3_formal_s6_seed630603,S6,630603,2,command_conditioned_risk_roi,medium,9,2,75,45,33037,32633,5668,0.17368921030858334,930,23,23,1.0,1.0,46.13799283154122,31.490216636422357,37.391304347826086,32.40309745641936,1,1,1.0,221fa5f7c25e83223b624b8a113cd30b08433abee881e58097dbb93ea83ba34f
m6a_v3_formal_s6_seed630603,S6,630603,2,command_conditioned_risk_roi,high,9,2,95,65,33893,33489,6054,0.18077577712084564,930,23,23,1.0,1.0,23.54336917562724,34.41211748168406,3.608695652173913,42.55730104509429,1,1,1.0,a637a529bd982df7078b951174d5ed597919f45aedca08055b41ffe37589d536
m6a_v3_formal_s6_seed630603,S6,630603,3,state_only_risk_roi,severe,9,1,35,5,31343,30948,0,0.0,0,0,0,,,,,,,0,0,,3cef0b72af54d6e547c39232714dc4c7a85243267963b26eff21b4a7bbc205c7
m6a_v3_formal_s6_seed630603,S6,630603,3,state_only_risk_roi,low,9,1,55,25,31981,31586,0,0.0,0,0,0,,,,,,,0,0,,426e079a182d467c143705240ef37835c2c17d5fa1121d5a496dc24b273a296c
m6a_v3_formal_s6_seed630603,S6,630603,3,state_only_risk_roi,medium,9,1,95,65,33284,32889,0,0.0,0,0,0,,,,,,,0,0,,b0231b2822701cafd768e3563a429dd7b9bf25d407d9b01c9d9914c29d479250
m6a_v3_formal_s6_seed630603,S6,630603,3,state_only_risk_roi,high,9,1,95,65,33284,32889,0,0.0,0,0,0,,,,,,,0,0,,b0231b2822701cafd768e3563a429dd7b9bf25d407d9b01c9d9914c29d479250
m6a_v3_formal_s6_seed630603,S6,630603,3,command_conditioned_risk_roi,severe,11,1,35,5,31356,30948,0,0.0,0,0,0,,,,,,,0,0,,3cef0b72af54d6e547c39232714dc4c7a85243267963b26eff21b4a7bbc205c7
m6a_v3_formal_s6_seed630603,S6,630603,3,command_conditioned_risk_roi,low,11,1,55,25,31994,31586,0,0.0,0,0,0,,,,,,,0,0,,426e079a182d467c143705240ef37835c2c17d5fa1121d5a496dc24b273a296c
m6a_v3_formal_s6_seed630603,S6,630603,3,command_conditioned_risk_roi,medium,11,1,95,65,33297,32889,0,0.0,0,0,0,,,,,,,0,0,,b0231b2822701cafd768e3563a429dd7b9bf25d407d9b01c9d9914c29d479250
m6a_v3_formal_s6_seed630603,S6,630603,3,command_conditioned_risk_roi,high,11,1,95,65,33297,32889,0,0.0,0,0,0,,,,,,,0,0,,b0231b2822701cafd768e3563a429dd7b9bf25d407d9b01c9d9914c29d479250
m6a_v3_formal_s7_seed630700,S7,630700,0,state_only_risk_roi,severe,9,1,35,5,31460,31065,0,0.0,0,0,0,,,,,,,0,0,,f00bd2d785084f994d905521bfc7b54b72757cab33fbe3e9986762e40ff1b4f4
m6a_v3_formal_s7_seed630700,S7,630700,0,state_only_risk_roi,low,9,1,35,5,31460,31065,0,0.0,0,0,0,,,,,,,0,0,,f00bd2d785084f994d905521bfc7b54b72757cab33fbe3e9986762e40ff1b4f4
m6a_v3_formal_s7_seed630700,S7,630700,0,state_only_risk_roi,medium,9,1,75,45,33146,32751,0,0.0,0,0,0,,,,,,,0,0,,5f8579a6fc8d5f08966e4a8fdaaeba35430f6876a7670794d282139ee0bdafda
m6a_v3_formal_s7_seed630700,S7,630700,0,state_only_risk_roi,high,9,1,95,65,34062,33667,0,0.0,0,0,0,,,,,,,0,0,,f96e8cdc3d4d29bdd4a5d4a423354f1cdebd5c3aea8d4dc856e9a3fd1f2293ed
m6a_v3_formal_s7_seed630700,S7,630700,0,command_conditioned_risk_roi,severe,9,1,15,1,31318,30914,0,0.0,0,0,0,,,,,,,0,0,,9b19bd6c4fb81b1904da0139c216f22b1b99b95dc3e601dd9e18093b15f18ce5
m6a_v3_formal_s7_seed630700,S7,630700,0,command_conditioned_risk_roi,low,9,1,35,5,31469,31065,0,0.0,0,0,0,,,,,,,0,0,,f00bd2d785084f994d905521bfc7b54b72757cab33fbe3e9986762e40ff1b4f4
m6a_v3_formal_s7_seed630700,S7,630700,0,command_conditioned_risk_roi,medium,9,1,75,45,33155,32751,0,0.0,0,0,0,,,,,,,0,0,,5f8579a6fc8d5f08966e4a8fdaaeba35430f6876a7670794d282139ee0bdafda
m6a_v3_formal_s7_seed630700,S7,630700,0,command_conditioned_risk_roi,high,9,1,95,65,34071,33667,0,0.0,0,0,0,,,,,,,0,0,,f96e8cdc3d4d29bdd4a5d4a423354f1cdebd5c3aea8d4dc856e9a3fd1f2293ed
m6a_v3_formal_s7_seed630700,S7,630700,1,state_only_risk_roi,severe,9,1,35,5,31463,31068,0,0.0,0,0,0,,,,,,,0,0,,1ef65466b548bbb9739a4ab72c38dd4864e6b64738bd4d39d524d3538ca2df0f
m6a_v3_formal_s7_seed630700,S7,630700,1,state_only_risk_roi,low,9,1,55,25,32295,31900,0,0.0,0,0,0,,,,,,,0,0,,31ce323320e78be01639d55dac513c90f0273dda29246bda0daab28a6d0d3940
m6a_v3_formal_s7_seed630700,S7,630700,1,state_only_risk_roi,medium,9,1,75,45,32943,32548,0,0.0,0,0,0,,,,,,,0,0,,efc5161f647b535ec37dc8a4c50858dfb3fbbd666418003c453e889bae5696c4
m6a_v3_formal_s7_seed630700,S7,630700,1,state_only_risk_roi,high,9,1,95,65,33854,33459,0,0.0,0,0,0,,,,,,,0,0,,357924b7b165b0e4dd8ffc8b0aeb0fa818702e3b7d72f47a235f932c7c730811
m6a_v3_formal_s7_seed630700,S7,630700,1,command_conditioned_risk_roi,severe,9,1,15,1,31329,30925,0,0.0,0,0,0,,,,,,,0,0,,b855c36525447b4b914d85770f4b4c6d0ec16a33cfdbdf7cdde19ea38156359e
m6a_v3_formal_s7_seed630700,S7,630700,1,command_conditioned_risk_roi,low,9,1,55,25,32304,31900,0,0.0,0,0,0,,,,,,,0,0,,31ce323320e78be01639d55dac513c90f0273dda29246bda0daab28a6d0d3940
m6a_v3_formal_s7_seed630700,S7,630700,1,command_conditioned_risk_roi,medium,9,1,75,45,32952,32548,0,0.0,0,0,0,,,,,,,0,0,,efc5161f647b535ec37dc8a4c50858dfb3fbbd666418003c453e889bae5696c4
m6a_v3_formal_s7_seed630700,S7,630700,1,command_conditioned_risk_roi,high,9,1,95,65,33863,33459,0,0.0,0,0,0,,,,,,,0,0,,357924b7b165b0e4dd8ffc8b0aeb0fa818702e3b7d72f47a235f932c7c730811
m6a_v3_formal_s7_seed630700,S7,630700,2,state_only_risk_roi,severe,9,2,35,5,31357,30962,23186,0.7488534332407467,11160,12,0,0.0,,69.88575268817205,29.68691713871565,,,0,0,,8f7a7dcb2e1a14a478fb80dbd16650c7110b8bea7dc62fa90f142cdf10ef7ed1
m6a_v3_formal_s7_seed630700,S7,630700,2,state_only_risk_roi,low,9,2,75,45,32341,31946,23699,0.7418456144744255,11160,12,0,0.0,,4.048028673835126,42.058367807406476,,,0,0,,ccfed85d789103eb38cc8da395581f15d950af99fe8899db687d64517cf90202
m6a_v3_formal_s7_seed630700,S7,630700,2,state_only_risk_roi,medium,9,2,95,65,32719,32324,23896,0.7392649424576166,11160,12,0,0.0,,2.3176821983273594,44.480264758214304,,,0,0,,4b26fc5791e81eef24c8f27b9eea5c9beda177681f9354db5cc8a4a084ccecb9
m6a_v3_formal_s7_seed630700,S7,630700,2,state_only_risk_roi,high,9,2,95,65,32719,32324,23896,0.7392649424576166,11160,12,0,0.0,,2.3176821983273594,44.480264758214304,,,0,0,,4b26fc5791e81eef24c8f27b9eea5c9beda177681f9354db5cc8a4a084ccecb9
m6a_v3_formal_s7_seed630700,S7,630700,2,command_conditioned_risk_roi,severe,9,2,35,5,31366,30962,23186,0.7488534332407467,11160,12,0,0.0,,69.88575268817205,29.68691713871565,,,0,0,,8f7a7dcb2e1a14a478fb80dbd16650c7110b8bea7dc62fa90f142cdf10ef7ed1
m6a_v3_formal_s7_seed630700,S7,630700,2,command_conditioned_risk_roi,low,9,2,75,45,32350,31946,23699,0.7418456144744255,11160,12,0,0.0,,4.048028673835126,42.058367807406476,,,0,0,,ccfed85d789103eb38cc8da395581f15d950af99fe8899db687d64517cf90202
m6a_v3_formal_s7_seed630700,S7,630700,2,command_conditioned_risk_roi,medium,9,2,95,65,32728,32324,23896,0.7392649424576166,11160,12,0,0.0,,2.3176821983273594,44.480264758214304,,,0,0,,4b26fc5791e81eef24c8f27b9eea5c9beda177681f9354db5cc8a4a084ccecb9
m6a_v3_formal_s7_seed630700,S7,630700,2,command_conditioned_risk_roi,high,9,2,95,65,32728,32324,23896,0.7392649424576166,11160,12,0,0.0,,2.3176821983273594,44.480264758214304,,,0,0,,4b26fc5791e81eef24c8f27b9eea5c9beda177681f9354db5cc8a4a084ccecb9
m6a_v3_formal_s7_seed630700,S7,630700,3,state_only_risk_roi,severe,9,1,35,5,31372,30977,11583,0.37392258772637765,6240,3,0,0.0,,46.61447649572649,31.445595496315217,,,0,0,,d17f628df43ecf6e37048c81c2c4d58cf73fcad6a174ed5ac6e2566919b4e721
m6a_v3_formal_s7_seed630700,S7,630700,3,state_only_risk_roi,low,9,1,55,25,32033,31638,11666,0.36873380112522913,6240,3,0,0.0,,2.282425213675214,44.54683804593789,,,0,0,,2fcc987b17864d4ba7eab4ff852d02f3430a1ee23dfd90e492bd96b28e46ae4c
m6a_v3_formal_s7_seed630700,S7,630700,3,state_only_risk_roi,medium,9,1,95,65,33161,32766,11758,0.3588475859122261,6240,3,0,0.0,,1.3606303418803418,46.79340209424697,,,0,0,,df9266b561b87277521a3d35d1ecabfe71630f090266ad9948b838a35c75c74d
m6a_v3_formal_s7_seed630700,S7,630700,3,state_only_risk_roi,high,9,1,95,65,33161,32766,11758,0.3588475859122261,6240,3,0,0.0,,1.3606303418803418,46.79340209424697,,,0,0,,df9266b561b87277521a3d35d1ecabfe71630f090266ad9948b838a35c75c74d
m6a_v3_formal_s7_seed630700,S7,630700,3,command_conditioned_risk_roi,severe,11,1,35,5,31385,30977,11583,0.37392258772637765,6240,3,0,0.0,,46.61447649572649,31.445595496315217,,,0,0,,d17f628df43ecf6e37048c81c2c4d58cf73fcad6a174ed5ac6e2566919b4e721
m6a_v3_formal_s7_seed630700,S7,630700,3,command_conditioned_risk_roi,low,11,1,55,25,32046,31638,11666,0.36873380112522913,6240,3,0,0.0,,2.282425213675214,44.54683804593789,,,0,0,,2fcc987b17864d4ba7eab4ff852d02f3430a1ee23dfd90e492bd96b28e46ae4c
m6a_v3_formal_s7_seed630700,S7,630700,3,command_conditioned_risk_roi,medium,11,1,95,65,33174,32766,11758,0.3588475859122261,6240,3,0,0.0,,1.3606303418803418,46.79340209424697,,,0,0,,df9266b561b87277521a3d35d1ecabfe71630f090266ad9948b838a35c75c74d
m6a_v3_formal_s7_seed630700,S7,630700,3,command_conditioned_risk_roi,high,11,1,95,65,33174,32766,11758,0.3588475859122261,6240,3,0,0.0,,1.3606303418803418,46.79340209424697,,,0,0,,df9266b561b87277521a3d35d1ecabfe71630f090266ad9948b838a35c75c74d
m6a_v3_formal_s7_seed630701,S7,630701,0,state_only_risk_roi,severe,9,1,35,5,31458,31063,0,0.0,0,0,0,,,,,,,0,0,,4ec4a9f4674bcfc2422f8f0156e445d9d836a5255fea69f2ca8ccf492ea276fc
m6a_v3_formal_s7_seed630701,S7,630701,0,state_only_risk_roi,low,9,1,55,25,32337,31942,0,0.0,0,0,0,,,,,,,0,0,,7f5d6b13193df56f6c3b989b2314abb153a6d15d0683100997413eaea1fb0cde
m6a_v3_formal_s7_seed630701,S7,630701,0,state_only_risk_roi,medium,9,1,75,45,33073,32678,0,0.0,0,0,0,,,,,,,0,0,,0ea475e61fd2e9a959b98ac5fa3eb12175ca94d4d56a5d71646e73c67df45a82
m6a_v3_formal_s7_seed630701,S7,630701,0,state_only_risk_roi,high,9,1,95,65,33936,33541,0,0.0,0,0,0,,,,,,,0,0,,17b3f6817466ac2fd33485385a333596db78dce6b6400edb239bbe4ba7b526e6
m6a_v3_formal_s7_seed630701,S7,630701,0,command_conditioned_risk_roi,severe,9,1,15,1,31320,30916,0,0.0,0,0,0,,,,,,,0,0,,28b818053bdd04eac232997f531caacbc21ed39aa52f37dd23635765e8d0b21f
m6a_v3_formal_s7_seed630701,S7,630701,0,command_conditioned_risk_roi,low,9,1,55,25,32346,31942,0,0.0,0,0,0,,,,,,,0,0,,7f5d6b13193df56f6c3b989b2314abb153a6d15d0683100997413eaea1fb0cde
m6a_v3_formal_s7_seed630701,S7,630701,0,command_conditioned_risk_roi,medium,9,1,75,45,33082,32678,0,0.0,0,0,0,,,,,,,0,0,,0ea475e61fd2e9a959b98ac5fa3eb12175ca94d4d56a5d71646e73c67df45a82
m6a_v3_formal_s7_seed630701,S7,630701,0,command_conditioned_risk_roi,high,9,1,95,65,33945,33541,0,0.0,0,0,0,,,,,,,0,0,,17b3f6817466ac2fd33485385a333596db78dce6b6400edb239bbe4ba7b526e6
m6a_v3_formal_s7_seed630701,S7,630701,1,state_only_risk_roi,severe,9,1,35,5,31449,31054,0,0.0,0,0,0,,,,,,,0,0,,536412768bdfc82f6ab8b44fa3d8a64f1bd486288064f25680f2582e06e09503
m6a_v3_formal_s7_seed630701,S7,630701,1,state_only_risk_roi,low,9,1,55,25,32274,31879,0,0.0,0,0,0,,,,,,,0,0,,33413c3c604c127a70b4960b651b38d9d0ba0812a460dbc232f254328b2e992e
m6a_v3_formal_s7_seed630701,S7,630701,1,state_only_risk_roi,medium,9,1,75,45,32887,32492,0,0.0,0,0,0,,,,,,,0,0,,46d299469ddbf66bd9aa949e9a8eff67ffbb63b094d02e6a8f0d24622217df87
m6a_v3_formal_s7_seed630701,S7,630701,1,state_only_risk_roi,high,9,1,95,65,33731,33336,0,0.0,0,0,0,,,,,,,0,0,,7106f04a4acd3660ab513afb5018d206f692d9d8dcad928ee342eebe0ff4dba5
m6a_v3_formal_s7_seed630701,S7,630701,1,command_conditioned_risk_roi,severe,9,1,35,5,31458,31054,0,0.0,0,0,0,,,,,,,0,0,,536412768bdfc82f6ab8b44fa3d8a64f1bd486288064f25680f2582e06e09503
m6a_v3_formal_s7_seed630701,S7,630701,1,command_conditioned_risk_roi,low,9,1,55,25,32283,31879,0,0.0,0,0,0,,,,,,,0,0,,33413c3c604c127a70b4960b651b38d9d0ba0812a460dbc232f254328b2e992e
m6a_v3_formal_s7_seed630701,S7,630701,1,command_conditioned_risk_roi,medium,9,1,75,45,32896,32492,0,0.0,0,0,0,,,,,,,0,0,,46d299469ddbf66bd9aa949e9a8eff67ffbb63b094d02e6a8f0d24622217df87
m6a_v3_formal_s7_seed630701,S7,630701,1,command_conditioned_risk_roi,high,9,1,95,65,33740,33336,0,0.0,0,0,0,,,,,,,0,0,,7106f04a4acd3660ab513afb5018d206f692d9d8dcad928ee342eebe0ff4dba5
m6a_v3_formal_s7_seed630701,S7,630701,2,state_only_risk_roi,severe,9,2,35,5,31363,30968,19323,0.623966675277706,10745,11,0,0.0,,67.29356289747169,29.851068379784437,,,0,0,,4dcf248f6cced223cf3add2eb3a6f0b7a562a2972c0a47d56571e30002c7f7e9
m6a_v3_formal_s7_seed630701,S7,630701,2,state_only_risk_roi,low,9,2,75,45,32356,31961,19684,0.6158755983855324,10745,11,0,0.0,,5.208717232821467,40.963495794687304,,,0,0,,1cda6ed4b662da2f042ccfcd42485321f73b7355e574bae9abfedb195fa27bb4
m6a_v3_formal_s7_seed630701,S7,630701,2,state_only_risk_roi,medium,9,2,95,65,32765,32370,19850,0.6132221192462156,10745,11,0,0.0,,2.9782224290367614,43.39123230884961,,,0,0,,8fa715439f42ab6d0ddbcbdf09b9e06fa188c1e22b394c11111de1837c2e255e
m6a_v3_formal_s7_seed630701,S7,630701,2,state_only_risk_roi,high,9,2,95,65,32765,32370,19850,0.6132221192462156,10745,11,0,0.0,,2.9782224290367614,43.39123230884961,,,0,0,,8fa715439f42ab6d0ddbcbdf09b9e06fa188c1e22b394c11111de1837c2e255e
m6a_v3_formal_s7_seed630701,S7,630701,2,command_conditioned_risk_roi,severe,9,2,35,5,31372,30968,19323,0.623966675277706,10745,11,0,0.0,,67.29356289747169,29.851068379784437,,,0,0,,4dcf248f6cced223cf3add2eb3a6f0b7a562a2972c0a47d56571e30002c7f7e9
m6a_v3_formal_s7_seed630701,S7,630701,2,command_conditioned_risk_roi,low,9,2,75,45,32365,31961,19684,0.6158755983855324,10745,11,0,0.0,,5.208717232821467,40.963495794687304,,,0,0,,1cda6ed4b662da2f042ccfcd42485321f73b7355e574bae9abfedb195fa27bb4
m6a_v3_formal_s7_seed630701,S7,630701,2,command_conditioned_risk_roi,medium,9,2,95,65,32774,32370,19850,0.6132221192462156,10745,11,0,0.0,,2.9782224290367614,43.39123230884961,,,0,0,,8fa715439f42ab6d0ddbcbdf09b9e06fa188c1e22b394c11111de1837c2e255e
m6a_v3_formal_s7_seed630701,S7,630701,2,command_conditioned_risk_roi,high,9,2,95,65,32774,32370,19850,0.6132221192462156,10745,11,0,0.0,,2.9782224290367614,43.39123230884961,,,0,0,,8fa715439f42ab6d0ddbcbdf09b9e06fa188c1e22b394c11111de1837c2e255e
m6a_v3_formal_s7_seed630701,S7,630701,3,state_only_risk_roi,severe,9,1,35,5,31413,31018,7750,0.24985492294796569,2640,8,0,0.0,,133.75063131313132,26.867845202668896,,,0,0,,24e32f6eaf1ddf1b26d11e13db2fc25b61fac5fc413ab17b7ad39a7ba457f56b
m6a_v3_formal_s7_seed630701,S7,630701,3,state_only_risk_roi,low,9,1,55,25,32273,31878,7954,0.2495137712529017,2640,8,0,0.0,,19.112121212121213,35.31771469752478,,,0,0,,a5a53b58985ebdf020da62273931420365d11a3b0a2c55f4b7754b6f5b78c760
m6a_v3_formal_s7_seed630701,S7,630701,3,state_only_risk_roi,medium,9,1,75,45,32893,32498,8076,0.24850760046772108,2640,8,0,0.0,,10.031060606060606,38.11733506510723,,,0,0,,e9e1302c27576b94cd6e23e3b691f37cc5365a98c02382a917e35de45056ae1a
m6a_v3_formal_s7_seed630701,S7,630701,3,state_only_risk_roi,high,9,1,95,65,33694,33299,8241,0.24748490945674045,2640,8,0,0.0,,7.734469696969697,39.24649818601752,,,0,0,,f98ad0c16248da43b41a88ee7d822973612b6294a32e329b5d58d970e1bcaf01
m6a_v3_formal_s7_seed630701,S7,630701,3,command_conditioned_risk_roi,severe,11,1,35,5,31426,31018,7750,0.24985492294796569,2640,8,0,0.0,,133.75063131313132,26.867845202668896,,,0,0,,24e32f6eaf1ddf1b26d11e13db2fc25b61fac5fc413ab17b7ad39a7ba457f56b
m6a_v3_formal_s7_seed630701,S7,630701,3,command_conditioned_risk_roi,low,11,1,55,25,32286,31878,7954,0.2495137712529017,2640,8,0,0.0,,19.112121212121213,35.31771469752478,,,0,0,,a5a53b58985ebdf020da62273931420365d11a3b0a2c55f4b7754b6f5b78c760
m6a_v3_formal_s7_seed630701,S7,630701,3,command_conditioned_risk_roi,medium,11,1,75,45,32906,32498,8076,0.24850760046772108,2640,8,0,0.0,,10.031060606060606,38.11733506510723,,,0,0,,e9e1302c27576b94cd6e23e3b691f37cc5365a98c02382a917e35de45056ae1a
m6a_v3_formal_s7_seed630701,S7,630701,3,command_conditioned_risk_roi,high,11,1,95,65,33707,33299,8241,0.24748490945674045,2640,8,0,0.0,,7.734469696969697,39.24649818601752,,,0,0,,f98ad0c16248da43b41a88ee7d822973612b6294a32e329b5d58d970e1bcaf01
m6a_v3_formal_s7_seed630702,S7,630702,0,state_only_risk_roi,severe,9,1,35,5,31446,31051,0,0.0,0,0,0,,,,,,,0,0,,c8e7c345641602396904a6c88b41618a85ac813b97df4255a9a071ad84e37bbd
m6a_v3_formal_s7_seed630702,S7,630702,0,state_only_risk_roi,low,9,1,55,25,32336,31941,0,0.0,0,0,0,,,,,,,0,0,,7ae9e0cc8782fa30f25bbf608eb32bd424280ed891661fbfdbfce18102eee31b
m6a_v3_formal_s7_seed630702,S7,630702,0,state_only_risk_roi,medium,9,1,75,45,33087,32692,0,0.0,0,0,0,,,,,,,0,0,,ab1e42f2348c416ead3d297d7c7b2b8bf8cf8e0e206d536c2341bc8c6a21056f
m6a_v3_formal_s7_seed630702,S7,630702,0,state_only_risk_roi,high,9,1,95,65,33956,33561,0,0.0,0,0,0,,,,,,,0,0,,4362d7115b38060879f5ab74b4fc49ea92cbd9c310bed329b7719cf5fabf06a0
m6a_v3_formal_s7_seed630702,S7,630702,0,command_conditioned_risk_roi,severe,9,1,35,5,31455,31051,0,0.0,0,0,0,,,,,,,0,0,,c8e7c345641602396904a6c88b41618a85ac813b97df4255a9a071ad84e37bbd
m6a_v3_formal_s7_seed630702,S7,630702,0,command_conditioned_risk_roi,low,9,1,55,25,32345,31941,0,0.0,0,0,0,,,,,,,0,0,,7ae9e0cc8782fa30f25bbf608eb32bd424280ed891661fbfdbfce18102eee31b
m6a_v3_formal_s7_seed630702,S7,630702,0,command_conditioned_risk_roi,medium,9,1,75,45,33096,32692,0,0.0,0,0,0,,,,,,,0,0,,ab1e42f2348c416ead3d297d7c7b2b8bf8cf8e0e206d536c2341bc8c6a21056f
m6a_v3_formal_s7_seed630702,S7,630702,0,command_conditioned_risk_roi,high,9,1,95,65,33965,33561,0,0.0,0,0,0,,,,,,,0,0,,4362d7115b38060879f5ab74b4fc49ea92cbd9c310bed329b7719cf5fabf06a0
m6a_v3_formal_s7_seed630702,S7,630702,1,state_only_risk_roi,severe,9,1,15,1,31334,30939,0,0.0,0,0,0,,,,,,,0,0,,8889757839d214d2647a4e84fd36a9062bf0848a7dfecf85ce4359e6288823f0
m6a_v3_formal_s7_seed630702,S7,630702,1,state_only_risk_roi,low,9,1,55,25,32370,31975,0,0.0,0,0,0,,,,,,,0,0,,b15dfc461a2dd9f40a75aeb3c2f5e67d01cf7e0cce84aed05caa937017928c21
m6a_v3_formal_s7_seed630702,S7,630702,1,state_only_risk_roi,medium,9,1,75,45,33048,32653,0,0.0,0,0,0,,,,,,,0,0,,a76d131c1458f8719199665cb261784b3a3c854061c6301c5a21dccac6fd1f8c
m6a_v3_formal_s7_seed630702,S7,630702,1,state_only_risk_roi,high,9,1,95,65,33975,33580,0,0.0,0,0,0,,,,,,,0,0,,48e1ec45d7e8d632448f87cd50aa79c04e57c9019890a59d90129d7e09b96261
m6a_v3_formal_s7_seed630702,S7,630702,1,command_conditioned_risk_roi,severe,9,1,15,1,31343,30939,0,0.0,0,0,0,,,,,,,0,0,,8889757839d214d2647a4e84fd36a9062bf0848a7dfecf85ce4359e6288823f0
m6a_v3_formal_s7_seed630702,S7,630702,1,command_conditioned_risk_roi,low,9,1,35,5,31481,31077,0,0.0,0,0,0,,,,,,,0,0,,7e69638d858e221bd803a98f177de805a883afab2b8147de637fbbd720d64d2d
m6a_v3_formal_s7_seed630702,S7,630702,1,command_conditioned_risk_roi,medium,9,1,75,45,33057,32653,0,0.0,0,0,0,,,,,,,0,0,,a76d131c1458f8719199665cb261784b3a3c854061c6301c5a21dccac6fd1f8c
m6a_v3_formal_s7_seed630702,S7,630702,1,command_conditioned_risk_roi,high,9,1,95,65,33984,33580,0,0.0,0,0,0,,,,,,,0,0,,48e1ec45d7e8d632448f87cd50aa79c04e57c9019890a59d90129d7e09b96261
m6a_v3_formal_s7_seed630702,S7,630702,2,state_only_risk_roi,severe,9,2,35,5,31398,31003,23220,0.7489597780859917,11160,9,0,0.0,,74.93461768219832,29.383978649960017,,,0,0,,038747c70a19a9182f6b036ec026c3774dea121c49817380ba707d9423342bb7
m6a_v3_formal_s7_seed630702,S7,630702,2,state_only_risk_roi,low,9,2,55,25,32096,31701,23638,0.7456547112078483,11160,9,0,0.0,,22.287634408602152,34.65016385604826,,,0,0,,3e8943dbea00e7a5fc01b6b2591d0daff2eb7dfa0b7a9f1e08ef8a9a363ea7d2
m6a_v3_formal_s7_seed630702,S7,630702,2,state_only_risk_roi,medium,9,2,95,65,33113,32718,24202,0.7397151415123174,11160,9,0,0.0,,8.262664277180406,38.9596025370387,,,0,0,,6d1fc32114485cdfb5e6cb2805eb542f4a52e3de59b88b4da1fba2a5e744dc94
m6a_v3_formal_s7_seed630702,S7,630702,2,state_only_risk_roi,high,9,2,95,65,33113,32718,24202,0.7397151415123174,11160,9,0,0.0,,8.262664277180406,38.9596025370387,,,0,0,,6d1fc32114485cdfb5e6cb2805eb542f4a52e3de59b88b4da1fba2a5e744dc94
m6a_v3_formal_s7_seed630702,S7,630702,2,command_conditioned_risk_roi,severe,9,2,35,5,31407,31003,23220,0.7489597780859917,11160,9,0,0.0,,74.93461768219832,29.383978649960017,,,0,0,,038747c70a19a9182f6b036ec026c3774dea121c49817380ba707d9423342bb7
m6a_v3_formal_s7_seed630702,S7,630702,2,command_conditioned_risk_roi,low,9,2,55,25,32105,31701,23638,0.7456547112078483,11160,9,0,0.0,,22.287634408602152,34.65016385604826,,,0,0,,3e8943dbea00e7a5fc01b6b2591d0daff2eb7dfa0b7a9f1e08ef8a9a363ea7d2
m6a_v3_formal_s7_seed630702,S7,630702,2,command_conditioned_risk_roi,medium,9,2,95,65,33122,32718,24202,0.7397151415123174,11160,9,0,0.0,,8.262664277180406,38.9596025370387,,,0,0,,6d1fc32114485cdfb5e6cb2805eb542f4a52e3de59b88b4da1fba2a5e744dc94
m6a_v3_formal_s7_seed630702,S7,630702,2,command_conditioned_risk_roi,high,9,2,95,65,33122,32718,24202,0.7397151415123174,11160,9,0,0.0,,8.262664277180406,38.9596025370387,,,0,0,,6d1fc32114485cdfb5e6cb2805eb542f4a52e3de59b88b4da1fba2a5e744dc94
m6a_v3_formal_s7_seed630702,S7,630702,3,state_only_risk_roi,severe,9,1,35,5,31404,31009,7734,0.24941146118868715,4200,4,0,0.0,,86.28460317460318,28.771470547572587,,,0,0,,c29acfa71a3dc217a3953958ad650c136842c077ee8f2094234a8ccf8213caa8
m6a_v3_formal_s7_seed630702,S7,630702,3,state_only_risk_roi,low,9,1,55,25,32229,31834,7858,0.24684299805239682,4200,4,0,0.0,,26.13015873015873,33.95938312969032,,,0,0,,a24be13020e302a74be25b6c93d95b8fc5da41972420e2c1778c6d1ea54d0d0c
m6a_v3_formal_s7_seed630702,S7,630702,3,state_only_risk_roi,medium,9,1,75,45,32855,32460,7956,0.24510166358595195,4200,4,0,0.0,,15.790396825396826,36.14687316552169,,,0,0,,c29998418a1d425bf3332cabb53d4bc2ba170565db7e80a02fb8d1093c09e8c0
m6a_v3_formal_s7_seed630702,S7,630702,3,state_only_risk_roi,high,9,1,95,65,33614,33219,8059,0.24260212528974381,4200,4,0,0.0,,8.142142857142858,39.02341642887835,,,0,0,,1a830547f847591f5ea7f2cab87684e618bbc27de83879523f2664cd03509a60
m6a_v3_formal_s7_seed630702,S7,630702,3,command_conditioned_risk_roi,severe,11,1,35,5,31417,31009,7734,0.24941146118868715,4200,4,0,0.0,,86.28460317460318,28.771470547572587,,,0,0,,c29acfa71a3dc217a3953958ad650c136842c077ee8f2094234a8ccf8213caa8
m6a_v3_formal_s7_seed630702,S7,630702,3,command_conditioned_risk_roi,low,11,1,55,25,32242,31834,7858,0.24684299805239682,4200,4,0,0.0,,26.13015873015873,33.95938312969032,,,0,0,,a24be13020e302a74be25b6c93d95b8fc5da41972420e2c1778c6d1ea54d0d0c
m6a_v3_formal_s7_seed630702,S7,630702,3,command_conditioned_risk_roi,medium,11,1,75,45,32868,32460,7956,0.24510166358595195,4200,4,0,0.0,,15.790396825396826,36.14687316552169,,,0,0,,c29998418a1d425bf3332cabb53d4bc2ba170565db7e80a02fb8d1093c09e8c0
m6a_v3_formal_s7_seed630702,S7,630702,3,command_conditioned_risk_roi,high,11,1,95,65,33627,33219,8059,0.24260212528974381,4200,4,0,0.0,,8.142142857142858,39.02341642887835,,,0,0,,1a830547f847591f5ea7f2cab87684e618bbc27de83879523f2664cd03509a60
m6a_v3_formal_s7_seed630703,S7,630703,0,state_only_risk_roi,severe,9,1,35,5,31447,31052,0,0.0,0,0,0,,,,,,,0,0,,db8821de10e960ec02a45ec8408d44a1f1d44e81be89837500ec0a3761630977
m6a_v3_formal_s7_seed630703,S7,630703,0,state_only_risk_roi,low,9,1,55,25,32336,31941,0,0.0,0,0,0,,,,,,,0,0,,cd8979f4a94ef66818f011367755c69ee8894ecd47a4f0f75dee26943bf90228
m6a_v3_formal_s7_seed630703,S7,630703,0,state_only_risk_roi,medium,9,1,75,45,33090,32695,0,0.0,0,0,0,,,,,,,0,0,,f16c3390634ccb1e24b0ffe7de8c7aa9ffef0a743c0d97067ef11f955239348a
m6a_v3_formal_s7_seed630703,S7,630703,0,state_only_risk_roi,high,9,1,95,65,33959,33564,0,0.0,0,0,0,,,,,,,0,0,,48e505e34c28a9a7b0a9586e64c9f6c41506c87bcd3f83e690baad99d04d26a7
m6a_v3_formal_s7_seed630703,S7,630703,0,command_conditioned_risk_roi,severe,9,1,35,5,31456,31052,0,0.0,0,0,0,,,,,,,0,0,,db8821de10e960ec02a45ec8408d44a1f1d44e81be89837500ec0a3761630977
m6a_v3_formal_s7_seed630703,S7,630703,0,command_conditioned_risk_roi,low,9,1,55,25,32345,31941,0,0.0,0,0,0,,,,,,,0,0,,cd8979f4a94ef66818f011367755c69ee8894ecd47a4f0f75dee26943bf90228
m6a_v3_formal_s7_seed630703,S7,630703,0,command_conditioned_risk_roi,medium,9,1,75,45,33099,32695,0,0.0,0,0,0,,,,,,,0,0,,f16c3390634ccb1e24b0ffe7de8c7aa9ffef0a743c0d97067ef11f955239348a
m6a_v3_formal_s7_seed630703,S7,630703,0,command_conditioned_risk_roi,high,9,1,95,65,33968,33564,0,0.0,0,0,0,,,,,,,0,0,,48e505e34c28a9a7b0a9586e64c9f6c41506c87bcd3f83e690baad99d04d26a7
m6a_v3_formal_s7_seed630703,S7,630703,1,state_only_risk_roi,severe,9,1,15,1,31328,30933,0,0.0,0,0,0,,,,,,,0,0,,bb99540105c7806b87d489f3cce3845e9e55fc668cab473840f471254106091d
m6a_v3_formal_s7_seed630703,S7,630703,1,state_only_risk_roi,low,9,1,55,25,32355,31960,0,0.0,0,0,0,,,,,,,0,0,,bc2b28df71b2a1ffee28a8479bfd6e8e2ec82ead104f9cae81cd9452f3b1bf74
m6a_v3_formal_s7_seed630703,S7,630703,1,state_only_risk_roi,medium,9,1,75,45,33033,32638,0,0.0,0,0,0,,,,,,,0,0,,b352caa44bbcdd04d5f2bf201b2615d2a140c48cfc3c298a6fbe197dddd1f83a
m6a_v3_formal_s7_seed630703,S7,630703,1,state_only_risk_roi,high,9,1,95,65,33955,33560,0,0.0,0,0,0,,,,,,,0,0,,9981b9ee0e901def6704386f1b2a3bd2132803317588936bf34001c052056890
m6a_v3_formal_s7_seed630703,S7,630703,1,command_conditioned_risk_roi,severe,9,1,15,1,31337,30933,0,0.0,0,0,0,,,,,,,0,0,,bb99540105c7806b87d489f3cce3845e9e55fc668cab473840f471254106091d
m6a_v3_formal_s7_seed630703,S7,630703,1,command_conditioned_risk_roi,low,9,1,55,25,32364,31960,0,0.0,0,0,0,,,,,,,0,0,,bc2b28df71b2a1ffee28a8479bfd6e8e2ec82ead104f9cae81cd9452f3b1bf74
m6a_v3_formal_s7_seed630703,S7,630703,1,command_conditioned_risk_roi,medium,9,1,75,45,33042,32638,0,0.0,0,0,0,,,,,,,0,0,,b352caa44bbcdd04d5f2bf201b2615d2a140c48cfc3c298a6fbe197dddd1f83a
m6a_v3_formal_s7_seed630703,S7,630703,1,command_conditioned_risk_roi,high,9,1,95,65,33964,33560,0,0.0,0,0,0,,,,,,,0,0,,9981b9ee0e901def6704386f1b2a3bd2132803317588936bf34001c052056890
m6a_v3_formal_s7_seed630703,S7,630703,2,state_only_risk_roi,severe,9,2,35,5,31399,31004,23221,0.7489678751128886,11221,15,0,0.0,,75.19380328550635,29.36898308970393,,,0,0,,34d2c24402d820c1418071ec0767119528e824537613569813163c462a285223
m6a_v3_formal_s7_seed630703,S7,630703,2,state_only_risk_roi,low,9,2,55,25,32095,31700,23630,0.7454258675078864,11221,15,0,0.0,,23.68701541752072,34.38570018142547,,,0,0,,0489dea346d5b00036e742397371a254b3d54fef3a531d97d6bb42804c72dab3
m6a_v3_formal_s7_seed630703,S7,630703,2,state_only_risk_roi,medium,9,2,95,65,33108,32713,24200,0.7397670650811604,11221,15,0,0.0,,8.676499420728991,38.74735818744709,,,0,0,,471a3cdbf2eedf68413e014d6e2fa6f024f8afecae28c7b3d2855e665773fbba
m6a_v3_formal_s7_seed630703,S7,630703,2,state_only_risk_roi,high,9,2,95,65,33108,32713,24200,0.7397670650811604,11221,15,0,0.0,,8.676499420728991,38.74735818744709,,,0,0,,471a3cdbf2eedf68413e014d6e2fa6f024f8afecae28c7b3d2855e665773fbba
m6a_v3_formal_s7_seed630703,S7,630703,2,command_conditioned_risk_roi,severe,9,2,35,5,31408,31004,23221,0.7489678751128886,11221,15,0,0.0,,75.19380328550635,29.36898308970393,,,0,0,,34d2c24402d820c1418071ec0767119528e824537613569813163c462a285223
m6a_v3_formal_s7_seed630703,S7,630703,2,command_conditioned_risk_roi,low,9,2,55,25,32104,31700,23630,0.7454258675078864,11221,15,0,0.0,,23.68701541752072,34.38570018142547,,,0,0,,0489dea346d5b00036e742397371a254b3d54fef3a531d97d6bb42804c72dab3
m6a_v3_formal_s7_seed630703,S7,630703,2,command_conditioned_risk_roi,medium,9,2,95,65,33117,32713,24200,0.7397670650811604,11221,15,0,0.0,,8.676499420728991,38.74735818744709,,,0,0,,471a3cdbf2eedf68413e014d6e2fa6f024f8afecae28c7b3d2855e665773fbba
m6a_v3_formal_s7_seed630703,S7,630703,2,command_conditioned_risk_roi,high,9,2,95,65,33117,32713,24200,0.7397670650811604,11221,15,0,0.0,,8.676499420728991,38.74735818744709,,,0,0,,471a3cdbf2eedf68413e014d6e2fa6f024f8afecae28c7b3d2855e665773fbba
m6a_v3_formal_s7_seed630703,S7,630703,3,state_only_risk_roi,severe,9,1,35,5,31407,31012,7733,0.24935508835289566,4320,1,0,0.0,,82.40902777777778,28.97105570295662,,,0,0,,1038018a53ce5f3031ea30edec0e041fc7f04e22bf2aa9efe44000011b175cae
m6a_v3_formal_s7_seed630703,S7,630703,3,state_only_risk_roi,low,9,1,55,25,32220,31825,7845,0.24650432050274942,4320,1,0,0.0,,16.23263888888889,36.02691233418604,,,0,0,,74863378d21c0be8a8d80074e4b45ff5e1a20b607355fd427bbc1f069ae09704
m6a_v3_formal_s7_seed630703,S7,630703,3,state_only_risk_roi,medium,9,1,75,45,32831,32436,7929,0.24445061043285238,4320,1,0,0.0,,11.827854938271605,37.40174371349178,,,0,0,,df3fdb919b6ab462ee2b79309eecd5a05a93c08aabb194139ebf062850488178
m6a_v3_formal_s7_seed630703,S7,630703,3,state_only_risk_roi,high,9,1,95,65,33602,33207,8022,0.24157557141566538,4320,1,0,0.0,,6.5606481481481485,39.961336139832234,,,0,0,,a91f0174de40773614d914de56c16c5ff9f6920daa159ff02c3aecef63d1033a
m6a_v3_formal_s7_seed630703,S7,630703,3,command_conditioned_risk_roi,severe,11,1,35,5,31420,31012,7733,0.24935508835289566,4320,1,0,0.0,,82.40902777777778,28.97105570295662,,,0,0,,1038018a53ce5f3031ea30edec0e041fc7f04e22bf2aa9efe44000011b175cae
m6a_v3_formal_s7_seed630703,S7,630703,3,command_conditioned_risk_roi,low,11,1,55,25,32233,31825,7845,0.24650432050274942,4320,1,0,0.0,,16.23263888888889,36.02691233418604,,,0,0,,74863378d21c0be8a8d80074e4b45ff5e1a20b607355fd427bbc1f069ae09704
m6a_v3_formal_s7_seed630703,S7,630703,3,command_conditioned_risk_roi,medium,11,1,75,45,32844,32436,7929,0.24445061043285238,4320,1,0,0.0,,11.827854938271605,37.40174371349178,,,0,0,,df3fdb919b6ab462ee2b79309eecd5a05a93c08aabb194139ebf062850488178
m6a_v3_formal_s7_seed630703,S7,630703,3,command_conditioned_risk_roi,high,11,1,95,65,33615,33207,8022,0.24157557141566538,4320,1,0,0.0,,6.5606481481481485,39.961336139832234,,,0,0,,a91f0174de40773614d914de56c16c5ff9f6920daa159ff02c3aecef63d1033a
m6a_v3_formal_s8_seed630800,S8,630800,0,state_only_risk_roi,severe,9,1,35,5,31445,31050,0,0.0,0,0,0,,,,,,,0,0,,1e9915a5bb88baa7a06254e8f5319106c0c77232fad9764daf32cc83c9925c42
m6a_v3_formal_s8_seed630800,S8,630800,0,state_only_risk_roi,low,9,1,55,25,32268,31873,0,0.0,0,0,0,,,,,,,0,0,,1d057e48d9bee940db3bb398b76fb67d211907fb6e4f249352c095caceb567a4
m6a_v3_formal_s8_seed630800,S8,630800,0,state_only_risk_roi,medium,9,1,75,45,32986,32591,0,0.0,0,0,0,,,,,,,0,0,,964ef5bd21d55c5a5c1b2390096ed5d4e68a07ca933f0f13d55631e29e86d096
m6a_v3_formal_s8_seed630800,S8,630800,0,state_only_risk_roi,high,9,1,95,65,33800,33405,0,0.0,0,0,0,,,,,,,0,0,,1494b273c5837a83140cd9c70dd27be760ee657eb2db728b6cc4a832213253d1
m6a_v3_formal_s8_seed630800,S8,630800,0,command_conditioned_risk_roi,severe,9,1,35,5,31454,31050,0,0.0,0,0,0,,,,,,,0,0,,1e9915a5bb88baa7a06254e8f5319106c0c77232fad9764daf32cc83c9925c42
m6a_v3_formal_s8_seed630800,S8,630800,0,command_conditioned_risk_roi,low,9,1,55,25,32277,31873,0,0.0,0,0,0,,,,,,,0,0,,1d057e48d9bee940db3bb398b76fb67d211907fb6e4f249352c095caceb567a4
m6a_v3_formal_s8_seed630800,S8,630800,0,command_conditioned_risk_roi,medium,9,1,75,45,32995,32591,0,0.0,0,0,0,,,,,,,0,0,,964ef5bd21d55c5a5c1b2390096ed5d4e68a07ca933f0f13d55631e29e86d096
m6a_v3_formal_s8_seed630800,S8,630800,0,command_conditioned_risk_roi,high,9,1,95,65,33809,33405,0,0.0,0,0,0,,,,,,,0,0,,1494b273c5837a83140cd9c70dd27be760ee657eb2db728b6cc4a832213253d1
m6a_v3_formal_s8_seed630800,S8,630800,1,state_only_risk_roi,severe,9,1,35,5,31427,31032,0,0.0,0,0,0,,,,,,,0,0,,a6e3d7b3687f4b4b7b8bdd9a47352fccbfbf2b57f7eface4fb3fe7e16973d305
m6a_v3_formal_s8_seed630800,S8,630800,1,state_only_risk_roi,low,9,1,55,25,32249,31854,0,0.0,0,0,0,,,,,,,0,0,,e997c9609b5321ff6ab6171518064793806f7e9f6229d9a7af7e95dfb9963fc4
m6a_v3_formal_s8_seed630800,S8,630800,1,state_only_risk_roi,medium,9,1,75,45,32893,32498,0,0.0,0,0,0,,,,,,,0,0,,b9142f627c3a3995e7937b97ff69b8fb4c50dbb832754399b27d5a5135aaa748
m6a_v3_formal_s8_seed630800,S8,630800,1,state_only_risk_roi,high,9,1,95,65,33772,33377,0,0.0,0,0,0,,,,,,,0,0,,632461106434c61377adbedd343e768881b0f77ff503d253cc60c24f0ca237da
m6a_v3_formal_s8_seed630800,S8,630800,1,command_conditioned_risk_roi,severe,9,1,35,5,31436,31032,0,0.0,0,0,0,,,,,,,0,0,,a6e3d7b3687f4b4b7b8bdd9a47352fccbfbf2b57f7eface4fb3fe7e16973d305
m6a_v3_formal_s8_seed630800,S8,630800,1,command_conditioned_risk_roi,low,9,1,55,25,32258,31854,0,0.0,0,0,0,,,,,,,0,0,,e997c9609b5321ff6ab6171518064793806f7e9f6229d9a7af7e95dfb9963fc4
m6a_v3_formal_s8_seed630800,S8,630800,1,command_conditioned_risk_roi,medium,9,1,75,45,32902,32498,0,0.0,0,0,0,,,,,,,0,0,,b9142f627c3a3995e7937b97ff69b8fb4c50dbb832754399b27d5a5135aaa748
m6a_v3_formal_s8_seed630800,S8,630800,1,command_conditioned_risk_roi,high,9,1,95,65,33781,33377,0,0.0,0,0,0,,,,,,,0,0,,632461106434c61377adbedd343e768881b0f77ff503d253cc60c24f0ca237da
m6a_v3_formal_s8_seed630800,S8,630800,2,state_only_risk_roi,severe,9,2,15,1,31330,30935,0,0.0,0,0,0,,,,,,,0,0,,10ae3960f05db70a8cc743b61f1ffcf00b0cdd396874ca064b7f9432ba5dea7e
m6a_v3_formal_s8_seed630800,S8,630800,2,state_only_risk_roi,low,9,2,55,25,32327,31932,0,0.0,0,0,0,,,,,,,0,0,,c01493ef304608b2e7029ed485d19bbe546bf52a1799e9adc614e62e8757f9d4
m6a_v3_formal_s8_seed630800,S8,630800,2,state_only_risk_roi,medium,9,2,75,45,33058,32663,0,0.0,0,0,0,,,,,,,0,0,,36b611b8043defc032942e33313d627c16bd8ac5b598a662d444e9f28b74017c
m6a_v3_formal_s8_seed630800,S8,630800,2,state_only_risk_roi,high,9,2,95,65,33992,33597,0,0.0,0,0,0,,,,,,,0,0,,52b0f76f7943aa2a619aaef0fb39c1f4dfeb7e36de31c1dd6404220deb9f0788
m6a_v3_formal_s8_seed630800,S8,630800,2,command_conditioned_risk_roi,severe,9,2,15,1,31339,30935,0,0.0,0,0,0,,,,,,,0,0,,10ae3960f05db70a8cc743b61f1ffcf00b0cdd396874ca064b7f9432ba5dea7e
m6a_v3_formal_s8_seed630800,S8,630800,2,command_conditioned_risk_roi,low,9,2,55,25,32336,31932,0,0.0,0,0,0,,,,,,,0,0,,c01493ef304608b2e7029ed485d19bbe546bf52a1799e9adc614e62e8757f9d4
m6a_v3_formal_s8_seed630800,S8,630800,2,command_conditioned_risk_roi,medium,9,2,75,45,33067,32663,0,0.0,0,0,0,,,,,,,0,0,,36b611b8043defc032942e33313d627c16bd8ac5b598a662d444e9f28b74017c
m6a_v3_formal_s8_seed630800,S8,630800,2,command_conditioned_risk_roi,high,9,2,95,65,34001,33597,0,0.0,0,0,0,,,,,,,0,0,,52b0f76f7943aa2a619aaef0fb39c1f4dfeb7e36de31c1dd6404220deb9f0788
m6a_v3_formal_s8_seed630800,S8,630800,3,state_only_risk_roi,severe,9,1,35,5,31412,31017,0,0.0,0,0,0,,,,,,,0,0,,769512600c0785b4723887aba10dce4360636e4e5325e8f67de87ede829479d4
m6a_v3_formal_s8_seed630800,S8,630800,3,state_only_risk_roi,low,9,1,55,25,32225,31830,0,0.0,0,0,0,,,,,,,0,0,,f815421613dfc2dbf77f2394d008063cc04db66cfc1745ae257f4379f452cd65
m6a_v3_formal_s8_seed630800,S8,630800,3,state_only_risk_roi,medium,9,1,75,45,32950,32555,0,0.0,0,0,0,,,,,,,0,0,,32e666b5560b0cc6b6774a625f7c2fd95c563ddecbf5d32422f410d15e67103c
m6a_v3_formal_s8_seed630800,S8,630800,3,state_only_risk_roi,high,9,1,95,65,33756,33361,0,0.0,0,0,0,,,,,,,0,0,,af79cc2e45a79e79172570d03ad9180872ed903065ae249a3ddbb357336707d9
m6a_v3_formal_s8_seed630800,S8,630800,3,command_conditioned_risk_roi,severe,9,1,35,5,31421,31017,0,0.0,0,0,0,,,,,,,0,0,,769512600c0785b4723887aba10dce4360636e4e5325e8f67de87ede829479d4
m6a_v3_formal_s8_seed630800,S8,630800,3,command_conditioned_risk_roi,low,9,1,55,25,32234,31830,0,0.0,0,0,0,,,,,,,0,0,,f815421613dfc2dbf77f2394d008063cc04db66cfc1745ae257f4379f452cd65
m6a_v3_formal_s8_seed630800,S8,630800,3,command_conditioned_risk_roi,medium,9,1,75,45,32959,32555,0,0.0,0,0,0,,,,,,,0,0,,32e666b5560b0cc6b6774a625f7c2fd95c563ddecbf5d32422f410d15e67103c
m6a_v3_formal_s8_seed630800,S8,630800,3,command_conditioned_risk_roi,high,9,1,95,65,33765,33361,0,0.0,0,0,0,,,,,,,0,0,,af79cc2e45a79e79172570d03ad9180872ed903065ae249a3ddbb357336707d9
m6a_v3_formal_s8_seed630801,S8,630801,0,state_only_risk_roi,severe,9,1,35,5,31446,31051,0,0.0,0,0,0,,,,,,,0,0,,951ff2e5d5649954cd312572b91160acc16ef05147123b5ca68a50d3af70f699
m6a_v3_formal_s8_seed630801,S8,630801,0,state_only_risk_roi,low,9,1,55,25,32270,31875,0,0.0,0,0,0,,,,,,,0,0,,df1183d67dd4fb0e2b8a175d84d56f31acb691ddefc70640eef94c952c979aeb
m6a_v3_formal_s8_seed630801,S8,630801,0,state_only_risk_roi,medium,9,1,75,45,32994,32599,0,0.0,0,0,0,,,,,,,0,0,,ff3e411f8c5919bdb842f6b85deb4ab6360f7affd948c9bc61b2c2b825386af5
m6a_v3_formal_s8_seed630801,S8,630801,0,state_only_risk_roi,high,9,1,95,65,33810,33415,0,0.0,0,0,0,,,,,,,0,0,,5d2d6eb977756986b5d17386ff7d5c39ada10d8c0bd1a1c39cb784cd4389488f
m6a_v3_formal_s8_seed630801,S8,630801,0,command_conditioned_risk_roi,severe,9,1,35,5,31455,31051,0,0.0,0,0,0,,,,,,,0,0,,951ff2e5d5649954cd312572b91160acc16ef05147123b5ca68a50d3af70f699
m6a_v3_formal_s8_seed630801,S8,630801,0,command_conditioned_risk_roi,low,9,1,55,25,32279,31875,0,0.0,0,0,0,,,,,,,0,0,,df1183d67dd4fb0e2b8a175d84d56f31acb691ddefc70640eef94c952c979aeb
m6a_v3_formal_s8_seed630801,S8,630801,0,command_conditioned_risk_roi,medium,9,1,75,45,33003,32599,0,0.0,0,0,0,,,,,,,0,0,,ff3e411f8c5919bdb842f6b85deb4ab6360f7affd948c9bc61b2c2b825386af5
m6a_v3_formal_s8_seed630801,S8,630801,0,command_conditioned_risk_roi,high,9,1,95,65,33819,33415,0,0.0,0,0,0,,,,,,,0,0,,5d2d6eb977756986b5d17386ff7d5c39ada10d8c0bd1a1c39cb784cd4389488f
m6a_v3_formal_s8_seed630801,S8,630801,1,state_only_risk_roi,severe,9,1,35,5,31424,31029,0,0.0,0,0,0,,,,,,,0,0,,00364d4fdfed9ddd6d9c4e46c98120882f9e398d7c86d7fd6898dfd3e640db05
m6a_v3_formal_s8_seed630801,S8,630801,1,state_only_risk_roi,low,9,1,55,25,32228,31833,0,0.0,0,0,0,,,,,,,0,0,,a5554cf36672760dc892ce76e8d112f677e0001d1375628bc236d3dcb5340031
m6a_v3_formal_s8_seed630801,S8,630801,1,state_only_risk_roi,medium,9,1,75,45,32861,32466,0,0.0,0,0,0,,,,,,,0,0,,79d22b419431fe1f41af52514ea369f0e4007a4b750f19c2dfefe331fbfe478e
m6a_v3_formal_s8_seed630801,S8,630801,1,state_only_risk_roi,high,9,1,95,65,33734,33339,0,0.0,0,0,0,,,,,,,0,0,,84088f567850b613e9ba8752b63e4a2b8fb0f3a7e7ef7176ee569fa4256454af
m6a_v3_formal_s8_seed630801,S8,630801,1,command_conditioned_risk_roi,severe,9,1,35,5,31433,31029,0,0.0,0,0,0,,,,,,,0,0,,00364d4fdfed9ddd6d9c4e46c98120882f9e398d7c86d7fd6898dfd3e640db05
m6a_v3_formal_s8_seed630801,S8,630801,1,command_conditioned_risk_roi,low,9,1,55,25,32237,31833,0,0.0,0,0,0,,,,,,,0,0,,a5554cf36672760dc892ce76e8d112f677e0001d1375628bc236d3dcb5340031
m6a_v3_formal_s8_seed630801,S8,630801,1,command_conditioned_risk_roi,medium,9,1,75,45,32870,32466,0,0.0,0,0,0,,,,,,,0,0,,79d22b419431fe1f41af52514ea369f0e4007a4b750f19c2dfefe331fbfe478e
m6a_v3_formal_s8_seed630801,S8,630801,1,command_conditioned_risk_roi,high,9,1,95,65,33743,33339,0,0.0,0,0,0,,,,,,,0,0,,84088f567850b613e9ba8752b63e4a2b8fb0f3a7e7ef7176ee569fa4256454af
m6a_v3_formal_s8_seed630801,S8,630801,2,state_only_risk_roi,severe,9,2,15,1,31329,30934,0,0.0,0,0,0,,,,,,,0,0,,1714f2343e4c28abcf966b3f32126ef0f15fdf50610548b70384f4d69959eb5e
m6a_v3_formal_s8_seed630801,S8,630801,2,state_only_risk_roi,low,9,2,55,25,32329,31934,0,0.0,0,0,0,,,,,,,0,0,,b7b8b275bb4b7b38512f5812bc8210c66932550c96e8ff2219a53eff29391c5f
m6a_v3_formal_s8_seed630801,S8,630801,2,state_only_risk_roi,medium,9,2,75,45,33061,32666,0,0.0,0,0,0,,,,,,,0,0,,b0894a5171ebb5b2aaa161915536932904299d96116c3762a193fb3d43087d6d
m6a_v3_formal_s8_seed630801,S8,630801,2,state_only_risk_roi,high,9,2,95,65,33988,33593,0,0.0,0,0,0,,,,,,,0,0,,7a2d1e600dd3de1465ce0d156bc9c8098c6e8b5862c4d6caa91355a156a52027
m6a_v3_formal_s8_seed630801,S8,630801,2,command_conditioned_risk_roi,severe,9,2,15,1,31338,30934,0,0.0,0,0,0,,,,,,,0,0,,1714f2343e4c28abcf966b3f32126ef0f15fdf50610548b70384f4d69959eb5e
m6a_v3_formal_s8_seed630801,S8,630801,2,command_conditioned_risk_roi,low,9,2,55,25,32338,31934,0,0.0,0,0,0,,,,,,,0,0,,b7b8b275bb4b7b38512f5812bc8210c66932550c96e8ff2219a53eff29391c5f
m6a_v3_formal_s8_seed630801,S8,630801,2,command_conditioned_risk_roi,medium,9,2,75,45,33070,32666,0,0.0,0,0,0,,,,,,,0,0,,b0894a5171ebb5b2aaa161915536932904299d96116c3762a193fb3d43087d6d
m6a_v3_formal_s8_seed630801,S8,630801,2,command_conditioned_risk_roi,high,9,2,95,65,33997,33593,0,0.0,0,0,0,,,,,,,0,0,,7a2d1e600dd3de1465ce0d156bc9c8098c6e8b5862c4d6caa91355a156a52027
m6a_v3_formal_s8_seed630801,S8,630801,3,state_only_risk_roi,severe,9,1,35,5,31416,31021,0,0.0,0,0,0,,,,,,,0,0,,545cebe611f1d47cae61a4ce8b3b070e7f86d53deef7bb953c60a3d8159d1104
m6a_v3_formal_s8_seed630801,S8,630801,3,state_only_risk_roi,low,9,1,55,25,32227,31832,0,0.0,0,0,0,,,,,,,0,0,,ead8ccf66fea7105166e8802e65601ad3887040b9c14b1ef86c83bd4eb58c622
m6a_v3_formal_s8_seed630801,S8,630801,3,state_only_risk_roi,medium,9,1,75,45,32950,32555,0,0.0,0,0,0,,,,,,,0,0,,735cbacfe420227c7ca49ade5ee54ba543b00127fae4f778c59279481e1e7419
m6a_v3_formal_s8_seed630801,S8,630801,3,state_only_risk_roi,high,9,1,95,65,33753,33358,0,0.0,0,0,0,,,,,,,0,0,,5d623ae3fb543fd0264c5794436ac598fcfd0c6deeea7b7cf7946a668ec0cee2
m6a_v3_formal_s8_seed630801,S8,630801,3,command_conditioned_risk_roi,severe,9,1,35,5,31425,31021,0,0.0,0,0,0,,,,,,,0,0,,545cebe611f1d47cae61a4ce8b3b070e7f86d53deef7bb953c60a3d8159d1104
m6a_v3_formal_s8_seed630801,S8,630801,3,command_conditioned_risk_roi,low,9,1,55,25,32236,31832,0,0.0,0,0,0,,,,,,,0,0,,ead8ccf66fea7105166e8802e65601ad3887040b9c14b1ef86c83bd4eb58c622
m6a_v3_formal_s8_seed630801,S8,630801,3,command_conditioned_risk_roi,medium,9,1,75,45,32959,32555,0,0.0,0,0,0,,,,,,,0,0,,735cbacfe420227c7ca49ade5ee54ba543b00127fae4f778c59279481e1e7419
m6a_v3_formal_s8_seed630801,S8,630801,3,command_conditioned_risk_roi,high,9,1,95,65,33762,33358,0,0.0,0,0,0,,,,,,,0,0,,5d623ae3fb543fd0264c5794436ac598fcfd0c6deeea7b7cf7946a668ec0cee2
m6a_v3_formal_s8_seed630802,S8,630802,0,state_only_risk_roi,severe,9,1,35,5,31446,31051,0,0.0,0,0,0,,,,,,,0,0,,60308780e7be7816bcc0780088435b1f61de60591ad3bf502eee77ec830e169e
m6a_v3_formal_s8_seed630802,S8,630802,0,state_only_risk_roi,low,9,1,55,25,32258,31863,0,0.0,0,0,0,,,,,,,0,0,,68edb5fefee4ea47f48e5505ccb4678be075ee1d3ef0b3da60b68ea429e8e8c3
m6a_v3_formal_s8_seed630802,S8,630802,0,state_only_risk_roi,medium,9,1,75,45,32973,32578,0,0.0,0,0,0,,,,,,,0,0,,dea392b8a9916a5cc4ce1d6cbcd63fc96946ea636c6a4604d1a62e85f894106a
m6a_v3_formal_s8_seed630802,S8,630802,0,state_only_risk_roi,high,9,1,95,65,33778,33383,0,0.0,0,0,0,,,,,,,0,0,,fc13d20e88745f4135a3922873519d73e63c8101b610b1c91f693d1d279bb0be
m6a_v3_formal_s8_seed630802,S8,630802,0,command_conditioned_risk_roi,severe,9,1,35,5,31455,31051,0,0.0,0,0,0,,,,,,,0,0,,60308780e7be7816bcc0780088435b1f61de60591ad3bf502eee77ec830e169e
m6a_v3_formal_s8_seed630802,S8,630802,0,command_conditioned_risk_roi,low,9,1,55,25,32267,31863,0,0.0,0,0,0,,,,,,,0,0,,68edb5fefee4ea47f48e5505ccb4678be075ee1d3ef0b3da60b68ea429e8e8c3
m6a_v3_formal_s8_seed630802,S8,630802,0,command_conditioned_risk_roi,medium,9,1,75,45,32982,32578,0,0.0,0,0,0,,,,,,,0,0,,dea392b8a9916a5cc4ce1d6cbcd63fc96946ea636c6a4604d1a62e85f894106a
m6a_v3_formal_s8_seed630802,S8,630802,0,command_conditioned_risk_roi,high,9,1,95,65,33787,33383,0,0.0,0,0,0,,,,,,,0,0,,fc13d20e88745f4135a3922873519d73e63c8101b610b1c91f693d1d279bb0be
m6a_v3_formal_s8_seed630802,S8,630802,1,state_only_risk_roi,severe,9,1,35,5,31421,31026,0,0.0,0,0,0,,,,,,,0,0,,72270756404cd5602e0eeb3d243c5cb675b8a763d56acca7050e11d497ba15ca
m6a_v3_formal_s8_seed630802,S8,630802,1,state_only_risk_roi,low,9,1,55,25,32223,31828,0,0.0,0,0,0,,,,,,,0,0,,462b9c82e11eef6ff7cee0088b70482b401a6de665a001a80869dd8bc56c8479
m6a_v3_formal_s8_seed630802,S8,630802,1,state_only_risk_roi,medium,9,1,75,45,32851,32456,0,0.0,0,0,0,,,,,,,0,0,,15b5ae9585fdef00c7382c42ec7990c48fb362ed43523c76aec749a543116421
m6a_v3_formal_s8_seed630802,S8,630802,1,state_only_risk_roi,high,9,1,95,65,33725,33330,0,0.0,0,0,0,,,,,,,0,0,,745772923ddc4277fd2a5a8e2a6db6124a5bf9ebff38dc77d1515a9d82772550
m6a_v3_formal_s8_seed630802,S8,630802,1,command_conditioned_risk_roi,severe,9,1,35,5,31430,31026,0,0.0,0,0,0,,,,,,,0,0,,72270756404cd5602e0eeb3d243c5cb675b8a763d56acca7050e11d497ba15ca
m6a_v3_formal_s8_seed630802,S8,630802,1,command_conditioned_risk_roi,low,9,1,55,25,32232,31828,0,0.0,0,0,0,,,,,,,0,0,,462b9c82e11eef6ff7cee0088b70482b401a6de665a001a80869dd8bc56c8479
m6a_v3_formal_s8_seed630802,S8,630802,1,command_conditioned_risk_roi,medium,9,1,75,45,32860,32456,0,0.0,0,0,0,,,,,,,0,0,,15b5ae9585fdef00c7382c42ec7990c48fb362ed43523c76aec749a543116421
m6a_v3_formal_s8_seed630802,S8,630802,1,command_conditioned_risk_roi,high,9,1,95,65,33734,33330,0,0.0,0,0,0,,,,,,,0,0,,745772923ddc4277fd2a5a8e2a6db6124a5bf9ebff38dc77d1515a9d82772550
m6a_v3_formal_s8_seed630802,S8,630802,2,state_only_risk_roi,severe,9,2,15,1,31328,30933,0,0.0,0,0,0,,,,,,,0,0,,0f87aab1f71d8aff51188bbc749208cce058c309520814413f7ce8db87587e8f
m6a_v3_formal_s8_seed630802,S8,630802,2,state_only_risk_roi,low,9,2,55,25,32330,31935,0,0.0,0,0,0,,,,,,,0,0,,2115ec6037265bd088c0f6f888daf09356b73b27709800bf3225457bfb702b35
m6a_v3_formal_s8_seed630802,S8,630802,2,state_only_risk_roi,medium,9,2,75,45,33063,32668,0,0.0,0,0,0,,,,,,,0,0,,b24cdaf5bd87ebc5a9b9cdeb2d6f1ac363d398e2ced1afde4cdda9650fe21ecb
m6a_v3_formal_s8_seed630802,S8,630802,2,state_only_risk_roi,high,9,2,95,65,33999,33604,0,0.0,0,0,0,,,,,,,0,0,,d43e649ff14f5b4f9227a61391189815e55e86e1934766d6e2886e5ad0660d1c
m6a_v3_formal_s8_seed630802,S8,630802,2,command_conditioned_risk_roi,severe,9,2,15,1,31337,30933,0,0.0,0,0,0,,,,,,,0,0,,0f87aab1f71d8aff51188bbc749208cce058c309520814413f7ce8db87587e8f
m6a_v3_formal_s8_seed630802,S8,630802,2,command_conditioned_risk_roi,low,9,2,55,25,32339,31935,0,0.0,0,0,0,,,,,,,0,0,,2115ec6037265bd088c0f6f888daf09356b73b27709800bf3225457bfb702b35
m6a_v3_formal_s8_seed630802,S8,630802,2,command_conditioned_risk_roi,medium,9,2,75,45,33072,32668,0,0.0,0,0,0,,,,,,,0,0,,b24cdaf5bd87ebc5a9b9cdeb2d6f1ac363d398e2ced1afde4cdda9650fe21ecb
m6a_v3_formal_s8_seed630802,S8,630802,2,command_conditioned_risk_roi,high,9,2,95,65,34008,33604,0,0.0,0,0,0,,,,,,,0,0,,d43e649ff14f5b4f9227a61391189815e55e86e1934766d6e2886e5ad0660d1c
m6a_v3_formal_s8_seed630802,S8,630802,3,state_only_risk_roi,severe,9,1,35,5,31427,31032,0,0.0,0,0,0,,,,,,,0,0,,0112da21b891e7907a10748d48700dec939b29c8bc0f0b99ccc0d8c35fa8d8ff
m6a_v3_formal_s8_seed630802,S8,630802,3,state_only_risk_roi,low,9,1,55,25,32274,31879,0,0.0,0,0,0,,,,,,,0,0,,52bcf896c4030ceb58d630780be45ddb09cf5f7831f5002864697ebf703db24b
m6a_v3_formal_s8_seed630802,S8,630802,3,state_only_risk_roi,medium,9,1,75,45,33014,32619,0,0.0,0,0,0,,,,,,,0,0,,334a4ec55ae836eed769db90a874c7c6b57c25ab691431adb2296340b28ef6e5
m6a_v3_formal_s8_seed630802,S8,630802,3,state_only_risk_roi,high,9,1,95,65,33825,33430,0,0.0,0,0,0,,,,,,,0,0,,f83543c3ad79fa989c10933a1213accbb9db5328864e09db16db9a8c92de8990
m6a_v3_formal_s8_seed630802,S8,630802,3,command_conditioned_risk_roi,severe,9,1,35,5,31436,31032,0,0.0,0,0,0,,,,,,,0,0,,0112da21b891e7907a10748d48700dec939b29c8bc0f0b99ccc0d8c35fa8d8ff
m6a_v3_formal_s8_seed630802,S8,630802,3,command_conditioned_risk_roi,low,9,1,55,25,32283,31879,0,0.0,0,0,0,,,,,,,0,0,,52bcf896c4030ceb58d630780be45ddb09cf5f7831f5002864697ebf703db24b
m6a_v3_formal_s8_seed630802,S8,630802,3,command_conditioned_risk_roi,medium,9,1,75,45,33023,32619,0,0.0,0,0,0,,,,,,,0,0,,334a4ec55ae836eed769db90a874c7c6b57c25ab691431adb2296340b28ef6e5
m6a_v3_formal_s8_seed630802,S8,630802,3,command_conditioned_risk_roi,high,9,1,95,65,33834,33430,0,0.0,0,0,0,,,,,,,0,0,,f83543c3ad79fa989c10933a1213accbb9db5328864e09db16db9a8c92de8990
m6a_v3_formal_s8_seed630803,S8,630803,0,state_only_risk_roi,severe,9,1,35,5,31445,31050,0,0.0,0,0,0,,,,,,,0,0,,4521bf3328a128a13c4c3e4813e14289dc1066076f8dba8df4c26bde63e7beda
m6a_v3_formal_s8_seed630803,S8,630803,0,state_only_risk_roi,low,9,1,55,25,32269,31874,0,0.0,0,0,0,,,,,,,0,0,,6f1b88c07cce262b88d388ee998a3e9ffaeac6e2e0d895def9647071d13f5fb4
m6a_v3_formal_s8_seed630803,S8,630803,0,state_only_risk_roi,medium,9,1,75,45,32992,32597,0,0.0,0,0,0,,,,,,,0,0,,455d9e0a559b6f1a18e6890267b13ef0a045eb0e9c21675bb5417b4af942e307
m6a_v3_formal_s8_seed630803,S8,630803,0,state_only_risk_roi,high,9,1,95,65,33806,33411,0,0.0,0,0,0,,,,,,,0,0,,85d84309e21424bd3e36993386b02a5de3c802a7d73654ab3d6995b36f10ee61
m6a_v3_formal_s8_seed630803,S8,630803,0,command_conditioned_risk_roi,severe,9,1,35,5,31454,31050,0,0.0,0,0,0,,,,,,,0,0,,4521bf3328a128a13c4c3e4813e14289dc1066076f8dba8df4c26bde63e7beda
m6a_v3_formal_s8_seed630803,S8,630803,0,command_conditioned_risk_roi,low,9,1,55,25,32278,31874,0,0.0,0,0,0,,,,,,,0,0,,6f1b88c07cce262b88d388ee998a3e9ffaeac6e2e0d895def9647071d13f5fb4
m6a_v3_formal_s8_seed630803,S8,630803,0,command_conditioned_risk_roi,medium,9,1,75,45,33001,32597,0,0.0,0,0,0,,,,,,,0,0,,455d9e0a559b6f1a18e6890267b13ef0a045eb0e9c21675bb5417b4af942e307
m6a_v3_formal_s8_seed630803,S8,630803,0,command_conditioned_risk_roi,high,9,1,95,65,33815,33411,0,0.0,0,0,0,,,,,,,0,0,,85d84309e21424bd3e36993386b02a5de3c802a7d73654ab3d6995b36f10ee61
m6a_v3_formal_s8_seed630803,S8,630803,1,state_only_risk_roi,severe,9,1,35,5,31424,31029,0,0.0,0,0,0,,,,,,,0,0,,0e0592c6b07c36c3cfdb1eb4a47d8bc37b172077b5d65c16333a1dde1267dfb5
m6a_v3_formal_s8_seed630803,S8,630803,1,state_only_risk_roi,low,9,1,55,25,32227,31832,0,0.0,0,0,0,,,,,,,0,0,,8cffcc71a742882c4f89d9bf56533b18c5b0398da034d7905b7ce410a9de7d23
m6a_v3_formal_s8_seed630803,S8,630803,1,state_only_risk_roi,medium,9,1,75,45,32855,32460,0,0.0,0,0,0,,,,,,,0,0,,9d0ba6bb9da73c3fdfa3d73b5afb027df4cad100170ee2b5466e4a57f96515ba
m6a_v3_formal_s8_seed630803,S8,630803,1,state_only_risk_roi,high,9,1,95,65,33730,33335,0,0.0,0,0,0,,,,,,,0,0,,dda2cb7c0939d5943d859589ede6100ca10861a8a2c5501dd079f81b9a996433
m6a_v3_formal_s8_seed630803,S8,630803,1,command_conditioned_risk_roi,severe,9,1,35,5,31433,31029,0,0.0,0,0,0,,,,,,,0,0,,0e0592c6b07c36c3cfdb1eb4a47d8bc37b172077b5d65c16333a1dde1267dfb5
m6a_v3_formal_s8_seed630803,S8,630803,1,command_conditioned_risk_roi,low,9,1,55,25,32236,31832,0,0.0,0,0,0,,,,,,,0,0,,8cffcc71a742882c4f89d9bf56533b18c5b0398da034d7905b7ce410a9de7d23
m6a_v3_formal_s8_seed630803,S8,630803,1,command_conditioned_risk_roi,medium,9,1,75,45,32864,32460,0,0.0,0,0,0,,,,,,,0,0,,9d0ba6bb9da73c3fdfa3d73b5afb027df4cad100170ee2b5466e4a57f96515ba
m6a_v3_formal_s8_seed630803,S8,630803,1,command_conditioned_risk_roi,high,9,1,95,65,33739,33335,0,0.0,0,0,0,,,,,,,0,0,,dda2cb7c0939d5943d859589ede6100ca10861a8a2c5501dd079f81b9a996433
m6a_v3_formal_s8_seed630803,S8,630803,2,state_only_risk_roi,severe,9,2,15,1,31329,30934,0,0.0,0,0,0,,,,,,,0,0,,d6d4917522909606e229b8413055c438925a52a953cfa47601ce0429939c8c8a
m6a_v3_formal_s8_seed630803,S8,630803,2,state_only_risk_roi,low,9,2,55,25,32327,31932,0,0.0,0,0,0,,,,,,,0,0,,24b09b1bcc5655176e6bf2e0a35ff6d188d9e070f00ea182b7744c7cb273bb2c
m6a_v3_formal_s8_seed630803,S8,630803,2,state_only_risk_roi,medium,9,2,75,45,33063,32668,0,0.0,0,0,0,,,,,,,0,0,,0f84ba680b0bbf0990308186cf067170a46c5b17fef6b5b3aba609358187197f
m6a_v3_formal_s8_seed630803,S8,630803,2,state_only_risk_roi,high,9,2,95,65,33987,33592,0,0.0,0,0,0,,,,,,,0,0,,c0028683fa25e59d3bff392eac51f99f587df45ac1569203f9990cd5e997251f
m6a_v3_formal_s8_seed630803,S8,630803,2,command_conditioned_risk_roi,severe,9,2,15,1,31338,30934,0,0.0,0,0,0,,,,,,,0,0,,d6d4917522909606e229b8413055c438925a52a953cfa47601ce0429939c8c8a
m6a_v3_formal_s8_seed630803,S8,630803,2,command_conditioned_risk_roi,low,9,2,55,25,32336,31932,0,0.0,0,0,0,,,,,,,0,0,,24b09b1bcc5655176e6bf2e0a35ff6d188d9e070f00ea182b7744c7cb273bb2c
m6a_v3_formal_s8_seed630803,S8,630803,2,command_conditioned_risk_roi,medium,9,2,75,45,33072,32668,0,0.0,0,0,0,,,,,,,0,0,,0f84ba680b0bbf0990308186cf067170a46c5b17fef6b5b3aba609358187197f
m6a_v3_formal_s8_seed630803,S8,630803,2,command_conditioned_risk_roi,high,9,2,95,65,33996,33592,0,0.0,0,0,0,,,,,,,0,0,,c0028683fa25e59d3bff392eac51f99f587df45ac1569203f9990cd5e997251f
m6a_v3_formal_s8_seed630803,S8,630803,3,state_only_risk_roi,severe,9,1,35,5,31416,31021,0,0.0,0,0,0,,,,,,,0,0,,c37c19fad6f38af5f5af3de395195682e3bd3323dfb373a6aaa644527faab39f
m6a_v3_formal_s8_seed630803,S8,630803,3,state_only_risk_roi,low,9,1,55,25,32259,31864,0,0.0,0,0,0,,,,,,,0,0,,cfdb963e9f71aa67c8586ec29e3a8787d608e513de71b89041ccec763ca23c38
m6a_v3_formal_s8_seed630803,S8,630803,3,state_only_risk_roi,medium,9,1,75,45,33002,32607,0,0.0,0,0,0,,,,,,,0,0,,16759e0466df86f6a7667beadbf854f1264117d34afa95b70e824fbe7b78bfda
m6a_v3_formal_s8_seed630803,S8,630803,3,state_only_risk_roi,high,9,1,95,65,33827,33432,0,0.0,0,0,0,,,,,,,0,0,,5421e2ba3738a8fe53419bb4937891997af697ce86f53767dc437723246ada3e
m6a_v3_formal_s8_seed630803,S8,630803,3,command_conditioned_risk_roi,severe,9,1,35,5,31425,31021,0,0.0,0,0,0,,,,,,,0,0,,c37c19fad6f38af5f5af3de395195682e3bd3323dfb373a6aaa644527faab39f
m6a_v3_formal_s8_seed630803,S8,630803,3,command_conditioned_risk_roi,low,9,1,55,25,32268,31864,0,0.0,0,0,0,,,,,,,0,0,,cfdb963e9f71aa67c8586ec29e3a8787d608e513de71b89041ccec763ca23c38
m6a_v3_formal_s8_seed630803,S8,630803,3,command_conditioned_risk_roi,medium,9,1,75,45,33011,32607,0,0.0,0,0,0,,,,,,,0,0,,16759e0466df86f6a7667beadbf854f1264117d34afa95b70e824fbe7b78bfda
m6a_v3_formal_s8_seed630803,S8,630803,3,command_conditioned_risk_roi,high,9,1,95,65,33836,33432,0,0.0,0,0,0,,,,,,,0,0,,5421e2ba3738a8fe53419bb4937891997af697ce86f53767dc437723246ada3e
