episode_id,attempt_id,scene,seed,snapshot_id,method,budget,budget_bytes,charged_bytes,utilization,quality_map,high_quality_tile_count,roi_area_ratio,eligible_instances,recalled_instances,eligible_boundary_edges,matched_boundary_edges,tcobr,continuous_boundary_utility,critical_boundary_edges,critical_boundary_hq_pixels,critical_boundary_hq_coverage,critical_region_pixels,critical_region_mse,critical_region_psnr_db,full_mse,full_psnr_db,full_ssim,case_digest
m7_v1_development_m7c1_seed710100,m7v1d-m7c1-710100,M7C1,710100,0,state_only_risk_roi,severe,31466,31443,0.9992690523104303,5;5;5;5;5;5;5;5;5;5;5;5;5;5;5;5;5;5;5;5;5;5;5;5;5;5;5;5;5;5;5;5;5;5;5;5;5;5;5;5;5;5;5;5;35;5;5;5,48,0.00046875,1,1,31,29,1.0,0.9354838709677419,31,0,0.0,2633,152.2787694644892,26.3044100216176,208.99324652777779,24.92948108455938,0.7574427609501861,3a62153dc5545acc41eef05ceb689305ca3c8282c4010330195d3a6f47ff24a7
m7_v1_development_m7c1_seed710100,m7v1d-m7c1-710100,M7C1,710100,0,state_only_risk_roi,low,32374,32302,0.9977759930808674,25;25;25;25;25;25;25;25;25;25;25;25;25;25;25;25;25;25;25;25;25;25;25;25;25;25;25;25;25;25;25;25;25;25;25;25;25;25;25;25;25;25;25;25;55;25;25;25,48,0.00046875,1,1,31,31,1.0,1.0,31,0,0.0,2633,24.928725155082923,34.163802914403284,37.51536458333333,32.3887118948302,0.8988124141538166,c36efe6eb11fb5b57eacc64b724326f873758ca47e87212f1eb25a78d0a617be
m7_v1_development_m7c1_seed710100,m7v1d-m7c1-710100,M7C1,710100,0,state_only_risk_roi,medium,33509,32986,0.9843922528275986,45;45;45;45;45;45;45;45;45;45;45;45;45;45;45;45;45;45;45;45;45;45;45;45;45;45;45;45;45;45;45;45;45;45;45;45;45;45;45;45;45;45;45;45;75;45;45;45,48,0.00046875,1,1,31,31,1.0,1.0,31,0,0.0,2633,15.65476642612989,36.1843376867222,22.931527777777777,34.526473709720115,0.9280963663432479,bca334c388b6e2df33b21b9d512a23382b8ebacf1ee92e6109176e81b55a6241
m7_v1_development_m7c1_seed710100,m7v1d-m7c1-710100,M7C1,710100,0,state_only_risk_roi,high,34871,33705,0.966562473115196,65;65;65;65;65;65;65;65;65;65;65;65;65;65;65;65;65;65;65;65;65;65;65;65;65;65;65;65;65;65;65;65;65;65;65;65;65;65;65;65;65;65;65;65;95;65;65;65,48,0.00046875,1,1,31,31,1.0,1.0,31,0,0.0,2633,10.748702367388278,37.817243234719975,15.394878472222222,36.25704095952929,0.9464077476060112,3cb0b44b7b151d9c32d4a53228068b06c462878110ad6cd314f3ff29f1bb21bd
m7_v1_development_m7c1_seed710100,m7v1d-m7c1-710100,M7C1,710100,0,command_conditioned_risk_roi,severe,31466,31452,0.9995550753193924,5;5;5;5;5;5;5;5;5;5;5;5;5;5;5;5;5;5;5;5;5;5;5;5;5;5;5;5;5;5;5;5;5;5;5;5;5;5;5;5;5;5;5;5;35;5;5;5,48,0.00046875,1,1,31,29,1.0,0.9354838709677419,31,0,0.0,2633,152.2787694644892,26.3044100216176,208.99324652777779,24.92948108455938,0.7574427609501861,c642486e1058fd2771c3c739560bb494d27b3a0d8ef2ebb673910a887d7e3221
m7_v1_development_m7c1_seed710100,m7v1d-m7c1-710100,M7C1,710100,0,command_conditioned_risk_roi,low,32374,32311,0.9980539939457589,25;25;25;25;25;25;25;25;25;25;25;25;25;25;25;25;25;25;25;25;25;25;25;25;25;25;25;25;25;25;25;25;25;25;25;25;25;25;25;25;25;25;25;25;55;25;25;25,48,0.00046875,1,1,31,31,1.0,1.0,31,0,0.0,2633,24.928725155082923,34.163802914403284,37.51536458333333,32.3887118948302,0.8988124141538166,c4817d6780edf832d8564244582b5b9621a5d8359d2224fa55930eedc24217d4
m7_v1_development_m7c1_seed710100,m7v1d-m7c1-710100,M7C1,710100,0,command_conditioned_risk_roi,medium,33509,32995,0.9846608373869706,45;45;45;45;45;45;45;45;45;45;45;45;45;45;45;45;45;45;45;45;45;45;45;45;45;45;45;45;45;45;45;45;45;45;45;45;45;45;45;45;45;45;45;45;75;45;45;45,48,0.00046875,1,1,31,31,1.0,1.0,31,0,0.0,2633,15.65476642612989,36.1843376867222,22.931527777777777,34.526473709720115,0.9280963663432479,d5bbf21eaa475f9a2e537577386b0123afb409dd69c3def665fafc9b999bd936
m7_v1_development_m7c1_seed710100,m7v1d-m7c1-710100,M7C1,710100,0,command_conditioned_risk_roi,high,34871,33714,0.9668205672335178,65;65;65;65;65;65;65;65;65;65;65;65;65;65;65;65;65;65;65;65;65;65;65;65;65;65;65;65;65;65;65;65;65;65;65;65;65;65;65;65;65;65;65;65;95;65;65;65,48,0.00046875,1,1,31,31,1.0,1.0,31,0,0.0,2633,10.748702367388278,37.817243234719975,15.394878472222222,36.25704095952929,0.9464077476060112,d36d6a14cef83434c6de9abecfab15b3283f99a7cdaaa2b6303d923e6f1ac180
m7_v1_development_m7c1_seed710100,m7v1d-m7c1-710100,M7C1,710100,0,budget_conditioned_visual_voi,severe,31466,31466,1.0,1;1;1;15;15;15;15;1;1;1;1;1;1;1;1;1;1;1;1;1;1;1;1;1;1;1;1;15;1;1;1;1;1;15;15;15;1;15;15;15;1;15;15;1;15;1;15;1,15,0.3125,1,1,31,31,1.0,1.0,31,10,0.3225806451612903,2633,193.59513862514243,25.261859133437948,323.5474826388889,23.03142335724651,0.7087371825819044,cac8a7b86a11660b677681ddc27cd7ab8a8a52be4d35073b6f270daa0135382f
m7_v1_development_m7c1_seed710100,m7v1d-m7c1-710100,M7C1,710100,0,budget_conditioned_visual_voi,low,32374,32373,0.9999691110150121,15;15;35;35;15;15;15;15;15;55;15;15;15;15;15;35;35;35;15;15;15;15;15;15;1;55;35;35;35;35;35;35;1;35;55;35;35;15;15;15;15;35;15;35;55;15;15;1,45,0.9375,1,1,31,31,1.0,1.0,31,31,1.0,2633,66.62843397898469,29.894207550480413,51.82881944444444,30.98509044264585,0.8713937637637077,26964feed6fc168bcd1e32cbc2bf23eddd7e76f1861261ce51c563325c34c112
m7_v1_development_m7c1_seed710100,m7v1d-m7c1-710100,M7C1,710100,0,budget_conditioned_visual_voi,medium,33509,33509,1.0,15;15;35;35;35;35;55;35;15;75;15;15;15;15;15;55;35;55;35;75;55;55;55;75;1;75;35;75;75;75;75;75;1;75;75;75;55;75;35;35;75;75;15;35;75;75;15;1,45,0.9375,1,1,31,31,1.0,1.0,31,31,1.0,2633,60.51715407013546,30.312018645289474,34.19684027777778,32.79094380932247,0.9114755629419088,ee5cc4ddec0f99b774a88b7136edf88ddcb621bbc2ea3bbe897b9f24f122962f
m7_v1_development_m7c1_seed710100,m7v1d-m7c1-710100,M7C1,710100,0,budget_conditioned_visual_voi,high,34871,34871,1.0,15;15;35;35;35;35;55;35;15;75;35;35;55;35;35;75;35;75;75;75;75;75;75;75;1;95;35;75;75;75;75;75;1;75;75;95;75;75;35;35;95;95;15;35;95;95;15;1,45,0.9375,1,1,31,31,1.0,1.0,31,31,1.0,2633,58.336245094315736,30.47141889241265,28.832638888888887,33.531959681350884,0.9312581579865159,b2ecf72456c38b30704cac46b27af4f0325cb69a3091535bd1e394fe5f2cdb39
m7_v1_development_m7c1_seed710100,m7v1d-m7c1-710100,M7C1,710100,1,state_only_risk_roi,severe,31466,31341,0.9960274582088604,1;1;1;1;1;1;1;1;1;1;1;1;1;1;1;1;1;1;1;1;1;1;1;1;1;1;1;1;1;1;1;1;1;1;1;1;1;1;1;1;1;1;1;1;15;1;1;1,1,0.00046875,0,0,0,0,,,0,0,,0,,,490.74553819444446,21.22224001136551,0.7181015500616518,2e95e77ec3b0ca6e73f1f7ece2ff95587b30176b9bb063c127eefeecfdab2d1a
m7_v1_development_m7c1_seed710100,m7v1d-m7c1-710100,M7C1,710100,1,state_only_risk_roi,low,32374,32317,0.9982393278556867,25;25;25;25;25;25;25;25;25;25;25;25;25;25;25;25;25;25;25;25;25;25;25;25;25;25;25;25;25;25;25;25;25;25;25;25;25;25;25;25;25;25;25;25;55;25;25;25,48,0.00046875,0,0,0,0,,,0,0,,0,,,36.764913194444446,32.476468159706855,0.8993060177218729,69d5c552a62c7b885fd8f25d71cebbd31dbef37c382ed3635bd1bcdb5e6d1c32
m7_v1_development_m7c1_seed710100,m7v1d-m7c1-710100,M7C1,710100,1,state_only_risk_roi,medium,33509,33038,0.9859440747261929,45;45;45;45;45;45;45;45;45;45;45;45;45;45;45;45;45;45;45;45;45;45;45;45;45;45;45;45;45;45;45;45;45;45;45;45;45;45;45;45;45;45;45;45;75;45;45;45,48,0.00046875,0,0,0,0,,,0,0,,0,,,21.579027777777778,34.790484867980226,0.926511901707491,dd1e2e5927533b976b38f8d9b42783ce3a1cf74c557d8c3d5efb8d2a4a626b35
m7_v1_development_m7c1_seed710100,m7v1d-m7c1-710100,M7C1,710100,1,state_only_risk_roi,high,34871,33868,0.9712368443692466,65;65;65;65;65;65;65;65;65;65;65;65;65;65;65;65;65;65;65;65;65;65;65;65;65;65;65;65;65;65;65;65;65;65;65;65;65;65;65;65;65;65;65;65;95;65;65;65,48,0.00046875,0,0,0,0,,,0,0,,0,,,14.01939236111111,36.66351170342499,0.947184334211717,4fc83a5b65310f83c9ac79d8863cd16eaf3bd4cce9a65e2139699fc021523bda
m7_v1_development_m7c1_seed710100,m7v1d-m7c1-710100,M7C1,710100,1,command_conditioned_risk_roi,severe,31466,31350,0.9963134812178224,1;1;1;1;1;1;1;1;1;1;1;1;1;1;1;1;1;1;1;1;1;1;1;1;1;1;1;1;1;1;1;1;1;1;1;1;1;1;1;1;1;1;1;1;15;1;1;1,1,0.00046875,0,0,0,0,,,0,0,,0,,,490.74553819444446,21.22224001136551,0.7181015500616518,a6dc1a1786dea39575137854402107f21f56196a21efb6d3a9c16a912bc57dff
m7_v1_development_m7c1_seed710100,m7v1d-m7c1-710100,M7C1,710100,1,command_conditioned_risk_roi,low,32374,32326,0.9985173287205782,25;25;25;25;25;25;25;25;25;25;25;25;25;25;25;25;25;25;25;25;25;25;25;25;25;25;25;25;25;25;25;25;25;25;25;25;25;25;25;25;25;25;25;25;55;25;25;25,48,0.00046875,0,0,0,0,,,0,0,,0,,,36.764913194444446,32.476468159706855,0.8993060177218729,0b7640387f79e0854499c293c0d45f690d0a0ff5a3615f5218a133626634ff1c
m7_v1_development_m7c1_seed710100,m7v1d-m7c1-710100,M7C1,710100,1,command_conditioned_risk_roi,medium,33509,33047,0.9862126592855651,45;45;45;45;45;45;45;45;45;45;45;45;45;45;45;45;45;45;45;45;45;45;45;45;45;45;45;45;45;45;45;45;45;45;45;45;45;45;45;45;45;45;45;45;75;45;45;45,48,0.00046875,0,0,0,0,,,0,0,,0,,,21.579027777777778,34.790484867980226,0.926511901707491,e8c7ee6e199d260e063f8cb694cbb00a59264910aebc49dd0c231ef7130be1f9
m7_v1_development_m7c1_seed710100,m7v1d-m7c1-710100,M7C1,710100,1,command_conditioned_risk_roi,high,34871,33877,0.9714949384875685,65;65;65;65;65;65;65;65;65;65;65;65;65;65;65;65;65;65;65;65;65;65;65;65;65;65;65;65;65;65;65;65;65;65;65;65;65;65;65;65;65;65;65;65;95;65;65;65,48,0.00046875,0,0,0,0,,,0,0,,0,,,14.01939236111111,36.66351170342499,0.947184334211717,3eeae50cf03ae2bb456a6113e4cf4244135e47e66d7046270c8a971f30c578f9
m7_v1_development_m7c1_seed710100,m7v1d-m7c1-710100,M7C1,710100,1,budget_conditioned_visual_voi,severe,31466,31465,0.9999682196656708,15;15;15;15;15;15;15;15;1;1;1;1;1;1;1;1;1;1;1;1;1;1;1;1;1;1;1;1;15;15;15;1;1;1;1;1;1;1;1;1;1;1;1;15;15;15;15;15,16,0.3333333333333333,0,0,0,0,,,0,0,,0,,,329.4625173611111,22.95274348399783,0.7242291906928099,d1b27fd169f8c1557fb27fd12a13373f96aedc1ac7df0d91249b69de76c5aa11
m7_v1_development_m7c1_seed710100,m7v1d-m7c1-710100,M7C1,710100,1,budget_conditioned_visual_voi,low,32374,32373,0.9999691110150121,35;15;15;15;15;15;15;15;55;15;15;15;15;15;15;15;15;15;15;15;15;15;15;35;35;35;35;35;55;55;55;55;1;1;1;15;15;15;15;15;15;15;35;55;75;15;15;15,45,0.9375,0,0,0,0,,,0,0,,0,,,54.094652777777775,30.799260233746175,0.8727401368494504,b4218222e441cd84b167b6456db81745283de26db418fd48874a88ce09aefaf5
m7_v1_development_m7c1_seed710100,m7v1d-m7c1-710100,M7C1,710100,1,budget_conditioned_visual_voi,medium,33509,33508,0.9999701572711809,35;35;35;35;35;35;15;35;75;15;15;55;15;15;15;55;75;55;55;35;55;55;55;75;75;75;75;75;75;75;75;75;1;1;1;15;15;15;15;15;35;15;35;75;95;75;55;55,45,0.9375,0,0,0,0,,,0,0,,0,,,35.158055555555556,32.67055512806448,0.9131379538616015,9d88e450613a3f76c456ae9dcad6eeafae7f966b4307d218a7e6c98ced96f3d0
m7_v1_development_m7c1_seed710100,m7v1d-m7c1-710100,M7C1,710100,1,budget_conditioned_visual_voi,high,34871,34871,1.0,35;35;35;35;35;35;35;35;95;35;55;55;35;15;35;55;75;55;55;35;55;75;55;75;95;95;95;95;75;75;75;75;1;1;1;15;35;15;15;15;75;75;35;95;95;75;75;55,45,0.9375,0,0,0,0,,,0,0,,0,,,28.202309027777776,33.627956937907506,0.9306819949400529,3a4c256a3d33f73f4fab678527d2cb07d63cbdc0ad44e18691b59dfc9262ee7f
m7_v1_development_m7c1_seed710100,m7v1d-m7c1-710100,M7C1,710100,2,state_only_risk_roi,severe,31466,31316,0.9952329498506324,1;1;1;1;1;1;1;1;1;1;1;1;1;1;1;1;1;1;1;1;1;1;1;1;1;1;1;1;1;1;1;1;1;1;1;1;15;1;1;1;1;1;1;1;15;1;1;1,2,0.00046875,0,0,0,0,,,0,0,,0,,,510.20727430555553,21.053337145748504,0.6891201421138525,fd2e2371f28357ca26eb58571436c0f589bae09d798659573f609e732f26e8d3
m7_v1_development_m7c1_seed710100,m7v1d-m7c1-710100,M7C1,710100,2,state_only_risk_roi,low,32374,32345,0.9991042194353493,25;25;25;25;25;25;25;25;25;25;25;25;25;25;25;25;25;25;25;25;25;25;25;25;25;25;25;25;25;25;25;25;25;25;25;25;55;25;25;25;25;25;25;25;55;25;25;25,48,0.00046875,0,0,0,0,,,0,0,,0,,,31.58361111111111,33.13618577311824,0.8923987231513003,20a457659cf1c3e14d66e5fb818090bff33994e02f1bc5188e60c2884fae98b0
m7_v1_development_m7c1_seed710100,m7v1d-m7c1-710100,M7C1,710100,2,state_only_risk_roi,medium,33509,33052,0.9863618729296607,45;45;45;45;45;45;45;45;45;45;45;45;45;45;45;45;45;45;45;45;45;45;45;45;45;45;45;45;45;45;45;45;45;45;45;45;75;45;45;45;45;45;45;45;75;45;45;45,48,0.00046875,0,0,0,0,,,0,0,,0,,,18.800642361111112,35.389076728212494,0.924056475971064,bcae610a3d827c818a57e3cb4c8fa9d66b78afd4f74ef1eae0841603ef3c9c84
m7_v1_development_m7c1_seed710100,m7v1d-m7c1-710100,M7C1,710100,2,state_only_risk_roi,high,34871,33965,0.9740185254222706,65;65;65;65;65;65;65;65;65;65;65;65;65;65;65;65;65;65;65;65;65;65;65;65;65;65;65;65;65;65;65;65;65;65;65;65;95;65;65;65;65;65;65;65;95;65;65;65,48,0.00046875,0,0,0,0,,,0,0,,0,,,14.457135416666667,36.52998111891333,0.9401668801491946,8b46c4933d01bf44145c72ebb6957bfabbedf34811f614d55c8d01e70b4ff7a3
m7_v1_development_m7c1_seed710100,m7v1d-m7c1-710100,M7C1,710100,2,command_conditioned_risk_roi,severe,31466,31325,0.9955189728595945,1;1;1;1;1;1;1;1;1;1;1;1;1;1;1;1;1;1;1;1;1;1;1;1;1;1;1;1;1;1;1;1;1;1;1;1;15;1;1;1;1;1;1;1;15;1;1;1,2,0.00046875,0,0,0,0,,,0,0,,0,,,510.20727430555553,21.053337145748504,0.6891201421138525,09470c6fa09cc29a0ede5c986e8b58d6cf3563fbb9c6af0458a4d8b5eb279166
m7_v1_development_m7c1_seed710100,m7v1d-m7c1-710100,M7C1,710100,2,command_conditioned_risk_roi,low,32374,32354,0.9993822203002409,25;25;25;25;25;25;25;25;25;25;25;25;25;25;25;25;25;25;25;25;25;25;25;25;25;25;25;25;25;25;25;25;25;25;25;25;55;25;25;25;25;25;25;25;55;25;25;25,48,0.00046875,0,0,0,0,,,0,0,,0,,,31.58361111111111,33.13618577311824,0.8923987231513003,fdfcbcb23e5964dbe4e8197b719a128b8fba117957e75baa32de5f7974009955
m7_v1_development_m7c1_seed710100,m7v1d-m7c1-710100,M7C1,710100,2,command_conditioned_risk_roi,medium,33509,33061,0.9866304574890328,45;45;45;45;45;45;45;45;45;45;45;45;45;45;45;45;45;45;45;45;45;45;45;45;45;45;45;45;45;45;45;45;45;45;45;45;75;45;45;45;45;45;45;45;75;45;45;45,48,0.00046875,0,0,0,0,,,0,0,,0,,,18.800642361111112,35.389076728212494,0.924056475971064,31d482654b0163b9990554e470683dcdac643aad7333c18ec2035cbd83fee5d8
m7_v1_development_m7c1_seed710100,m7v1d-m7c1-710100,M7C1,710100,2,command_conditioned_risk_roi,high,34871,33974,0.9742766195405924,65;65;65;65;65;65;65;65;65;65;65;65;65;65;65;65;65;65;65;65;65;65;65;65;65;65;65;65;65;65;65;65;65;65;65;65;95;65;65;65;65;65;65;65;95;65;65;65,48,0.00046875,0,0,0,0,,,0,0,,0,,,14.457135416666667,36.52998111891333,0.9401668801491946,1a84cd8b77a616df6ed447b9ce5a7e3014728ce441da576463a78b5e24816b59
m7_v1_development_m7c1_seed710100,m7v1d-m7c1-710100,M7C1,710100,2,budget_conditioned_visual_voi,severe,31466,31466,1.0,1;1;1;1;15;15;1;1;1;1;1;1;1;1;1;1;1;1;1;1;1;1;1;1;1;1;15;15;15;15;1;1;15;1;1;1;15;1;1;1;1;1;1;1;15;1;1;1,9,0.1875,0,0,0,0,,,0,0,,0,,,397.67147569444444,22.13555919976915,0.7093819937586572,2c098a0e1479af6d6c961ca0ff8fedb655d559f84062bf65b71849ad9d9fd89c
m7_v1_development_m7c1_seed710100,m7v1d-m7c1-710100,M7C1,710100,2,budget_conditioned_visual_voi,low,32374,32374,1.0,15;35;15;15;15;15;15;15;15;15;15;15;15;15;15;35;15;15;15;35;15;35;15;15;55;35;55;55;35;35;55;35;35;1;1;35;55;15;15;15;1;15;15;35;15;15;15;15,45,0.9375,0,0,0,0,,,0,0,,0,,,55.96451388888889,30.651676250628327,0.8615356924521947,02cd9ad3c93fa05618bd304fe0f3e92a0aa0b5033286230d2582ef2ac3545994
m7_v1_development_m7c1_seed710100,m7v1d-m7c1-710100,M7C1,710100,2,budget_conditioned_visual_voi,medium,33509,33509,1.0,35;35;35;35;35;35;55;35;35;35;35;35;35;35;35;55;35;35;55;75;55;55;55;75;75;75;95;75;55;55;75;95;75;1;1;55;75;15;15;15;1;15;15;75;35;15;15;15,45,0.9375,0,0,0,0,,,0,0,,0,,,39.93567708333333,32.117193088575846,0.9030981582011225,a4654762008f61031e0e5c7b78bd8cfd649a6701caef22a79eb8e4edfa22a297
m7_v1_development_m7c1_seed710100,m7v1d-m7c1-710100,M7C1,710100,2,budget_conditioned_visual_voi,high,34871,34870,0.999971322875742,35;35;35;35;35;35;55;35;55;35;35;35;55;55;35;75;35;35;75;75;55;55;55;75;95;95;95;95;55;55;95;95;95;1;1;95;95;15;15;15;1;15;35;75;35;15;15;15,45,0.9375,0,0,0,0,,,0,0,,0,,,36.09685763888889,32.55610964211295,0.9111426706083359,14e10fe54ba774bbb592c98ec9e92748dffa9413bc5633e2f8003260f4deb4f5
m7_v1_development_m7c1_seed710100,m7v1d-m7c1-710100,M7C1,710100,3,state_only_risk_roi,severe,31466,31391,0.9976164749253162,5;5;5;5;5;5;5;5;5;5;5;5;5;5;5;5;5;5;5;5;5;5;5;5;5;5;5;5;5;5;5;5;5;5;5;5;35;5;5;5;5;5;5;5;5;5;5;5,48,0.00046875,0,0,0,0,,,0,0,,0,,,191.25649305555555,25.314641727267993,0.7504664959286536,08b1245c70f13537c4e55c52fd3e927e39aff134efbdf6d3221a46fa5e5044f9
m7_v1_development_m7c1_seed710100,m7v1d-m7c1-710100,M7C1,710100,3,state_only_risk_roi,low,32374,32230,0.9955519861617347,25;25;25;25;25;25;25;25;25;25;25;25;25;25;25;25;25;25;25;25;25;25;25;25;25;25;25;25;25;25;25;25;25;25;25;25;55;25;25;25;25;25;25;25;25;25;25;25,48,0.00046875,0,0,0,0,,,0,0,,0,,,31.73892361111111,33.11488166794437,0.8877714401585597,58ee98eb880c88160f2efd6c0ba5c20108c8924676c2691bd7f4f07c726dbc87
m7_v1_development_m7c1_seed710100,m7v1d-m7c1-710100,M7C1,710100,3,state_only_risk_roi,medium,33509,32886,0.9814079799456862,45;45;45;45;45;45;45;45;45;45;45;45;45;45;45;45;45;45;45;45;45;45;45;45;45;45;45;45;45;45;45;45;45;45;45;45;75;45;45;45;45;45;45;45;45;45;45;45,48,0.00046875,0,0,0,0,,,0,0,,0,,,18.244409722222223,35.5195054405947,0.924815372092762,48b96c93343ab869cf0b4daa2835fed0254fedb559c24f56b02f373edfc805b4
m7_v1_development_m7c1_seed710100,m7v1d-m7c1-710100,M7C1,710100,3,state_only_risk_roi,high,34871,33717,0.9669065986062918,65;65;65;65;65;65;65;65;65;65;65;65;65;65;65;65;65;65;65;65;65;65;65;65;65;65;65;65;65;65;65;65;65;65;65;65;95;65;65;65;65;65;65;65;65;65;65;65,48,0.00046875,0,0,0,0,,,0,0,,0,,,13.0609375,36.97106009620739,0.944152487995415,33a767d1d4ae315ebc21b13a59576bd1fe2daa674c1dfe3ebcad91fc52a4dfb5
m7_v1_development_m7c1_seed710100,m7v1d-m7c1-710100,M7C1,710100,3,command_conditioned_risk_roi,severe,31466,31400,0.9979024979342783,5;5;5;5;5;5;5;5;5;5;5;5;5;5;5;5;5;5;5;5;5;5;5;5;5;5;5;5;5;5;5;5;5;5;5;5;35;5;5;5;5;5;5;5;5;5;5;5,48,0.00046875,0,0,0,0,,,0,0,,0,,,191.25649305555555,25.314641727267993,0.7504664959286536,6465006216ef2b3001ca4efd159ae17a5e21ee76a9d0ec55f6e6117cc6ef5e27
m7_v1_development_m7c1_seed710100,m7v1d-m7c1-710100,M7C1,710100,3,command_conditioned_risk_roi,low,32374,32239,0.9958299870266263,25;25;25;25;25;25;25;25;25;25;25;25;25;25;25;25;25;25;25;25;25;25;25;25;25;25;25;25;25;25;25;25;25;25;25;25;55;25;25;25;25;25;25;25;25;25;25;25,48,0.00046875,0,0,0,0,,,0,0,,0,,,31.73892361111111,33.11488166794437,0.8877714401585597,6916d55d15868993b917e2f6a2e5997f6812b8a1096ca4d0f0d746a436e6a554
m7_v1_development_m7c1_seed710100,m7v1d-m7c1-710100,M7C1,710100,3,command_conditioned_risk_roi,medium,33509,32895,0.9816765645050584,45;45;45;45;45;45;45;45;45;45;45;45;45;45;45;45;45;45;45;45;45;45;45;45;45;45;45;45;45;45;45;45;45;45;45;45;75;45;45;45;45;45;45;45;45;45;45;45,48,0.00046875,0,0,0,0,,,0,0,,0,,,18.244409722222223,35.5195054405947,0.924815372092762,989f11692e90a922d98fe646ca28221619fd2b3536b0ee0e5da8e8d664373023
m7_v1_development_m7c1_seed710100,m7v1d-m7c1-710100,M7C1,710100,3,command_conditioned_risk_roi,high,34871,33726,0.9671646927246136,65;65;65;65;65;65;65;65;65;65;65;65;65;65;65;65;65;65;65;65;65;65;65;65;65;65;65;65;65;65;65;65;65;65;65;65;95;65;65;65;65;65;65;65;65;65;65;65,48,0.00046875,0,0,0,0,,,0,0,,0,,,13.0609375,36.97106009620739,0.944152487995415,25b1d345de9134f62884304a6ebb145b6eda9af39ce9fafcae1f07ce50ce91f6
m7_v1_development_m7c1_seed710100,m7v1d-m7c1-710100,M7C1,710100,3,budget_conditioned_visual_voi,severe,31466,31466,1.0,15;15;15;15;15;15;15;15;1;1;1;1;1;1;1;1;1;1;1;1;1;1;1;1;15;1;15;15;15;15;15;1;1;1;1;15;15;1;15;1;1;1;1;1;1;1;15;1,18,0.375,0,0,0,0,,,0,0,,0,,,275.17973958333334,23.734639055452398,0.7109963032617338,2df932b76298ba6fe0907171a0c9e1a14e5c8eea565b62a6d26edc403c47b873
m7_v1_development_m7c1_seed710100,m7v1d-m7c1-710100,M7C1,710100,3,budget_conditioned_visual_voi,low,32374,32374,1.0,15;35;15;15;15;15;15;15;15;15;15;15;15;15;15;35;35;15;35;35;15;35;35;55;55;35;35;75;35;35;35;35;35;15;15;35;55;15;15;15;15;15;15;35;15;15;15;15,48,0.4166666666666667,0,0,0,0,,,0,0,,0,,,31.368194444444445,33.1659083947274,0.8750743115820464,2a3c300b795c417cce583a45e6e09d8f5cd9d0cdd8e4505d0db4e9e4357a1a51
m7_v1_development_m7c1_seed710100,m7v1d-m7c1-710100,M7C1,710100,3,budget_conditioned_visual_voi,medium,33509,33509,1.0,35;35;35;35;35;35;55;35;55;35;35;35;55;15;15;55;55;55;55;75;55;55;55;75;95;35;75;75;55;55;95;95;75;15;15;75;75;15;15;15;15;15;15;35;15;15;35;55,48,0.75,0,0,0,0,,,0,0,,0,,,18.159704861111113,35.53971574955555,0.9143263339731101,68f0ddebd601e22fa0024cfe70069038e2c9642fb437a386d3a6c60d0766c562
m7_v1_development_m7c1_seed710100,m7v1d-m7c1-710100,M7C1,710100,3,budget_conditioned_visual_voi,high,34871,34869,0.9999426457514841,35;35;35;35;35;35;55;55;55;55;35;35;55;55;55;75;75;75;75;95;55;55;75;95;95;35;95;95;55;55;95;95;95;35;35;75;95;35;15;35;35;35;15;35;15;35;75;55,48,0.9375,0,0,0,0,,,0,0,,0,,,12.389722222222222,37.20018791272187,0.9366367880601958,7b4ce593302f49bef48269a91630fd9d6d070465d6945dd8b87afb5bf43f689b
m7_v1_development_m7c1_seed710101,m7v1d-m7c1-710101,M7C1,710101,0,state_only_risk_roi,severe,31466,31420,0.9985381046208606,5;5;5;5;5;5;5;5;5;5;5;5;5;5;5;5;5;5;5;5;5;5;5;5;5;5;5;5;5;5;5;5;5;5;5;5;5;5;5;5;5;5;5;5;35;5;5;5,48,0.00046875,1,1,22,22,1.0,1.0,22,0,0.0,2289,84.72535313819718,28.85066973200327,200.20746527777777,25.116000935762678,0.7686140052633007,3f1ad417c3caf59c82f7309ba92d4cb790e577aa4b1d23fd0dcb55de378d3639
m7_v1_development_m7c1_seed710101,m7v1d-m7c1-710101,M7C1,710101,0,state_only_risk_roi,low,32374,32220,0.9952430963118551,25;25;25;25;25;25;25;25;25;25;25;25;25;25;25;25;25;25;25;25;25;25;25;25;25;25;25;25;25;25;25;25;25;25;25;25;25;25;25;25;25;25;25;25;55;25;25;25,48,0.00046875,1,1,22,22,1.0,1.0,22,0,0.0,2289,7.4591524683267805,39.40390876456799,35.367777777777775,32.64472587713252,0.9037872515494106,f7cd8e1b8bcc17a6970b3746c858329f109b238027d286ed0dfa63f6a56b7b62
m7_v1_development_m7c1_seed710101,m7v1d-m7c1-710101,M7C1,710101,0,state_only_risk_roi,medium,33509,32884,0.981348294488048,45;45;45;45;45;45;45;45;45;45;45;45;45;45;45;45;45;45;45;45;45;45;45;45;45;45;45;45;45;45;45;45;45;45;45;45;45;45;45;45;45;45;45;45;75;45;45;45,48,0.00046875,1,1,22,22,1.0,1.0,22,0,0.0,2289,1.8119994175040046,45.54922307137954,22.112569444444443,34.684411510477375,0.932800898854001,c7c81ae2d2817f93ef29fd5ce2ee270af5decd596772b10b8c551ca3f9dba172
m7_v1_development_m7c1_seed710101,m7v1d-m7c1-710101,M7C1,710101,0,state_only_risk_roi,high,34871,33596,0.9634366665710763,65;65;65;65;65;65;65;65;65;65;65;65;65;65;65;65;65;65;65;65;65;65;65;65;65;65;65;65;65;65;65;65;65;65;65;65;65;65;65;65;65;65;65;65;95;65;65;65,48,0.00046875,1,1,22,22,1.0,1.0,22,0,0.0,2289,2.1888743264890054,44.72859533461305,15.054565972222223,36.35412121682437,0.9478906590233166,d3f416e05e742ed4e966d7b25592b41d30872c408a6f79ac44310f7e13e77551
m7_v1_development_m7c1_seed710101,m7v1d-m7c1-710101,M7C1,710101,0,command_conditioned_risk_roi,severe,31466,31429,0.9988241276298226,5;5;5;5;5;5;5;5;5;5;5;5;5;5;5;5;5;5;5;5;5;5;5;5;5;5;5;5;5;5;5;5;5;5;5;5;5;5;5;5;5;5;5;5;35;5;5;5,48,0.00046875,1,1,22,22,1.0,1.0,22,0,0.0,2289,84.72535313819718,28.85066973200327,200.20746527777777,25.116000935762678,0.7686140052633007,08db681589faa97f9e2b9bb193a1654251eba031970c7cb6c4eb31ec68b14933
m7_v1_development_m7c1_seed710101,m7v1d-m7c1-710101,M7C1,710101,0,command_conditioned_risk_roi,low,32374,32229,0.9955210971767467,25;25;25;25;25;25;25;25;25;25;25;25;25;25;25;25;25;25;25;25;25;25;25;25;25;25;25;25;25;25;25;25;25;25;25;25;25;25;25;25;25;25;25;25;55;25;25;25,48,0.00046875,1,1,22,22,1.0,1.0,22,0,0.0,2289,7.4591524683267805,39.40390876456799,35.367777777777775,32.64472587713252,0.9037872515494106,cbdc31712226df23e3d2fa5941565087a4edea161bc6cf6465e7f4e3a5d7cd62
m7_v1_development_m7c1_seed710101,m7v1d-m7c1-710101,M7C1,710101,0,command_conditioned_risk_roi,medium,33509,32893,0.9816168790474201,45;45;45;45;45;45;45;45;45;45;45;45;45;45;45;45;45;45;45;45;45;45;45;45;45;45;45;45;45;45;45;45;45;45;45;45;45;45;45;45;45;45;45;45;75;45;45;45,48,0.00046875,1,1,22,22,1.0,1.0,22,0,0.0,2289,1.8119994175040046,45.54922307137954,22.112569444444443,34.684411510477375,0.932800898854001,5bc612346cd022517f6bd917e4de4cd967216b6b25976e12e539eaa1dd28abd5
m7_v1_development_m7c1_seed710101,m7v1d-m7c1-710101,M7C1,710101,0,command_conditioned_risk_roi,high,34871,33605,0.9636947606893981,65;65;65;65;65;65;65;65;65;65;65;65;65;65;65;65;65;65;65;65;65;65;65;65;65;65;65;65;65;65;65;65;65;65;65;65;65;65;65;65;65;65;65;65;95;65;65;65,48,0.00046875,1,1,22,22,1.0,1.0,22,0,0.0,2289,2.1888743264890054,44.72859533461305,15.054565972222223,36.35412121682437,0.9478906590233166,f54e9c9de2d035776b74d10b0e0bd0fd9a5a10ed7efbeffa4830e38898212ecd
m7_v1_development_m7c1_seed710101,m7v1d-m7c1-710101,M7C1,710101,0,budget_conditioned_visual_voi,severe,31466,31466,1.0,1;15;1;1;15;15;1;1;1;1;1;1;1;1;1;1;1;1;1;1;1;1;1;1;1;15;1;15;1;1;1;1;1;15;15;15;1;15;15;15;1;15;1;1;15;1;1;1,13,0.2708333333333333,1,1,22,22,1.0,1.0,22,0,0.0,2289,144.5133245958934,26.53172468573398,315.89078125,23.135434089440036,0.7383591697237463,c02e35b8e1ccd9058e5014396111bab49ff0176d3bf876fb88e2ab79696fe900
m7_v1_development_m7c1_seed710101,m7v1d-m7c1-710101,M7C1,710101,0,budget_conditioned_visual_voi,low,32374,32374,1.0,15;35;15;15;15;15;15;15;15;35;15;15;15;15;15;35;15;15;15;35;15;15;15;15;1;55;35;35;35;35;55;35;1;35;55;55;35;15;15;15;15;55;15;35;55;35;15;1,45,0.9375,1,1,22,22,1.0,1.0,22,15,0.6818181818181818,2289,63.55934177952527,30.09900969862465,49.01151041666667,31.227822742394686,0.8819634625134208,648a33c84d06b895ed7d035c238415403286f65f4a31abccf5b77c81b6d8773d
m7_v1_development_m7c1_seed710101,m7v1d-m7c1-710101,M7C1,710101,0,budget_conditioned_visual_voi,medium,33509,33509,1.0,15;35;35;35;35;35;55;35;15;35;15;35;15;35;15;75;35;75;75;75;55;55;55;75;1;75;35;75;75;75;75;75;1;55;75;75;75;75;35;35;75;75;15;35;75;75;15;1,45,0.9375,1,1,22,22,1.0,1.0,22,15,0.6818181818181818,2289,59.86122032911024,30.359347947587167,31.29529513888889,33.176013092257136,0.9245439219544923,84390ab9ec9c8ade821935705f055eab7b9e06bc7d0255e2a6140cced4d2bc8a
m7_v1_development_m7c1_seed710101,m7v1d-m7c1-710101,M7C1,710101,0,budget_conditioned_visual_voi,high,34871,34871,1.0,15;35;35;35;35;35;35;35;15;35;35;35;15;35;35;75;35;75;75;75;55;55;55;75;1;95;35;75;75;75;75;75;1;55;95;95;75;75;35;35;95;95;15;35;95;95;15;1,45,0.9375,1,1,22,22,1.0,1.0,22,15,0.6818181818181818,2289,59.65632736274938,30.374238475976128,27.257899305555554,33.77587978010471,0.9348855518343183,2ffd1f564ae0df5adb6904499d6e7f0d13fff9e1fdc8d03c715a610dbff2395f
m7_v1_development_m7c1_seed710101,m7v1d-m7c1-710101,M7C1,710101,1,state_only_risk_roi,severe,31466,31317,0.9952647301849615,1;1;1;1;1;1;1;1;1;1;1;1;1;1;1;1;1;1;1;1;1;1;1;1;1;1;1;1;1;1;1;1;1;1;1;1;1;1;1;1;1;1;1;1;15;1;1;1,1,0.00046875,0,0,0,0,,,0,0,,0,,,482.9089583333333,21.292150988955054,0.7587505230315464,2195b4d19369d4384126d4debcecf9749ce19e02e57d955161b6377ab961fbfa
m7_v1_development_m7c1_seed710101,m7v1d-m7c1-710101,M7C1,710101,1,state_only_risk_roi,low,32374,32327,0.9985482177055662,25;25;25;25;25;25;25;25;25;25;25;25;25;25;25;25;25;25;25;25;25;25;25;25;25;25;25;25;25;25;25;25;25;25;25;25;25;25;25;25;25;25;25;25;55;25;25;25,48,0.00046875,0,0,0,0,,,0,0,,0,,,33.36326388888889,32.89811830305204,0.9000067712531911,f60e59b14358121b1933aac046d9134006d79bc158e617a8973dc32e079a822b
m7_v1_development_m7c1_seed710101,m7v1d-m7c1-710101,M7C1,710101,1,state_only_risk_roi,medium,33509,33041,0.9860336029126503,45;45;45;45;45;45;45;45;45;45;45;45;45;45;45;45;45;45;45;45;45;45;45;45;45;45;45;45;45;45;45;45;45;45;45;45;45;45;45;45;45;45;45;45;75;45;45;45,48,0.00046875,0,0,0,0,,,0,0,,0,,,19.042517361111113,35.33356000654933,0.9291540579743448,d68062e367b6629a040bdc9f08063b8f6ea200377dfb934c50f6332f6fa35c86
m7_v1_development_m7c1_seed710101,m7v1d-m7c1-710101,M7C1,710101,1,state_only_risk_roi,high,34871,33799,0.9692581227954461,65;65;65;65;65;65;65;65;65;65;65;65;65;65;65;65;65;65;65;65;65;65;65;65;65;65;65;65;65;65;65;65;65;65;65;65;65;65;65;65;65;65;65;65;95;65;65;65,48,0.00046875,0,0,0,0,,,0,0,,0,,,13.223697916666667,36.91727441253039,0.9474944058038455,492ff0d55cbe7d5d576f9a430d8db63155ca99224e3678a12fbfb49f3a7cb8b7
m7_v1_development_m7c1_seed710101,m7v1d-m7c1-710101,M7C1,710101,1,command_conditioned_risk_roi,severe,31466,31326,0.9955507531939236,1;1;1;1;1;1;1;1;1;1;1;1;1;1;1;1;1;1;1;1;1;1;1;1;1;1;1;1;1;1;1;1;1;1;1;1;1;1;1;1;1;1;1;1;15;1;1;1,1,0.00046875,0,0,0,0,,,0,0,,0,,,482.9089583333333,21.292150988955054,0.7587505230315464,3397ceb2519f38f43b247ec8449d11e3b555bf5cf5559e534fdf30c03e6da60e
m7_v1_development_m7c1_seed710101,m7v1d-m7c1-710101,M7C1,710101,1,command_conditioned_risk_roi,low,32374,32336,0.9988262185704577,25;25;25;25;25;25;25;25;25;25;25;25;25;25;25;25;25;25;25;25;25;25;25;25;25;25;25;25;25;25;25;25;25;25;25;25;25;25;25;25;25;25;25;25;55;25;25;25,48,0.00046875,0,0,0,0,,,0,0,,0,,,33.36326388888889,32.89811830305204,0.9000067712531911,242746a42037c24c23f7f8878dd7b2a3ea1f734184f7f51927ed45d10f1c07f3
m7_v1_development_m7c1_seed710101,m7v1d-m7c1-710101,M7C1,710101,1,command_conditioned_risk_roi,medium,33509,33050,0.9863021874720225,45;45;45;45;45;45;45;45;45;45;45;45;45;45;45;45;45;45;45;45;45;45;45;45;45;45;45;45;45;45;45;45;45;45;45;45;45;45;45;45;45;45;45;45;75;45;45;45,48,0.00046875,0,0,0,0,,,0,0,,0,,,19.042517361111113,35.33356000654933,0.9291540579743448,1c7bf632922c51905ec044d17b6aa65954b6a3b48f340acf9cdc0147a036239c
m7_v1_development_m7c1_seed710101,m7v1d-m7c1-710101,M7C1,710101,1,command_conditioned_risk_roi,high,34871,33808,0.9695162169137679,65;65;65;65;65;65;65;65;65;65;65;65;65;65;65;65;65;65;65;65;65;65;65;65;65;65;65;65;65;65;65;65;65;65;65;65;65;65;65;65;65;65;65;65;95;65;65;65,48,0.00046875,0,0,0,0,,,0,0,,0,,,13.223697916666667,36.91727441253039,0.9474944058038455,00314d36a4bce2b1bfa7fcb7cd49a7c23a06ed1c06c6e61adb0a8479e8c52201
m7_v1_development_m7c1_seed710101,m7v1d-m7c1-710101,M7C1,710101,1,budget_conditioned_visual_voi,severe,31466,31466,1.0,15;15;15;15;15;15;15;15;1;1;1;1;1;1;1;1;1;1;1;1;1;1;1;1;1;15;1;1;1;1;1;1;15;15;1;15;1;1;1;15;15;15;15;15;15;15;15;1,20,0.4166666666666667,0,0,0,0,,,0,0,,0,,,283.4001215277778,23.60680328722058,0.7559250691853321,7b98888650ab0e9bf6940852212e0261f0a75300890c8075dc92fcdf878e2651
m7_v1_development_m7c1_seed710101,m7v1d-m7c1-710101,M7C1,710101,1,budget_conditioned_visual_voi,low,32374,32374,1.0,15;15;15;35;15;15;35;15;15;15;15;15;15;15;15;15;35;35;35;35;35;1;15;15;35;15;35;35;35;55;55;55;15;15;1;15;15;15;15;15;15;15;15;55;55;15;15;15,46,0.9583333333333334,0,0,0,0,,,0,0,,0,,,48.29487847222222,31.291792833086596,0.8702052124234028,da927e3aa0a8a93be32a836a492ac44db5c959bd1f46781be2123eef375c1732
m7_v1_development_m7c1_seed710101,m7v1d-m7c1-710101,M7C1,710101,1,budget_conditioned_visual_voi,medium,33509,33509,1.0,35;35;35;35;55;15;35;35;75;15;35;15;15;15;15;15;75;55;55;55;75;1;15;35;95;55;75;75;75;55;75;75;75;75;1;55;15;15;15;15;55;15;35;75;95;35;35;55,46,0.9583333333333334,0,0,0,0,,,0,0,,0,,,32.51807291666667,33.009555603067696,0.9013236461430868,475892bc6c3ef026d83fdb80d50de79e565223331ae069b3b0e1414078524f2f
m7_v1_development_m7c1_seed710101,m7v1d-m7c1-710101,M7C1,710101,1,budget_conditioned_visual_voi,high,34871,34871,1.0,35;35;35;35;35;35;35;35;75;35;35;35;35;55;15;55;95;75;55;75;75;1;15;75;95;55;95;95;75;55;95;95;75;75;1;75;35;15;15;15;55;55;35;95;95;75;75;75,46,0.9583333333333334,0,0,0,0,,,0,0,,0,,,24.98902777777778,34.15331001058381,0.9254917923884567,7079148c83354ce7db5876489a12f316fe74b15646646283f7ee32b4cb436950
m7_v1_development_m7c1_seed710101,m7v1d-m7c1-710101,M7C1,710101,2,state_only_risk_roi,severe,31466,31334,0.9958049958685565,1;1;1;1;1;1;1;1;1;1;1;1;1;1;1;1;1;1;1;1;1;1;1;1;1;1;1;1;1;1;1;1;1;1;1;15;15;1;1;1;1;1;1;1;15;1;1;1,3,0.0005208333333333333,0,0,0,0,,,0,0,,0,,,493.72821180555553,21.195924171982632,0.6977336825774323,36be3afd8b47ea58343027d854d152493f676c17e6115163099eff13ab5d9540
m7_v1_development_m7c1_seed710101,m7v1d-m7c1-710101,M7C1,710101,2,state_only_risk_roi,low,32374,32341,0.9989806634953975,25;25;25;25;25;25;25;25;25;25;25;25;25;25;25;25;25;25;25;25;25;25;25;25;25;25;25;25;25;25;25;25;25;25;25;55;55;25;25;25;25;25;25;25;55;25;25;25,48,0.0005208333333333333,0,0,0,0,,,0,0,,0,,,32.35192708333334,33.03180205794221,0.8911722177711766,70ce79a058e2accc39edfb36569ab91f5f122aa4221baa44fb09473a066f6696
m7_v1_development_m7c1_seed710101,m7v1d-m7c1-710101,M7C1,710101,2,state_only_risk_roi,medium,33509,33080,0.9871974693365961,45;45;45;45;45;45;45;45;45;45;45;45;45;45;45;45;45;45;45;45;45;45;45;45;45;45;45;45;45;45;45;45;45;45;45;75;75;45;45;45;45;45;45;45;75;45;45;45,48,0.0005208333333333333,0,0,0,0,,,0,0,,0,,,19.08546875,35.32377529931579,0.9229546437140749,22ff79635cd3af7220a8f2e77c2728ddc62bb1323f78d23afc691a941e514f3f
m7_v1_development_m7c1_seed710101,m7v1d-m7c1-710101,M7C1,710101,2,state_only_risk_roi,high,34871,34130,0.9787502509248373,65;65;65;65;65;65;65;65;65;65;65;65;65;65;65;65;65;65;65;65;65;65;65;65;65;65;65;65;65;65;65;65;65;65;65;95;95;65;65;65;65;65;65;65;95;65;65;65,48,0.0005208333333333333,0,0,0,0,,,0,0,,0,,,14.026319444444445,36.661366352899115,0.9397068234478612,a25b733c20d542b1ef38d01e9ad01664be68e524133892891b0e46710434abfe
m7_v1_development_m7c1_seed710101,m7v1d-m7c1-710101,M7C1,710101,2,command_conditioned_risk_roi,severe,31466,31343,0.9960910188775186,1;1;1;1;1;1;1;1;1;1;1;1;1;1;1;1;1;1;1;1;1;1;1;1;1;1;1;1;1;1;1;1;1;1;1;15;15;1;1;1;1;1;1;1;15;1;1;1,3,0.0005208333333333333,0,0,0,0,,,0,0,,0,,,493.72821180555553,21.195924171982632,0.6977336825774323,2f6e035d7d3d61a1881641eefaa09fa7f2418d145e108e851cfb3bf733cbc3aa
m7_v1_development_m7c1_seed710101,m7v1d-m7c1-710101,M7C1,710101,2,command_conditioned_risk_roi,low,32374,32350,0.9992586643602891,25;25;25;25;25;25;25;25;25;25;25;25;25;25;25;25;25;25;25;25;25;25;25;25;25;25;25;25;25;25;25;25;25;25;25;55;55;25;25;25;25;25;25;25;55;25;25;25,48,0.0005208333333333333,0,0,0,0,,,0,0,,0,,,32.35192708333334,33.03180205794221,0.8911722177711766,bff238a52184f257d660032bb45577d8afadb2b44a9a6bf270a48e3b8ec85d61
m7_v1_development_m7c1_seed710101,m7v1d-m7c1-710101,M7C1,710101,2,command_conditioned_risk_roi,medium,33509,33089,0.9874660538959682,45;45;45;45;45;45;45;45;45;45;45;45;45;45;45;45;45;45;45;45;45;45;45;45;45;45;45;45;45;45;45;45;45;45;45;75;75;45;45;45;45;45;45;45;75;45;45;45,48,0.0005208333333333333,0,0,0,0,,,0,0,,0,,,19.08546875,35.32377529931579,0.9229546437140749,77e9643adaed828687b3f3a453232a06b6c9b8affeed31dc8ece41ecb15661d6
m7_v1_development_m7c1_seed710101,m7v1d-m7c1-710101,M7C1,710101,2,command_conditioned_risk_roi,high,34871,34139,0.979008345043159,65;65;65;65;65;65;65;65;65;65;65;65;65;65;65;65;65;65;65;65;65;65;65;65;65;65;65;65;65;65;65;65;65;65;65;95;95;65;65;65;65;65;65;65;95;65;65;65,48,0.0005208333333333333,0,0,0,0,,,0,0,,0,,,14.026319444444445,36.661366352899115,0.9397068234478612,39a0861a41942ec06142389b394fd54442c349cff81c4af27d2a5f42b240c313
m7_v1_development_m7c1_seed710101,m7v1d-m7c1-710101,M7C1,710101,2,budget_conditioned_visual_voi,severe,31466,31466,1.0,15;15;15;15;15;15;15;1;1;1;1;1;1;1;1;1;1;1;1;1;1;1;1;1;15;1;15;1;15;1;1;15;1;1;1;15;15;1;1;1;15;1;1;1;15;15;1;1,16,0.3333333333333333,0,0,0,0,,,0,0,,0,,,333.11149305555557,22.904907438341922,0.699695978658271,b0eaec13830969e6db4cd378a10c972641aac7bbe2e299c5b2283de6b4589f5c
m7_v1_development_m7c1_seed710101,m7v1d-m7c1-710101,M7C1,710101,2,budget_conditioned_visual_voi,low,32374,32374,1.0,15;15;15;15;15;15;15;15;15;15;15;15;15;15;15;15;15;15;15;15;15;35;15;35;55;35;55;55;55;35;55;35;35;1;15;35;35;15;15;15;15;15;15;35;55;15;15;15,47,0.9791666666666666,0,0,0,0,,,0,0,,0,,,41.947413194444444,31.90375176871671,0.8581368866035413,ef42ce297cbff450c9db860c790a9167d4d12443f1812591347b9f545631997a
m7_v1_development_m7c1_seed710101,m7v1d-m7c1-710101,M7C1,710101,2,budget_conditioned_visual_voi,medium,33509,33509,1.0,35;35;35;35;35;15;15;35;15;15;15;15;15;15;15;55;55;35;55;55;35;55;55;75;75;55;75;95;55;75;75;75;55;1;15;95;55;15;15;15;15;15;15;75;75;35;15;15,47,0.9791666666666666,0,0,0,0,,,0,0,,0,,,28.3490625,33.605416594664604,0.8922377156577069,73b2b58865e49ae2f0288c52232fcb9e2b97039d7eb437611c9395971e8f5eeb
m7_v1_development_m7c1_seed710101,m7v1d-m7c1-710101,M7C1,710101,2,budget_conditioned_visual_voi,high,34871,34871,1.0,35;55;35;35;35;35;55;35;35;35;35;35;55;35;55;55;55;55;75;75;75;75;55;75;95;95;95;95;55;95;95;95;55;1;35;95;55;15;15;15;15;15;35;75;75;75;55;15,47,0.9791666666666666,0,0,0,0,,,0,0,,0,,,19.100243055555556,35.32041467074898,0.9215187906177139,77225a3e64cc9f391f95ebad298bb982a19ce7f0f3561bfcfa7b167f14ee0c0f
m7_v1_development_m7c1_seed710101,m7v1d-m7c1-710101,M7C1,710101,3,state_only_risk_roi,severe,31466,31436,0.9990465899701265,5;5;5;5;5;5;5;5;5;5;5;5;5;5;5;5;5;5;5;5;5;5;5;5;5;5;5;5;5;5;5;5;5;5;5;35;35;5;5;5;5;5;5;5;5;5;5;5,48,0.00046875,0,0,0,0,,,0,0,,0,,,191.6625,25.30543212184955,0.7539128698064701,178db7d9237390522e491459ebed8aa2080c2bb2923b2d45540d2e23a81a6447
m7_v1_development_m7c1_seed710101,m7v1d-m7c1-710101,M7C1,710101,3,state_only_risk_roi,low,32374,32281,0.9971273243961204,25;25;25;25;25;25;25;25;25;25;25;25;25;25;25;25;25;25;25;25;25;25;25;25;25;25;25;25;25;25;25;25;25;25;25;55;55;25;25;25;25;25;25;25;25;25;25;25,48,0.00046875,0,0,0,0,,,0,0,,0,,,31.979618055555555,33.08207088366862,0.8873833285690483,e0a3e7baf062743fc4d937e9a9164409376ab565ff7a3d9813c72c18078910ae
m7_v1_development_m7c1_seed710101,m7v1d-m7c1-710101,M7C1,710101,3,state_only_risk_roi,medium,33509,33005,0.9849592646751619,45;45;45;45;45;45;45;45;45;45;45;45;45;45;45;45;45;45;45;45;45;45;45;45;45;45;45;45;45;45;45;45;45;45;45;75;75;45;45;45;45;45;45;45;45;45;45;45,48,0.00046875,0,0,0,0,,,0,0,,0,,,19.563993055555557,35.216228608760176,0.9218602089713525,cbca8c500a2adb8a090cb47732200f3beca5f851d4bab1726e8cd18d3af2899a
m7_v1_development_m7c1_seed710101,m7v1d-m7c1-710101,M7C1,710101,3,state_only_risk_roi,high,34871,33935,0.9731582116945313,65;65;65;65;65;65;65;65;65;65;65;65;65;65;65;65;65;65;65;65;65;65;65;65;65;65;65;65;65;65;65;65;65;65;65;95;95;65;65;65;65;65;65;65;65;65;65;65,48,0.00046875,0,0,0,0,,,0,0,,0,,,13.428159722222222,36.85063862513919,0.9425891114796787,95856d6c59d7d91a521956b0e51b48250dadf7fc82246ffe41452a17511ad10d
m7_v1_development_m7c1_seed710101,m7v1d-m7c1-710101,M7C1,710101,3,command_conditioned_risk_roi,severe,31466,31445,0.9993326129790885,5;5;5;5;5;5;5;5;5;5;5;5;5;5;5;5;5;5;5;5;5;5;5;5;5;5;5;5;5;5;5;5;5;5;5;35;35;5;5;5;5;5;5;5;5;5;5;5,48,0.00046875,0,0,0,0,,,0,0,,0,,,191.6625,25.30543212184955,0.7539128698064701,9b79b277d379444a0653498f6a28e5a166d2cd482d5224a4f53e63582b90581a
m7_v1_development_m7c1_seed710101,m7v1d-m7c1-710101,M7C1,710101,3,command_conditioned_risk_roi,low,32374,32290,0.9974053252610119,25;25;25;25;25;25;25;25;25;25;25;25;25;25;25;25;25;25;25;25;25;25;25;25;25;25;25;25;25;25;25;25;25;25;25;55;55;25;25;25;25;25;25;25;25;25;25;25,48,0.00046875,0,0,0,0,,,0,0,,0,,,31.979618055555555,33.08207088366862,0.8873833285690483,627daecf98995292984cf675f84c3edc5229ec1b138c7e9cfaf43687c9b01311
m7_v1_development_m7c1_seed710101,m7v1d-m7c1-710101,M7C1,710101,3,command_conditioned_risk_roi,medium,33509,33014,0.985227849234534,45;45;45;45;45;45;45;45;45;45;45;45;45;45;45;45;45;45;45;45;45;45;45;45;45;45;45;45;45;45;45;45;45;45;45;75;75;45;45;45;45;45;45;45;45;45;45;45,48,0.00046875,0,0,0,0,,,0,0,,0,,,19.563993055555557,35.216228608760176,0.9218602089713525,e1af1a204f00d13da90c9e79146006c95b704df870bcbe45f81bc3b6235e655b
m7_v1_development_m7c1_seed710101,m7v1d-m7c1-710101,M7C1,710101,3,command_conditioned_risk_roi,high,34871,33944,0.9734163058128531,65;65;65;65;65;65;65;65;65;65;65;65;65;65;65;65;65;65;65;65;65;65;65;65;65;65;65;65;65;65;65;65;65;65;65;95;95;65;65;65;65;65;65;65;65;65;65;65,48,0.00046875,0,0,0,0,,,0,0,,0,,,13.428159722222222,36.85063862513919,0.9425891114796787,f7c1b57fa56a068a20b5862b1f49213eeb93d5ad01ff0918840188cd60fb1afb
m7_v1_development_m7c1_seed710101,m7v1d-m7c1-710101,M7C1,710101,3,budget_conditioned_visual_voi,severe,31466,31466,1.0,15;15;15;15;15;15;15;15;1;1;1;1;1;1;1;1;1;1;1;1;1;1;1;1;15;15;1;15;1;15;1;15;1;1;1;15;15;1;1;1;1;1;1;1;1;1;15;1,16,0.3333333333333333,0,0,0,0,,,0,0,,0,,,298.70526041666665,23.378374899550636,0.7004379212777797,6c749ddc822c1d73d861f83d4eefa7fb8188a7cf1709cae1b947dc2ca5aba13d
m7_v1_development_m7c1_seed710101,m7v1d-m7c1-710101,M7C1,710101,3,budget_conditioned_visual_voi,low,32374,32374,1.0,35;55;35;15;15;15;15;15;15;15;15;15;15;15;15;35;15;15;15;15;15;35;35;35;55;55;75;55;35;35;75;55;15;15;15;35;35;15;15;15;15;15;15;15;15;15;15;15,48,0.3541666666666667,0,0,0,0,,,0,0,,0,,,34.500729166666666,32.75252086962367,0.8680012386977115,38c37c8c56e8dfb06a4b6e911172c6dee0f697dd61315aba068bb200a2810d2b
m7_v1_development_m7c1_seed710101,m7v1d-m7c1-710101,M7C1,710101,3,budget_conditioned_visual_voi,medium,33509,33509,1.0,35;35;35;35;35;35;55;35;15;35;35;35;55;15;15;75;75;55;75;75;55;55;55;75;75;95;75;75;35;95;75;75;55;15;15;75;35;15;15;15;15;15;15;55;15;15;55;35,48,0.7291666666666666,0,0,0,0,,,0,0,,0,,,19.51956597222222,35.22610204195256,0.910691421178135,0f162ec744394b10df184e27d6e1b9948b84951233d17898a450d435fecce2fa
m7_v1_development_m7c1_seed710101,m7v1d-m7c1-710101,M7C1,710101,3,budget_conditioned_visual_voi,high,34871,34870,0.999971322875742,35;35;35;35;35;35;35;35;35;35;35;35;55;35;35;75;75;55;75;75;75;55;75;95;95;95;95;95;35;95;95;95;75;15;35;95;35;15;15;15;15;15;35;75;15;35;55;35,48,0.8541666666666666,0,0,0,0,,,0,0,,0,,,14.159565972222222,36.62030419573327,0.9253982928831679,cee5d1f59494a9745c822b5d2dd4088b5709505874da17f2e889eb10e9452d3e
m7_v1_development_m7c2_seed710200,m7v1d-m7c2-710200,M7C2,710200,0,state_only_risk_roi,severe,31466,31396,0.9977753765969618,5;5;5;5;5;5;5;5;5;5;5;5;5;5;5;5;5;5;5;5;5;5;5;5;5;5;5;5;5;5;5;5;5;5;5;5;5;5;5;5;5;5;5;5;35;5;5;5,48,0.00046875,1,1,32,32,1.0,1.0,32,0,0.0,2290,83.90232896652111,28.893063446962962,201.48866319444446,25.088297453813716,0.7720349497250817,b272e5908300102d4880de3263c412698f93fd10ab064d53c4ba509551c4438d
m7_v1_development_m7c2_seed710200,m7v1d-m7c2-710200,M7C2,710200,0,state_only_risk_roi,low,32374,32172,0.9937604250324334,25;25;25;25;25;25;25;25;25;25;25;25;25;25;25;25;25;25;25;25;25;25;25;25;25;25;25;25;25;25;25;25;25;25;25;25;25;25;25;25;25;25;25;25;55;25;25;25,48,0.00046875,1,1,32,32,1.0,1.0,32,0,0.0,2290,6.9885007278020375,39.68696346135362,34.901041666666664,32.70241971635545,0.9049219312391658,6f5fe39e55dfcc812891b536cd679786aab2fa0dfbf7373f5d4b180ce9d4d4d2
m7_v1_development_m7c2_seed710200,m7v1d-m7c2-710200,M7C2,710200,0,state_only_risk_roi,medium,33509,33472,0.9988958190336924,65;65;65;65;65;65;65;65;65;65;65;65;65;65;65;65;65;65;65;65;65;65;65;65;65;65;65;65;65;65;65;65;65;65;65;65;65;65;65;65;65;65;65;65;95;65;65;65,48,0.00046875,1,1,32,32,1.0,1.0,32,0,0.0,2290,2.0490538573508004,45.01526987316463,15.187881944444445,36.31583148162305,0.948190792267162,a33f319a35e5be8da56f97251454ac60313064ac9eb3f17976941abcdd320eb7
m7_v1_development_m7c2_seed710200,m7v1d-m7c2-710200,M7C2,710200,0,state_only_risk_roi,high,34871,33472,0.9598807031630868,65;65;65;65;65;65;65;65;65;65;65;65;65;65;65;65;65;65;65;65;65;65;65;65;65;65;65;65;65;65;65;65;65;65;65;65;65;65;65;65;65;65;65;65;95;65;65;65,48,0.00046875,1,1,32,32,1.0,1.0,32,0,0.0,2290,2.0490538573508004,45.01526987316463,15.187881944444445,36.31583148162305,0.948190792267162,67161b274483ef9d5205697201dae953cdb8f411184bbfd0f059a5fe3dea40cb
m7_v1_development_m7c2_seed710200,m7v1d-m7c2-710200,M7C2,710200,0,command_conditioned_risk_roi,severe,31466,31405,0.9980613996059239,5;5;5;5;5;5;5;5;5;5;5;5;5;5;5;5;5;5;5;5;5;5;5;5;5;5;5;5;5;5;5;5;5;5;5;5;5;5;5;5;5;5;5;5;35;5;5;5,48,0.00046875,1,1,32,32,1.0,1.0,32,0,0.0,2290,83.90232896652111,28.893063446962962,201.48866319444446,25.088297453813716,0.7720349497250817,e597b398cbc765f0b3b7614985664c68774b7439876250eda8e108ab807b160e
m7_v1_development_m7c2_seed710200,m7v1d-m7c2-710200,M7C2,710200,0,command_conditioned_risk_roi,low,32374,32181,0.994038425897325,25;25;25;25;25;25;25;25;25;25;25;25;25;25;25;25;25;25;25;25;25;25;25;25;25;25;25;25;25;25;25;25;25;25;25;25;25;25;25;25;25;25;25;25;55;25;25;25,48,0.00046875,1,1,32,32,1.0,1.0,32,0,0.0,2290,6.9885007278020375,39.68696346135362,34.901041666666664,32.70241971635545,0.9049219312391658,199a23769b9b036fce4056b002df9c5c3ec91e5b4a9b4197b8362191232e7de9
m7_v1_development_m7c2_seed710200,m7v1d-m7c2-710200,M7C2,710200,0,command_conditioned_risk_roi,medium,33509,33481,0.9991644035930646,65;65;65;65;65;65;65;65;65;65;65;65;65;65;65;65;65;65;65;65;65;65;65;65;65;65;65;65;65;65;65;65;65;65;65;65;65;65;65;65;65;65;65;65;95;65;65;65,48,0.00046875,1,1,32,32,1.0,1.0,32,0,0.0,2290,2.0490538573508004,45.01526987316463,15.187881944444445,36.31583148162305,0.948190792267162,7a245e7ceb6941bdff52f9eb8dc613fc6766eb26cd9c528c0cda3d3dd1aeb01f
m7_v1_development_m7c2_seed710200,m7v1d-m7c2-710200,M7C2,710200,0,command_conditioned_risk_roi,high,34871,33481,0.9601387972814086,65;65;65;65;65;65;65;65;65;65;65;65;65;65;65;65;65;65;65;65;65;65;65;65;65;65;65;65;65;65;65;65;65;65;65;65;65;65;65;65;65;65;65;65;95;65;65;65,48,0.00046875,1,1,32,32,1.0,1.0,32,0,0.0,2290,2.0490538573508004,45.01526987316463,15.187881944444445,36.31583148162305,0.948190792267162,ab17f6698c44a6cee8ab00efe95f73e2e391a2c4387ef251e89be7d02ea9c0d5
m7_v1_development_m7c2_seed710200,m7v1d-m7c2-710200,M7C2,710200,0,budget_conditioned_visual_voi,severe,31466,31466,1.0,1;15;1;15;15;15;1;1;1;15;1;1;1;1;1;1;1;1;1;1;1;1;1;1;1;1;15;15;1;1;1;15;1;15;15;15;1;15;15;15;1;15;1;15;15;1;15;1,18,0.375,1,1,32,32,1.0,1.0,32,0,0.0,2290,144.8717612809316,26.52096620773166,270.04460069444445,23.816448625021355,0.7456425250674753,8d1884bc118ba1dec99bd21b22c980147fec287e9d69fe6cc9a2d7a0607fcc51
m7_v1_development_m7c2_seed710200,m7v1d-m7c2-710200,M7C2,710200,0,budget_conditioned_visual_voi,low,32374,32374,1.0,15;35;15;15;15;15;15;15;15;15;15;15;15;15;15;35;15;15;15;15;15;15;15;15;1;35;35;35;35;35;75;75;1;15;55;55;35;15;35;15;55;55;15;35;55;35;15;1,45,0.9375,1,1,32,32,1.0,1.0,32,21,0.65625,2290,62.60727802037846,30.164555385143082,48.680364583333336,31.257265387228465,0.8819092253411868,5872e23369372435eeba35258325b44b0498329586aee37ceabc398fdedacebf
m7_v1_development_m7c2_seed710200,m7v1d-m7c2-710200,M7C2,710200,0,budget_conditioned_visual_voi,medium,33509,33509,1.0,15;35;35;35;35;15;15;15;15;35;15;15;15;15;75;75;35;35;75;75;55;55;55;55;1;75;35;75;75;75;95;75;1;55;75;75;55;75;35;35;75;75;15;35;75;75;15;1,45,0.9375,1,1,32,32,1.0,1.0,32,21,0.65625,2290,59.64992721979622,30.374704427535896,32.04776041666667,33.072826756142575,0.9197920228026754,177496e70c9809060623cc302f77a6a7fa5b8fe36c046b351f8945b4d1a6bb3a
m7_v1_development_m7c2_seed710200,m7v1d-m7c2-710200,M7C2,710200,0,budget_conditioned_visual_voi,high,34871,34871,1.0,15;35;35;35;35;35;55;35;15;55;15;35;15;35;75;95;35;35;75;75;55;75;75;35;1;75;35;75;75;75;95;95;1;55;95;95;75;75;35;35;95;95;15;35;75;95;15;1,45,0.9375,1,1,32,32,1.0,1.0,32,21,0.65625,2290,59.549199417758366,30.38204433685336,26.27029513888889,33.936154088861485,0.9363578744779565,8cb6bdcfeb5328cb38cf9fadca3a02dccbbe9b6b449921fd76c8dae19e558531
m7_v1_development_m7c2_seed710200,m7v1d-m7c2-710200,M7C2,710200,1,state_only_risk_roi,severe,31466,31400,0.9979024979342783,5;5;5;5;5;5;5;5;5;5;5;5;5;5;5;5;5;5;5;5;5;5;5;5;5;5;5;5;5;5;5;5;5;5;5;5;5;5;5;5;5;5;5;5;35;5;5;5,48,0.0005208333333333333,1,1,28,18,1.0,0.6428571428571429,28,0,0.0,4920,78.89146341463415,29.160503486913644,184.9673263888889,25.459853417742554,0.7900519357995432,f9865e5346266e5c1e91f00d980e0a268c9b6f5e466a3cfdcdecead8515479cd
m7_v1_development_m7c2_seed710200,m7v1d-m7c2-710200,M7C2,710200,1,state_only_risk_roi,low,32374,32145,0.9929264224377587,25;25;25;25;25;25;25;25;25;25;25;25;25;25;25;25;25;25;25;25;25;25;25;25;25;25;25;25;25;25;25;25;25;25;25;25;25;25;25;25;25;25;25;25;55;25;25;25,48,0.0005208333333333333,1,1,28,28,1.0,1.0,28,0,0.0,4920,8.239024390243902,38.972045723526556,33.23777777777778,32.914483809877986,0.9123282031695917,40f4e3b34baf0057cb711c43747932c1d20d77e24526ee0f67951c6c18440a54
m7_v1_development_m7c2_seed710200,m7v1d-m7c2-710200,M7C2,710200,1,state_only_risk_roi,medium,33509,33445,0.9980900653555761,65;65;65;65;65;65;65;65;65;65;65;65;65;65;65;65;65;65;65;65;65;65;65;65;65;65;65;65;65;65;65;65;65;65;65;65;65;65;65;65;65;65;65;65;95;65;65;65,48,0.0005208333333333333,1,1,28,28,1.0,1.0,28,0,0.0,4920,2.796747967479675,43.66427029735778,13.871753472222222,36.709489989166364,0.9533982164470136,0bdb1793b9a886cc73e69b212751d8d7172e1c8f82e4b79cfdc05aceafe71d0c
m7_v1_development_m7c2_seed710200,m7v1d-m7c2-710200,M7C2,710200,1,state_only_risk_roi,high,34871,33445,0.9591064208081214,65;65;65;65;65;65;65;65;65;65;65;65;65;65;65;65;65;65;65;65;65;65;65;65;65;65;65;65;65;65;65;65;65;65;65;65;65;65;65;65;65;65;65;65;95;65;65;65,48,0.0005208333333333333,1,1,28,28,1.0,1.0,28,0,0.0,4920,2.796747967479675,43.66427029735778,13.871753472222222,36.709489989166364,0.9533982164470136,4a68cff8c7d0d8e45fc2698e4e487bf1342362542a94137c947428a1abaa391a
m7_v1_development_m7c2_seed710200,m7v1d-m7c2-710200,M7C2,710200,1,command_conditioned_risk_roi,severe,31466,31411,0.9982520816118986,5;5;5;5;5;5;5;5;5;5;5;5;5;5;5;5;5;5;5;5;5;5;5;5;5;5;5;5;5;5;5;5;5;5;5;5;5;5;5;5;5;5;5;5;35;5;5;5,48,0.0005729166666666667,1,1,28,18,1.0,0.6428571428571429,28,0,0.0,4920,78.89146341463415,29.160503486913644,184.9673263888889,25.459853417742554,0.7900519357995432,41e86dfe139713aba0fcbb4f1f324a09b6bea6c4d5092cca3dbe929e1aca54d1
m7_v1_development_m7c2_seed710200,m7v1d-m7c2-710200,M7C2,710200,1,command_conditioned_risk_roi,low,32374,32156,0.9932662012726262,25;25;25;25;25;25;25;25;25;25;25;25;25;25;25;25;25;25;25;25;25;25;25;25;25;25;25;25;25;25;25;25;25;25;25;25;25;25;25;25;25;25;25;25;55;25;25;25,48,0.0005729166666666667,1,1,28,28,1.0,1.0,28,0,0.0,4920,8.239024390243902,38.972045723526556,33.23777777777778,32.914483809877986,0.9123282031695917,daef1e638459c6c5f1c623a9bff061da33d88cdcef85eff5cc8a1fecb609cb93
m7_v1_development_m7c2_seed710200,m7v1d-m7c2-710200,M7C2,710200,1,command_conditioned_risk_roi,medium,33509,33456,0.9984183353725865,65;65;65;65;65;65;65;65;65;65;65;65;65;65;65;65;65;65;65;65;65;65;65;65;65;65;65;65;65;65;65;65;65;65;65;65;65;65;65;65;65;65;65;65;95;65;65;65,48,0.0005729166666666667,1,1,28,28,1.0,1.0,28,0,0.0,4920,2.796747967479675,43.66427029735778,13.871753472222222,36.709489989166364,0.9533982164470136,96213321a68e4adf2348deda2375c3cb142858b2c483840e35dbb9cd7d169dd5
m7_v1_development_m7c2_seed710200,m7v1d-m7c2-710200,M7C2,710200,1,command_conditioned_risk_roi,high,34871,33456,0.9594218691749591,65;65;65;65;65;65;65;65;65;65;65;65;65;65;65;65;65;65;65;65;65;65;65;65;65;65;65;65;65;65;65;65;65;65;65;65;65;65;65;65;65;65;65;65;95;65;65;65,48,0.0005729166666666667,1,1,28,28,1.0,1.0,28,0,0.0,4920,2.796747967479675,43.66427029735778,13.871753472222222,36.709489989166364,0.9533982164470136,a6aaf3153b4a8dc6803ea2c7e32b216687cad128fabc7700b30225b249978f6b
m7_v1_development_m7c2_seed710200,m7v1d-m7c2-710200,M7C2,710200,1,budget_conditioned_visual_voi,severe,31466,31466,1.0,1;1;15;1;1;1;1;1;1;1;1;1;1;1;1;1;1;1;1;1;1;1;1;1;1;1;1;1;15;15;15;1;1;1;15;1;1;1;1;1;1;1;1;1;35;15;15;1,8,0.16666666666666666,1,1,28,28,1.0,1.0,28,17,0.6071428571428571,4920,197.3430216802168,25.178585871131084,331.9049826388889,22.92066588675239,0.7607433622021339,d46a1e705550a3062cda26c3bf47ef80eca8f59ad3fcb9b65ccf575fe9dc37a9
m7_v1_development_m7c2_seed710200,m7v1d-m7c2-710200,M7C2,710200,1,budget_conditioned_visual_voi,low,32374,32373,0.9999691110150121,1;1;35;35;15;35;35;15;1;1;1;15;15;15;15;15;1;1;35;15;15;35;15;15;1;1;55;55;55;35;75;55;1;1;35;35;15;1;35;15;1;1;15;15;35;55;55;35,34,0.7083333333333334,1,1,28,28,1.0,1.0,28,28,1.0,4920,157.78970189701897,26.150017051836144,76.60135416666667,29.288439136646463,0.8721520506445056,8a1c3f041c2f2e556ab9f59eba6e21028e0877ff6f159012639ca9fcc9a8884e
m7_v1_development_m7c2_seed710200,m7v1d-m7c2-710200,M7C2,710200,1,budget_conditioned_visual_voi,medium,33509,33508,0.9999701572711809,1;1;75;35;35;35;35;35;1;1;1;55;35;15;15;15;1;1;75;35;55;75;75;35;1;1;95;75;75;75;75;75;1;1;75;55;15;1;35;15;1;1;35;15;35;75;95;75,34,0.7083333333333334,1,1,28,28,1.0,1.0,28,28,1.0,4920,156.12879403794037,26.19597355700476,64.05748263888889,30.065104933137768,0.8988755937842918,1f0f69451a57649769030f63331bb57aa47e4dba1b0fd25ff75aa0b0567fd52b
m7_v1_development_m7c2_seed710200,m7v1d-m7c2-710200,M7C2,710200,1,budget_conditioned_visual_voi,high,34871,34870,0.999971322875742,1;1;95;35;35;35;55;35;1;1;1;55;35;55;55;35;1;1;75;75;55;75;75;35;1;1;95;95;95;95;75;95;1;1;75;75;55;1;75;15;1;1;35;35;35;95;95;95,34,0.7083333333333334,1,1,28,28,1.0,1.0,28,28,1.0,4920,156.01341463414633,26.199184185960604,58.913472222222225,30.42865741076881,0.9124512857141109,1c89c655c3388ad487a8c1fda0762937d27e81c0c9c96f287ea48177d7bae1aa
m7_v1_development_m7c2_seed710200,m7v1d-m7c2-710200,M7C2,710200,2,state_only_risk_roi,severe,31466,31268,0.9937074938028349,5;5;5;5;5;5;5;5;5;5;5;5;5;5;5;5;5;5;5;5;5;5;5;5;5;5;5;5;5;5;5;5;5;5;5;5;5;5;5;5;5;5;5;5;35;5;5;5,48,0.00036458333333333335,1,1,44,44,1.0,1.0,44,0,0.0,12027,46.66564119619744,31.440831233606083,98.00611111111111,28.218272041643218,0.8966130382562735,03bf5df07571f3b34b75060ef94c450807b880153b008ce78e7f70e3114109ae
m7_v1_development_m7c2_seed710200,m7v1d-m7c2-710200,M7C2,710200,2,state_only_risk_roi,low,32374,32094,0.991351084203373,65;65;65;65;65;65;65;65;65;65;65;65;65;65;65;65;65;65;65;65;65;65;65;65;65;65;65;65;65;65;65;65;65;65;65;65;65;65;65;65;65;65;65;65;95;65;65;65,48,0.00036458333333333335,1,1,44,44,1.0,1.0,44,0,0.0,12027,0.8826252044012084,48.67304035789738,5.926579861111111,40.40276219940418,0.9813809403624264,f87d8c1f646246a584cb8af25e7d73442c8a5447c24d77ff445cf4db0e317db5
m7_v1_development_m7c2_seed710200,m7v1d-m7c2-710200,M7C2,710200,2,state_only_risk_roi,medium,33509,32094,0.9577725387209406,65;65;65;65;65;65;65;65;65;65;65;65;65;65;65;65;65;65;65;65;65;65;65;65;65;65;65;65;65;65;65;65;65;65;65;65;65;65;65;65;65;65;65;65;95;65;65;65,48,0.00036458333333333335,1,1,44,44,1.0,1.0,44,0,0.0,12027,0.8826252044012084,48.67304035789738,5.926579861111111,40.40276219940418,0.9813809403624264,7f80f6c55e3d7a27b1430c9bbd61924ad3677cbfe26f7e452fc133cc7b99a897
m7_v1_development_m7c2_seed710200,m7v1d-m7c2-710200,M7C2,710200,2,state_only_risk_roi,high,34871,32094,0.9203636259355912,65;65;65;65;65;65;65;65;65;65;65;65;65;65;65;65;65;65;65;65;65;65;65;65;65;65;65;65;65;65;65;65;65;65;65;65;65;65;65;65;65;65;65;65;95;65;65;65,48,0.00036458333333333335,1,1,44,44,1.0,1.0,44,0,0.0,12027,0.8826252044012084,48.67304035789738,5.926579861111111,40.40276219940418,0.9813809403624264,db1604aaaecc47e5b9b2c541b029354914e8d3d92a93d121df1122286f5991d2
m7_v1_development_m7c2_seed710200,m7v1d-m7c2-710200,M7C2,710200,2,command_conditioned_risk_roi,severe,31466,31283,0.9941841988177715,5;5;5;5;5;5;5;5;5;5;5;5;5;5;5;5;5;5;5;5;5;5;5;5;5;5;5;5;5;5;5;5;5;5;5;5;5;5;5;5;5;5;5;5;35;5;5;5,48,0.0005208333333333333,1,1,44,44,1.0,1.0,44,0,0.0,12027,46.66564119619744,31.440831233606083,98.00611111111111,28.218272041643218,0.8966130382562735,518f3536c2c840c1b721aa2ac5cb4d886bdda703520c3257c8d22ba1fb7fa37d
m7_v1_development_m7c2_seed710200,m7v1d-m7c2-710200,M7C2,710200,2,command_conditioned_risk_roi,low,32374,32109,0.9918144189781923,65;65;65;65;65;65;65;65;65;65;65;65;65;65;65;65;65;65;65;65;65;65;65;65;65;65;65;65;65;65;65;65;65;65;65;65;65;65;65;65;65;65;65;65;95;65;65;65,48,0.0005208333333333333,1,1,44,44,1.0,1.0,44,0,0.0,12027,0.8826252044012084,48.67304035789738,5.926579861111111,40.40276219940418,0.9813809403624264,913c3e49ca1130a72b63e5e73871b6a1be2707b602dd28217c56564c110ec2c1
m7_v1_development_m7c2_seed710200,m7v1d-m7c2-710200,M7C2,710200,2,command_conditioned_risk_roi,medium,33509,32109,0.9582201796532275,65;65;65;65;65;65;65;65;65;65;65;65;65;65;65;65;65;65;65;65;65;65;65;65;65;65;65;65;65;65;65;65;65;65;65;65;65;65;65;65;65;65;65;65;95;65;65;65,48,0.0005208333333333333,1,1,44,44,1.0,1.0,44,0,0.0,12027,0.8826252044012084,48.67304035789738,5.926579861111111,40.40276219940418,0.9813809403624264,bd062f8d344dc16e144de45206e91a6db85351dea5ab93c77fd4a8141797b071
m7_v1_development_m7c2_seed710200,m7v1d-m7c2-710200,M7C2,710200,2,command_conditioned_risk_roi,high,34871,32109,0.9207937827994609,65;65;65;65;65;65;65;65;65;65;65;65;65;65;65;65;65;65;65;65;65;65;65;65;65;65;65;65;65;65;65;65;65;65;65;65;65;65;65;65;65;65;65;65;95;65;65;65,48,0.0005208333333333333,1,1,44,44,1.0,1.0,44,0,0.0,12027,0.8826252044012084,48.67304035789738,5.926579861111111,40.40276219940418,0.9813809403624264,a04ae6044cd49639fe2f2c57a4dd915798abcc4e6438cc53a7524ccaf4de3abf
m7_v1_development_m7c2_seed710200,m7v1d-m7c2-710200,M7C2,710200,2,budget_conditioned_visual_voi,severe,31466,31465,0.9999682196656708,1;1;1;1;1;35;15;15;1;1;1;1;1;15;15;15;1;1;1;1;1;15;15;15;1;1;1;1;1;35;35;15;1;1;1;1;1;15;15;1;1;1;1;1;1;15;15;15,17,0.3541666666666667,1,1,44,44,1.0,1.0,44,22,0.5,12027,131.34419777722346,26.946694685877883,105.65557291666667,27.891879515465444,0.8801582394387517,e06e59e70da9c967dd2dac46e8b012e2d6f7488647cb4733747fc7a2e4fdc48b
m7_v1_development_m7c2_seed710200,m7v1d-m7c2-710200,M7C2,710200,2,budget_conditioned_visual_voi,low,32374,32374,1.0,1;1;1;1;1;55;35;35;1;1;1;1;1;55;55;55;1;1;1;1;1;75;55;55;1;1;1;1;1;95;75;95;1;1;1;1;1;35;35;1;1;1;1;1;1;75;75;75,17,0.3541666666666667,1,1,44,44,1.0,1.0,44,22,0.5,12027,131.21961697292204,26.950815951404962,91.50322916666667,28.51643940194702,0.9055304722852591,dabf108731e80ba1d9374345a40d5579b5f7d9a1f52b804c32195e9c1a43e12a
m7_v1_development_m7c2_seed710200,m7v1d-m7c2-710200,M7C2,710200,2,budget_conditioned_visual_voi,medium,33509,33506,0.9999104718135426,1;1;1;1;1;75;55;55;1;1;1;1;1;75;75;55;1;1;1;1;1;95;95;95;1;1;1;1;1;95;95;95;1;1;1;1;1;35;55;1;1;1;1;1;1;95;75;95,17,0.3541666666666667,1,1,44,44,1.0,1.0,44,22,0.5,12027,131.1873007954325,26.951885644060187,89.35960069444444,28.619391414115082,0.9117351593662789,ed2562be19f0b3a0d737ecfca928cfffd6939a2a66b96e25d66594b259f0e431
m7_v1_development_m7c2_seed710200,m7v1d-m7c2-710200,M7C2,710200,2,budget_conditioned_visual_voi,high,34871,34137,0.9789509907946431,1;1;1;1;1;95;95;95;1;1;1;1;1;95;95;95;1;1;1;1;1;95;95;95;1;1;1;1;1;95;95;95;1;1;1;1;1;35;95;1;1;1;1;1;1;95;95;95,17,0.3541666666666667,1,1,44,44,1.0,1.0,44,22,0.5,12027,131.1873007954325,26.951885644060187,88.76552083333333,28.64836055220419,0.9144822332099776,5f83bc3a5d8964861423a836a7dd9729e39612b3abfa9d738b5834e451091398
m7_v1_development_m7c2_seed710200,m7v1d-m7c2-710200,M7C2,710200,3,state_only_risk_roi,severe,31466,31302,0.9947880251700247,65;65;65;65;65;65;65;65;65;65;65;65;65;65;65;65;65;65;65;65;65;65;65;65;65;65;65;65;65;65;65;65;65;65;65;65;65;65;65;65;65;65;65;65;95;65;65;65,48,0.00036458333333333335,0,0,0,0,,,0,0,,19200,0.8518055555555556,48.82739892611686,0.8518055555555556,48.82739892611686,0.9980447354514769,4f4ee3027614cdefe3274d3a604fab5ae4977c55418b53402b5091c8e98b4dba
m7_v1_development_m7c2_seed710200,m7v1d-m7c2-710200,M7C2,710200,3,state_only_risk_roi,low,32374,31302,0.9668870080929141,65;65;65;65;65;65;65;65;65;65;65;65;65;65;65;65;65;65;65;65;65;65;65;65;65;65;65;65;65;65;65;65;65;65;65;65;65;65;65;65;65;65;65;65;95;65;65;65,48,0.00036458333333333335,0,0,0,0,,,0,0,,19200,0.8518055555555556,48.82739892611686,0.8518055555555556,48.82739892611686,0.9980447354514769,e7be792593745687b8ecba34c33cefd1fb49b3292578ca22765937a74280b3e3
m7_v1_development_m7c2_seed710200,m7v1d-m7c2-710200,M7C2,710200,3,state_only_risk_roi,medium,33509,31302,0.934137097496195,65;65;65;65;65;65;65;65;65;65;65;65;65;65;65;65;65;65;65;65;65;65;65;65;65;65;65;65;65;65;65;65;65;65;65;65;65;65;65;65;65;65;65;65;95;65;65;65,48,0.00036458333333333335,0,0,0,0,,,0,0,,19200,0.8518055555555556,48.82739892611686,0.8518055555555556,48.82739892611686,0.9980447354514769,e2f121b41836469095ae33fef5067a10767a8bc39ddb1a3f0a9ea67ea9f24070
m7_v1_development_m7c2_seed710200,m7v1d-m7c2-710200,M7C2,710200,3,state_only_risk_roi,high,34871,31302,0.8976513435232715,65;65;65;65;65;65;65;65;65;65;65;65;65;65;65;65;65;65;65;65;65;65;65;65;65;65;65;65;65;65;65;65;65;65;65;65;65;65;65;65;65;65;65;65;95;65;65;65,48,0.00036458333333333335,0,0,0,0,,,0,0,,19200,0.8518055555555556,48.82739892611686,0.8518055555555556,48.82739892611686,0.9980447354514769,fa0fbcd234039c081dfcf96e95b284efee3166d73c813a9a82ff773172bfc101
m7_v1_development_m7c2_seed710200,m7v1d-m7c2-710200,M7C2,710200,3,command_conditioned_risk_roi,severe,31466,31319,0.9953282908536197,65;65;65;65;65;65;65;65;65;65;65;65;65;65;65;65;65;65;65;65;65;65;65;65;65;65;65;65;65;65;65;65;65;65;65;65;65;65;65;65;65;65;65;65;95;65;65;65,48,0.0005729166666666667,0,0,0,0,,,0,0,,19200,0.8518055555555556,48.82739892611686,0.8518055555555556,48.82739892611686,0.9980447354514769,45dbdc83ebd102f40213cecfcd64fb92e4bff2df603a49de925a7688b1499252
m7_v1_development_m7c2_seed710200,m7v1d-m7c2-710200,M7C2,710200,3,command_conditioned_risk_roi,low,32374,31319,0.9674121208377092,65;65;65;65;65;65;65;65;65;65;65;65;65;65;65;65;65;65;65;65;65;65;65;65;65;65;65;65;65;65;65;65;65;65;65;65;65;65;65;65;65;65;65;65;95;65;65;65,48,0.0005729166666666667,0,0,0,0,,,0,0,,19200,0.8518055555555556,48.82739892611686,0.8518055555555556,48.82739892611686,0.9980447354514769,038ff25f1a80de9cff372c97e3bbc6d1e62129b7cb77d883220e0336b7ca4b4b
m7_v1_development_m7c2_seed710200,m7v1d-m7c2-710200,M7C2,710200,3,command_conditioned_risk_roi,medium,33509,31319,0.9346444238861201,65;65;65;65;65;65;65;65;65;65;65;65;65;65;65;65;65;65;65;65;65;65;65;65;65;65;65;65;65;65;65;65;65;65;65;65;65;65;65;65;65;65;65;65;95;65;65;65,48,0.0005729166666666667,0,0,0,0,,,0,0,,19200,0.8518055555555556,48.82739892611686,0.8518055555555556,48.82739892611686,0.9980447354514769,38cf54024314ab016f1993d3c7b5e847ba949170bb9ba12a1af511a7dfbb4c02
m7_v1_development_m7c2_seed710200,m7v1d-m7c2-710200,M7C2,710200,3,command_conditioned_risk_roi,high,34871,31319,0.8981388546356571,65;65;65;65;65;65;65;65;65;65;65;65;65;65;65;65;65;65;65;65;65;65;65;65;65;65;65;65;65;65;65;65;65;65;65;65;65;65;65;65;65;65;65;65;95;65;65;65,48,0.0005729166666666667,0,0,0,0,,,0,0,,19200,0.8518055555555556,48.82739892611686,0.8518055555555556,48.82739892611686,0.9980447354514769,2cec770a0450e25fb9336523ab81ff46be0f9b7107c1620c4d71764d01af5c55
m7_v1_development_m7c2_seed710200,m7v1d-m7c2-710200,M7C2,710200,3,budget_conditioned_visual_voi,severe,31466,31181,0.9909426047162017,1;1;1;1;1;1;1;1;1;1;1;1;1;1;1;1;1;1;1;1;1;1;1;1;1;1;1;1;1;1;1;1;1;1;1;1;1;1;1;1;1;1;1;1;1;1;1;1,0,0.0,0,0,0,0,,,0,0,,19200,131.4257638888889,26.943998509106404,131.4257638888889,26.943998509106404,0.8837093728365071,41330c51afb69f2703aee3675aac072434bf7e9c5fc2467ebe9476206605b5c2
m7_v1_development_m7c2_seed710200,m7v1d-m7c2-710200,M7C2,710200,3,budget_conditioned_visual_voi,low,32374,31181,0.9631494409093717,1;1;1;1;1;1;1;1;1;1;1;1;1;1;1;1;1;1;1;1;1;1;1;1;1;1;1;1;1;1;1;1;1;1;1;1;1;1;1;1;1;1;1;1;1;1;1;1,0,0.0,0,0,0,0,,,0,0,,19200,131.4257638888889,26.943998509106404,131.4257638888889,26.943998509106404,0.8837093728365071,7a3eded778be8318c13c78a7b8df36ef65aaaeba41fe89e501f364cd5709dc7b
m7_v1_development_m7c2_seed710200,m7v1d-m7c2-710200,M7C2,710200,3,budget_conditioned_visual_voi,medium,33509,31181,0.9305261273090811,1;1;1;1;1;1;1;1;1;1;1;1;1;1;1;1;1;1;1;1;1;1;1;1;1;1;1;1;1;1;1;1;1;1;1;1;1;1;1;1;1;1;1;1;1;1;1;1,0,0.0,0,0,0,0,,,0,0,,19200,131.4257638888889,26.943998509106404,131.4257638888889,26.943998509106404,0.8837093728365071,62bead29e137f2ad56d3b1ee78fe33f01272168277807b9eea8dd9feb6356c73
m7_v1_development_m7c2_seed710200,m7v1d-m7c2-710200,M7C2,710200,3,budget_conditioned_visual_voi,high,34871,31181,0.894181411488056,1;1;1;1;1;1;1;1;1;1;1;1;1;1;1;1;1;1;1;1;1;1;1;1;1;1;1;1;1;1;1;1;1;1;1;1;1;1;1;1;1;1;1;1;1;1;1;1,0,0.0,0,0,0,0,,,0,0,,19200,131.4257638888889,26.943998509106404,131.4257638888889,26.943998509106404,0.8837093728365071,b70fca01f0409e26bb678def1694cb5b72ce1f60057c3eb14fd66a67bc97acdc
m7_v1_development_m7c2_seed710201,m7v1d-m7c2-710201,M7C2,710201,0,state_only_risk_roi,severe,31466,31417,0.9984427636178732,5;5;5;5;5;5;5;5;5;5;5;5;5;5;5;5;5;5;5;5;5;5;5;5;5;5;5;5;5;5;5;5;5;5;5;5;5;5;5;5;5;5;5;5;35;5;5;5,48,0.00046875,1,1,21,20,1.0,0.9523809523809523,21,0,0.0,2400,122.63319444444444,27.24472319618736,217.3840972222222,24.758525908566064,0.7531710684879291,c0c442077b01e25a1c736560f2d29dc14af9d7691706401ae68c43be776f1836
m7_v1_development_m7c2_seed710201,m7v1d-m7c2-710201,M7C2,710201,0,state_only_risk_roi,low,32374,32252,0.9962315438314697,25;25;25;25;25;25;25;25;25;25;25;25;25;25;25;25;25;25;25;25;25;25;25;25;25;25;25;25;25;25;25;25;25;25;25;25;25;25;25;25;25;25;25;25;55;25;25;25,48,0.00046875,1,1,21,21,1.0,1.0,21,0,0.0,2400,17.48472222222222,35.70421623754494,39.31407986111111,32.185322453300415,0.8943319658796701,762b05d9c05b7d6c08aea2e29ee381c15c337028c1a235c4b2a961a708e9ee47
m7_v1_development_m7c2_seed710201,m7v1d-m7c2-710201,M7C2,710201,0,state_only_risk_roi,medium,33509,32905,0.9819749917932495,45;45;45;45;45;45;45;45;45;45;45;45;45;45;45;45;45;45;45;45;45;45;45;45;45;45;45;45;45;45;45;45;45;45;45;45;45;45;45;45;45;45;45;45;75;45;45;45,48,0.00046875,1,1,21,21,1.0,1.0,21,0,0.0,2400,7.678333333333334,39.278133989988746,24.510086805555556,34.23735511504571,0.924158705229546,0e004ca161622c6dddbdb526b80e01dfd1c0cc338a91e696209eb3ac2145160c
m7_v1_development_m7c2_seed710201,m7v1d-m7c2-710201,M7C2,710201,0,state_only_risk_roi,high,34871,33640,0.9646984600384273,65;65;65;65;65;65;65;65;65;65;65;65;65;65;65;65;65;65;65;65;65;65;65;65;65;65;65;65;65;65;65;65;65;65;65;65;65;65;65;65;65;65;65;65;95;65;65;65,48,0.00046875,1,1,21,21,1.0,1.0,21,0,0.0,2400,6.920694444444444,39.729306857379896,16.73967013888889,35.893334650524736,0.9425211506107777,ae5e4799cb63d55b80a2682a9af47d65e9737ebc63618975c1f6105b19ff8fec
m7_v1_development_m7c2_seed710201,m7v1d-m7c2-710201,M7C2,710201,0,command_conditioned_risk_roi,severe,31466,31426,0.9987287866268353,5;5;5;5;5;5;5;5;5;5;5;5;5;5;5;5;5;5;5;5;5;5;5;5;5;5;5;5;5;5;5;5;5;5;5;5;5;5;5;5;5;5;5;5;35;5;5;5,48,0.00046875,1,1,21,20,1.0,0.9523809523809523,21,0,0.0,2400,122.63319444444444,27.24472319618736,217.3840972222222,24.758525908566064,0.7531710684879291,f3e368a14e5a97e53d99ae9aba371f635b1f74707aa271ec6cbe643efcbc1b98
m7_v1_development_m7c2_seed710201,m7v1d-m7c2-710201,M7C2,710201,0,command_conditioned_risk_roi,low,32374,32261,0.9965095446963613,25;25;25;25;25;25;25;25;25;25;25;25;25;25;25;25;25;25;25;25;25;25;25;25;25;25;25;25;25;25;25;25;25;25;25;25;25;25;25;25;25;25;25;25;55;25;25;25,48,0.00046875,1,1,21,21,1.0,1.0,21,0,0.0,2400,17.48472222222222,35.70421623754494,39.31407986111111,32.185322453300415,0.8943319658796701,434ce95abf5f3cd62a7069ebf3f9628be9dda08dff9e4691b78ab494c2a2a4c8
m7_v1_development_m7c2_seed710201,m7v1d-m7c2-710201,M7C2,710201,0,command_conditioned_risk_roi,medium,33509,32914,0.9822435763526217,45;45;45;45;45;45;45;45;45;45;45;45;45;45;45;45;45;45;45;45;45;45;45;45;45;45;45;45;45;45;45;45;45;45;45;45;45;45;45;45;45;45;45;45;75;45;45;45,48,0.00046875,1,1,21,21,1.0,1.0,21,0,0.0,2400,7.678333333333334,39.278133989988746,24.510086805555556,34.23735511504571,0.924158705229546,84accbdf8373374635520a12ce682eab6085b283c8d74c236ac82eb7018563fb
m7_v1_development_m7c2_seed710201,m7v1d-m7c2-710201,M7C2,710201,0,command_conditioned_risk_roi,high,34871,33649,0.9649565541567492,65;65;65;65;65;65;65;65;65;65;65;65;65;65;65;65;65;65;65;65;65;65;65;65;65;65;65;65;65;65;65;65;65;65;65;65;65;65;65;65;65;65;65;65;95;65;65;65,48,0.00046875,1,1,21,21,1.0,1.0,21,0,0.0,2400,6.920694444444444,39.729306857379896,16.73967013888889,35.893334650524736,0.9425211506107777,7ac8977255a86c96eeb98bdbe9ec0d1f82b547e4955f56bb2ddb784fa4615ecc
m7_v1_development_m7c2_seed710201,m7v1d-m7c2-710201,M7C2,710201,0,budget_conditioned_visual_voi,severe,31466,31466,1.0,1;1;1;1;15;15;1;1;1;1;1;1;1;1;1;1;1;1;1;1;1;1;1;1;1;1;15;15;1;1;1;1;1;15;15;15;1;15;15;15;1;15;1;15;15;1;1;1,13,0.2708333333333333,1,1,21,21,1.0,1.0,21,7,0.3333333333333333,2400,283.20416666666665,23.609807222067133,324.6005034722222,23.017311717639007,0.7344207219381738,36bf50245f458c58f221d928b5c441be75879b260eb0c1422dabc98a575f9d3a
m7_v1_development_m7c2_seed710201,m7v1d-m7c2-710201,M7C2,710201,0,budget_conditioned_visual_voi,low,32374,32374,1.0,15;35;15;15;15;15;15;15;15;1;15;15;15;15;15;35;15;35;15;15;15;15;15;35;1;35;35;35;35;35;55;75;1;35;55;55;35;15;15;15;35;35;15;35;55;35;15;1,44,0.9166666666666666,1,1,21,21,1.0,1.0,21,20,0.9523809523809523,2400,119.5875,27.35394573897232,63.369305555555556,30.11201413014294,0.8630020896619577,1c50beac3ab268f05e2b62bffc9970897b9b8e7e396a60d150b60c45bb460f5c
m7_v1_development_m7c2_seed710201,m7v1d-m7c2-710201,M7C2,710201,0,budget_conditioned_visual_voi,medium,33509,33509,1.0,15;75;35;35;35;35;15;55;15;35;15;15;15;15;55;75;35;75;75;75;55;55;55;35;1;75;35;75;75;75;75;75;1;55;75;75;75;75;35;35;75;75;15;35;75;75;15;1,45,0.9375,1,1,21,21,1.0,1.0,21,21,1.0,2400,61.007777777777775,30.27695154862991,33.849392361111114,32.835294839053894,0.9141119413554638,8fc5f67a7db30d8933195728b753b6c238dd943f7bcf4a728b4233199de6b84e
m7_v1_development_m7c2_seed710201,m7v1d-m7c2-710201,M7C2,710201,0,budget_conditioned_visual_voi,high,34871,34871,1.0,15;75;35;35;35;35;15;35;15;35;15;15;15;15;75;95;35;75;75;75;55;55;75;55;1;95;35;75;75;75;95;95;1;55;95;95;75;75;35;35;95;75;15;35;95;75;15;1,45,0.9375,1,1,21,21,1.0,1.0,21,21,1.0,2400,59.91694444444445,30.35530703118303,29.611788194444443,33.41615726544109,0.9217853713919925,afe38cc47599bafdc93b3383766ed1c4f0a9ee41625258ac8af92ee44f7afcb4
m7_v1_development_m7c2_seed710201,m7v1d-m7c2-710201,M7C2,710201,1,state_only_risk_roi,severe,31466,31399,0.9978707175999492,5;5;5;5;5;5;5;5;5;5;5;5;5;5;5;5;5;5;5;5;5;5;5;5;5;5;5;5;5;5;5;5;5;5;5;5;5;5;5;5;5;5;5;5;35;5;5;5,48,0.0005208333333333333,1,1,35,35,1.0,1.0,35,0,0.0,5040,97.5614417989418,28.23802151014885,183.4948263888889,25.494565369797037,0.7914130143749619,6995fb1169dfb159f87aa43e753f2934178597d5f95ef9ca83344763b29a93e8
m7_v1_development_m7c2_seed710201,m7v1d-m7c2-710201,M7C2,710201,1,state_only_risk_roi,low,32374,32156,0.9932662012726262,25;25;25;25;25;25;25;25;25;25;25;25;25;25;25;25;25;25;25;25;25;25;25;25;25;25;25;25;25;25;25;25;25;25;25;25;25;25;25;25;25;25;25;25;55;25;25;25,48,0.0005208333333333333,1,1,35,35,1.0,1.0,35,0,0.0,5040,10.569907407407408,37.89009177971852,33.65576388888889,32.86020908629602,0.9155067828595697,905c54038d7c6fb36eb4cb78234449bdd8c9978db8b479ea361d1361b6b26026
m7_v1_development_m7c2_seed710201,m7v1d-m7c2-710201,M7C2,710201,1,state_only_risk_roi,medium,33509,33472,0.9988958190336924,65;65;65;65;65;65;65;65;65;65;65;65;65;65;65;65;65;65;65;65;65;65;65;65;65;65;65;65;65;65;65;65;65;65;65;65;65;65;65;65;65;65;65;65;95;65;65;65,48,0.0005208333333333333,1,1,35,35,1.0,1.0,35,0,0.0,5040,3.9607804232804233,42.15299594101314,13.623524305555556,36.78790889967905,0.9548564231059302,5923f75a7296c02bb2dbce0bd2114ab1e03a471fe0ec6b2c64dfed488b2bd8f8
m7_v1_development_m7c2_seed710201,m7v1d-m7c2-710201,M7C2,710201,1,state_only_risk_roi,high,34871,33472,0.9598807031630868,65;65;65;65;65;65;65;65;65;65;65;65;65;65;65;65;65;65;65;65;65;65;65;65;65;65;65;65;65;65;65;65;65;65;65;65;65;65;65;65;65;65;65;65;95;65;65;65,48,0.0005208333333333333,1,1,35,35,1.0,1.0,35,0,0.0,5040,3.9607804232804233,42.15299594101314,13.623524305555556,36.78790889967905,0.9548564231059302,f07e3a5763bc0fba498fc91177aea2cb835d32cc9dccbf3584b9fee29ee47370
m7_v1_development_m7c2_seed710201,m7v1d-m7c2-710201,M7C2,710201,1,command_conditioned_risk_roi,severe,31466,31410,0.9982203012775694,5;5;5;5;5;5;5;5;5;5;5;5;5;5;5;5;5;5;5;5;5;5;5;5;5;5;5;5;5;5;5;5;5;5;5;5;5;5;5;5;5;5;5;5;35;5;5;5,48,0.0005729166666666667,1,1,35,35,1.0,1.0,35,0,0.0,5040,97.5614417989418,28.23802151014885,183.4948263888889,25.494565369797037,0.7914130143749619,3f09c6239ef301b6254938d3af61157a7cf4437b0e5f5b4a04045163cc6900d1
m7_v1_development_m7c2_seed710201,m7v1d-m7c2-710201,M7C2,710201,1,command_conditioned_risk_roi,low,32374,32167,0.9936059801074937,25;25;25;25;25;25;25;25;25;25;25;25;25;25;25;25;25;25;25;25;25;25;25;25;25;25;25;25;25;25;25;25;25;25;25;25;25;25;25;25;25;25;25;25;55;25;25;25,48,0.0005729166666666667,1,1,35,35,1.0,1.0,35,0,0.0,5040,10.569907407407408,37.89009177971852,33.65576388888889,32.86020908629602,0.9155067828595697,ea85f26f205635d2d977aa40b5c0fa4d668e4eda5cee9c1a29933c98a99925bf
m7_v1_development_m7c2_seed710201,m7v1d-m7c2-710201,M7C2,710201,1,command_conditioned_risk_roi,medium,33509,33483,0.9992240890507028,65;65;65;65;65;65;65;65;65;65;65;65;65;65;65;65;65;65;65;65;65;65;65;65;65;65;65;65;65;65;65;65;65;65;65;65;65;65;65;65;65;65;65;65;95;65;65;65,48,0.0005729166666666667,1,1,35,35,1.0,1.0,35,0,0.0,5040,3.9607804232804233,42.15299594101314,13.623524305555556,36.78790889967905,0.9548564231059302,df7fb1707437c91bd0647196d4fcd89e8dab124d7d23ef5348643c9104de0aa1
m7_v1_development_m7c2_seed710201,m7v1d-m7c2-710201,M7C2,710201,1,command_conditioned_risk_roi,high,34871,33483,0.9601961515299245,65;65;65;65;65;65;65;65;65;65;65;65;65;65;65;65;65;65;65;65;65;65;65;65;65;65;65;65;65;65;65;65;65;65;65;65;65;65;65;65;65;65;65;65;95;65;65;65,48,0.0005729166666666667,1,1,35,35,1.0,1.0,35,0,0.0,5040,3.9607804232804233,42.15299594101314,13.623524305555556,36.78790889967905,0.9548564231059302,f579d8336a737dc8460ea065272147b2c26f65ecedce9a39409cdbd041cbe4fd
m7_v1_development_m7c2_seed710201,m7v1d-m7c2-710201,M7C2,710201,1,budget_conditioned_visual_voi,severe,31466,31466,1.0,1;1;15;15;15;15;15;1;1;1;1;1;1;1;1;1;1;1;1;1;1;1;1;1;1;1;15;1;15;15;15;1;1;1;1;1;15;1;1;1;1;1;15;1;15;1;15;1,13,0.2708333333333333,1,1,35,28,1.0,0.8,35,23,0.6571428571428571,5040,159.71474867724868,26.097353384464487,283.37262152777777,23.6072247294444,0.7408291445933459,1f2b7e7125a5884dfcec6877a4053f81d054a22a3af906fbe3340befe3ea51f4
m7_v1_development_m7c2_seed710201,m7v1d-m7c2-710201,M7C2,710201,1,budget_conditioned_visual_voi,low,32374,32373,0.9999691110150121,1;1;35;15;15;15;15;15;1;1;55;15;15;15;15;15;1;1;35;15;15;35;15;15;1;1;35;55;55;35;55;55;1;1;35;55;15;1;35;15;1;1;35;15;35;55;55;15,35,0.7291666666666666,1,1,35,35,1.0,1.0,35,35,1.0,5040,129.803835978836,26.997928338902714,67.69494791666666,29.825241024306898,0.8778048102609902,65ad94eae988a5cd1122a334d14266d2f8fab4ccd82b006773509a7e17ccdb06
m7_v1_development_m7c2_seed710201,m7v1d-m7c2-710201,M7C2,710201,1,budget_conditioned_visual_voi,medium,33509,33508,0.9999701572711809,1;1;35;35;35;35;35;35;1;1;55;55;35;55;15;35;1;1;75;35;55;55;55;35;1;1;95;75;75;75;75;75;1;1;55;55;15;1;35;15;1;1;55;15;35;75;95;75,35,0.7291666666666666,1,1,35,35,1.0,1.0,35,35,1.0,5040,127.96078042328043,27.060034807180273,52.41453125,30.936286546702576,0.9090614859831584,18a272118bdcab823bc953123c9633318833810d50faba078faa074326f9d4b2
m7_v1_development_m7c2_seed710201,m7v1d-m7c2-710201,M7C2,710201,1,budget_conditioned_visual_voi,high,34871,34871,1.0,1;1;35;35;35;35;55;35;1;1;55;55;55;55;55;55;1;1;75;75;55;75;75;35;1;1;95;95;95;95;75;95;1;1;55;75;55;1;75;15;1;1;75;15;35;95;95;95,35,0.7291666666666666,1,1,35,35,1.0,1.0,35,35,1.0,5040,127.76263227513228,27.066765099385776,47.82873263888889,31.33391487736473,0.9203840895056931,1733a24e425fe7ef8e45f0986bd70c632c78dfdf558d5c8c01a427878c497976
m7_v1_development_m7c2_seed710201,m7v1d-m7c2-710201,M7C2,710201,2,state_only_risk_roi,severe,31466,31297,0.9946291234983792,5;5;5;5;5;5;5;5;5;5;5;5;5;5;5;5;5;5;5;5;5;5;5;5;5;5;5;5;5;5;5;5;5;5;5;5;5;5;5;5;5;5;5;5;35;5;5;5,48,0.00036458333333333335,1,1,26,26,1.0,1.0,26,0,0.0,12120,56.16974697469747,30.635778933339466,116.18815972222222,27.47918487798996,0.8763290218044325,69f141110fb11c6be1eb456a5fddd484c7b87a1e06cf7bff07736e2104effd82
m7_v1_development_m7c2_seed710201,m7v1d-m7c2-710201,M7C2,710201,2,state_only_risk_roi,low,32374,32270,0.9967875455612528,65;65;65;65;65;65;65;65;65;65;65;65;65;65;65;65;65;65;65;65;65;65;65;65;65;65;65;65;65;65;65;65;65;65;65;65;65;65;65;65;65;65;65;65;95;65;65;65,48,0.00036458333333333335,1,1,26,26,1.0,1.0,26,0,0.0,12120,1.8108085808580858,45.55207817053484,7.9629513888888885,39.12006296353731,0.9761387248759625,08a5671fd5b6324d0ecd5035ee89e8e13d5bf25de6fd61ce8c91530af24a2b47
m7_v1_development_m7c2_seed710201,m7v1d-m7c2-710201,M7C2,710201,2,state_only_risk_roi,medium,33509,32270,0.9630248589931063,65;65;65;65;65;65;65;65;65;65;65;65;65;65;65;65;65;65;65;65;65;65;65;65;65;65;65;65;65;65;65;65;65;65;65;65;65;65;65;65;65;65;65;65;95;65;65;65,48,0.00036458333333333335,1,1,26,26,1.0,1.0,26,0,0.0,12120,1.8108085808580858,45.55207817053484,7.9629513888888885,39.12006296353731,0.9761387248759625,8840858e6f757ba748f9f0e05fba16b89b7cbbeb407c57cc150900fc4dcc99bf
m7_v1_development_m7c2_seed710201,m7v1d-m7c2-710201,M7C2,710201,2,state_only_risk_roi,high,34871,32270,0.9254107998049955,65;65;65;65;65;65;65;65;65;65;65;65;65;65;65;65;65;65;65;65;65;65;65;65;65;65;65;65;65;65;65;65;65;65;65;65;65;65;65;65;65;65;65;65;95;65;65;65,48,0.00036458333333333335,1,1,26,26,1.0,1.0,26,0,0.0,12120,1.8108085808580858,45.55207817053484,7.9629513888888885,39.12006296353731,0.9761387248759625,2c744cc827c55116d86c8eb89499ea493f361b1f12c4411be068e35245470f3d
m7_v1_development_m7c2_seed710201,m7v1d-m7c2-710201,M7C2,710201,2,command_conditioned_risk_roi,severe,31466,31314,0.9951693891819742,5;5;5;5;5;5;5;5;5;5;5;5;5;5;5;5;5;5;5;5;5;5;5;5;5;5;5;5;5;5;5;5;5;5;5;5;5;5;5;5;5;5;5;5;35;5;5;5,48,0.0005729166666666667,1,1,26,26,1.0,1.0,26,0,0.0,12120,56.16974697469747,30.635778933339466,116.18815972222222,27.47918487798996,0.8763290218044325,0fe7edb409a1322bf12a837c33fbb620c473f997fbaf381872d3285c1cbb1fef
m7_v1_development_m7c2_seed710201,m7v1d-m7c2-710201,M7C2,710201,2,command_conditioned_risk_roi,low,32374,32287,0.9973126583060481,65;65;65;65;65;65;65;65;65;65;65;65;65;65;65;65;65;65;65;65;65;65;65;65;65;65;65;65;65;65;65;65;65;65;65;65;65;65;65;65;65;65;65;65;95;65;65;65,48,0.0005729166666666667,1,1,26,26,1.0,1.0,26,0,0.0,12120,1.8108085808580858,45.55207817053484,7.9629513888888885,39.12006296353731,0.9761387248759625,2e28e27b84fbaae97bd9b500c5364b67367dea974979045fca5c0321cd23fcf2
m7_v1_development_m7c2_seed710201,m7v1d-m7c2-710201,M7C2,710201,2,command_conditioned_risk_roi,medium,33509,32287,0.9635321853830314,65;65;65;65;65;65;65;65;65;65;65;65;65;65;65;65;65;65;65;65;65;65;65;65;65;65;65;65;65;65;65;65;65;65;65;65;65;65;65;65;65;65;65;65;95;65;65;65,48,0.0005729166666666667,1,1,26,26,1.0,1.0,26,0,0.0,12120,1.8108085808580858,45.55207817053484,7.9629513888888885,39.12006296353731,0.9761387248759625,f0b4aad4993544e1b1b88f158b752226213227ac7e5173e427d553883d1ae5d1
m7_v1_development_m7c2_seed710201,m7v1d-m7c2-710201,M7C2,710201,2,command_conditioned_risk_roi,high,34871,32287,0.9258983109173812,65;65;65;65;65;65;65;65;65;65;65;65;65;65;65;65;65;65;65;65;65;65;65;65;65;65;65;65;65;65;65;65;65;65;65;65;65;65;65;65;65;65;65;65;95;65;65;65,48,0.0005729166666666667,1,1,26,26,1.0,1.0,26,0,0.0,12120,1.8108085808580858,45.55207817053484,7.9629513888888885,39.12006296353731,0.9761387248759625,1ddf12ac483689842908145c007a06b32c1e72364ef8580d9b7ade7e1232f6be
m7_v1_development_m7c2_seed710201,m7v1d-m7c2-710201,M7C2,710201,2,budget_conditioned_visual_voi,severe,31466,31466,1.0,1;1;1;1;1;15;35;55;1;1;1;1;1;1;15;15;1;1;1;1;1;15;15;15;1;1;1;1;1;15;15;15;1;1;1;1;1;15;15;1;1;1;1;1;1;15;15;15,16,0.3333333333333333,1,1,26,26,1.0,1.0,26,24,0.9230769230769231,12120,144.2862211221122,26.5385550154403,127.56491319444444,27.07349123014582,0.8568485484360955,963056288ab7ad7bfe4359d911134867e84a1e87f683dd48401ffab11155937f
m7_v1_development_m7c2_seed710201,m7v1d-m7c2-710201,M7C2,710201,2,budget_conditioned_visual_voi,low,32374,32372,0.9999382220300241,1;1;1;1;1;75;55;75;1;1;1;1;1;75;75;55;1;1;1;1;1;75;75;75;1;1;1;1;1;75;75;75;1;1;1;1;1;55;55;1;1;1;1;1;1;75;75;75,17,0.3541666666666667,1,1,26,26,1.0,1.0,26,26,1.0,12120,130.74249174917492,26.966636031796906,93.36085069444445,28.429155605660313,0.9000465727132689,07d9479e7e587b34de9026d41f51c621fc9671938048a048f2879bf7b93cc3f5
m7_v1_development_m7c2_seed710201,m7v1d-m7c2-710201,M7C2,710201,2,budget_conditioned_visual_voi,medium,33509,33509,1.0,1;1;1;1;1;95;55;55;1;1;1;1;1;95;55;55;1;1;1;1;1;95;75;75;1;1;1;1;1;95;95;95;1;1;1;1;1;55;55;1;1;1;1;1;1;95;75;75,17,0.3541666666666667,1,1,26,26,1.0,1.0,26,26,1.0,12120,130.2234598459846,26.98391131137494,90.046875,28.586117152704414,0.9088097345842755,35190172b735a0e95e867bea476a7e061d25c41e0601e4954bed2151d28f2e39
m7_v1_development_m7c2_seed710201,m7v1d-m7c2-710201,M7C2,710201,2,budget_conditioned_visual_voi,high,34871,34582,0.9917123110894439,1;1;1;1;1;95;95;95;1;1;1;1;1;95;95;95;1;1;1;1;1;95;95;95;1;1;1;1;1;95;95;95;1;1;1;1;1;55;95;1;1;1;1;1;1;95;95;95,17,0.3541666666666667,1,1,26,26,1.0,1.0,26,26,1.0,12120,130.2234598459846,26.98391131137494,88.87336805555556,28.643087218245928,0.9134891785380043,3954ab06af2ab0b290a2f65343a8f7865ddb1227d1f95e077f072159aa30162b
m7_v1_development_m7c2_seed710201,m7v1d-m7c2-710201,M7C2,710201,3,state_only_risk_roi,severe,31466,31302,0.9947880251700247,65;65;65;65;65;65;65;65;65;65;65;65;65;65;65;65;65;65;65;65;65;65;65;65;65;65;65;65;65;65;65;65;65;65;65;65;65;65;65;65;65;65;65;65;95;65;65;65,48,0.00036458333333333335,0,0,0,0,,,0,0,,19200,0.8362847222222223,48.907261979766886,0.8362847222222223,48.907261979766886,0.9980979446163486,81c340916b06831d2f22fdbf83c4d4215207a09cdc864e025e044c0686ca4b78
m7_v1_development_m7c2_seed710201,m7v1d-m7c2-710201,M7C2,710201,3,state_only_risk_roi,low,32374,31302,0.9668870080929141,65;65;65;65;65;65;65;65;65;65;65;65;65;65;65;65;65;65;65;65;65;65;65;65;65;65;65;65;65;65;65;65;65;65;65;65;65;65;65;65;65;65;65;65;95;65;65;65,48,0.00036458333333333335,0,0,0,0,,,0,0,,19200,0.8362847222222223,48.907261979766886,0.8362847222222223,48.907261979766886,0.9980979446163486,67dbc4bca9b09584e45c68deb3bd49ba947e6ededb6f434048f17b89a4cde4de
m7_v1_development_m7c2_seed710201,m7v1d-m7c2-710201,M7C2,710201,3,state_only_risk_roi,medium,33509,31302,0.934137097496195,65;65;65;65;65;65;65;65;65;65;65;65;65;65;65;65;65;65;65;65;65;65;65;65;65;65;65;65;65;65;65;65;65;65;65;65;65;65;65;65;65;65;65;65;95;65;65;65,48,0.00036458333333333335,0,0,0,0,,,0,0,,19200,0.8362847222222223,48.907261979766886,0.8362847222222223,48.907261979766886,0.9980979446163486,bbb147be40470f82d0a6df784ed1e591fc49bc9489d6e48c61122def906b97b7
m7_v1_development_m7c2_seed710201,m7v1d-m7c2-710201,M7C2,710201,3,state_only_risk_roi,high,34871,31302,0.8976513435232715,65;65;65;65;65;65;65;65;65;65;65;65;65;65;65;65;65;65;65;65;65;65;65;65;65;65;65;65;65;65;65;65;65;65;65;65;65;65;65;65;65;65;65;65;95;65;65;65,48,0.00036458333333333335,0,0,0,0,,,0,0,,19200,0.8362847222222223,48.907261979766886,0.8362847222222223,48.907261979766886,0.9980979446163486,105575d9992497f150917624205323180890dce9bf8cb16e2a164a3450e64fd8
m7_v1_development_m7c2_seed710201,m7v1d-m7c2-710201,M7C2,710201,3,command_conditioned_risk_roi,severe,31466,31319,0.9953282908536197,65;65;65;65;65;65;65;65;65;65;65;65;65;65;65;65;65;65;65;65;65;65;65;65;65;65;65;65;65;65;65;65;65;65;65;65;65;65;65;65;65;65;65;65;95;65;65;65,48,0.0005729166666666667,0,0,0,0,,,0,0,,19200,0.8362847222222223,48.907261979766886,0.8362847222222223,48.907261979766886,0.9980979446163486,0bcd86458ab543be35b7f76ead1bc768aba379491133046df52d1cd65ada6119
m7_v1_development_m7c2_seed710201,m7v1d-m7c2-710201,M7C2,710201,3,command_conditioned_risk_roi,low,32374,31319,0.9674121208377092,65;65;65;65;65;65;65;65;65;65;65;65;65;65;65;65;65;65;65;65;65;65;65;65;65;65;65;65;65;65;65;65;65;65;65;65;65;65;65;65;65;65;65;65;95;65;65;65,48,0.0005729166666666667,0,0,0,0,,,0,0,,19200,0.8362847222222223,48.907261979766886,0.8362847222222223,48.907261979766886,0.9980979446163486,71404bcdd554a7970696ccf940a1dbb4f10f4fff6be39ab97b0bd50edabfa77a
m7_v1_development_m7c2_seed710201,m7v1d-m7c2-710201,M7C2,710201,3,command_conditioned_risk_roi,medium,33509,31319,0.9346444238861201,65;65;65;65;65;65;65;65;65;65;65;65;65;65;65;65;65;65;65;65;65;65;65;65;65;65;65;65;65;65;65;65;65;65;65;65;65;65;65;65;65;65;65;65;95;65;65;65,48,0.0005729166666666667,0,0,0,0,,,0,0,,19200,0.8362847222222223,48.907261979766886,0.8362847222222223,48.907261979766886,0.9980979446163486,146231576c9f648a9e6f124bfd280234ea5c2a9b7778e19b48a59b40f780df3a
m7_v1_development_m7c2_seed710201,m7v1d-m7c2-710201,M7C2,710201,3,command_conditioned_risk_roi,high,34871,31319,0.8981388546356571,65;65;65;65;65;65;65;65;65;65;65;65;65;65;65;65;65;65;65;65;65;65;65;65;65;65;65;65;65;65;65;65;65;65;65;65;65;65;65;65;65;65;65;65;95;65;65;65,48,0.0005729166666666667,0,0,0,0,,,0,0,,19200,0.8362847222222223,48.907261979766886,0.8362847222222223,48.907261979766886,0.9980979446163486,bb209255327b3e1569bde2e57b60c8f0193e6e8239f2ef351733fca944994df5
m7_v1_development_m7c2_seed710201,m7v1d-m7c2-710201,M7C2,710201,3,budget_conditioned_visual_voi,severe,31466,31181,0.9909426047162017,1;1;1;1;1;1;1;1;1;1;1;1;1;1;1;1;1;1;1;1;1;1;1;1;1;1;1;1;1;1;1;1;1;1;1;1;1;1;1;1;1;1;1;1;1;1;1;1,0,0.0,0,0,0,0,,,0,0,,19200,131.42777777777778,26.943931960957496,131.42777777777778,26.943931960957496,0.8837066272268248,a3f681e82f50b1c4d0dbd68f52e760a02c7cf2bd5e4dcec38182b3739b8b49f4
m7_v1_development_m7c2_seed710201,m7v1d-m7c2-710201,M7C2,710201,3,budget_conditioned_visual_voi,low,32374,31181,0.9631494409093717,1;1;1;1;1;1;1;1;1;1;1;1;1;1;1;1;1;1;1;1;1;1;1;1;1;1;1;1;1;1;1;1;1;1;1;1;1;1;1;1;1;1;1;1;1;1;1;1,0,0.0,0,0,0,0,,,0,0,,19200,131.42777777777778,26.943931960957496,131.42777777777778,26.943931960957496,0.8837066272268248,a31f15da7ec240824a7227423e1b76e7d7824057c01a680b3f1968a2a6d8fcf9
m7_v1_development_m7c2_seed710201,m7v1d-m7c2-710201,M7C2,710201,3,budget_conditioned_visual_voi,medium,33509,31181,0.9305261273090811,1;1;1;1;1;1;1;1;1;1;1;1;1;1;1;1;1;1;1;1;1;1;1;1;1;1;1;1;1;1;1;1;1;1;1;1;1;1;1;1;1;1;1;1;1;1;1;1,0,0.0,0,0,0,0,,,0,0,,19200,131.42777777777778,26.943931960957496,131.42777777777778,26.943931960957496,0.8837066272268248,932a3dc49f76b275fed60813e206cb5074974da17c992d24c9ef760e619a51da
m7_v1_development_m7c2_seed710201,m7v1d-m7c2-710201,M7C2,710201,3,budget_conditioned_visual_voi,high,34871,31181,0.894181411488056,1;1;1;1;1;1;1;1;1;1;1;1;1;1;1;1;1;1;1;1;1;1;1;1;1;1;1;1;1;1;1;1;1;1;1;1;1;1;1;1;1;1;1;1;1;1;1;1,0,0.0,0,0,0,0,,,0,0,,19200,131.42777777777778,26.943931960957496,131.42777777777778,26.943931960957496,0.8837066272268248,c08a6b40e471095c0e949d66cf7fd267bc19aed8b975dfe581269db633ed017b
m7_v1_development_m7c3_seed710300,m7v1d-m7c3-710300,M7C3,710300,0,state_only_risk_roi,severe,31466,31443,0.9992690523104303,5;5;5;5;5;5;5;5;5;5;5;5;5;5;5;5;5;5;5;5;5;5;5;5;5;5;5;5;5;5;5;5;5;5;5;5;5;5;5;5;5;5;5;5;35;5;5;5,48,0.00046875,1,1,33,31,1.0,0.9393939393939394,33,0,0.0,2631,152.3408083111618,26.302641052640436,208.4076215277778,24.941667636735655,0.7577214309140444,8577e683ced2d0e734b3dfea1115add6fe4646ad52e0260f1844f4aca0a2ec33
m7_v1_development_m7c3_seed710300,m7v1d-m7c3-710300,M7C3,710300,0,state_only_risk_roi,low,32374,32302,0.9977759930808674,25;25;25;25;25;25;25;25;25;25;25;25;25;25;25;25;25;25;25;25;25;25;25;25;25;25;25;25;25;25;25;25;25;25;25;25;25;25;25;25;25;25;25;25;55;25;25;25,48,0.00046875,1,1,33,33,1.0,1.0,33,0,0.0,2631,25.344102369187887,34.0920344676487,37.355243055555555,32.40728794333882,0.8990526719364454,63fea108666aa2150ee2398d0367bf63954944975932f48103714837149b4682
m7_v1_development_m7c3_seed710300,m7v1d-m7c3-710300,M7C3,710300,0,state_only_risk_roi,medium,33509,32983,0.9843027246411412,45;45;45;45;45;45;45;45;45;45;45;45;45;45;45;45;45;45;45;45;45;45;45;45;45;45;45;45;45;45;45;45;45;45;45;45;45;45;45;45;45;45;45;45;75;45;45;45,48,0.00046875,1,1,33,33,1.0,1.0,33,0,0.0,2631,15.873432155074116,36.1240952076379,23.12592013888889,34.48981339314483,0.9275490723765887,526e22f9ad511618ce3854dda401db26311c38fe86e85a4b9a1b9e7cdef6aee5
m7_v1_development_m7c3_seed710300,m7v1d-m7c3-710300,M7C3,710300,0,state_only_risk_roi,high,34871,33703,0.96650511886668,65;65;65;65;65;65;65;65;65;65;65;65;65;65;65;65;65;65;65;65;65;65;65;65;65;65;65;65;65;65;65;65;65;65;65;65;65;65;65;65;65;65;65;65;95;65;65;65,48,0.00046875,1,1,33,33,1.0,1.0,33,0,0.0,2631,10.91118712783479,37.75208356840473,15.25204861111111,36.29752180086913,0.9461970505196787,3c6db765c92638543b81dbac85e420348c0f8a4aef575dee18b8c76a691a756e
m7_v1_development_m7c3_seed710300,m7v1d-m7c3-710300,M7C3,710300,0,command_conditioned_risk_roi,severe,31466,31452,0.9995550753193924,5;5;5;5;5;5;5;5;5;5;5;5;5;5;5;5;5;5;5;5;5;5;5;5;5;5;5;5;5;5;5;5;5;5;5;5;5;5;5;5;5;5;5;5;35;5;5;5,48,0.00046875,1,1,33,31,1.0,0.9393939393939394,33,0,0.0,2631,152.3408083111618,26.302641052640436,208.4076215277778,24.941667636735655,0.7577214309140444,ac61d599a8bcb05ef3bc2eb7292a0339f41b26bbb554a059ea8b5f35393ac77f
m7_v1_development_m7c3_seed710300,m7v1d-m7c3-710300,M7C3,710300,0,command_conditioned_risk_roi,low,32374,32311,0.9980539939457589,25;25;25;25;25;25;25;25;25;25;25;25;25;25;25;25;25;25;25;25;25;25;25;25;25;25;25;25;25;25;25;25;25;25;25;25;25;25;25;25;25;25;25;25;55;25;25;25,48,0.00046875,1,1,33,33,1.0,1.0,33,0,0.0,2631,25.344102369187887,34.0920344676487,37.355243055555555,32.40728794333882,0.8990526719364454,051b67853d388069e3bb0ed52dbc6daf82f9c261a27e81d65e03e1f822e5d2be
m7_v1_development_m7c3_seed710300,m7v1d-m7c3-710300,M7C3,710300,0,command_conditioned_risk_roi,medium,33509,32992,0.9845713092005133,45;45;45;45;45;45;45;45;45;45;45;45;45;45;45;45;45;45;45;45;45;45;45;45;45;45;45;45;45;45;45;45;45;45;45;45;45;45;45;45;45;45;45;45;75;45;45;45,48,0.00046875,1,1,33,33,1.0,1.0,33,0,0.0,2631,15.873432155074116,36.1240952076379,23.12592013888889,34.48981339314483,0.9275490723765887,145b40954c227181e319630183b18af02916e26f4f0f830f4321752fa06e09a0
m7_v1_development_m7c3_seed710300,m7v1d-m7c3-710300,M7C3,710300,0,command_conditioned_risk_roi,high,34871,33712,0.9667632129850019,65;65;65;65;65;65;65;65;65;65;65;65;65;65;65;65;65;65;65;65;65;65;65;65;65;65;65;65;65;65;65;65;65;65;65;65;65;65;65;65;65;65;65;65;95;65;65;65,48,0.00046875,1,1,33,33,1.0,1.0,33,0,0.0,2631,10.91118712783479,37.75208356840473,15.25204861111111,36.29752180086913,0.9461970505196787,89e680e56f248073f98ac41d44df5dda770d19e8a2d57cb88d58794a56721481
m7_v1_development_m7c3_seed710300,m7v1d-m7c3-710300,M7C3,710300,0,budget_conditioned_visual_voi,severe,31466,31466,1.0,1;1;15;15;15;15;15;15;1;1;1;1;1;1;1;1;1;1;1;1;1;1;1;1;1;15;1;15;1;1;1;1;1;15;15;15;1;1;15;15;1;1;15;1;15;1;15;1,16,0.3333333333333333,1,1,33,32,1.0,0.9696969696969697,33,11,0.3333333333333333,2631,193.80083618396048,25.25724714317785,308.2783680555556,23.24137309588398,0.7089355045468683,da08e0cf6cdce04a9f9e5b3a4927bdd6666ffede1d8ee6ace26cbc7852d51d6a
m7_v1_development_m7c3_seed710300,m7v1d-m7c3-710300,M7C3,710300,0,budget_conditioned_visual_voi,low,32374,32373,0.9999691110150121,15;15;35;35;15;15;15;15;15;55;15;15;15;15;15;35;35;15;15;15;15;15;15;15;1;55;35;35;35;35;35;35;1;35;55;35;35;15;15;15;15;55;15;35;55;15;15;1,45,0.9375,1,1,33,33,1.0,1.0,33,33,1.0,2631,68.28252882300772,29.78770764161287,51.85220486111111,30.98313132666381,0.8710469653405052,17fb49d8f5fa4dfe099f8d03e18471de605c2f2b88314eedc13ea2a834f91343
m7_v1_development_m7c3_seed710300,m7v1d-m7c3-710300,M7C3,710300,0,budget_conditioned_visual_voi,medium,33509,33509,1.0,15;15;35;35;35;35;55;35;15;75;15;55;15;15;15;55;35;55;55;75;55;55;55;75;1;75;35;75;75;75;75;75;1;75;75;75;55;55;35;35;75;75;15;35;75;75;15;1,45,0.9375,1,1,33,33,1.0,1.0,33,33,1.0,2631,60.73786899784619,30.296208103405128,33.746753472222224,32.84848361979903,0.9130871682152882,96ef7c93cae651f6dd3fb24768a566266512f6b850b33f366bfdeb2b27ea93f6
m7_v1_development_m7c3_seed710300,m7v1d-m7c3-710300,M7C3,710300,0,budget_conditioned_visual_voi,high,34871,34870,0.999971322875742,15;15;35;35;35;35;55;35;15;75;35;35;55;55;35;75;35;75;75;75;75;75;75;75;1;95;35;75;75;75;75;75;1;75;95;75;75;75;35;35;95;95;15;35;95;95;15;1,45,0.9375,1,1,33,33,1.0,1.0,33,33,1.0,2631,58.51019891042696,30.458487863334355,28.833993055555556,33.5317557134439,0.9313810960658685,58ab50aeb31e604abac5b4a113af0ac9077cda4e0a47147f6f388c8b3191ad09
m7_v1_development_m7c3_seed710300,m7v1d-m7c3-710300,M7C3,710300,1,state_only_risk_roi,severe,31466,31432,0.99891946863281,5;5;5;5;5;5;5;5;5;5;5;5;5;5;5;5;5;5;5;5;5;5;5;5;5;5;5;5;5;5;5;5;5;5;5;5;5;5;5;5;5;5;5;35;35;5;5;5,48,0.0005208333333333333,0,0,0,0,,,0,0,,0,,,197.82652777777778,25.1679583247925,0.752011429400074,f824a4c8d01086ad930c4de6ddbd0fb7bf0694f91716e945a9766ca4bdecbd49
m7_v1_development_m7c3_seed710300,m7v1d-m7c3-710300,M7C3,710300,1,state_only_risk_roi,low,32374,32328,0.9985791066905542,25;25;25;25;25;25;25;25;25;25;25;25;25;25;25;25;25;25;25;25;25;25;25;25;25;25;25;25;25;25;25;25;25;25;25;25;25;25;25;25;25;25;25;55;55;25;25;25,48,0.0005208333333333333,0,0,0,0,,,0,0,,0,,,36.558055555555555,32.50097272382422,0.8879633023117915,ce35cb3d91277b83e9d4a901fac6ed002b04ff5909c9e281ce07aa8e3ff1679a
m7_v1_development_m7c3_seed710300,m7v1d-m7c3-710300,M7C3,710300,1,state_only_risk_roi,medium,33509,33033,0.9857948610820974,45;45;45;45;45;45;45;45;45;45;45;45;45;45;45;45;45;45;45;45;45;45;45;45;45;45;45;45;45;45;45;45;45;45;45;45;45;45;45;45;45;45;45;75;75;45;45;45,48,0.0005208333333333333,0,0,0,0,,,0,0,,0,,,21.993836805555556,34.70779362606262,0.9189015536789281,21b787a604b528e22962015dcf487741d48cbb66f4de9575061748b0e7994bda
m7_v1_development_m7c3_seed710300,m7v1d-m7c3-710300,M7C3,710300,1,state_only_risk_roi,high,34871,34071,0.9770583005936164,65;65;65;65;65;65;65;65;65;65;65;65;65;65;65;65;65;65;65;65;65;65;65;65;65;65;65;65;65;65;65;65;65;65;65;65;65;65;65;65;65;65;65;95;95;65;65;65,48,0.0005208333333333333,0,0,0,0,,,0,0,,0,,,15.347048611111111,36.270554921393426,0.9373039096911411,17586f2bd9f958c82607a3191ed3665971129a84ec4f01ba70e5ff50dcb933f3
m7_v1_development_m7c3_seed710300,m7v1d-m7c3-710300,M7C3,710300,1,command_conditioned_risk_roi,severe,31466,31443,0.9992690523104303,5;5;5;5;5;5;5;5;5;5;5;5;5;5;5;5;5;5;5;5;5;5;5;5;5;5;5;5;5;5;5;5;5;5;5;5;5;5;5;5;5;5;5;35;35;5;5;5,48,0.0005729166666666667,0,0,0,0,,,0,0,,0,,,197.82652777777778,25.1679583247925,0.752011429400074,d97f0685e715ae1aa856ef58055bdcbb6a9590709f258d4bfcd27c0d81d7984c
m7_v1_development_m7c3_seed710300,m7v1d-m7c3-710300,M7C3,710300,1,command_conditioned_risk_roi,low,32374,32339,0.9989188855254216,25;25;25;25;25;25;25;25;25;25;25;25;25;25;25;25;25;25;25;25;25;25;25;25;25;25;25;25;25;25;25;25;25;25;25;25;25;25;25;25;25;25;25;55;55;25;25;25,48,0.0005729166666666667,0,0,0,0,,,0,0,,0,,,36.558055555555555,32.50097272382422,0.8879633023117915,8663421c2fdf70c656f2234280ba85fa1ef295d486810ffb0b97ad9e7af3152b
m7_v1_development_m7c3_seed710300,m7v1d-m7c3-710300,M7C3,710300,1,command_conditioned_risk_roi,medium,33509,33044,0.9861231310991077,45;45;45;45;45;45;45;45;45;45;45;45;45;45;45;45;45;45;45;45;45;45;45;45;45;45;45;45;45;45;45;45;45;45;45;45;45;45;45;45;45;45;45;75;75;45;45;45,48,0.0005729166666666667,0,0,0,0,,,0,0,,0,,,21.993836805555556,34.70779362606262,0.9189015536789281,6b8d269724b1071c42cecdfdeef31d4d5686fc17771a8692595ec875bde8681f
m7_v1_development_m7c3_seed710300,m7v1d-m7c3-710300,M7C3,710300,1,command_conditioned_risk_roi,high,34871,34082,0.9773737489604543,65;65;65;65;65;65;65;65;65;65;65;65;65;65;65;65;65;65;65;65;65;65;65;65;65;65;65;65;65;65;65;65;65;65;65;65;65;65;65;65;65;65;65;95;95;65;65;65,48,0.0005729166666666667,0,0,0,0,,,0,0,,0,,,15.347048611111111,36.270554921393426,0.9373039096911411,2f9b8ff0474fa396cb8b247e7f201d7f581bb52b4a5ccca38cd751f6cbd6474a
m7_v1_development_m7c3_seed710300,m7v1d-m7c3-710300,M7C3,710300,1,budget_conditioned_visual_voi,severe,31466,31466,1.0,1;1;15;15;15;1;1;1;1;1;1;1;1;1;1;1;1;1;1;1;1;1;1;1;1;1;1;1;15;15;15;15;1;15;1;15;15;1;15;15;15;1;1;15;15;1;1;1,15,0.3125,0,0,0,0,,,0,0,,0,,,299.5115798611111,23.366667429153267,0.7253934342559236,6cfdf383c70054ac3288ed7f0d64d2d5871bcfdeaed677c97de32db1458f3d63
m7_v1_development_m7c3_seed710300,m7v1d-m7c3-710300,M7C3,710300,1,budget_conditioned_visual_voi,low,32374,32373,0.9999691110150121,15;35;15;15;15;15;15;15;15;15;15;15;15;35;15;15;15;35;15;15;15;15;15;15;55;35;35;55;35;55;35;55;1;15;15;15;35;35;35;15;35;35;35;55;35;15;15;15,47,0.9791666666666666,0,0,0,0,,,0,0,,0,,,41.834461805555556,31.915461746474314,0.8677956662910861,1b539bc99466ecd32d0fa5b2aaf3b771389f5bbb1e6d2ac56a7ca8727edeb914
m7_v1_development_m7c3_seed710300,m7v1d-m7c3-710300,M7C3,710300,1,budget_conditioned_visual_voi,medium,33509,33509,1.0,35;35;35;35;35;35;35;15;15;35;15;15;15;35;55;55;55;35;35;55;55;75;15;55;75;75;75;75;75;75;75;75;1;55;15;15;55;35;35;55;75;75;75;95;35;15;15;15,47,0.9791666666666666,0,0,0,0,,,0,0,,0,,,25.219288194444445,34.11347536267149,0.9064397390313047,37fb325b2d1321f5a1e928d1353f39c6d94120cbc96998e76cfa30dc92dbfd69
m7_v1_development_m7c3_seed710300,m7v1d-m7c3-710300,M7C3,710300,1,budget_conditioned_visual_voi,high,34871,34871,1.0,35;35;35;35;35;35;35;15;35;35;15;15;15;35;55;55;55;75;35;55;55;75;15;55;95;75;95;95;75;75;95;95;1;55;15;15;75;35;55;55;95;95;75;95;35;15;15;15,47,0.9791666666666666,0,0,0,0,,,0,0,,0,,,21.188715277777778,34.8697573566662,0.9158201848200448,9ef662910b9bddb6534e2ed48072db7e1fe40edd8a6365c6e08b5e9c60eed4a7
m7_v1_development_m7c3_seed710300,m7v1d-m7c3-710300,M7C3,710300,2,state_only_risk_roi,severe,31466,31435,0.9990148096357974,5;5;5;5;5;5;5;5;5;5;5;5;5;5;5;5;5;5;5;5;5;5;5;5;5;5;5;5;5;5;5;5;5;5;5;5;5;5;5;5;5;5;5;35;5;5;5;5,48,0.00046875,0,0,0,0,,,0,0,,0,,,216.6404861111111,24.7734073936537,0.6963967367514842,30a0cf2dded5302b718aa3e73de079d84bd8da4809e70799428018ff49f4d464
m7_v1_development_m7c3_seed710300,m7v1d-m7c3-710300,M7C3,710300,2,state_only_risk_roi,low,32374,31435,0.9709952430963118,5;5;5;5;5;5;5;5;5;5;5;5;5;5;5;5;5;5;5;5;5;5;5;5;5;5;5;5;5;5;5;5;5;5;5;5;5;5;5;5;5;5;5;35;5;5;5;5,48,0.00046875,0,0,0,0,,,0,0,,0,,,216.6404861111111,24.7734073936537,0.6963967367514842,450b52f33a3340c0025969fc7166256aa84d67741fba192d2ef3ac9730b5ce1e
m7_v1_development_m7c3_seed710300,m7v1d-m7c3-710300,M7C3,710300,2,state_only_risk_roi,medium,33509,33191,0.9905100122355188,45;45;45;45;45;45;45;45;45;45;45;45;45;45;45;45;45;45;45;45;45;45;45;45;45;45;45;45;45;45;45;45;45;45;45;45;45;45;45;45;45;45;45;75;45;45;45;45,48,0.00046875,0,0,0,0,,,0,0,,0,,,27.3846875,33.75572571520578,0.8993802230309017,afdbae79294eb191f5d693051eb7305e513ad6b6439361093151d72b993fac9a
m7_v1_development_m7c3_seed710300,m7v1d-m7c3-710300,M7C3,710300,2,state_only_risk_roi,high,34871,34235,0.9817613489719251,65;65;65;65;65;65;65;65;65;65;65;65;65;65;65;65;65;65;65;65;65;65;65;65;65;65;65;65;65;65;65;65;65;65;65;65;65;65;65;65;65;65;65;95;65;65;65;65,48,0.00046875,0,0,0,0,,,0,0,,0,,,18.876475694444444,35.37159447671189,0.9224898560832503,e6c64f387d656c5edcaed34cd4302d700af0e77f508679b07f7c0d1a3fd610a2
m7_v1_development_m7c3_seed710300,m7v1d-m7c3-710300,M7C3,710300,2,command_conditioned_risk_roi,severe,31466,31327,0.9955825335282528,1;1;1;1;1;1;1;1;1;1;1;1;1;1;1;1;1;1;1;1;1;1;1;1;1;1;1;1;1;1;1;1;1;1;1;15;1;1;1;1;1;1;1;15;1;1;1;1,2,0.0006770833333333334,0,0,0,0,,,0,0,,0,,,485.6284895833333,21.26776203999439,0.6745087852325288,0ba1feed71f417b3bf1936e2ef8e219d703d2a3e14245f80970e14c68560dc20
m7_v1_development_m7c3_seed710300,m7v1d-m7c3-710300,M7C3,710300,2,command_conditioned_risk_roi,low,32374,31473,0.9721690245258541,5;5;5;5;5;5;5;5;5;5;5;5;5;5;5;5;5;5;5;5;5;5;5;5;5;5;5;5;5;5;5;5;5;5;5;35;5;5;5;5;5;5;5;35;5;5;5;5,48,0.0006770833333333334,0,0,0,0,,,0,0,,0,,,215.03225694444444,24.805767476398483,0.6985861698113819,63370fa21663906bc6be8b944f3f445b5344352f5dc9ce69d88d8ad6d902eb3a
m7_v1_development_m7c3_seed710300,m7v1d-m7c3-710300,M7C3,710300,2,command_conditioned_risk_roi,medium,33509,33235,0.9918230923035602,45;45;45;45;45;45;45;45;45;45;45;45;45;45;45;45;45;45;45;45;45;45;45;45;45;45;45;45;45;45;45;45;45;45;45;75;45;45;45;45;45;45;45;75;45;45;45;45,48,0.0006770833333333334,0,0,0,0,,,0,0,,0,,,27.29953125,33.76925170870602,0.9001591216769674,e382d6896b05cf640a62892c5ec6e00af6b681280328b00775c331e8fcb70dc3
m7_v1_development_m7c3_seed710300,m7v1d-m7c3-710300,M7C3,710300,2,command_conditioned_risk_roi,high,34871,34421,0.9870952940839093,65;65;65;65;65;65;65;65;65;65;65;65;65;65;65;65;65;65;65;65;65;65;65;65;65;65;65;65;65;65;65;65;65;65;65;95;65;65;65;65;65;65;65;95;65;65;65;65,48,0.0006770833333333334,0,0,0,0,,,0,0,,0,,,18.65996527777778,35.421695295862364,0.9243291074883033,207e43973525ba65b492e9f1ed3b697936ef4fe587f083bc00ad2c1d6847e09d
m7_v1_development_m7c3_seed710300,m7v1d-m7c3-710300,M7C3,710300,2,budget_conditioned_visual_voi,severe,31466,31466,1.0,1;1;1;1;15;1;1;1;1;1;1;1;1;1;1;1;1;1;1;1;1;1;1;1;15;15;15;15;1;1;15;15;1;1;1;15;15;1;1;1;1;1;1;35;1;1;1;1,10,0.20833333333333334,0,0,0,0,,,0,0,,0,,,368.23265625,22.469580601320693,0.6933433188085726,8ed2101322f2396ff414ac8bec1d80795761182b553169950508543f5d7f077d
m7_v1_development_m7c3_seed710300,m7v1d-m7c3-710300,M7C3,710300,2,budget_conditioned_visual_voi,low,32374,32372,0.9999382220300241,15;15;15;15;15;15;15;15;15;35;15;15;35;35;15;35;15;15;15;15;15;15;15;15;35;55;55;35;35;35;35;35;15;15;15;35;15;35;35;35;15;15;35;75;15;15;15;15,48,0.375,0,0,0,0,,,0,0,,0,,,46.594375,31.447468702275224,0.8424974127132305,6592af942ae926958e9e3de9dfbdffcd415692656922bab4eab6c7143fa346e2
m7_v1_development_m7c3_seed710300,m7v1d-m7c3-710300,M7C3,710300,2,budget_conditioned_visual_voi,medium,33509,33508,0.9999701572711809,15;15;15;15;15;15;15;15;35;35;15;35;35;55;55;35;15;15;55;35;55;75;55;35;75;75;75;75;75;75;75;75;15;15;15;35;55;55;55;55;35;55;55;95;15;15;15;15,48,0.625,0,0,0,0,,,0,0,,0,,,29.033246527777777,33.501847590608556,0.8806678198130076,f99d9447821a0b1127fa1b913a7879d8c82a468e5b6e9c4f3ca81b32d87f3f39
m7_v1_development_m7c3_seed710300,m7v1d-m7c3-710300,M7C3,710300,2,budget_conditioned_visual_voi,high,34871,34870,0.999971322875742,35;35;35;35;55;55;35;15;55;75;15;75;55;75;75;55;55;75;55;75;75;75;95;75;95;95;75;75;75;75;95;75;15;15;15;55;75;75;75;75;35;75;75;95;15;15;15;15,48,0.8125,0,0,0,0,,,0,0,,0,,,18.84654513888889,35.37848611876951,0.9107382060332264,a3aff1022b42a74d952f3b96743b987d154108a4e566a9f0b2083fb8bc1fd0b8
m7_v1_development_m7c3_seed710300,m7v1d-m7c3-710300,M7C3,710300,3,state_only_risk_roi,severe,31466,31415,0.998379202949215,5;5;5;5;5;5;5;5;5;5;5;5;5;5;5;5;5;5;5;5;5;5;5;5;5;5;5;5;5;5;5;5;5;5;5;5;5;5;5;5;5;5;5;35;5;5;5;5,48,0.00036458333333333335,0,0,0,0,,,0,0,,0,,,216.45994791666666,24.777028112544798,0.718824997613527,76c73c7616ae2b286ce30d5ab6de288dc8741ebbd11742d4281305bf3371c7ce
m7_v1_development_m7c3_seed710300,m7v1d-m7c3-710300,M7C3,710300,3,state_only_risk_roi,low,32374,31415,0.9703774633965528,5;5;5;5;5;5;5;5;5;5;5;5;5;5;5;5;5;5;5;5;5;5;5;5;5;5;5;5;5;5;5;5;5;5;5;5;5;5;5;5;5;5;5;35;5;5;5;5,48,0.00036458333333333335,0,0,0,0,,,0,0,,0,,,216.45994791666666,24.777028112544798,0.718824997613527,85196bd0e8dc7937e030fce4e8716e35c99b68cb856d49aedeadd745dccd447a
m7_v1_development_m7c3_seed710300,m7v1d-m7c3-710300,M7C3,710300,3,state_only_risk_roi,medium,33509,33145,0.9891372467098392,45;45;45;45;45;45;45;45;45;45;45;45;45;45;45;45;45;45;45;45;45;45;45;45;45;45;45;45;45;45;45;45;45;45;45;45;45;45;45;45;45;45;45;75;45;45;45;45,48,0.00036458333333333335,0,0,0,0,,,0,0,,0,,,25.7196875,34.02814673359509,0.9127169302737311,7b096baef62e8284d06d20e9d77ac81131d288c3c16d91edaf4a6abec120f3f6
m7_v1_development_m7c3_seed710300,m7v1d-m7c3-710300,M7C3,710300,3,state_only_risk_roi,high,34871,34103,0.9779759685698718,65;65;65;65;65;65;65;65;65;65;65;65;65;65;65;65;65;65;65;65;65;65;65;65;65;65;65;65;65;65;65;65;65;65;65;65;65;65;65;65;65;65;65;95;65;65;65;65,48,0.00036458333333333335,0,0,0,0,,,0,0,,0,,,18.05027777777778,35.56596471167628,0.932278258346599,f5556dddb043e2b345f8cbb100aaa855b1d2f8f45dc62604a74348e777a77042
m7_v1_development_m7c3_seed710300,m7v1d-m7c3-710300,M7C3,710300,3,command_conditioned_risk_roi,severe,31466,31432,0.99891946863281,5;5;5;5;5;5;5;5;5;5;5;5;5;5;5;5;5;5;5;5;5;5;5;5;5;5;5;5;5;5;5;5;5;5;5;5;5;5;5;5;5;5;5;35;5;5;5;5,48,0.0005729166666666667,0,0,0,0,,,0,0,,0,,,216.45994791666666,24.777028112544798,0.718824997613527,db56460d844c88a3ff551354448bb638711c071c1992f6dd654c860a1359bf10
m7_v1_development_m7c3_seed710300,m7v1d-m7c3-710300,M7C3,710300,3,command_conditioned_risk_roi,low,32374,31432,0.970902576141348,5;5;5;5;5;5;5;5;5;5;5;5;5;5;5;5;5;5;5;5;5;5;5;5;5;5;5;5;5;5;5;5;5;5;5;5;5;5;5;5;5;5;5;35;5;5;5;5,48,0.0005729166666666667,0,0,0,0,,,0,0,,0,,,216.45994791666666,24.777028112544798,0.718824997613527,b3ad3b68d065f79cc8f3133f0e8714dd171acc2d6627b69c7fb58f650936f56d
m7_v1_development_m7c3_seed710300,m7v1d-m7c3-710300,M7C3,710300,3,command_conditioned_risk_roi,medium,33509,33162,0.9896445730997643,45;45;45;45;45;45;45;45;45;45;45;45;45;45;45;45;45;45;45;45;45;45;45;45;45;45;45;45;45;45;45;45;45;45;45;45;45;45;45;45;45;45;45;75;45;45;45;45,48,0.0005729166666666667,0,0,0,0,,,0,0,,0,,,25.7196875,34.02814673359509,0.9127169302737311,f75d8d9dd0efbfeb8d7142453e2870c51f52303cd8c5fe88bdc48d6c5f8c9e48
m7_v1_development_m7c3_seed710300,m7v1d-m7c3-710300,M7C3,710300,3,command_conditioned_risk_roi,high,34871,34120,0.9784634796822574,65;65;65;65;65;65;65;65;65;65;65;65;65;65;65;65;65;65;65;65;65;65;65;65;65;65;65;65;65;65;65;65;65;65;65;65;65;65;65;65;65;65;65;95;65;65;65;65,48,0.0005729166666666667,0,0,0,0,,,0,0,,0,,,18.05027777777778,35.56596471167628,0.932278258346599,a4b67b8c339583e7baf517b6131f7190ffd8abf55f1f824d39d5ac7ea9c5840f
m7_v1_development_m7c3_seed710300,m7v1d-m7c3-710300,M7C3,710300,3,budget_conditioned_visual_voi,severe,31466,31466,1.0,1;1;15;1;1;1;1;1;1;1;1;1;1;1;1;1;1;15;1;1;1;1;1;1;1;1;15;15;15;15;15;1;1;1;1;1;1;15;1;1;15;1;1;15;1;15;1;1,11,0.22916666666666666,0,0,0,0,,,0,0,,0,,,364.35510416666665,22.51555503033196,0.6985178660815606,c756161405d02d164f97d462852d41c5c375742bdfcfca5479d0daaf3fe53134
m7_v1_development_m7c3_seed710300,m7v1d-m7c3-710300,M7C3,710300,3,budget_conditioned_visual_voi,low,32374,32372,0.9999382220300241,15;15;15;15;15;15;15;15;15;15;15;15;15;35;15;15;15;35;35;15;15;15;15;15;35;35;35;55;55;35;55;35;15;15;35;35;35;35;35;35;15;15;15;55;15;15;15;15,48,0.375,0,0,0,0,,,0,0,,0,,,48.06526041666667,31.312490612142,0.8526312717053294,cdc61c1747ab22685d94fbacab88f52945571e95a9f92f9711b55ee4b118c359
m7_v1_development_m7c3_seed710300,m7v1d-m7c3-710300,M7C3,710300,3,budget_conditioned_visual_voi,medium,33509,33508,0.9999701572711809,15;15;15;15;35;35;35;35;55;55;35;55;55;35;15;35;55;75;75;35;55;55;35;35;75;75;75;75;55;75;75;75;55;55;55;75;35;35;55;35;75;35;15;75;15;15;15;15,48,0.7916666666666666,0,0,0,0,,,0,0,,0,,,24.095711805555556,34.31140600653637,0.9067312929625845,3c8546a592e9ec574c8c43e321cc05c0689d65628af1db6d0c6a475a6a8fc492
m7_v1_development_m7c3_seed710300,m7v1d-m7c3-710300,M7C3,710300,3,budget_conditioned_visual_voi,high,34871,34871,1.0,35;35;35;35;35;35;35;35;75;75;35;55;75;55;55;35;75;95;75;35;75;75;75;75;75;75;75;75;95;95;95;75;75;75;75;75;75;55;75;75;75;55;15;75;15;35;15;35,48,0.9375,0,0,0,0,,,0,0,,0,,,15.570538194444444,36.20776736685285,0.9300317601537369,ff369a29a0009b9e1f06e5b9ce43b415cc08e25c7240fc91fc5f614ffd8949b9
m7_v1_development_m7c3_seed710301,m7v1d-m7c3-710301,M7C3,710301,0,state_only_risk_roi,severe,31466,31420,0.9985381046208606,5;5;5;5;5;5;5;5;5;5;5;5;5;5;5;5;5;5;5;5;5;5;5;5;5;5;5;5;5;5;5;5;5;5;5;5;5;5;5;5;5;5;5;5;35;5;5;5,48,0.00046875,1,1,23,23,1.0,1.0,23,0,0.0,2291,84.06634657354867,28.884581869778636,199.89598958333335,25.12276279702769,0.7689522819311234,e880b0d490b47a901c0bc72ff4266512bc73247149095d7875e2f2ce2a82440b
m7_v1_development_m7c3_seed710301,m7v1d-m7c3-710301,M7C3,710301,0,state_only_risk_roi,low,32374,32220,0.9952430963118551,25;25;25;25;25;25;25;25;25;25;25;25;25;25;25;25;25;25;25;25;25;25;25;25;25;25;25;25;25;25;25;25;25;25;25;25;25;25;25;25;25;25;25;25;55;25;25;25,48,0.00046875,1,1,23,23,1.0,1.0,23,0,0.0,2291,7.0136767059508225,39.67134617579841,35.344461805555554,32.64758987875458,0.9040752382680838,6f1bd17c1bb65f32ec57873c208e19f4191c923b32ae1284f8c43c18f0a8a08f
m7_v1_development_m7c3_seed710301,m7v1d-m7c3-710301,M7C3,710301,0,state_only_risk_roi,medium,33509,32878,0.9811692381151332,45;45;45;45;45;45;45;45;45;45;45;45;45;45;45;45;45;45;45;45;45;45;45;45;45;45;45;45;45;45;45;45;45;45;45;45;45;45;45;45;45;45;45;45;75;45;45;45,48,0.00046875,1,1,23,23,1.0,1.0,23,0,0.0,2291,1.6841262912847375,45.86705705086979,21.876666666666665,34.7309921133065,0.9327573552995125,d58dc8bec443f4451647c276559d6de5fd0873076cf8370059f6dec3edcb2ebe
m7_v1_development_m7c3_seed710301,m7v1d-m7c3-710301,M7C3,710301,0,state_only_risk_roi,high,34871,33588,0.9632072495770124,65;65;65;65;65;65;65;65;65;65;65;65;65;65;65;65;65;65;65;65;65;65;65;65;65;65;65;65;65;65;65;65;65;65;65;65;65;65;65;65;65;65;65;65;95;65;65;65,48,0.00046875,1,1,23,23,1.0,1.0,23,0,0.0,2291,2.0587807362141715,44.99470264916661,14.832222222222223,36.41874137246973,0.9481852942789626,e2b60a347c76972066abc680344d3e8b9b186fc4d7650c755d6d2cf885cb326e
m7_v1_development_m7c3_seed710301,m7v1d-m7c3-710301,M7C3,710301,0,command_conditioned_risk_roi,severe,31466,31429,0.9988241276298226,5;5;5;5;5;5;5;5;5;5;5;5;5;5;5;5;5;5;5;5;5;5;5;5;5;5;5;5;5;5;5;5;5;5;5;5;5;5;5;5;5;5;5;5;35;5;5;5,48,0.00046875,1,1,23,23,1.0,1.0,23,0,0.0,2291,84.06634657354867,28.884581869778636,199.89598958333335,25.12276279702769,0.7689522819311234,17d86f1f6472b1fb86e96ebb32072b19a7cbbbd32d8671ace56555188632c776
m7_v1_development_m7c3_seed710301,m7v1d-m7c3-710301,M7C3,710301,0,command_conditioned_risk_roi,low,32374,32229,0.9955210971767467,25;25;25;25;25;25;25;25;25;25;25;25;25;25;25;25;25;25;25;25;25;25;25;25;25;25;25;25;25;25;25;25;25;25;25;25;25;25;25;25;25;25;25;25;55;25;25;25,48,0.00046875,1,1,23,23,1.0,1.0,23,0,0.0,2291,7.0136767059508225,39.67134617579841,35.344461805555554,32.64758987875458,0.9040752382680838,49fc2ce879316192b43e3b7d4fec4f21ae81aa9d11c083d479200956addebeb0
m7_v1_development_m7c3_seed710301,m7v1d-m7c3-710301,M7C3,710301,0,command_conditioned_risk_roi,medium,33509,32887,0.9814378226745054,45;45;45;45;45;45;45;45;45;45;45;45;45;45;45;45;45;45;45;45;45;45;45;45;45;45;45;45;45;45;45;45;45;45;45;45;45;45;45;45;45;45;45;45;75;45;45;45,48,0.00046875,1,1,23,23,1.0,1.0,23,0,0.0,2291,1.6841262912847375,45.86705705086979,21.876666666666665,34.7309921133065,0.9327573552995125,b7c3c4fd8dd83c1c42872a20900cd524013921719b55b6d0497f580c0ec43544
m7_v1_development_m7c3_seed710301,m7v1d-m7c3-710301,M7C3,710301,0,command_conditioned_risk_roi,high,34871,33597,0.9634653436953342,65;65;65;65;65;65;65;65;65;65;65;65;65;65;65;65;65;65;65;65;65;65;65;65;65;65;65;65;65;65;65;65;65;65;65;65;65;65;65;65;65;65;65;65;95;65;65;65,48,0.00046875,1,1,23,23,1.0,1.0,23,0,0.0,2291,2.0587807362141715,44.99470264916661,14.832222222222223,36.41874137246973,0.9481852942789626,ac3639dd383ed90f39248c64cf4f35358c3e3f28bbbbeb29c217db8ef4cfb106
m7_v1_development_m7c3_seed710301,m7v1d-m7c3-710301,M7C3,710301,0,budget_conditioned_visual_voi,severe,31466,31466,1.0,1;15;1;1;1;15;1;1;1;1;1;1;1;1;1;1;1;1;1;1;1;1;1;1;1;15;1;15;1;1;1;1;1;15;15;15;1;15;15;15;1;15;1;1;15;1;1;1,12,0.25,1,1,23,22,1.0,0.9565217391304348,23,0,0.0,2291,145.2291575731122,26.510265427004306,323.5658159722222,23.031177277757166,0.7386260542804894,02f4c4d68e804f3039fbb86b36b6589b0361f509134110684391fd93d27434c0
m7_v1_development_m7c3_seed710301,m7v1d-m7c3-710301,M7C3,710301,0,budget_conditioned_visual_voi,low,32374,32374,1.0,15;35;15;15;15;15;15;15;15;35;15;15;15;15;15;35;15;15;15;15;15;15;15;15;1;55;35;35;35;35;55;35;1;35;55;55;35;15;35;15;35;55;15;35;55;35;15;1,45,0.9375,1,1,23,23,1.0,1.0,23,16,0.6956521739130435,2291,62.75236432416703,30.154502674702883,48.714756944444446,31.254198208290397,0.8816831097284493,df2d22bf0e38784f94a2c2e68922661c2013e3474bc839421d3e47d17773e51b
m7_v1_development_m7c3_seed710301,m7v1d-m7c3-710301,M7C3,710301,0,budget_conditioned_visual_voi,medium,33509,33508,0.9999701572711809,15;35;35;35;35;35;55;35;15;35;35;35;15;35;35;75;35;75;75;75;55;55;55;75;1;75;35;75;75;75;75;75;1;55;75;75;75;75;35;35;75;75;15;35;75;75;15;1,45,0.9375,1,1,23,23,1.0,1.0,23,16,0.6956521739130435,2291,59.65298996071584,30.37448144363699,30.670972222222222,33.26352818206123,0.9284881613349549,f1cc841408b79245f6e2d78a647870dc98c0b4670b28cc4aa2e759f3205d8aa4
m7_v1_development_m7c3_seed710301,m7v1d-m7c3-710301,M7C3,710301,0,budget_conditioned_visual_voi,high,34871,34870,0.999971322875742,15;35;35;35;35;35;55;35;15;35;15;35;15;35;15;75;35;75;75;75;55;75;55;75;1;95;35;75;75;75;75;75;1;55;95;95;75;75;35;35;95;95;15;35;95;95;15;1,45,0.9375,1,1,23,23,1.0,1.0,23,16,0.6956521739130435,2291,59.52378873854212,30.383897942461722,27.710243055555555,33.704400257308016,0.9317256338679151,1a22e9edb992abdcedde8f595e5a3ea38c0598c6b8d6b764d3b2c8588b16056d
m7_v1_development_m7c3_seed710301,m7v1d-m7c3-710301,M7C3,710301,1,state_only_risk_roi,severe,31466,31432,0.99891946863281,5;5;5;5;5;5;5;5;5;5;5;5;5;5;5;5;5;5;5;5;5;5;5;5;5;5;5;5;5;5;5;5;5;5;5;5;5;5;5;5;5;5;5;35;35;5;5;5,48,0.0005208333333333333,0,0,0,0,,,0,0,,0,,,197.32973958333332,25.178878181214415,0.7527177487860207,ca23b67ff60366e5abcf5cbad616b2d8ee041fc5bb07c3c0b2d5d7deaa83b25f
m7_v1_development_m7c3_seed710301,m7v1d-m7c3-710301,M7C3,710301,1,state_only_risk_roi,low,32374,32324,0.9984555507506023,25;25;25;25;25;25;25;25;25;25;25;25;25;25;25;25;25;25;25;25;25;25;25;25;25;25;25;25;25;25;25;25;25;25;25;25;25;25;25;25;25;25;25;55;55;25;25;25,48,0.0005208333333333333,0,0,0,0,,,0,0,,0,,,36.335711805555555,32.527466885583365,0.8880317956322953,9e73274ba8467c56d02ecc0fd68b04164d7ab389f93b66b7dc06b1c12dcebfc9
m7_v1_development_m7c3_seed710301,m7v1d-m7c3-710301,M7C3,710301,1,state_only_risk_roi,medium,33509,33023,0.9854964337939062,45;45;45;45;45;45;45;45;45;45;45;45;45;45;45;45;45;45;45;45;45;45;45;45;45;45;45;45;45;45;45;45;45;45;45;45;45;45;45;45;45;45;45;75;75;45;45;45,48,0.0005208333333333333,0,0,0,0,,,0,0,,0,,,21.9453125,34.717385913142,0.9188297343161757,fe768a6241ecf9d83da762e6665dedc6468eba2e1dd637b183a31714f14c895f
m7_v1_development_m7c3_seed710301,m7v1d-m7c3-710301,M7C3,710301,1,state_only_risk_roi,high,34871,34065,0.9768862378480686,65;65;65;65;65;65;65;65;65;65;65;65;65;65;65;65;65;65;65;65;65;65;65;65;65;65;65;65;65;65;65;65;65;65;65;65;65;65;65;65;65;65;65;95;95;65;65;65,48,0.0005208333333333333,0,0,0,0,,,0,0,,0,,,15.256909722222222,36.2961378442448,0.9370714115477217,635ad4e0cc4b20a28504ef3e1372424ed845bd7596a13ba152d973153c5b19b3
m7_v1_development_m7c3_seed710301,m7v1d-m7c3-710301,M7C3,710301,1,command_conditioned_risk_roi,severe,31466,31443,0.9992690523104303,5;5;5;5;5;5;5;5;5;5;5;5;5;5;5;5;5;5;5;5;5;5;5;5;5;5;5;5;5;5;5;5;5;5;5;5;5;5;5;5;5;5;5;35;35;5;5;5,48,0.0005729166666666667,0,0,0,0,,,0,0,,0,,,197.32973958333332,25.178878181214415,0.7527177487860207,fa7e5a32656829fcae2ea7b13a808627795339a19ab63d3b5d42e715a50bbca0
m7_v1_development_m7c3_seed710301,m7v1d-m7c3-710301,M7C3,710301,1,command_conditioned_risk_roi,low,32374,32335,0.9987953295854698,25;25;25;25;25;25;25;25;25;25;25;25;25;25;25;25;25;25;25;25;25;25;25;25;25;25;25;25;25;25;25;25;25;25;25;25;25;25;25;25;25;25;25;55;55;25;25;25,48,0.0005729166666666667,0,0,0,0,,,0,0,,0,,,36.335711805555555,32.527466885583365,0.8880317956322953,d009e7ffece4209fe0f6aaa5e67d3f83925e6d0961d9123dd05681781c1e948d
m7_v1_development_m7c3_seed710301,m7v1d-m7c3-710301,M7C3,710301,1,command_conditioned_risk_roi,medium,33509,33034,0.9858247038109165,45;45;45;45;45;45;45;45;45;45;45;45;45;45;45;45;45;45;45;45;45;45;45;45;45;45;45;45;45;45;45;45;45;45;45;45;45;45;45;45;45;45;45;75;75;45;45;45,48,0.0005729166666666667,0,0,0,0,,,0,0,,0,,,21.9453125,34.717385913142,0.9188297343161757,77df3ae871fad2de79a888d78eb2270eae18589d73c7a7a68fc51027ca761816
m7_v1_development_m7c3_seed710301,m7v1d-m7c3-710301,M7C3,710301,1,command_conditioned_risk_roi,high,34871,34076,0.9772016862149063,65;65;65;65;65;65;65;65;65;65;65;65;65;65;65;65;65;65;65;65;65;65;65;65;65;65;65;65;65;65;65;65;65;65;65;65;65;65;65;65;65;65;65;95;95;65;65;65,48,0.0005729166666666667,0,0,0,0,,,0,0,,0,,,15.256909722222222,36.2961378442448,0.9370714115477217,293103bd276ba1f37a1c03f8ff4f367ec160606a989e9d33a09bc7c5fe795333
m7_v1_development_m7c3_seed710301,m7v1d-m7c3-710301,M7C3,710301,1,budget_conditioned_visual_voi,severe,31466,31466,1.0,1;1;15;15;15;15;1;1;1;1;1;1;1;1;1;1;1;1;1;1;1;1;1;1;1;1;1;1;15;15;15;15;1;15;1;15;15;1;15;15;15;1;1;15;15;1;1;15,17,0.3541666666666667,0,0,0,0,,,0,0,,0,,,283.2702951388889,23.608793258238233,0.7250118796256962,180aae12de8f7dcde387b2218a26dd757fcb3cd4f57080f1c0f54a690b04515c
m7_v1_development_m7c3_seed710301,m7v1d-m7c3-710301,M7C3,710301,1,budget_conditioned_visual_voi,low,32374,32373,0.9999691110150121,15;35;15;15;15;15;15;15;15;15;15;15;15;15;15;15;15;35;15;15;15;15;15;15;55;35;35;55;35;55;35;55;1;35;15;15;35;35;35;15;35;35;35;55;35;15;15;15,47,0.9791666666666666,0,0,0,0,,,0,0,,0,,,41.450208333333336,31.95553643164014,0.8674589764621873,a5b8c76599d85171608e36c18b6da66123758a6606e4e3528bbf081401426cfb
m7_v1_development_m7c3_seed710301,m7v1d-m7c3-710301,M7C3,710301,1,budget_conditioned_visual_voi,medium,33509,33508,0.9999701572711809,35;35;35;35;35;55;35;15;35;35;15;15;15;35;55;55;55;35;35;55;55;75;15;55;75;75;75;75;75;75;75;75;1;55;15;15;55;35;35;55;75;75;75;95;35;15;15;15,47,0.9791666666666666,0,0,0,0,,,0,0,,0,,,24.87234375,34.17363649593449,0.9086460974950291,5262da0ad68936f8c0b0341eb8308fab332d88fca3856716c7d2f9b7bdc321b9
m7_v1_development_m7c3_seed710301,m7v1d-m7c3-710301,M7C3,710301,1,budget_conditioned_visual_voi,high,34871,34871,1.0,35;35;35;35;35;35;35;15;15;15;15;15;15;35;55;55;55;75;35;55;55;75;15;55;95;75;95;95;75;75;95;95;1;75;15;15;75;35;35;55;95;95;75;95;35;15;15;15,47,0.9791666666666666,0,0,0,0,,,0,0,,0,,,21.619131944444444,34.78242108776344,0.9133362663050505,82f2dfe544c7ae7bee87abefc560e6bf3ebc78704e4b4dde1db9d4e1b7d740f5
m7_v1_development_m7c3_seed710301,m7v1d-m7c3-710301,M7C3,710301,2,state_only_risk_roi,severe,31466,31435,0.9990148096357974,5;5;5;5;5;5;5;5;5;5;5;5;5;5;5;5;5;5;5;5;5;5;5;5;5;5;5;5;5;5;5;5;5;5;5;5;5;5;5;5;5;5;5;35;5;5;5;5,48,0.00046875,0,0,0,0,,,0,0,,0,,,216.6404861111111,24.7734073936537,0.6963967367514842,30a0cf2dded5302b718aa3e73de079d84bd8da4809e70799428018ff49f4d464
m7_v1_development_m7c3_seed710301,m7v1d-m7c3-710301,M7C3,710301,2,state_only_risk_roi,low,32374,31435,0.9709952430963118,5;5;5;5;5;5;5;5;5;5;5;5;5;5;5;5;5;5;5;5;5;5;5;5;5;5;5;5;5;5;5;5;5;5;5;5;5;5;5;5;5;5;5;35;5;5;5;5,48,0.00046875,0,0,0,0,,,0,0,,0,,,216.6404861111111,24.7734073936537,0.6963967367514842,450b52f33a3340c0025969fc7166256aa84d67741fba192d2ef3ac9730b5ce1e
m7_v1_development_m7c3_seed710301,m7v1d-m7c3-710301,M7C3,710301,2,state_only_risk_roi,medium,33509,33191,0.9905100122355188,45;45;45;45;45;45;45;45;45;45;45;45;45;45;45;45;45;45;45;45;45;45;45;45;45;45;45;45;45;45;45;45;45;45;45;45;45;45;45;45;45;45;45;75;45;45;45;45,48,0.00046875,0,0,0,0,,,0,0,,0,,,27.3846875,33.75572571520578,0.8993802230309017,afdbae79294eb191f5d693051eb7305e513ad6b6439361093151d72b993fac9a
m7_v1_development_m7c3_seed710301,m7v1d-m7c3-710301,M7C3,710301,2,state_only_risk_roi,high,34871,34235,0.9817613489719251,65;65;65;65;65;65;65;65;65;65;65;65;65;65;65;65;65;65;65;65;65;65;65;65;65;65;65;65;65;65;65;65;65;65;65;65;65;65;65;65;65;65;65;95;65;65;65;65,48,0.00046875,0,0,0,0,,,0,0,,0,,,18.876475694444444,35.37159447671189,0.9224898560832503,e6c64f387d656c5edcaed34cd4302d700af0e77f508679b07f7c0d1a3fd610a2
m7_v1_development_m7c3_seed710301,m7v1d-m7c3-710301,M7C3,710301,2,command_conditioned_risk_roi,severe,31466,31327,0.9955825335282528,1;1;1;1;1;1;1;1;1;1;1;1;1;1;1;1;1;1;1;1;1;1;1;1;1;1;1;1;1;1;1;1;1;1;1;15;1;1;1;1;1;1;1;15;1;1;1;1,2,0.0006770833333333334,0,0,0,0,,,0,0,,0,,,485.6284895833333,21.26776203999439,0.6745087852325288,0ba1feed71f417b3bf1936e2ef8e219d703d2a3e14245f80970e14c68560dc20
m7_v1_development_m7c3_seed710301,m7v1d-m7c3-710301,M7C3,710301,2,command_conditioned_risk_roi,low,32374,31473,0.9721690245258541,5;5;5;5;5;5;5;5;5;5;5;5;5;5;5;5;5;5;5;5;5;5;5;5;5;5;5;5;5;5;5;5;5;5;5;35;5;5;5;5;5;5;5;35;5;5;5;5,48,0.0006770833333333334,0,0,0,0,,,0,0,,0,,,215.03225694444444,24.805767476398483,0.6985861698113819,63370fa21663906bc6be8b944f3f445b5344352f5dc9ce69d88d8ad6d902eb3a
m7_v1_development_m7c3_seed710301,m7v1d-m7c3-710301,M7C3,710301,2,command_conditioned_risk_roi,medium,33509,33235,0.9918230923035602,45;45;45;45;45;45;45;45;45;45;45;45;45;45;45;45;45;45;45;45;45;45;45;45;45;45;45;45;45;45;45;45;45;45;45;75;45;45;45;45;45;45;45;75;45;45;45;45,48,0.0006770833333333334,0,0,0,0,,,0,0,,0,,,27.29953125,33.76925170870602,0.9001591216769674,e382d6896b05cf640a62892c5ec6e00af6b681280328b00775c331e8fcb70dc3
m7_v1_development_m7c3_seed710301,m7v1d-m7c3-710301,M7C3,710301,2,command_conditioned_risk_roi,high,34871,34421,0.9870952940839093,65;65;65;65;65;65;65;65;65;65;65;65;65;65;65;65;65;65;65;65;65;65;65;65;65;65;65;65;65;65;65;65;65;65;65;95;65;65;65;65;65;65;65;95;65;65;65;65,48,0.0006770833333333334,0,0,0,0,,,0,0,,0,,,18.65996527777778,35.421695295862364,0.9243291074883033,207e43973525ba65b492e9f1ed3b697936ef4fe587f083bc00ad2c1d6847e09d
m7_v1_development_m7c3_seed710301,m7v1d-m7c3-710301,M7C3,710301,2,budget_conditioned_visual_voi,severe,31466,31466,1.0,1;1;1;1;15;1;1;1;1;1;1;1;1;1;1;1;1;1;1;1;1;1;1;1;15;15;15;15;1;1;15;15;1;1;1;15;15;1;1;1;1;1;1;35;1;1;1;1,10,0.20833333333333334,0,0,0,0,,,0,0,,0,,,368.23265625,22.469580601320693,0.6933433188085726,8ed2101322f2396ff414ac8bec1d80795761182b553169950508543f5d7f077d
m7_v1_development_m7c3_seed710301,m7v1d-m7c3-710301,M7C3,710301,2,budget_conditioned_visual_voi,low,32374,32372,0.9999382220300241,15;15;15;15;15;15;15;15;15;35;15;15;35;35;15;35;15;15;15;15;15;15;15;15;35;55;55;35;35;35;35;35;15;15;15;35;15;35;35;35;15;15;35;75;15;15;15;15,48,0.375,0,0,0,0,,,0,0,,0,,,46.594375,31.447468702275224,0.8424974127132305,6592af942ae926958e9e3de9dfbdffcd415692656922bab4eab6c7143fa346e2
m7_v1_development_m7c3_seed710301,m7v1d-m7c3-710301,M7C3,710301,2,budget_conditioned_visual_voi,medium,33509,33508,0.9999701572711809,15;15;15;15;15;15;15;15;35;35;15;35;35;55;55;35;15;15;55;35;55;75;55;35;75;75;75;75;75;75;75;75;15;15;15;35;55;55;55;55;35;55;55;95;15;15;15;15,48,0.625,0,0,0,0,,,0,0,,0,,,29.033246527777777,33.501847590608556,0.8806678198130076,f99d9447821a0b1127fa1b913a7879d8c82a468e5b6e9c4f3ca81b32d87f3f39
m7_v1_development_m7c3_seed710301,m7v1d-m7c3-710301,M7C3,710301,2,budget_conditioned_visual_voi,high,34871,34870,0.999971322875742,35;35;35;35;55;55;35;15;55;75;15;75;55;75;75;55;55;75;55;75;75;75;95;75;95;95;75;75;75;75;95;75;15;15;15;55;75;75;75;75;35;75;75;95;15;15;15;15,48,0.8125,0,0,0,0,,,0,0,,0,,,18.84654513888889,35.37848611876951,0.9107382060332264,a3aff1022b42a74d952f3b96743b987d154108a4e566a9f0b2083fb8bc1fd0b8
m7_v1_development_m7c3_seed710301,m7v1d-m7c3-710301,M7C3,710301,3,state_only_risk_roi,severe,31466,31415,0.998379202949215,5;5;5;5;5;5;5;5;5;5;5;5;5;5;5;5;5;5;5;5;5;5;5;5;5;5;5;5;5;5;5;5;5;5;5;5;5;5;5;5;5;5;5;35;5;5;5;5,48,0.00036458333333333335,0,0,0,0,,,0,0,,0,,,216.45994791666666,24.777028112544798,0.718824997613527,76c73c7616ae2b286ce30d5ab6de288dc8741ebbd11742d4281305bf3371c7ce
m7_v1_development_m7c3_seed710301,m7v1d-m7c3-710301,M7C3,710301,3,state_only_risk_roi,low,32374,31415,0.9703774633965528,5;5;5;5;5;5;5;5;5;5;5;5;5;5;5;5;5;5;5;5;5;5;5;5;5;5;5;5;5;5;5;5;5;5;5;5;5;5;5;5;5;5;5;35;5;5;5;5,48,0.00036458333333333335,0,0,0,0,,,0,0,,0,,,216.45994791666666,24.777028112544798,0.718824997613527,85196bd0e8dc7937e030fce4e8716e35c99b68cb856d49aedeadd745dccd447a
m7_v1_development_m7c3_seed710301,m7v1d-m7c3-710301,M7C3,710301,3,state_only_risk_roi,medium,33509,33145,0.9891372467098392,45;45;45;45;45;45;45;45;45;45;45;45;45;45;45;45;45;45;45;45;45;45;45;45;45;45;45;45;45;45;45;45;45;45;45;45;45;45;45;45;45;45;45;75;45;45;45;45,48,0.00036458333333333335,0,0,0,0,,,0,0,,0,,,25.7196875,34.02814673359509,0.9127169302737311,7b096baef62e8284d06d20e9d77ac81131d288c3c16d91edaf4a6abec120f3f6
m7_v1_development_m7c3_seed710301,m7v1d-m7c3-710301,M7C3,710301,3,state_only_risk_roi,high,34871,34103,0.9779759685698718,65;65;65;65;65;65;65;65;65;65;65;65;65;65;65;65;65;65;65;65;65;65;65;65;65;65;65;65;65;65;65;65;65;65;65;65;65;65;65;65;65;65;65;95;65;65;65;65,48,0.00036458333333333335,0,0,0,0,,,0,0,,0,,,18.05027777777778,35.56596471167628,0.932278258346599,f5556dddb043e2b345f8cbb100aaa855b1d2f8f45dc62604a74348e777a77042
m7_v1_development_m7c3_seed710301,m7v1d-m7c3-710301,M7C3,710301,3,command_conditioned_risk_roi,severe,31466,31432,0.99891946863281,5;5;5;5;5;5;5;5;5;5;5;5;5;5;5;5;5;5;5;5;5;5;5;5;5;5;5;5;5;5;5;5;5;5;5;5;5;5;5;5;5;5;5;35;5;5;5;5,48,0.0005729166666666667,0,0,0,0,,,0,0,,0,,,216.45994791666666,24.777028112544798,0.718824997613527,db56460d844c88a3ff551354448bb638711c071c1992f6dd654c860a1359bf10
m7_v1_development_m7c3_seed710301,m7v1d-m7c3-710301,M7C3,710301,3,command_conditioned_risk_roi,low,32374,31432,0.970902576141348,5;5;5;5;5;5;5;5;5;5;5;5;5;5;5;5;5;5;5;5;5;5;5;5;5;5;5;5;5;5;5;5;5;5;5;5;5;5;5;5;5;5;5;35;5;5;5;5,48,0.0005729166666666667,0,0,0,0,,,0,0,,0,,,216.45994791666666,24.777028112544798,0.718824997613527,b3ad3b68d065f79cc8f3133f0e8714dd171acc2d6627b69c7fb58f650936f56d
m7_v1_development_m7c3_seed710301,m7v1d-m7c3-710301,M7C3,710301,3,command_conditioned_risk_roi,medium,33509,33162,0.9896445730997643,45;45;45;45;45;45;45;45;45;45;45;45;45;45;45;45;45;45;45;45;45;45;45;45;45;45;45;45;45;45;45;45;45;45;45;45;45;45;45;45;45;45;45;75;45;45;45;45,48,0.0005729166666666667,0,0,0,0,,,0,0,,0,,,25.7196875,34.02814673359509,0.9127169302737311,f75d8d9dd0efbfeb8d7142453e2870c51f52303cd8c5fe88bdc48d6c5f8c9e48
m7_v1_development_m7c3_seed710301,m7v1d-m7c3-710301,M7C3,710301,3,command_conditioned_risk_roi,high,34871,34120,0.9784634796822574,65;65;65;65;65;65;65;65;65;65;65;65;65;65;65;65;65;65;65;65;65;65;65;65;65;65;65;65;65;65;65;65;65;65;65;65;65;65;65;65;65;65;65;95;65;65;65;65,48,0.0005729166666666667,0,0,0,0,,,0,0,,0,,,18.05027777777778,35.56596471167628,0.932278258346599,a4b67b8c339583e7baf517b6131f7190ffd8abf55f1f824d39d5ac7ea9c5840f
m7_v1_development_m7c3_seed710301,m7v1d-m7c3-710301,M7C3,710301,3,budget_conditioned_visual_voi,severe,31466,31466,1.0,1;1;15;1;1;1;1;1;1;1;1;1;1;1;1;1;1;15;1;1;1;1;1;1;1;1;15;15;15;15;15;1;1;1;1;1;1;15;1;1;15;1;1;15;1;15;1;1,11,0.22916666666666666,0,0,0,0,,,0,0,,0,,,364.35510416666665,22.51555503033196,0.6985178660815606,c756161405d02d164f97d462852d41c5c375742bdfcfca5479d0daaf3fe53134
m7_v1_development_m7c3_seed710301,m7v1d-m7c3-710301,M7C3,710301,3,budget_conditioned_visual_voi,low,32374,32372,0.9999382220300241,15;15;15;15;15;15;15;15;15;15;15;15;15;35;15;15;15;35;35;15;15;15;15;15;35;35;35;55;55;35;55;35;15;15;35;35;35;35;35;35;15;15;15;55;15;15;15;15,48,0.375,0,0,0,0,,,0,0,,0,,,48.06526041666667,31.312490612142,0.8526312717053294,cdc61c1747ab22685d94fbacab88f52945571e95a9f92f9711b55ee4b118c359
m7_v1_development_m7c3_seed710301,m7v1d-m7c3-710301,M7C3,710301,3,budget_conditioned_visual_voi,medium,33509,33508,0.9999701572711809,15;15;15;15;35;35;35;35;55;55;35;55;55;35;15;35;55;75;75;35;55;55;35;35;75;75;75;75;55;75;75;75;55;55;55;75;35;35;55;35;75;35;15;75;15;15;15;15,48,0.7916666666666666,0,0,0,0,,,0,0,,0,,,24.095711805555556,34.31140600653637,0.9067312929625845,3c8546a592e9ec574c8c43e321cc05c0689d65628af1db6d0c6a475a6a8fc492
m7_v1_development_m7c3_seed710301,m7v1d-m7c3-710301,M7C3,710301,3,budget_conditioned_visual_voi,high,34871,34871,1.0,35;35;35;35;35;35;35;35;75;75;35;55;75;55;55;35;75;95;75;35;75;75;75;75;75;75;75;75;95;95;95;75;75;75;75;75;75;55;75;75;75;55;15;75;15;35;15;35,48,0.9375,0,0,0,0,,,0,0,,0,,,15.570538194444444,36.20776736685285,0.9300317601537369,ff369a29a0009b9e1f06e5b9ce43b415cc08e25c7240fc91fc5f614ffd8949b9
m7_v1_development_m7c4_seed710400,m7v1d-m7c4-710400,M7C4,710400,0,state_only_risk_roi,severe,31466,31377,0.9971715502447086,5;5;5;5;5;5;5;5;5;5;5;5;5;5;5;5;5;5;5;5;5;5;5;5;5;5;5;5;5;5;5;5;5;5;5;5;5;5;5;5;5;5;5;5;35;5;5;5,48,0.00046875,1,1,16,12,1.0,0.75,16,0,0.0,11829,110.206836306253,27.70871825535489,164.3925,25.971983608202912,0.8073314778117112,3fda7406c44203fc35a4f5fb83814601c86fb1410c9b0aef5e9e3620ff6028dc
m7_v1_development_m7c4_seed710400,m7v1d-m7c4-710400,M7C4,710400,0,state_only_risk_roi,low,32374,32019,0.9890344103292765,25;25;25;25;25;25;25;25;25;25;25;25;25;25;25;25;25;25;25;25;25;25;25;25;25;25;25;25;25;25;25;25;25;25;25;25;25;25;25;25;25;25;25;25;55;25;25;25,48,0.00046875,1,1,16,16,1.0,1.0,16,0,0.0,11829,18.33206526333587,35.49868966176015,30.844201388888887,33.23906830797193,0.9185489623420766,da5bfe91d781e928750cacc82e84c3f0ab46c90c9bdf753707ba4024fec236d9
m7_v1_development_m7c4_seed710400,m7v1d-m7c4-710400,M7C4,710400,0,state_only_risk_roi,medium,33509,32960,0.9836163418783014,65;65;65;65;65;65;65;65;65;65;65;65;65;65;65;65;65;65;65;65;65;65;65;65;65;65;65;65;65;65;65;65;65;65;65;65;65;65;65;65;65;65;65;65;95;65;65;65,48,0.00046875,1,1,16,16,1.0,1.0,16,0,0.0,11829,7.026770366613126,39.663245997516846,12.168819444444445,37.27831913585481,0.9601409618253774,ed1038e401e5849f396736f1ff2e8ef77277372133d6ae86cd9037985e2402bd
m7_v1_development_m7c4_seed710400,m7v1d-m7c4-710400,M7C4,710400,0,state_only_risk_roi,high,34871,32960,0.9451980155430013,65;65;65;65;65;65;65;65;65;65;65;65;65;65;65;65;65;65;65;65;65;65;65;65;65;65;65;65;65;65;65;65;65;65;65;65;65;65;65;65;65;65;65;65;95;65;65;65,48,0.00046875,1,1,16,16,1.0,1.0,16,0,0.0,11829,7.026770366613126,39.663245997516846,12.168819444444445,37.27831913585481,0.9601409618253774,a99e1d78badeda9ef36a9844249b561d2ccb90c4b7fcb77ace738033dcd6ad54
m7_v1_development_m7c4_seed710400,m7v1d-m7c4-710400,M7C4,710400,0,command_conditioned_risk_roi,severe,31466,31386,0.9974575732536707,5;5;5;5;5;5;5;5;5;5;5;5;5;5;5;5;5;5;5;5;5;5;5;5;5;5;5;5;5;5;5;5;5;5;5;5;5;5;5;5;5;5;5;5;35;5;5;5,48,0.00046875,1,1,16,12,1.0,0.75,16,0,0.0,11829,110.206836306253,27.70871825535489,164.3925,25.971983608202912,0.8073314778117112,2eab48437da6973aa0fa3ecc9d2875d6740abeadd2ac49d580209665c20d35d6
m7_v1_development_m7c4_seed710400,m7v1d-m7c4-710400,M7C4,710400,0,command_conditioned_risk_roi,low,32374,32028,0.9893124111941681,25;25;25;25;25;25;25;25;25;25;25;25;25;25;25;25;25;25;25;25;25;25;25;25;25;25;25;25;25;25;25;25;25;25;25;25;25;25;25;25;25;25;25;25;55;25;25;25,48,0.00046875,1,1,16,16,1.0,1.0,16,0,0.0,11829,18.33206526333587,35.49868966176015,30.844201388888887,33.23906830797193,0.9185489623420766,3668902055d9c803f702043e0ae88ff7e2c21d9826758c8882de9cbb0c872b9a
m7_v1_development_m7c4_seed710400,m7v1d-m7c4-710400,M7C4,710400,0,command_conditioned_risk_roi,medium,33509,32969,0.9838849264376734,65;65;65;65;65;65;65;65;65;65;65;65;65;65;65;65;65;65;65;65;65;65;65;65;65;65;65;65;65;65;65;65;65;65;65;65;65;65;65;65;65;65;65;65;95;65;65;65,48,0.00046875,1,1,16,16,1.0,1.0,16,0,0.0,11829,7.026770366613126,39.663245997516846,12.168819444444445,37.27831913585481,0.9601409618253774,a76649e6b1bd6f74ce85e6351900c5e05f4c98e412f7152a34aeb337dc92c09c
m7_v1_development_m7c4_seed710400,m7v1d-m7c4-710400,M7C4,710400,0,command_conditioned_risk_roi,high,34871,32969,0.9454561096613232,65;65;65;65;65;65;65;65;65;65;65;65;65;65;65;65;65;65;65;65;65;65;65;65;65;65;65;65;65;65;65;65;65;65;65;65;65;65;65;65;65;65;65;65;95;65;65;65,48,0.00046875,1,1,16,16,1.0,1.0,16,0,0.0,11829,7.026770366613126,39.663245997516846,12.168819444444445,37.27831913585481,0.9601409618253774,a3f7f9b17e9c0df7496b1a3a5c606ba1c375380b60097c0b98869de410725e4c
m7_v1_development_m7c4_seed710400,m7v1d-m7c4-710400,M7C4,710400,0,budget_conditioned_visual_voi,severe,31466,31466,1.0,1;1;1;1;1;1;15;15;1;1;1;1;1;1;15;15;1;1;1;1;35;1;1;1;1;1;1;1;15;15;15;15;1;1;1;1;1;15;15;15;1;1;1;1;35;15;15;15,16,0.3333333333333333,1,1,16,16,1.0,1.0,16,10,0.625,11829,192.37526418124946,25.289311316287385,180.61263888888888,25.563322228215245,0.81434342822894,2dfd0d62baf467afb79ac7a39f2fc1cb483eee593fe8d954cf0fe9824049aeae
m7_v1_development_m7c4_seed710400,m7v1d-m7c4-710400,M7C4,710400,0,budget_conditioned_visual_voi,low,32374,32374,1.0,1;1;1;1;15;75;35;35;1;1;1;1;15;1;15;55;1;1;1;1;35;55;55;55;1;1;1;1;35;75;55;35;1;1;1;1;1;55;55;55;1;1;1;1;95;75;75;75,22,0.4583333333333333,1,1,16,16,1.0,1.0,16,14,0.875,11829,171.87620818891426,25.778645968474088,121.574375,27.2823831528037,0.8684652195668497,21b7a10e9f25ddf76527542eca44117121c1acd0e09beed5516fc948429ff154
m7_v1_development_m7c4_seed710400,m7v1d-m7c4-710400,M7C4,710400,0,budget_conditioned_visual_voi,medium,33509,33509,1.0,1;1;1;1;15;75;55;35;1;1;1;1;15;1;35;55;1;1;1;1;75;75;75;75;1;1;1;1;35;95;95;95;1;1;1;1;1;75;75;55;1;1;1;1;95;95;75;95,22,0.4583333333333333,1,1,16,16,1.0,1.0,16,14,0.875,11829,171.3748696705836,25.79133223348199,116.58442708333334,27.464398180217515,0.8783392539161721,d5d6e4f049a7068793331748128495c3417b5e54ffddd9b92a8dc8c05192b7f4
m7_v1_development_m7c4_seed710400,m7v1d-m7c4-710400,M7C4,710400,0,budget_conditioned_visual_voi,high,34871,34869,0.9999426457514841,1;1;1;1;15;95;95;75;1;1;1;1;15;1;95;55;1;1;1;1;75;95;95;95;1;1;1;1;35;95;95;95;1;1;1;1;1;95;95;75;1;1;1;1;95;95;95;95,22,0.4583333333333333,1,1,16,16,1.0,1.0,16,14,0.875,11829,171.27643925944713,25.79382735224966,114.12746527777777,27.556901889895506,0.888013684646444,e422041cc59299e8a2dacd58d37591608236d29a5adcc27490b706d245e619a3
m7_v1_development_m7c4_seed710400,m7v1d-m7c4-710400,M7C4,710400,1,state_only_risk_roi,severe,31466,31432,0.99891946863281,5;5;5;5;5;5;5;5;5;5;5;5;5;5;5;5;5;5;5;5;5;5;5;5;5;5;5;5;5;5;5;5;5;5;5;5;5;5;5;5;5;5;5;5;35;5;5;5,48,0.0004166666666666667,1,1,24,22,1.0,0.9166666666666666,24,0,0.0,808,407.32343234323434,22.031409661400193,217.43135416666667,24.75758190208151,0.7565235961900081,107c599ed3872846460970eda9b74b676f9498b4a4c0a71871600cdd430c22fc
m7_v1_development_m7c4_seed710400,m7v1d-m7c4-710400,M7C4,710400,1,state_only_risk_roi,low,32374,32327,0.9985482177055662,25;25;25;25;25;25;25;25;25;25;25;25;25;25;25;25;25;25;25;25;25;25;25;25;25;25;25;25;25;25;25;25;25;25;25;25;25;25;25;25;25;25;25;25;55;25;25;25,48,0.0004166666666666667,1,1,24,20,1.0,0.8333333333333334,24,0,0.0,808,139.97194719471946,26.670393566133423,40.080486111111114,32.10147380691034,0.9021138985519425,531f4818ed16085f6cdc4be12111d782397d902a35deac2e62a3e57457a8f054
m7_v1_development_m7c4_seed710400,m7v1d-m7c4-710400,M7C4,710400,1,state_only_risk_roi,medium,33509,32984,0.9843325673699603,45;45;45;45;45;45;45;45;45;45;45;45;45;45;45;45;45;45;45;45;45;45;45;45;45;45;45;45;45;45;45;45;45;45;45;45;45;45;45;45;45;45;45;45;75;45;45;45,48,0.0004166666666666667,1,1,24,24,1.0,1.0,24,0,0.0,808,98.58663366336634,28.19262323408852,22.963020833333335,34.52051341037881,0.9324256179226141,e38dad50267bc292d112cb5552cc63cbfcd295da3d2634b7751818d692886187
m7_v1_development_m7c4_seed710400,m7v1d-m7c4-710400,M7C4,710400,1,state_only_risk_roi,high,34871,33808,0.9695162169137679,65;65;65;65;65;65;65;65;65;65;65;65;65;65;65;65;65;65;65;65;65;65;65;65;65;65;65;65;65;65;65;65;65;65;65;65;65;65;65;65;65;65;65;65;95;65;65;65,48,0.0004166666666666667,1,1,24,20,1.0,0.8333333333333334,24,0,0.0,808,43.68770627062706,31.72721117260646,14.554600694444444,36.50080065801304,0.9514602604760704,036f481677e008db1519532d858c8c06c1bee08f4e7abf4461ba66d34713e324
m7_v1_development_m7c4_seed710400,m7v1d-m7c4-710400,M7C4,710400,1,command_conditioned_risk_roi,severe,31466,31441,0.9992054916417721,5;5;5;5;5;5;5;5;5;5;5;5;5;5;5;5;5;5;5;5;5;5;5;5;5;5;5;5;5;5;5;5;5;5;5;5;5;5;5;5;5;5;5;5;35;5;5;5,48,0.0004166666666666667,1,1,24,22,1.0,0.9166666666666666,24,0,0.0,808,407.32343234323434,22.031409661400193,217.43135416666667,24.75758190208151,0.7565235961900081,62f7c4649673761fbc9f3ae29f28c6ce2e6296360afff26dd491651c1f05a128
m7_v1_development_m7c4_seed710400,m7v1d-m7c4-710400,M7C4,710400,1,command_conditioned_risk_roi,low,32374,32336,0.9988262185704577,25;25;25;25;25;25;25;25;25;25;25;25;25;25;25;25;25;25;25;25;25;25;25;25;25;25;25;25;25;25;25;25;25;25;25;25;25;25;25;25;25;25;25;25;55;25;25;25,48,0.0004166666666666667,1,1,24,20,1.0,0.8333333333333334,24,0,0.0,808,139.97194719471946,26.670393566133423,40.080486111111114,32.10147380691034,0.9021138985519425,73d482f0f8db5b7205e404c330cd0773ef4e32876bedec244a915393db631263
m7_v1_development_m7c4_seed710400,m7v1d-m7c4-710400,M7C4,710400,1,command_conditioned_risk_roi,medium,33509,32993,0.9846011519293324,45;45;45;45;45;45;45;45;45;45;45;45;45;45;45;45;45;45;45;45;45;45;45;45;45;45;45;45;45;45;45;45;45;45;45;45;45;45;45;45;45;45;45;45;75;45;45;45,48,0.0004166666666666667,1,1,24,24,1.0,1.0,24,0,0.0,808,98.58663366336634,28.19262323408852,22.963020833333335,34.52051341037881,0.9324256179226141,fd53bd046502da865e2f6cec84cc10dd928507e23d53fdb28dee7cc7275caa6d
m7_v1_development_m7c4_seed710400,m7v1d-m7c4-710400,M7C4,710400,1,command_conditioned_risk_roi,high,34871,33817,0.9697743110320897,65;65;65;65;65;65;65;65;65;65;65;65;65;65;65;65;65;65;65;65;65;65;65;65;65;65;65;65;65;65;65;65;65;65;65;65;65;65;65;65;65;65;65;65;95;65;65;65,48,0.0004166666666666667,1,1,24,20,1.0,0.8333333333333334,24,0,0.0,808,43.68770627062706,31.72721117260646,14.554600694444444,36.50080065801304,0.9514602604760704,adda13ec2160ed400efe62d5801c16a892f418caefeb99c5c233a44425d3cf15
m7_v1_development_m7c4_seed710400,m7v1d-m7c4-710400,M7C4,710400,1,budget_conditioned_visual_voi,severe,31466,31466,1.0,1;1;1;15;15;15;15;1;15;15;1;15;15;15;1;1;1;1;15;1;1;1;1;1;1;1;15;15;1;1;15;1;15;15;1;1;1;1;1;15;1;1;15;15;15;1;15;15,21,0.4375,1,1,24,12,1.0,0.5,24,3,0.125,808,473.2343234323432,21.380041246231876,300.17651041666664,23.357036562902927,0.7182980608812491,9a0d7bf3f671fbc193cb4730b6ea23b1fb3e30ba7397618235f163b50523bf1e
m7_v1_development_m7c4_seed710400,m7v1d-m7c4-710400,M7C4,710400,1,budget_conditioned_visual_voi,low,32374,32373,0.9999691110150121,15;15;15;15;35;35;35;1;15;15;15;15;15;15;15;15;35;15;35;35;35;15;35;55;55;35;35;35;35;35;35;35;35;15;35;15;15;35;15;35;15;15;15;15;35;15;15;35,47,0.9791666666666666,1,1,24,16,1.0,0.6666666666666666,24,24,1.0,808,196.00866336633663,25.208050937509988,46.878315972222225,31.421083589053936,0.8864001173194134,6d60fad7a6095679a0aa337edebf59b378f848783236c92e16260c275285360a
m7_v1_development_m7c4_seed710400,m7v1d-m7c4-710400,M7C4,710400,1,budget_conditioned_visual_voi,medium,33509,33509,1.0,15;15;35;35;35;35;35;15;15;15;35;15;15;15;35;55;75;35;75;35;55;55;35;95;75;75;75;75;75;75;75;75;75;75;75;35;35;55;75;35;35;15;15;15;75;15;35;35,48,0.75,1,1,24,24,1.0,1.0,24,24,1.0,808,77.03300330033004,29.26403530755186,21.134965277777777,34.880788221962206,0.9236080199617218,8db47c842fa685ee1a9fd84e74b082672df258d798533b5da3de8563efe6a9d1
m7_v1_development_m7c4_seed710400,m7v1d-m7c4-710400,M7C4,710400,1,budget_conditioned_visual_voi,high,34871,34870,0.999971322875742,15;15;55;55;35;35;35;15;15;15;55;55;15;15;35;55;75;35;75;35;55;75;35;95;75;95;95;95;95;95;95;95;75;75;75;35;35;55;75;75;35;15;15;15;75;15;35;35,48,0.7708333333333334,1,1,24,24,1.0,1.0,24,24,1.0,808,64.52846534653466,30.03329024281737,16.68927083333333,35.906429984233824,0.9306136745192385,ee34d81783499cc439a3749d100960625ac19bd0328604cd78b898571db1a7c4
m7_v1_development_m7c4_seed710400,m7v1d-m7c4-710400,M7C4,710400,2,state_only_risk_roi,severe,31466,31375,0.9971079895760503,5;5;5;5;5;5;5;5;5;5;5;5;5;5;5;5;5;5;5;5;5;5;5;5;5;5;5;5;5;5;5;5;5;5;5;5;5;5;5;5;5;5;5;5;35;5;5;5,48,0.0004166666666666667,0,0,0,0,,,0,0,,0,,,196.73638888888888,25.191956652493936,0.7629654634287785,8cc55630c0d81a0bf462ea7240329d0ca21fa9bd2b4cc34ef1ed31755151d7fd
m7_v1_development_m7c4_seed710400,m7v1d-m7c4-710400,M7C4,710400,2,state_only_risk_roi,low,32374,32190,0.9943164267622165,25;25;25;25;25;25;25;25;25;25;25;25;25;25;25;25;25;25;25;25;25;25;25;25;25;25;25;25;25;25;25;25;25;25;25;25;25;25;25;25;25;25;25;25;55;25;25;25,48,0.0004166666666666667,0,0,0,0,,,0,0,,0,,,32.063402777777775,33.07070750236186,0.9029187900545349,1d708675954c17384e1a11abed6c1c6b145714dc0cae0216b5c04eaed3ce1fda
m7_v1_development_m7c4_seed710400,m7v1d-m7c4-710400,M7C4,710400,2,state_only_risk_roi,medium,33509,32803,0.978931033453699,45;45;45;45;45;45;45;45;45;45;45;45;45;45;45;45;45;45;45;45;45;45;45;45;45;45;45;45;45;45;45;45;45;45;45;45;45;45;45;45;45;45;45;45;75;45;45;45,48,0.0004166666666666667,0,0,0,0,,,0,0,,0,,,17.8775,35.60773574155003,0.9338550911449431,99effdc1750a8a42887ba379a173eb8520164b68cc64b1041b57647d18527b2b
m7_v1_development_m7c4_seed710400,m7v1d-m7c4-710400,M7C4,710400,2,state_only_risk_roi,high,34871,33570,0.9626910613403687,65;65;65;65;65;65;65;65;65;65;65;65;65;65;65;65;65;65;65;65;65;65;65;65;65;65;65;65;65;65;65;65;65;65;65;65;65;65;65;65;65;65;65;65;95;65;65;65,48,0.0004166666666666667,0,0,0,0,,,0,0,,0,,,12.711475694444445,37.08884389483686,0.9504172963057878,64c794aea612db5a8cefd39e70db360f842002cfe4db1f0777ff88c919d8634f
m7_v1_development_m7c4_seed710400,m7v1d-m7c4-710400,M7C4,710400,2,command_conditioned_risk_roi,severe,31466,31386,0.9974575732536707,5;5;5;5;5;5;5;5;5;5;5;5;5;5;5;5;5;5;5;5;5;5;5;5;5;5;5;5;5;5;5;5;5;5;5;5;5;5;5;5;5;5;5;5;35;5;5;5,48,0.00046875,0,0,0,0,,,0,0,,0,,,196.73638888888888,25.191956652493936,0.7629654634287785,cb86dcfc37703318b76fd3238b2103ee21c3f0245711dc91371e26fa18a97ab3
m7_v1_development_m7c4_seed710400,m7v1d-m7c4-710400,M7C4,710400,2,command_conditioned_risk_roi,low,32374,32201,0.9946562055970841,25;25;25;25;25;25;25;25;25;25;25;25;25;25;25;25;25;25;25;25;25;25;25;25;25;25;25;25;25;25;25;25;25;25;25;25;25;25;25;25;25;25;25;25;55;25;25;25,48,0.00046875,0,0,0,0,,,0,0,,0,,,32.063402777777775,33.07070750236186,0.9029187900545349,2cc76c334af2302630d37f882bc4eacbe0d599959aec0ef3faab5cd4565ade07
m7_v1_development_m7c4_seed710400,m7v1d-m7c4-710400,M7C4,710400,2,command_conditioned_risk_roi,medium,33509,32814,0.9792593034707093,45;45;45;45;45;45;45;45;45;45;45;45;45;45;45;45;45;45;45;45;45;45;45;45;45;45;45;45;45;45;45;45;45;45;45;45;45;45;45;45;45;45;45;45;75;45;45;45,48,0.00046875,0,0,0,0,,,0,0,,0,,,17.8775,35.60773574155003,0.9338550911449431,bde7a3aef81b10d71440c390aa44b071f4daf9c5f559b29dbe34741124f54ae5
m7_v1_development_m7c4_seed710400,m7v1d-m7c4-710400,M7C4,710400,2,command_conditioned_risk_roi,high,34871,33581,0.9630065097072066,65;65;65;65;65;65;65;65;65;65;65;65;65;65;65;65;65;65;65;65;65;65;65;65;65;65;65;65;65;65;65;65;65;65;65;65;65;65;65;65;65;65;65;65;95;65;65;65,48,0.00046875,0,0,0,0,,,0,0,,0,,,12.711475694444445,37.08884389483686,0.9504172963057878,3546c60f66cff97f5410e5e9630e510a52009d383cac9f6b1c64ce6c5c39ea6c
m7_v1_development_m7c4_seed710400,m7v1d-m7c4-710400,M7C4,710400,2,budget_conditioned_visual_voi,severe,31466,31466,1.0,1;1;1;1;1;1;1;1;1;1;1;1;1;1;1;1;1;1;1;1;1;1;1;1;15;1;15;1;15;15;1;15;15;15;15;1;1;15;15;1;1;1;1;1;15;1;1;15,12,0.25,0,0,0,0,,,0,0,,0,,,331.0667881944444,22.931647452844857,0.7435607483912223,9eea2bb7056e9aa1987223fb097a83ec621ab90f8f509f9c6bb814a244474843
m7_v1_development_m7c4_seed710400,m7v1d-m7c4-710400,M7C4,710400,2,budget_conditioned_visual_voi,low,32374,32374,1.0,15;15;15;15;15;15;15;15;15;15;15;15;15;15;15;15;15;35;35;35;35;35;15;15;35;55;55;55;75;55;55;55;35;35;15;35;35;35;35;35;15;15;15;15;35;15;15;15,48,0.4375,0,0,0,0,,,0,0,,0,,,29.874322916666667,33.37782289820091,0.8892370794728608,0cfa3459b58054158923b43def54c3bd5496c62a7763c10844362aa15c5921ba
m7_v1_development_m7c4_seed710400,m7v1d-m7c4-710400,M7C4,710400,2,budget_conditioned_visual_voi,medium,33509,33509,1.0,55;35;35;35;35;35;35;35;15;15;15;15;55;55;15;35;55;75;55;55;75;75;75;55;75;75;75;75;75;95;75;95;75;75;15;75;75;55;55;35;15;15;15;15;35;15;15;55,48,0.75,0,0,0,0,,,0,0,,0,,,16.286059027777778,36.012643563357074,0.9248975879630915,b0e8c60cd4ee3914c38473d1661533cc753f68808f98db4a1407a2a4a2d52b34
m7_v1_development_m7c4_seed710400,m7v1d-m7c4-710400,M7C4,710400,2,budget_conditioned_visual_voi,high,34871,34870,0.999971322875742,35;35;35;35;35;35;35;35;35;35;15;35;55;55;35;35;75;75;75;75;95;75;75;75;95;95;95;95;95;95;95;95;75;75;15;75;75;55;75;35;15;15;15;15;35;15;15;55,48,0.8333333333333334,0,0,0,0,,,0,0,,0,,,11.775538194444444,37.42099595424855,0.9372958276570639,79c9258de89a5f2a1d2daca28d564a1cb466a25889e67ae469fffbdaeb59cbfa
m7_v1_development_m7c4_seed710400,m7v1d-m7c4-710400,M7C4,710400,3,state_only_risk_roi,severe,31466,31416,0.9984109832835442,5;5;5;5;5;5;5;5;5;5;5;5;5;5;5;5;5;5;5;5;5;5;5;5;5;5;5;5;5;5;5;5;5;5;5;5;5;5;5;5;5;5;5;5;35;5;5;5,48,0.00036458333333333335,0,0,0,0,,,0,0,,0,,,194.50072916666667,25.241591270701107,0.7504985733013881,7adc6738c37cfa025739f78d28fbaf84797a8d6aa5df45a7a9cd76808efa3b5c
m7_v1_development_m7c4_seed710400,m7v1d-m7c4-710400,M7C4,710400,3,state_only_risk_roi,low,32374,32239,0.9958299870266263,25;25;25;25;25;25;25;25;25;25;25;25;25;25;25;25;25;25;25;25;25;25;25;25;25;25;25;25;25;25;25;25;25;25;25;25;25;25;25;25;25;25;25;25;55;25;25;25,48,0.00036458333333333335,0,0,0,0,,,0,0,,0,,,33.795885416666664,32.84216531880518,0.8972158952898047,724993c23d6c9d68312a6f6faab63393900199af1956d4b7c77462a5a8e12c3c
m7_v1_development_m7c4_seed710400,m7v1d-m7c4-710400,M7C4,710400,3,state_only_risk_roi,medium,33509,32899,0.9817959354203348,45;45;45;45;45;45;45;45;45;45;45;45;45;45;45;45;45;45;45;45;45;45;45;45;45;45;45;45;45;45;45;45;45;45;45;45;45;45;45;45;45;45;45;45;75;45;45;45,48,0.00036458333333333335,0,0,0,0,,,0,0,,0,,,19.531770833333333,35.2233874081197,0.9302997126698065,dfa7f96695be0b439597103993c77a53f7d0eb5baf4eb373d4f2c68992207fed
m7_v1_development_m7c4_seed710400,m7v1d-m7c4-710400,M7C4,710400,3,state_only_risk_roi,high,34871,33694,0.9662470247483582,65;65;65;65;65;65;65;65;65;65;65;65;65;65;65;65;65;65;65;65;65;65;65;65;65;65;65;65;65;65;65;65;65;65;65;65;65;65;65;65;65;65;65;65;95;65;65;65,48,0.00036458333333333335,0,0,0,0,,,0,0,,0,,,13.244791666666666,36.91035229395751,0.9468049322896827,bc2ae615a141ff80427c52dc91e1cb9de063d720df7f8a2598489b924fd767d5
m7_v1_development_m7c4_seed710400,m7v1d-m7c4-710400,M7C4,710400,3,command_conditioned_risk_roi,severe,31466,31429,0.9988241276298226,5;5;5;5;5;5;5;5;5;5;5;5;5;5;5;5;5;5;5;5;5;5;5;5;5;5;5;5;5;5;5;5;5;5;5;5;5;5;5;5;5;5;5;5;35;5;5;5,48,0.00046875,0,0,0,0,,,0,0,,0,,,194.50072916666667,25.241591270701107,0.7504985733013881,b9cf192440cab89cc1effbb378c47e611a443bf4d61f5627c3cde149cb557d90
m7_v1_development_m7c4_seed710400,m7v1d-m7c4-710400,M7C4,710400,3,command_conditioned_risk_roi,low,32374,32252,0.9962315438314697,25;25;25;25;25;25;25;25;25;25;25;25;25;25;25;25;25;25;25;25;25;25;25;25;25;25;25;25;25;25;25;25;25;25;25;25;25;25;25;25;25;25;25;25;55;25;25;25,48,0.00046875,0,0,0,0,,,0,0,,0,,,33.795885416666664,32.84216531880518,0.8972158952898047,49df585ec674551d67cf7f026fd494eef3cc3fb5c2cac17172dbb1fb82e969be
m7_v1_development_m7c4_seed710400,m7v1d-m7c4-710400,M7C4,710400,3,command_conditioned_risk_roi,medium,33509,32912,0.9821838908949835,45;45;45;45;45;45;45;45;45;45;45;45;45;45;45;45;45;45;45;45;45;45;45;45;45;45;45;45;45;45;45;45;45;45;45;45;45;45;45;45;45;45;45;45;75;45;45;45,48,0.00046875,0,0,0,0,,,0,0,,0,,,19.531770833333333,35.2233874081197,0.9302997126698065,22bf33a355091616ce93b92aa3e86654fb7a733f0a2e0f527c2a4ac18ccaad79
m7_v1_development_m7c4_seed710400,m7v1d-m7c4-710400,M7C4,710400,3,command_conditioned_risk_roi,high,34871,33707,0.966619827363712,65;65;65;65;65;65;65;65;65;65;65;65;65;65;65;65;65;65;65;65;65;65;65;65;65;65;65;65;65;65;65;65;65;65;65;65;65;65;65;65;65;65;65;65;95;65;65;65,48,0.00046875,0,0,0,0,,,0,0,,0,,,13.244791666666666,36.91035229395751,0.9468049322896827,6856a690fb906a5ef725a05507da00010d404b05c3a69db4f96b9f77a0caac0d
m7_v1_development_m7c4_seed710400,m7v1d-m7c4-710400,M7C4,710400,3,budget_conditioned_visual_voi,severe,31466,31466,1.0,15;15;15;15;15;15;15;15;1;1;1;1;1;1;1;1;1;15;1;1;1;1;1;1;1;15;1;1;15;15;15;15;15;1;1;15;1;1;1;1;1;1;15;15;15;1;1;1,19,0.3958333333333333,0,0,0,0,,,0,0,,0,,,305.0056423611111,23.2877248734529,0.7094033264582595,d4891aa768fe120cf7cce0fc085ec115c3c23ef0e9562d5a62c2fb4450836a18
m7_v1_development_m7c4_seed710400,m7v1d-m7c4-710400,M7C4,710400,3,budget_conditioned_visual_voi,low,32374,32374,1.0,15;35;35;15;15;35;35;15;15;15;15;15;15;15;15;15;15;35;15;15;35;15;15;15;55;55;55;35;75;75;35;55;35;15;15;15;35;15;35;35;15;15;15;15;55;15;15;15,48,0.3958333333333333,0,0,0,0,,,0,0,,0,,,33.86479166666667,32.83331952660223,0.8789586713943821,364e54c765314b4ae8dd1a9f05960c4a2fb08be202de995254d8f1428cea7071
m7_v1_development_m7c4_seed710400,m7v1d-m7c4-710400,M7C4,710400,3,budget_conditioned_visual_voi,medium,33509,33509,1.0,35;35;35;55;35;35;35;55;15;55;35;35;35;35;35;15;55;75;55;55;55;75;75;35;75;75;75;75;95;95;75;75;55;55;35;75;55;75;35;55;15;15;35;15;55;15;75;15,48,0.8541666666666666,0,0,0,0,,,0,0,,0,,,15.825972222222223,36.137099617502855,0.9277206801910182,dc22a8f18455e9a839ecf4c3d2ae9821d387f24c369ece2872fc8214bca200c1
m7_v1_development_m7c4_seed710400,m7v1d-m7c4-710400,M7C4,710400,3,budget_conditioned_visual_voi,high,34871,34871,1.0,35;35;35;55;55;35;35;55;55;55;35;55;55;35;55;55;55;75;75;75;55;75;75;35;95;95;95;95;95;95;95;95;55;55;35;75;55;75;35;75;15;15;35;15;95;15;75;15,48,0.8958333333333334,0,0,0,0,,,0,0,,0,,,11.719635416666666,37.44166259338796,0.9381986525883459,429f1536f6b9c14c5cf89adda929b9ce96630e942fd433f8467d0e68c91ae1b8
m7_v1_development_m7c4_seed710401,m7v1d-m7c4-710401,M7C4,710401,0,state_only_risk_roi,severe,31466,31376,0.9971397699103794,5;5;5;5;5;5;5;5;5;5;5;5;5;5;5;5;5;5;5;5;5;5;5;5;5;5;5;5;5;5;5;5;5;5;5;5;5;5;5;5;5;5;5;5;35;5;5;5,48,0.00046875,1,1,20,20,1.0,1.0,20,0,0.0,11942,107.3068721040585,27.82452825096712,157.76847222222221,26.150601408787537,0.8242702664096141,a47b8c9210d5532cc382cc5c168562306cd045bab607574b7643b0e097b7628c
m7_v1_development_m7c4_seed710401,m7v1d-m7c4-710401,M7C4,710401,0,state_only_risk_roi,low,32374,32000,0.9884475196145055,25;25;25;25;25;25;25;25;25;25;25;25;25;25;25;25;25;25;25;25;25;25;25;25;25;25;25;25;25;25;25;25;25;25;25;25;25;25;25;25;25;25;25;25;55;25;25;25,48,0.00046875,1,1,20,20,1.0,1.0,20,0,0.0,11942,18.355970524200302,35.49303009229655,30.246649305555554,33.32403089935851,0.9391657999308309,2832ef761c459d0dbb860e8891e2c8befb97ecc13913d1b97bd5d10bde4fee3f
m7_v1_development_m7c4_seed710401,m7v1d-m7c4-710401,M7C4,710401,0,state_only_risk_roi,medium,33509,32924,0.9825420036408129,65;65;65;65;65;65;65;65;65;65;65;65;65;65;65;65;65;65;65;65;65;65;65;65;65;65;65;65;65;65;65;65;65;65;65;65;65;65;65;65;65;65;65;65;95;65;65;65,48,0.00046875,1,1,20,20,1.0,1.0,20,0,0.0,11942,5.162507675989505,41.0021965046255,10.438645833333334,37.94436197954132,0.968941742880529,e7130c32f2944fad570f46c4bdaa742b38dd7efd67a74aa59f8f76bec06814e4
m7_v1_development_m7c4_seed710401,m7v1d-m7c4-710401,M7C4,710401,0,state_only_risk_roi,high,34871,32924,0.9441656390697141,65;65;65;65;65;65;65;65;65;65;65;65;65;65;65;65;65;65;65;65;65;65;65;65;65;65;65;65;65;65;65;65;65;65;65;65;65;65;65;65;65;65;65;65;95;65;65;65,48,0.00046875,1,1,20,20,1.0,1.0,20,0,0.0,11942,5.162507675989505,41.0021965046255,10.438645833333334,37.94436197954132,0.968941742880529,ec439845d5c0f2a5a7c78eeb6db06b910c3148fb08c8b48e1c7940823910412b
m7_v1_development_m7c4_seed710401,m7v1d-m7c4-710401,M7C4,710401,0,command_conditioned_risk_roi,severe,31466,31385,0.9974257929193415,5;5;5;5;5;5;5;5;5;5;5;5;5;5;5;5;5;5;5;5;5;5;5;5;5;5;5;5;5;5;5;5;5;5;5;5;5;5;5;5;5;5;5;5;35;5;5;5,48,0.00046875,1,1,20,20,1.0,1.0,20,0,0.0,11942,107.3068721040585,27.82452825096712,157.76847222222221,26.150601408787537,0.8242702664096141,8ce75e280911ca385b0183e877d43b546becfda4c581b5b23df0b15d585c6856
m7_v1_development_m7c4_seed710401,m7v1d-m7c4-710401,M7C4,710401,0,command_conditioned_risk_roi,low,32374,32009,0.9887255204793971,25;25;25;25;25;25;25;25;25;25;25;25;25;25;25;25;25;25;25;25;25;25;25;25;25;25;25;25;25;25;25;25;25;25;25;25;25;25;25;25;25;25;25;25;55;25;25;25,48,0.00046875,1,1,20,20,1.0,1.0,20,0,0.0,11942,18.355970524200302,35.49303009229655,30.246649305555554,33.32403089935851,0.9391657999308309,87ad989f49195921152cf4111106694ed4b3708198e8698f02e1ff64855ae778
m7_v1_development_m7c4_seed710401,m7v1d-m7c4-710401,M7C4,710401,0,command_conditioned_risk_roi,medium,33509,32933,0.9828105882001851,65;65;65;65;65;65;65;65;65;65;65;65;65;65;65;65;65;65;65;65;65;65;65;65;65;65;65;65;65;65;65;65;65;65;65;65;65;65;65;65;65;65;65;65;95;65;65;65,48,0.00046875,1,1,20,20,1.0,1.0,20,0,0.0,11942,5.162507675989505,41.0021965046255,10.438645833333334,37.94436197954132,0.968941742880529,96c259a2fb754674eab6ea6f41c00a69c26aae37d2d35ddb8aa3a33150766121
m7_v1_development_m7c4_seed710401,m7v1d-m7c4-710401,M7C4,710401,0,command_conditioned_risk_roi,high,34871,32933,0.9444237331880359,65;65;65;65;65;65;65;65;65;65;65;65;65;65;65;65;65;65;65;65;65;65;65;65;65;65;65;65;65;65;65;65;65;65;65;65;65;65;65;65;65;65;65;65;95;65;65;65,48,0.00046875,1,1,20,20,1.0,1.0,20,0,0.0,11942,5.162507675989505,41.0021965046255,10.438645833333334,37.94436197954132,0.968941742880529,bbdc8e1e03348b434b956832871f5054d58e8893dc9889322d7b0254c7335488
m7_v1_development_m7c4_seed710401,m7v1d-m7c4-710401,M7C4,710401,0,budget_conditioned_visual_voi,severe,31466,31466,1.0,1;1;1;1;1;15;15;15;1;1;1;1;1;1;15;1;1;1;1;1;35;1;1;1;1;1;1;1;15;15;15;15;1;1;1;1;1;15;15;15;1;1;1;1;35;1;15;15,15,0.3125,1,1,20,17,1.0,0.85,20,14,0.7,11942,177.08331937698878,25.649027067569527,184.70522569444444,25.46601178160984,0.8001059371122855,69bfaad7dde033fb53b48cfcffbe3d56256acc593580d58bf26392e518fdb1b8
m7_v1_development_m7c4_seed710401,m7v1d-m7c4-710401,M7C4,710401,0,budget_conditioned_visual_voi,low,32374,32374,1.0,55;1;1;1;15;15;35;15;15;1;1;1;15;55;15;35;15;1;1;1;35;55;35;35;15;1;1;1;15;75;55;35;15;1;1;1;1;55;35;35;15;1;1;1;95;55;55;55,29,0.6041666666666666,1,1,20,20,1.0,1.0,20,20,1.0,11942,97.95355328532351,28.220601661296122,73.31333333333333,29.478973948693614,0.8875370809282125,22a4baf348890026f3f88267e8a95a053bee97ecd5dfbc12ef3abd0fd301330b
m7_v1_development_m7c4_seed710401,m7v1d-m7c4-710401,M7C4,710401,0,budget_conditioned_visual_voi,medium,33509,33509,1.0,75;1;1;1;15;15;35;35;15;1;1;1;15;55;15;55;15;1;1;1;75;55;75;55;15;1;1;1;35;75;95;95;15;1;1;1;1;55;55;55;15;1;1;1;95;95;95;95,29,0.6041666666666666,1,1,20,20,1.0,1.0,20,20,1.0,11942,96.79523251270027,28.272263934811626,67.16368055555556,29.859458735035954,0.8994095543655326,1f994faa8e726af93e900ad0c6c10e75ccda766faf25b8a03922cfca02c338cf
m7_v1_development_m7c4_seed710401,m7v1d-m7c4-710401,M7C4,710401,0,budget_conditioned_visual_voi,high,34871,34864,0.9997992601301942,95;1;1;1;15;55;75;75;15;1;1;1;15;55;75;55;15;1;1;1;75;75;95;95;15;1;1;1;35;95;95;95;15;1;1;1;1;95;95;95;15;1;1;1;95;95;95;95,29,0.6041666666666666,1,1,20,20,1.0,1.0,20,20,1.0,11942,95.78105286663317,28.318007541828727,62.864496527777774,30.14674919163122,0.9137668770516335,b4002361a32c92e018615aae0121cc39eb4db3d783ba289e356e91b162789a63
m7_v1_development_m7c4_seed710401,m7v1d-m7c4-710401,M7C4,710401,1,state_only_risk_roi,severe,31466,31418,0.9984745439522024,5;5;5;5;5;5;5;5;5;5;5;5;5;5;5;5;5;5;5;5;5;5;5;5;5;5;5;5;5;5;5;5;5;5;5;5;5;5;5;5;5;5;5;5;35;5;5;5,48,0.0004166666666666667,0,0,0,0,,,3,0,0.0,378,684.8880070546737,19.77460799440578,215.21496527777776,24.802078935409217,0.765123938728775,f3b06debc329455f9f5720de9c1c0c40ff48de13116b57f4aa6d8311cafab233
m7_v1_development_m7c4_seed710401,m7v1d-m7c4-710401,M7C4,710401,1,state_only_risk_roi,low,32374,32322,0.9983937727806265,25;25;25;25;25;25;25;25;25;25;25;25;25;25;25;25;25;25;25;25;25;25;25;25;25;25;25;25;25;25;25;25;25;25;25;25;25;25;25;25;25;25;25;25;55;25;25;25,48,0.0004166666666666667,0,0,0,0,,,3,0,0.0,378,316.92063492063494,23.121298435444103,37.725902777777776,32.36440719664388,0.9082237651803357,d37d755016296fcf5298d717eed138616c3a02a582cd1160041a3f2b7076b129
m7_v1_development_m7c4_seed710401,m7v1d-m7c4-710401,M7C4,710401,1,state_only_risk_roi,medium,33509,32968,0.9838550837088543,45;45;45;45;45;45;45;45;45;45;45;45;45;45;45;45;45;45;45;45;45;45;45;45;45;45;45;45;45;45;45;45;45;45;45;45;45;45;45;45;45;45;45;45;75;45;45;45,48,0.0004166666666666667,0,0,0,0,,,3,0,0.0,378,213.09876543209876,24.844994271911563,22.771909722222222,34.556809074576485,0.9371248403761553,1ca9668fe1263b6621242f3b67c810090d824e618a724b780bed167356df7f31
m7_v1_development_m7c4_seed710401,m7v1d-m7c4-710401,M7C4,710401,1,state_only_risk_roi,high,34871,33797,0.9692007685469302,65;65;65;65;65;65;65;65;65;65;65;65;65;65;65;65;65;65;65;65;65;65;65;65;65;65;65;65;65;65;65;65;65;65;65;65;65;65;65;65;65;65;65;65;95;65;65;65,48,0.0004166666666666667,0,0,0,0,,,3,0,0.0,378,86.59347442680776,28.75595195492712,13.76970486111111,36.74155729148714,0.9540627562182561,3dcd736587e506bd963165225bcb7976778a57765266ddae3cf396f8b5774bca
m7_v1_development_m7c4_seed710401,m7v1d-m7c4-710401,M7C4,710401,1,command_conditioned_risk_roi,severe,31466,31427,0.9987605669611644,5;5;5;5;5;5;5;5;5;5;5;5;5;5;5;5;5;5;5;5;5;5;5;5;5;5;5;5;5;5;5;5;5;5;5;5;5;5;5;5;5;5;5;5;35;5;5;5,48,0.0004166666666666667,0,0,0,0,,,3,0,0.0,378,684.8880070546737,19.77460799440578,215.21496527777776,24.802078935409217,0.765123938728775,7e93e50830fa29df47c333004837b46b52cfc3a8bfeb7e0df17c3c1a6d4c5927
m7_v1_development_m7c4_seed710401,m7v1d-m7c4-710401,M7C4,710401,1,command_conditioned_risk_roi,low,32374,32331,0.998671773645518,25;25;25;25;25;25;25;25;25;25;25;25;25;25;25;25;25;25;25;25;25;25;25;25;25;25;25;25;25;25;25;25;25;25;25;25;25;25;25;25;25;25;25;25;55;25;25;25,48,0.0004166666666666667,0,0,0,0,,,3,0,0.0,378,316.92063492063494,23.121298435444103,37.725902777777776,32.36440719664388,0.9082237651803357,7fb1784d0106e20f62e16c59ea4132b2ee133bb96eae798f432f5d86ae109226
m7_v1_development_m7c4_seed710401,m7v1d-m7c4-710401,M7C4,710401,1,command_conditioned_risk_roi,medium,33509,32977,0.9841236682682264,45;45;45;45;45;45;45;45;45;45;45;45;45;45;45;45;45;45;45;45;45;45;45;45;45;45;45;45;45;45;45;45;45;45;45;45;45;45;45;45;45;45;45;45;75;45;45;45,48,0.0004166666666666667,0,0,0,0,,,3,0,0.0,378,213.09876543209876,24.844994271911563,22.771909722222222,34.556809074576485,0.9371248403761553,e2df8cd37c3151b41fc5bff911a03100287e55ea2d5b7ee07b761fd46fa21143
m7_v1_development_m7c4_seed710401,m7v1d-m7c4-710401,M7C4,710401,1,command_conditioned_risk_roi,high,34871,33806,0.9694588626652519,65;65;65;65;65;65;65;65;65;65;65;65;65;65;65;65;65;65;65;65;65;65;65;65;65;65;65;65;65;65;65;65;65;65;65;65;65;65;65;65;65;65;65;65;95;65;65;65,48,0.0004166666666666667,0,0,0,0,,,3,0,0.0,378,86.59347442680776,28.75595195492712,13.76970486111111,36.74155729148714,0.9540627562182561,a72368bda5b70ad9c5585a9fac7e1b0eeec2591e914e1f8e46d72fcd3566e1b1
m7_v1_development_m7c4_seed710401,m7v1d-m7c4-710401,M7C4,710401,1,budget_conditioned_visual_voi,severe,31466,31466,1.0,1;1;1;1;1;1;1;1;1;15;1;1;1;1;1;1;15;1;1;1;1;1;1;1;1;1;1;15;1;15;1;15;15;15;1;1;1;1;1;15;1;1;1;1;15;1;15;15,11,0.22916666666666666,0,0,0,0,,,3,2,0.6666666666666666,378,1065.1208112874779,17.85681490464216,363.05850694444445,22.531037435572436,0.7443299664447599,ff2e1ae49864ac4a067a353ce987feb274a78366d3327c94f5725099dbcb0dd3
m7_v1_development_m7c4_seed710401,m7v1d-m7c4-710401,M7C4,710401,1,budget_conditioned_visual_voi,low,32374,32374,1.0,15;15;15;15;15;35;35;15;15;15;15;15;15;15;15;15;15;15;15;35;35;35;35;35;55;55;35;35;35;35;35;55;15;15;15;15;15;35;35;35;15;15;15;15;55;15;15;35,48,0.4166666666666667,0,0,0,0,,,3,3,1.0,378,294.9171075837742,23.43380394983676,38.48515625,32.277871067302385,0.8907041357200057,f29875f74f3ace2ad4d747396522a45e8a33679d6b9a92646f2c4a556e38d642
m7_v1_development_m7c4_seed710401,m7v1d-m7c4-710401,M7C4,710401,1,budget_conditioned_visual_voi,medium,33509,33509,1.0,15;15;15;55;35;55;35;35;15;15;55;15;15;15;15;35;75;75;75;55;35;75;75;75;75;75;75;75;75;75;75;75;55;75;75;75;15;55;75;75;15;15;15;15;55;15;15;75,48,0.6666666666666666,0,0,0,0,,,3,3,1.0,378,132.23809523809524,26.917237758515718,19.777395833333333,35.16911255086526,0.92608755848891,ee8792c64db414e8596b591abc19db06abc653b740d3c09adfac528dc6973c59
m7_v1_development_m7c4_seed710401,m7v1d-m7c4-710401,M7C4,710401,1,budget_conditioned_visual_voi,high,34871,34871,1.0,15;15;55;35;35;35;35;35;35;35;35;35;15;15;55;35;75;75;75;55;35;75;75;75;95;95;75;95;95;95;95;95;75;75;75;75;15;55;75;75;35;15;15;15;55;15;15;75,48,0.7916666666666666,0,0,0,0,,,3,3,1.0,378,122.53703703703704,27.248129860472833,14.626354166666667,36.47944275523237,0.9375799641818808,991cd5ba5afdce0945ef2f8fcadf56a1d478723ef01f7508c89240e32dc29a0d
m7_v1_development_m7c4_seed710401,m7v1d-m7c4-710401,M7C4,710401,2,state_only_risk_roi,severe,31466,31372,0.997012648573063,5;5;5;5;5;5;5;5;5;5;5;5;5;5;5;5;5;5;5;5;5;5;5;5;5;5;5;5;5;5;5;5;5;5;5;5;5;5;5;5;5;5;5;5;35;5;5;5,48,0.00036458333333333335,0,0,0,0,,,0,0,,0,,,196.00413194444445,25.20815134094307,0.7638478561528634,d0dab819307924536dacb63cf4d37ee377569c1cc239a8ac6c5bf5298844b24f
m7_v1_development_m7c4_seed710401,m7v1d-m7c4-710401,M7C4,710401,2,state_only_risk_roi,low,32374,32187,0.9942237598072527,25;25;25;25;25;25;25;25;25;25;25;25;25;25;25;25;25;25;25;25;25;25;25;25;25;25;25;25;25;25;25;25;25;25;25;25;25;25;25;25;25;25;25;25;55;25;25;25,48,0.00036458333333333335,0,0,0,0,,,0,0,,0,,,31.92972222222222,33.08885220527051,0.9039502418944879,05ac7c28766b6f96752864f232e4198bd78bf63382afbf5df3adf8829c688aa9
m7_v1_development_m7c4_seed710401,m7v1d-m7c4-710401,M7C4,710401,2,state_only_risk_roi,medium,33509,32811,0.979169775284252,45;45;45;45;45;45;45;45;45;45;45;45;45;45;45;45;45;45;45;45;45;45;45;45;45;45;45;45;45;45;45;45;45;45;45;45;45;45;45;45;45;45;45;45;75;45;45;45,48,0.00036458333333333335,0,0,0,0,,,0,0,,0,,,17.958715277777777,35.58805095782088,0.9336585264338297,21accafe44e121cab481aa860a49f04cbb157953305410a02e714bae3e151cf4
m7_v1_development_m7c4_seed710401,m7v1d-m7c4-710401,M7C4,710401,2,state_only_risk_roi,high,34871,33569,0.9626623842161108,65;65;65;65;65;65;65;65;65;65;65;65;65;65;65;65;65;65;65;65;65;65;65;65;65;65;65;65;65;65;65;65;65;65;65;65;65;65;65;65;65;65;65;65;95;65;65;65,48,0.00036458333333333335,0,0,0,0,,,0,0,,0,,,12.659826388888888,37.10652610863078,0.9507420100615708,868c4d0d1da3e5173c40ee4485a119a4d948b6e3c28378c6b0bcb35276a9d4e9
m7_v1_development_m7c4_seed710401,m7v1d-m7c4-710401,M7C4,710401,2,command_conditioned_risk_roi,severe,31466,31385,0.9974257929193415,5;5;5;5;5;5;5;5;5;5;5;5;5;5;5;5;5;5;5;5;5;5;5;5;5;5;5;5;5;5;5;5;5;5;5;5;5;5;5;5;5;5;5;5;35;5;5;5,48,0.00046875,0,0,0,0,,,0,0,,0,,,196.00413194444445,25.20815134094307,0.7638478561528634,5674858315c54b4be89e9c034607984f80d920d88bb91a957cfdc72c0a0017d8
m7_v1_development_m7c4_seed710401,m7v1d-m7c4-710401,M7C4,710401,2,command_conditioned_risk_roi,low,32374,32200,0.9946253166120961,25;25;25;25;25;25;25;25;25;25;25;25;25;25;25;25;25;25;25;25;25;25;25;25;25;25;25;25;25;25;25;25;25;25;25;25;25;25;25;25;25;25;25;25;55;25;25;25,48,0.00046875,0,0,0,0,,,0,0,,0,,,31.92972222222222,33.08885220527051,0.9039502418944879,31ee827ae438b8031371f172f79c7361e5c9de6de22278ca5897bac99869fee4
m7_v1_development_m7c4_seed710401,m7v1d-m7c4-710401,M7C4,710401,2,command_conditioned_risk_roi,medium,33509,32824,0.9795577307589006,45;45;45;45;45;45;45;45;45;45;45;45;45;45;45;45;45;45;45;45;45;45;45;45;45;45;45;45;45;45;45;45;45;45;45;45;45;45;45;45;45;45;45;45;75;45;45;45,48,0.00046875,0,0,0,0,,,0,0,,0,,,17.958715277777777,35.58805095782088,0.9336585264338297,eb0abc5da7cd9b3beffb7d13c20c8f8ccda4c54f13ce9c0ea437a866ae7cf477
m7_v1_development_m7c4_seed710401,m7v1d-m7c4-710401,M7C4,710401,2,command_conditioned_risk_roi,high,34871,33582,0.9630351868314645,65;65;65;65;65;65;65;65;65;65;65;65;65;65;65;65;65;65;65;65;65;65;65;65;65;65;65;65;65;65;65;65;65;65;65;65;65;65;65;65;65;65;65;65;95;65;65;65,48,0.00046875,0,0,0,0,,,0,0,,0,,,12.659826388888888,37.10652610863078,0.9507420100615708,b0912c6dd0dd6eeb8e6e682739bdc2bcc2f51b8f7ccf5b1de59a5f72d6e3b73b
m7_v1_development_m7c4_seed710401,m7v1d-m7c4-710401,M7C4,710401,2,budget_conditioned_visual_voi,severe,31466,31466,1.0,1;1;1;15;15;15;15;15;1;1;15;1;1;1;1;1;1;1;1;1;1;15;1;1;1;15;15;1;1;15;15;15;15;15;15;1;1;1;15;1;1;1;15;1;15;1;15;15,20,0.4166666666666667,0,0,0,0,,,0,0,,0,,,278.30762152777777,23.685552611018345,0.7359814509767958,b0cbbbec00c20157e6a24ca35d6fde2f5262ef6210f7c0242fbe8add83cad830
m7_v1_development_m7c4_seed710401,m7v1d-m7c4-710401,M7C4,710401,2,budget_conditioned_visual_voi,low,32374,32373,0.9999691110150121,15;15;15;15;15;15;35;35;15;15;15;15;15;15;15;15;35;35;15;35;35;35;15;15;35;55;55;55;55;55;55;55;35;35;15;35;35;35;35;35;15;15;15;15;55;15;15;15,48,0.4791666666666667,0,0,0,0,,,0,0,,0,,,29.279878472222222,33.465110910414204,0.8923082190974668,5a3e32b59238471b346e6d86b837b9696d8580f1ae9a3708cb8351ffce07aad3
m7_v1_development_m7c4_seed710401,m7v1d-m7c4-710401,M7C4,710401,2,budget_conditioned_visual_voi,medium,33509,33509,1.0,55;35;35;35;55;35;35;35;15;15;15;15;15;15;15;15;35;55;55;55;75;75;75;55;75;75;75;75;95;75;75;95;75;55;75;75;55;75;35;35;15;15;15;15;55;15;15;35,48,0.7083333333333334,0,0,0,0,,,0,0,,0,,,17.24612847222222,35.7638874388531,0.9223394595131945,22ccc3a4774e826388fc2745b5c63fa2befd26499f1513b1f3083219e4523958
m7_v1_development_m7c4_seed710401,m7v1d-m7c4-710401,M7C4,710401,2,budget_conditioned_visual_voi,high,34871,34870,0.999971322875742,35;35;35;35;35;35;35;35;35;35;15;35;35;55;55;35;75;75;75;75;75;75;75;75;95;95;95;95;95;95;95;95;75;75;75;75;75;75;35;35;15;15;15;15;55;15;55;75,48,0.875,0,0,0,0,,,0,0,,0,,,10.615399305555556,37.87144025772606,0.942921088080158,917b5d4920c83707b36608725e7878c3cade623bddb7050c5950bef11c43881e
m7_v1_development_m7c4_seed710401,m7v1d-m7c4-710401,M7C4,710401,3,state_only_risk_roi,severe,31466,31425,0.9986970062925062,5;5;5;5;5;5;5;5;5;5;5;5;5;5;5;5;5;5;5;5;5;5;5;5;5;5;5;5;5;5;5;5;5;5;5;5;5;5;5;5;5;5;5;5;35;5;5;5,48,0.0004166666666666667,0,0,0,0,,,0,0,,0,,,193.75793402777776,25.258208657724808,0.74977853066106,f345dca32397ad7898cb9486083bb9a8ae82abe4a43581d69b4cfb643a480c79
m7_v1_development_m7c4_seed710401,m7v1d-m7c4-710401,M7C4,710401,3,state_only_risk_roi,low,32374,32236,0.9957373200716625,25;25;25;25;25;25;25;25;25;25;25;25;25;25;25;25;25;25;25;25;25;25;25;25;25;25;25;25;25;25;25;25;25;25;25;25;25;25;25;25;25;25;25;25;55;25;25;25,48,0.0004166666666666667,0,0,0,0,,,0,0,,0,,,33.35836805555556,32.89875564759618,0.898882693358192,44db32f962dcf80c80dc5b6ecbd54c7c076f2cac282293b1b99704764e68bd89
m7_v1_development_m7c4_seed710401,m7v1d-m7c4-710401,M7C4,710401,3,state_only_risk_roi,medium,33509,32896,0.9817064072338775,45;45;45;45;45;45;45;45;45;45;45;45;45;45;45;45;45;45;45;45;45;45;45;45;45;45;45;45;45;45;45;45;45;45;45;45;45;45;45;45;45;45;45;45;75;45;45;45,48,0.0004166666666666667,0,0,0,0,,,0,0,,0,,,19.401128472222222,35.25253369339451,0.9299746592301453,a3b1d2ae73924a8e9a28158966714521563646bf209c965509b8d21a32fec15a
m7_v1_development_m7c4_seed710401,m7v1d-m7c4-710401,M7C4,710401,3,state_only_risk_roi,high,34871,33711,0.9667345358607439,65;65;65;65;65;65;65;65;65;65;65;65;65;65;65;65;65;65;65;65;65;65;65;65;65;65;65;65;65;65;65;65;65;65;65;65;65;65;65;65;65;65;65;65;95;65;65;65,48,0.0004166666666666667,0,0,0,0,,,0,0,,0,,,13.04046875,36.97787158131556,0.9477720608211057,f61f6d0f1659df517519d5cb08cad56c744451edb8f9bd354bb0b147ae0bf4c3
m7_v1_development_m7c4_seed710401,m7v1d-m7c4-710401,M7C4,710401,3,command_conditioned_risk_roi,severe,31466,31436,0.9990465899701265,5;5;5;5;5;5;5;5;5;5;5;5;5;5;5;5;5;5;5;5;5;5;5;5;5;5;5;5;5;5;5;5;5;5;5;5;5;5;5;5;5;5;5;5;35;5;5;5,48,0.00046875,0,0,0,0,,,0,0,,0,,,193.75793402777776,25.258208657724808,0.74977853066106,1efd4a341161990feec739701307c5ef05d938f01848bfc2a48c7d808a2e7b59
m7_v1_development_m7c4_seed710401,m7v1d-m7c4-710401,M7C4,710401,3,command_conditioned_risk_roi,low,32374,32247,0.99607709890653,25;25;25;25;25;25;25;25;25;25;25;25;25;25;25;25;25;25;25;25;25;25;25;25;25;25;25;25;25;25;25;25;25;25;25;25;25;25;25;25;25;25;25;25;55;25;25;25,48,0.00046875,0,0,0,0,,,0,0,,0,,,33.35836805555556,32.89875564759618,0.898882693358192,89421a565da6bfe7ad57887892cbcc74dc7f2d2924747eddbf38a20a1b59c76d
m7_v1_development_m7c4_seed710401,m7v1d-m7c4-710401,M7C4,710401,3,command_conditioned_risk_roi,medium,33509,32907,0.9820346772508878,45;45;45;45;45;45;45;45;45;45;45;45;45;45;45;45;45;45;45;45;45;45;45;45;45;45;45;45;45;45;45;45;45;45;45;45;45;45;45;45;45;45;45;45;75;45;45;45,48,0.00046875,0,0,0,0,,,0,0,,0,,,19.401128472222222,35.25253369339451,0.9299746592301453,c59ad1b38eafcc1cb915ea74907805256467bcb91d90cb427dc48a9e90df3b32
m7_v1_development_m7c4_seed710401,m7v1d-m7c4-710401,M7C4,710401,3,command_conditioned_risk_roi,high,34871,33722,0.9670499842275817,65;65;65;65;65;65;65;65;65;65;65;65;65;65;65;65;65;65;65;65;65;65;65;65;65;65;65;65;65;65;65;65;65;65;65;65;65;65;65;65;65;65;65;65;95;65;65;65,48,0.00046875,0,0,0,0,,,0,0,,0,,,13.04046875,36.97787158131556,0.9477720608211057,c1623fb5123cc6a993d9ee304914627c35c2c50b153f76ec4844eaaafaba8077
m7_v1_development_m7c4_seed710401,m7v1d-m7c4-710401,M7C4,710401,3,budget_conditioned_visual_voi,severe,31466,31466,1.0,15;15;15;15;15;15;15;15;1;1;1;1;1;1;1;1;1;15;1;1;1;1;1;1;1;15;15;1;15;15;15;15;1;1;1;1;1;1;1;1;1;1;15;15;15;1;1;15,19,0.3958333333333333,0,0,0,0,,,0,0,,0,,,299.64159722222223,23.36478257481123,0.7135662376667522,f688975311ecd118dda723d25ba165d95109309bf5c00389ef6c8b8701605380
m7_v1_development_m7c4_seed710401,m7v1d-m7c4-710401,M7C4,710401,3,budget_conditioned_visual_voi,low,32374,32373,0.9999691110150121,15;15;15;15;15;15;15;15;15;15;15;15;15;15;15;15;15;35;15;15;15;15;15;35;55;75;55;35;75;75;55;55;35;15;15;35;35;15;15;35;15;15;15;15;35;15;15;15,48,0.3125,0,0,0,0,,,0,0,,0,,,34.23008680555556,32.786723603825024,0.8750820229747545,8822b3007d8cd5269a8944816543a3ad82578820b8e89707b88dd4a3bbe17557
m7_v1_development_m7c4_seed710401,m7v1d-m7c4-710401,M7C4,710401,3,budget_conditioned_visual_voi,medium,33509,33509,1.0,35;35;35;35;35;35;35;55;35;55;35;35;35;35;35;15;55;55;55;55;55;75;15;35;75;75;75;75;95;75;95;75;35;55;55;75;55;55;75;75;15;15;35;15;75;15;35;35,48,0.875,0,0,0,0,,,0,0,,0,,,16.118472222222223,36.05756485737698,0.9262892496693197,eb2a748a27485ec091275527e5346dcc8d246acfd7dc494b616939296a5c8834
m7_v1_development_m7c4_seed710401,m7v1d-m7c4-710401,M7C4,710401,3,budget_conditioned_visual_voi,high,34871,34871,1.0,35;35;35;55;55;35;35;55;35;55;55;55;55;35;55;55;75;75;75;75;55;75;75;75;95;95;95;95;95;95;95;95;35;75;55;75;75;75;75;75;15;15;35;15;75;15;75;55,48,0.9166666666666666,0,0,0,0,,,0,0,,0,,,10.521197916666667,37.91015170576815,0.9422239812179081,9904f2347a82154b71c941e78a69a887a99bace84c28f8abb0b3b85caa679454
m7_v1_development_m7c5_seed710500,m7v1d-m7c5-710500,M7C5,710500,0,state_only_risk_roi,severe,31466,31434,0.9989830293014682,5;5;5;5;5;5;5;5;5;5;5;5;5;5;5;5;5;5;5;5;5;5;5;5;5;5;5;5;5;5;5;5;5;5;5;5;5;5;5;5;5;5;5;5;35;5;5;5,48,0.00046875,0,0,0,0,,,15,0,0.0,2400,120.18694444444445,27.332230667758996,209.44873263888888,24.920026240513234,0.7567943795213674,14cdf807d75def2bab336048be7bf58649cb233d888d9d1434921edf3dc845b2
m7_v1_development_m7c5_seed710500,m7v1d-m7c5-710500,M7C5,710500,0,state_only_risk_roi,low,32374,32280,0.9970964354111324,25;25;25;25;25;25;25;25;25;25;25;25;25;25;25;25;25;25;25;25;25;25;25;25;25;25;25;25;25;25;25;25;25;25;25;25;25;25;25;25;25;25;25;25;55;25;25;25,48,0.00046875,0,0,0,0,,,15,0,0.0,2400,19.047083333333333,35.332518789779414,39.982326388888886,32.11212300739059,0.8929283691911528,81c2ceafa98e65c7a7fe8a6cb7e3bf62e71f630aef9ac3708da14aeaa3f96fbd
m7_v1_development_m7c5_seed710500,m7v1d-m7c5-710500,M7C5,710500,0,state_only_risk_roi,medium,33509,32972,0.9839744546241308,45;45;45;45;45;45;45;45;45;45;45;45;45;45;45;45;45;45;45;45;45;45;45;45;45;45;45;45;45;45;45;45;45;45;45;45;45;45;45;45;45;45;45;45;75;45;45;45,48,0.00046875,0,0,0,0,,,15,0,0.0,2400,7.723611111111111,39.25259962222278,24.207604166666666,34.291285515452884,0.9241555842122077,ae31d4b1b137e07ef76b3fe0f499f4f943fe60b357ca3769b8a6ced600e7733c
m7_v1_development_m7c5_seed710500,m7v1d-m7c5-710500,M7C5,710500,0,state_only_risk_roi,high,34871,33708,0.9666485044879699,65;65;65;65;65;65;65;65;65;65;65;65;65;65;65;65;65;65;65;65;65;65;65;65;65;65;65;65;65;65;65;65;65;65;65;65;65;65;65;65;65;65;65;65;95;65;65;65,48,0.00046875,0,0,0,0,,,15,0,0.0,2400,7.060972222222222,39.64215857878914,15.949791666666666,36.10325346114708,0.9436448905509701,ce39072551f27c3437d83a4107b87ccc0c0c886651242b1954d887886f5f9ce6
m7_v1_development_m7c5_seed710500,m7v1d-m7c5-710500,M7C5,710500,0,command_conditioned_risk_roi,severe,31466,31443,0.9992690523104303,5;5;5;5;5;5;5;5;5;5;5;5;5;5;5;5;5;5;5;5;5;5;5;5;5;5;5;5;5;5;5;5;5;5;5;5;5;5;5;5;5;5;5;5;35;5;5;5,48,0.00046875,0,0,0,0,,,15,0,0.0,2400,120.18694444444445,27.332230667758996,209.44873263888888,24.920026240513234,0.7567943795213674,01b6f6906793d87a9b894093a65f82a24b1fc8ad21e3b5bb7faa146fc1f1574b
m7_v1_development_m7c5_seed710500,m7v1d-m7c5-710500,M7C5,710500,0,command_conditioned_risk_roi,low,32374,32289,0.997374436276024,25;25;25;25;25;25;25;25;25;25;25;25;25;25;25;25;25;25;25;25;25;25;25;25;25;25;25;25;25;25;25;25;25;25;25;25;25;25;25;25;25;25;25;25;55;25;25;25,48,0.00046875,0,0,0,0,,,15,0,0.0,2400,19.047083333333333,35.332518789779414,39.982326388888886,32.11212300739059,0.8929283691911528,081f3780f42233a469c9c1edcad1a2db00c0b711bc1f6aa73c3e88857437652f
m7_v1_development_m7c5_seed710500,m7v1d-m7c5-710500,M7C5,710500,0,command_conditioned_risk_roi,medium,33509,32981,0.984243039183503,45;45;45;45;45;45;45;45;45;45;45;45;45;45;45;45;45;45;45;45;45;45;45;45;45;45;45;45;45;45;45;45;45;45;45;45;45;45;45;45;45;45;45;45;75;45;45;45,48,0.00046875,0,0,0,0,,,15,0,0.0,2400,7.723611111111111,39.25259962222278,24.207604166666666,34.291285515452884,0.9241555842122077,1359710df103d65422478c6dd30bb09c51af4a1aea0297cd9b0cb9217ff2cbcd
m7_v1_development_m7c5_seed710500,m7v1d-m7c5-710500,M7C5,710500,0,command_conditioned_risk_roi,high,34871,33717,0.9669065986062918,65;65;65;65;65;65;65;65;65;65;65;65;65;65;65;65;65;65;65;65;65;65;65;65;65;65;65;65;65;65;65;65;65;65;65;65;65;65;65;65;65;65;65;65;95;65;65;65,48,0.00046875,0,0,0,0,,,15,0,0.0,2400,7.060972222222222,39.64215857878914,15.949791666666666,36.10325346114708,0.9436448905509701,3080f92bb2d69ebc379154e3da0762253712f5c32e75512b4e22d642ad60775c
m7_v1_development_m7c5_seed710500,m7v1d-m7c5-710500,M7C5,710500,0,budget_conditioned_visual_voi,severe,31466,31466,1.0,1;1;1;1;1;15;1;1;1;1;1;1;1;1;1;1;1;1;1;1;1;1;1;1;1;1;15;15;1;1;1;1;1;15;15;15;1;15;15;15;1;1;1;15;15;1;1;1,11,0.22916666666666666,0,0,0,0,,,15,7,0.4666666666666667,2400,261.39152777777775,23.957888537480553,348.9934548611111,22.70263078734969,0.7292281589946366,699a7a9b67dbf2d4a102ea152fefed748e9051a47a1122ed305cfb3216ed6361
m7_v1_development_m7c5_seed710500,m7v1d-m7c5-710500,M7C5,710500,0,budget_conditioned_visual_voi,low,32374,32374,1.0,15;35;15;15;15;15;15;15;15;35;15;15;15;15;15;35;15;15;15;15;15;15;15;15;1;55;35;35;35;35;55;35;1;35;35;55;35;15;15;15;35;55;15;35;55;15;15;1,45,0.9375,0,0,0,0,,,15,15,1.0,2400,72.26013888888889,29.54181568891649,54.107274305555556,30.798247042939003,0.8669929565710546,b221173c3dd6125de5dc6ba9a4ff77fe2a81c314e00a9ba2202f591916aec441
m7_v1_development_m7c5_seed710500,m7v1d-m7c5-710500,M7C5,710500,0,budget_conditioned_visual_voi,medium,33509,33507,0.9999403145423618,15;75;35;35;35;35;15;35;15;35;15;15;15;15;15;75;35;15;75;75;55;55;55;75;1;75;35;75;75;75;75;75;1;55;75;75;75;75;35;35;75;75;15;35;75;75;15;1,45,0.9375,0,0,0,0,,,15,15,1.0,2400,66.17236111111112,29.92403729787373,36.170086805555556,32.54730809830135,0.9081397423221756,48d867eb5bf4ff55e49be89ec72f7238b6689efc49fa16b0ed1e9f4f8e6a3d09
m7_v1_development_m7c5_seed710500,m7v1d-m7c5-710500,M7C5,710500,0,budget_conditioned_visual_voi,high,34871,34870,0.999971322875742,15;75;35;35;35;35;55;35;15;55;15;15;15;15;15;75;35;15;75;75;55;55;55;75;1;95;35;75;75;75;75;75;1;75;95;95;75;75;35;35;95;95;15;35;95;95;15;1,45,0.9375,0,0,0,0,,,15,15,1.0,2400,63.58069444444445,30.097550937889494,31.855381944444446,33.098975442494044,0.9183852430041539,427922a9ec493b3017aa58e8b932b863cfb05b77cf30549fb3a9ef72da0f8852
m7_v1_development_m7c5_seed710500,m7v1d-m7c5-710500,M7C5,710500,1,state_only_risk_roi,severe,31466,31466,1.0,5;5;5;5;5;5;5;5;5;5;5;5;5;5;5;5;5;5;5;5;5;5;5;5;5;5;5;5;5;5;5;5;5;5;5;5;5;5;5;5;5;5;5;5;35;5;5;5,48,0.00046875,0,0,0,0,,,0,0,,0,,,181.72119791666665,25.536747698214953,0.7901384426862957,f997079043daeb487daec1562e34772f5482f7b998790c5ede370ccffcad7d80
m7_v1_development_m7c5_seed710500,m7v1d-m7c5-710500,M7C5,710500,1,state_only_risk_roi,low,32374,32298,0.9976524371409156,25;25;25;25;25;25;25;25;25;25;25;25;25;25;25;25;25;25;25;25;25;25;25;25;25;25;25;25;25;25;25;25;25;25;25;25;25;25;25;25;25;25;25;25;55;25;25;25,48,0.00046875,0,0,0,0,,,0,0,,0,,,35.44220486111111,32.63559629333811,0.9025718439005604,de30fcc527258ed4eed27916a07e2a086826c9919e65ae6b9835d22317fd0073
m7_v1_development_m7c5_seed710500,m7v1d-m7c5-710500,M7C5,710500,1,state_only_risk_roi,medium,33509,32995,0.9846608373869706,45;45;45;45;45;45;45;45;45;45;45;45;45;45;45;45;45;45;45;45;45;45;45;45;45;45;45;45;45;45;45;45;45;45;45;45;45;45;45;45;45;45;45;45;75;45;45;45,48,0.00046875,0,0,0,0,,,0,0,,0,,,20.44345486111111,35.02526069193586,0.9322791744523679,ff711459752e652e4909f653b5242619a185db90fb12103d580bcb66669e03cf
m7_v1_development_m7c5_seed710500,m7v1d-m7c5-710500,M7C5,710500,1,state_only_risk_roi,high,34871,33802,0.9693441541682201,65;65;65;65;65;65;65;65;65;65;65;65;65;65;65;65;65;65;65;65;65;65;65;65;65;65;65;65;65;65;65;65;65;65;65;65;65;65;65;65;65;65;65;65;95;65;65;65,48,0.00046875,0,0,0,0,,,0,0,,0,,,13.93545138888889,36.6895932018108,0.9496642400666601,b337bcc8e1ee507ddf1febc48cc23d89c23e2c4c4a624bb24fade9457f93734d
m7_v1_development_m7c5_seed710500,m7v1d-m7c5-710500,M7C5,710500,1,command_conditioned_risk_roi,severe,31466,31345,0.9961545795461768,1;1;1;1;1;1;1;1;1;1;1;1;1;1;1;1;1;1;1;1;1;1;1;1;1;1;1;1;1;1;1;1;1;1;1;1;1;1;1;1;1;1;1;1;15;1;1;1,1,0.00046875,0,0,0,0,,,0,0,,0,,,470.34137152777777,21.406671796213303,0.7624056954633728,8f3e69bdd0f47ab103c036fa2a16cccec6110cdf348f43e9310533ba7ae9f723
m7_v1_development_m7c5_seed710500,m7v1d-m7c5-710500,M7C5,710500,1,command_conditioned_risk_roi,low,32374,32307,0.9979304380058072,25;25;25;25;25;25;25;25;25;25;25;25;25;25;25;25;25;25;25;25;25;25;25;25;25;25;25;25;25;25;25;25;25;25;25;25;25;25;25;25;25;25;25;25;55;25;25;25,48,0.00046875,0,0,0,0,,,0,0,,0,,,35.44220486111111,32.63559629333811,0.9025718439005604,2d7ab09baeb8a668a34b931d60815248c50631a44386fefa5a2aa0e3092a5f41
m7_v1_development_m7c5_seed710500,m7v1d-m7c5-710500,M7C5,710500,1,command_conditioned_risk_roi,medium,33509,33004,0.9849294219463428,45;45;45;45;45;45;45;45;45;45;45;45;45;45;45;45;45;45;45;45;45;45;45;45;45;45;45;45;45;45;45;45;45;45;45;45;45;45;45;45;45;45;45;45;75;45;45;45,48,0.00046875,0,0,0,0,,,0,0,,0,,,20.44345486111111,35.02526069193586,0.9322791744523679,5968d9c6b6191a60b66ac6d15de6b51ade010adc621bf692de9684c9488db81e
m7_v1_development_m7c5_seed710500,m7v1d-m7c5-710500,M7C5,710500,1,command_conditioned_risk_roi,high,34871,33811,0.9696022482865418,65;65;65;65;65;65;65;65;65;65;65;65;65;65;65;65;65;65;65;65;65;65;65;65;65;65;65;65;65;65;65;65;65;65;65;65;65;65;65;65;65;65;65;65;95;65;65;65,48,0.00046875,0,0,0,0,,,0,0,,0,,,13.93545138888889,36.6895932018108,0.9496642400666601,04622c659d0368e4a39f7833bbb907eefe9a95590ecc94487d094cc28890a068
m7_v1_development_m7c5_seed710500,m7v1d-m7c5-710500,M7C5,710500,1,budget_conditioned_visual_voi,severe,31466,31466,1.0,15;15;15;15;1;15;15;15;15;1;1;15;15;1;1;1;1;1;15;1;1;1;1;1;15;1;1;1;1;1;1;1;1;15;15;1;15;1;1;1;1;1;1;15;35;15;15;15,20,0.4166666666666667,0,0,0,0,,,0,0,,0,,,300.22788194444445,23.356293384759027,0.7451539233653343,8a587e507971bed7206496d2467f00c4731011e0dc22a935fc4261806f19f18a
m7_v1_development_m7c5_seed710500,m7v1d-m7c5-710500,M7C5,710500,1,budget_conditioned_visual_voi,low,32374,32374,1.0,15;15;15;15;1;15;15;15;15;15;15;15;15;15;15;1;15;35;35;35;15;35;35;15;35;35;55;55;35;15;35;55;35;15;15;35;15;15;15;15;15;35;15;35;55;15;15;15,46,0.9583333333333334,0,0,0,0,,,0,0,,0,,,52.966267361111115,30.890809924554553,0.8724068984758205,0ef838fcedf337459dc888d88d78211637c6b23be42259afa58cc825064d7894
m7_v1_development_m7c5_seed710500,m7v1d-m7c5-710500,M7C5,710500,1,budget_conditioned_visual_voi,medium,33509,33509,1.0,35;35;35;35;1;55;35;35;55;35;35;35;15;35;15;1;75;75;55;75;75;55;55;55;95;75;55;55;75;75;55;75;55;55;15;55;35;15;15;15;55;35;35;75;55;55;55;35,46,0.9583333333333334,0,0,0,0,,,0,0,,0,,,31.728055555555557,33.11636903560071,0.919283229371044,7174297dd39ac43303759bc74e725efc06369218d32f610d1a8ac1c39565faee
m7_v1_development_m7c5_seed710500,m7v1d-m7c5-710500,M7C5,710500,1,budget_conditioned_visual_voi,high,34871,34871,1.0,35;35;35;35;1;55;35;35;55;35;35;35;55;55;55;55;75;75;75;75;75;55;75;75;95;95;95;55;95;95;95;95;75;75;35;55;35;15;15;15;75;55;35;75;55;55;55;35,47,0.9791666666666666,0,0,0,0,,,0,0,,0,,,21.899756944444444,34.72641066040228,0.9375655106769808,6c835565578be9b088449b03d7c70a6956cd79d63e9dab0cfe8134e20ed9d42c
m7_v1_development_m7c5_seed710500,m7v1d-m7c5-710500,M7C5,710500,2,state_only_risk_roi,severe,31466,31385,0.9974257929193415,5;5;5;5;5;5;5;5;5;5;5;5;5;5;5;5;5;5;5;5;5;5;5;5;5;5;5;5;5;5;5;5;5;5;5;5;5;5;5;5;5;5;5;35;5;5;5;5,48,0.00046875,0,0,0,0,,,0,0,,0,,,193.86300347222223,25.255854239960343,0.7324837716455163,58b5085d8f69f7393dd373a6b0af1c29080859d5cbb6874c06b88ab26627b3e0
m7_v1_development_m7c5_seed710500,m7v1d-m7c5-710500,M7C5,710500,2,state_only_risk_roi,low,32374,32253,0.9962624328164577,25;25;25;25;25;25;25;25;25;25;25;25;25;25;25;25;25;25;25;25;25;25;25;25;25;25;25;25;25;25;25;25;25;25;25;25;25;25;25;25;25;25;25;55;25;25;25;25,48,0.00046875,0,0,0,0,,,0,0,,0,,,34.37071180555556,32.76891834549017,0.873485317375727,fb144a415b16bfb5d8fd4a30d7cf61389b18076b62513eb3ea1746622407805b
m7_v1_development_m7c5_seed710500,m7v1d-m7c5-710500,M7C5,710500,2,state_only_risk_roi,medium,33509,32992,0.9845713092005133,45;45;45;45;45;45;45;45;45;45;45;45;45;45;45;45;45;45;45;45;45;45;45;45;45;45;45;45;45;45;45;45;45;45;45;45;45;45;45;45;45;45;45;75;45;45;45;45,48,0.00046875,0,0,0,0,,,0,0,,0,,,21.53217013888889,34.79992558083508,0.9067578649000493,2ccc2dc86264510741844c1aa9b4d5e3583e2efe585c89bcc2cb8d26abb9d61b
m7_v1_development_m7c5_seed710500,m7v1d-m7c5-710500,M7C5,710500,2,state_only_risk_roi,high,34871,33882,0.9716383241088583,65;65;65;65;65;65;65;65;65;65;65;65;65;65;65;65;65;65;65;65;65;65;65;65;65;65;65;65;65;65;65;65;65;65;65;65;65;65;65;65;65;65;65;95;65;65;65;65,48,0.00046875,0,0,0,0,,,0,0,,0,,,15.283472222222223,36.288583289029745,0.9261440887159695,fda5e6d951cd01eb2ef848cb821fd3710e21780cfbad585281ca29d96dd1a2de
m7_v1_development_m7c5_seed710500,m7v1d-m7c5-710500,M7C5,710500,2,command_conditioned_risk_roi,severe,31466,31420,0.9985381046208606,5;5;5;5;5;5;5;5;5;5;5;5;5;5;5;5;5;5;5;5;5;5;5;5;5;5;5;5;5;5;5;5;5;5;5;35;5;5;5;5;5;5;5;35;5;5;5;5,48,0.0006770833333333334,0,0,0,0,,,0,0,,0,,,192.23350694444446,25.292512719537857,0.7333693774234734,487261ef1364ec5f1f6de1f0bc31b1f82af3e78feb10a3e68afea2e9c5eb63aa
m7_v1_development_m7c5_seed710500,m7v1d-m7c5-710500,M7C5,710500,2,command_conditioned_risk_roi,low,32374,32289,0.997374436276024,25;25;25;25;25;25;25;25;25;25;25;25;25;25;25;25;25;25;25;25;25;25;25;25;25;25;25;25;25;25;25;25;25;25;25;55;25;25;25;25;25;25;25;55;25;25;25;25,48,0.0006770833333333334,0,0,0,0,,,0,0,,0,,,34.25057291666667,32.784125204419205,0.8746123368984596,34739b35548c750f47f7e475b852f9bd138f5779960906ef8d6779914c53dab8
m7_v1_development_m7c5_seed710500,m7v1d-m7c5-710500,M7C5,710500,2,command_conditioned_risk_roi,medium,33509,33046,0.986182816556746,45;45;45;45;45;45;45;45;45;45;45;45;45;45;45;45;45;45;45;45;45;45;45;45;45;45;45;45;45;45;45;45;45;45;45;75;45;45;45;45;45;45;45;75;45;45;45;45,48,0.0006770833333333334,0,0,0,0,,,0,0,,0,,,21.41418402777778,34.82378830301792,0.907882260100691,7a75b93ee2ae94e2597928010a77d3f9065d632f1a5dc1294015b19f61d66fd6
m7_v1_development_m7c5_seed710500,m7v1d-m7c5-710500,M7C5,710500,2,command_conditioned_risk_roi,high,34871,34085,0.9774597803332282,65;65;65;65;65;65;65;65;65;65;65;65;65;65;65;65;65;65;65;65;65;65;65;65;65;65;65;65;65;65;65;65;65;65;65;95;65;65;65;65;65;65;65;95;65;65;65;65,48,0.0006770833333333334,0,0,0,0,,,0,0,,0,,,15.068020833333334,36.350241488724215,0.9283270025311058,2270524c9405e9b5903290d8d521a78d75412e4f460970c55058f7959e5a7002
m7_v1_development_m7c5_seed710500,m7v1d-m7c5-710500,M7C5,710500,2,budget_conditioned_visual_voi,severe,31466,31466,1.0,15;15;15;15;15;15;15;15;1;1;1;1;1;1;1;1;1;1;1;1;1;1;1;1;15;15;1;15;15;15;1;15;1;1;15;15;15;1;1;1;1;1;15;15;15;1;15;1,21,0.4375,0,0,0,0,,,0,0,,0,,,258.26303819444445,24.01018105127491,0.7160087487246849,6758d2d7ca53f8fee11503248da3f3bf99dac32da7cb1a9ec4e7ab271cb8b3ad
m7_v1_development_m7c5_seed710500,m7v1d-m7c5-710500,M7C5,710500,2,budget_conditioned_visual_voi,low,32374,32373,0.9999691110150121,15;15;15;15;15;35;15;15;15;15;15;35;35;15;35;15;15;15;35;35;15;15;35;35;55;55;55;35;55;35;55;55;15;15;15;55;15;15;15;15;15;15;15;75;15;15;15;15,48,0.375,0,0,0,0,,,0,0,,0,,,34.74772569444445,32.7215397642167,0.8515382429752395,2debc22f6b5e36165f35d7c6fe868c624e7f8d065bf9f8badbee5a97ce3e66ca
m7_v1_development_m7c5_seed710500,m7v1d-m7c5-710500,M7C5,710500,2,budget_conditioned_visual_voi,medium,33509,33509,1.0,35;15;35;35;35;35;35;35;15;15;35;55;35;75;35;55;35;55;55;75;55;55;75;75;55;75;75;95;75;75;75;75;15;15;35;75;15;15;15;15;15;15;15;75;55;35;75;75,48,0.75,0,0,0,0,,,0,0,,0,,,19.75809027777778,35.17335395409005,0.8943162698294951,9c9e1ae7d8a465cd3cae4f05da75b14cf51cc50741cd04cee13c5fe945b83234
m7_v1_development_m7c5_seed710500,m7v1d-m7c5-710500,M7C5,710500,2,budget_conditioned_visual_voi,high,34871,34871,1.0,35;55;55;35;55;35;35;55;35;35;35;55;75;75;75;55;55;75;55;75;55;55;75;95;75;95;75;95;95;95;75;75;35;15;35;95;15;15;15;15;15;15;55;95;75;75;75;75,48,0.8541666666666666,0,0,0,0,,,0,0,,0,,,14.309444444444445,36.57457588002318,0.9151242000978961,5ce33eaeb308b1752496e652b60f5356658467cd5dc68dc02ecb554388f34b48
m7_v1_development_m7c5_seed710500,m7v1d-m7c5-710500,M7C5,710500,3,state_only_risk_roi,severe,31466,31445,0.9993326129790885,5;5;5;5;5;5;5;5;5;5;5;5;5;5;5;5;5;5;5;5;5;5;5;5;5;5;5;5;5;5;5;5;5;5;5;35;5;5;5;5;5;5;5;35;5;5;5;5,48,0.00046875,0,0,0,0,,,0,0,,0,,,216.5104340277778,24.776015302408958,0.690439125517251,c2afc4e5379dbbf488e26ec54cd300e36273b11b8ab162e7cc1829a10e21302b
m7_v1_development_m7c5_seed710500,m7v1d-m7c5-710500,M7C5,710500,3,state_only_risk_roi,low,32374,31445,0.9713041329461913,5;5;5;5;5;5;5;5;5;5;5;5;5;5;5;5;5;5;5;5;5;5;5;5;5;5;5;5;5;5;5;5;5;5;5;35;5;5;5;5;5;5;5;35;5;5;5;5,48,0.00046875,0,0,0,0,,,0,0,,0,,,216.5104340277778,24.776015302408958,0.690439125517251,874783e6bf14042fb3dc907b522f64687f9f5028a104e3662a97964d16a92b87
m7_v1_development_m7c5_seed710500,m7v1d-m7c5-710500,M7C5,710500,3,state_only_risk_roi,medium,33509,33251,0.9923005759646663,45;45;45;45;45;45;45;45;45;45;45;45;45;45;45;45;45;45;45;45;45;45;45;45;45;45;45;45;45;45;45;45;45;45;45;75;45;45;45;45;45;45;45;75;45;45;45;45,48,0.00046875,0,0,0,0,,,0,0,,0,,,26.77984375,33.85272322124361,0.9038621948162803,a81ee46c94e22facaafd3d1641ab0b42fbcd471ea941530bbf32368eccba0314
m7_v1_development_m7c5_seed710500,m7v1d-m7c5-710500,M7C5,710500,3,state_only_risk_roi,high,34871,34342,0.9848298012675288,65;65;65;65;65;65;65;65;65;65;65;65;65;65;65;65;65;65;65;65;65;65;65;65;65;65;65;65;65;65;65;65;65;65;65;95;65;65;65;65;65;65;65;95;65;65;65;65,48,0.00046875,0,0,0,0,,,0,0,,0,,,18.669427083333332,35.41949370094227,0.9278786490090769,2d3d59b334dab6fb452631d92eaf45a3a1073234b5272370111f560824c2ae86
m7_v1_development_m7c5_seed710500,m7v1d-m7c5-710500,M7C5,710500,3,command_conditioned_risk_roi,severe,31466,31458,0.9997457573253671,5;5;5;5;5;5;5;5;5;5;5;5;5;5;5;5;5;5;5;5;5;5;5;5;5;5;5;5;5;5;5;5;5;5;5;35;5;5;5;5;5;5;5;35;5;5;5;5,48,0.0005729166666666667,0,0,0,0,,,0,0,,0,,,216.5104340277778,24.776015302408958,0.690439125517251,d2f70a5111e605089769fcf6695f41b7f87ae4ff2944b2b1d13746aa78326a77
m7_v1_development_m7c5_seed710500,m7v1d-m7c5-710500,M7C5,710500,3,command_conditioned_risk_roi,low,32374,31458,0.9717056897510348,5;5;5;5;5;5;5;5;5;5;5;5;5;5;5;5;5;5;5;5;5;5;5;5;5;5;5;5;5;5;5;5;5;5;5;35;5;5;5;5;5;5;5;35;5;5;5;5,48,0.0005729166666666667,0,0,0,0,,,0,0,,0,,,216.5104340277778,24.776015302408958,0.690439125517251,5fe62898886bafda5f645d7c97fbca3021422309a5472d2f533e155c9487e12c
m7_v1_development_m7c5_seed710500,m7v1d-m7c5-710500,M7C5,710500,3,command_conditioned_risk_roi,medium,33509,33264,0.9926885314393148,45;45;45;45;45;45;45;45;45;45;45;45;45;45;45;45;45;45;45;45;45;45;45;45;45;45;45;45;45;45;45;45;45;45;45;75;45;45;45;45;45;45;45;75;45;45;45;45,48,0.0005729166666666667,0,0,0,0,,,0,0,,0,,,26.77984375,33.85272322124361,0.9038621948162803,4b492ab29fb5254e8502392ecc86386d1e2c31f8b4fb38bbf351554e1383a3be
m7_v1_development_m7c5_seed710500,m7v1d-m7c5-710500,M7C5,710500,3,command_conditioned_risk_roi,high,34871,34355,0.9852026038828826,65;65;65;65;65;65;65;65;65;65;65;65;65;65;65;65;65;65;65;65;65;65;65;65;65;65;65;65;65;65;65;65;65;65;65;95;65;65;65;65;65;65;65;95;65;65;65;65,48,0.0005729166666666667,0,0,0,0,,,0,0,,0,,,18.669427083333332,35.41949370094227,0.9278786490090769,7e08b5a04287c186126e12e26b1f0eb89472cc63e97a127488629b69ff356ad9
m7_v1_development_m7c5_seed710500,m7v1d-m7c5-710500,M7C5,710500,3,budget_conditioned_visual_voi,severe,31466,31466,1.0,15;15;15;15;15;15;15;1;1;1;1;1;1;1;1;1;1;1;1;1;15;1;1;1;15;15;15;1;15;1;15;1;1;15;1;15;15;1;1;1;1;1;1;15;1;1;1;1,17,0.3541666666666667,0,0,0,0,,,0,0,,0,,,345.6247222222222,22.74475561260452,0.6771235258500806,ef8e5a0e67c238c5ded4aa656e8313c73e228cb6c8961ebf511f9965e3204e84
m7_v1_development_m7c5_seed710500,m7v1d-m7c5-710500,M7C5,710500,3,budget_conditioned_visual_voi,low,32374,32374,1.0,15;15;15;15;15;15;15;15;35;15;15;35;15;15;15;35;15;15;15;15;35;15;15;15;55;35;55;55;35;55;55;55;15;15;15;55;15;15;15;15;15;15;15;55;15;15;15;15,48,0.2916666666666667,0,0,0,0,,,0,0,,0,,,47.98142361111111,31.320072315070895,0.8329369926295236,839af421fb100da94a76d8b995ea12bc9fdf7c3d2ca57bf86b64abb6323260da
m7_v1_development_m7c5_seed710500,m7v1d-m7c5-710500,M7C5,710500,3,budget_conditioned_visual_voi,medium,33509,33507,0.9999403145423618,35;15;15;15;15;15;15;15;35;55;55;35;75;35;55;75;15;55;75;55;75;35;55;55;75;75;55;75;75;55;55;75;15;15;15;55;35;15;55;75;15;35;35;75;35;35;75;15,48,0.7083333333333334,0,0,0,0,,,0,0,,0,,,27.302690972222223,33.76874907351239,0.89079114766778,6f03a969c5562e5a718ccfb06a276dd33080bc1b149f525d7ce404cf1ae2493d
m7_v1_development_m7c5_seed710500,m7v1d-m7c5-710500,M7C5,710500,3,budget_conditioned_visual_voi,high,34871,34870,0.999971322875742,35;55;55;35;55;55;35;55;35;75;75;55;75;75;55;75;15;55;75;55;95;55;75;55;75;95;75;95;95;55;75;75;35;15;15;55;35;75;75;75;15;55;55;95;55;75;75;15,48,0.8958333333333334,0,0,0,0,,,0,0,,0,,,18.28875,35.50896337548625,0.9181956777684087,24d9507a8263dd1b0dd53390d182b784f9fac660889fad0f09946c07638af58a
m7_v1_development_m7c5_seed710501,m7v1d-m7c5-710501,M7C5,710501,0,state_only_risk_roi,severe,31466,31421,0.9985698849551897,5;5;5;5;5;5;5;5;5;5;5;5;5;5;5;5;5;5;5;5;5;5;5;5;5;5;5;5;5;5;5;5;5;5;5;5;5;5;5;5;5;5;5;5;35;5;5;5,48,0.00046875,1,1,23,23,1.0,1.0,23,0,0.0,2287,84.59728902492348,28.85723914854664,200.67885416666667,25.10578748233716,0.7680495774791787,22be5741e236d75373e723394a2cfbb315f24173846ed27734129a3f846288a4
m7_v1_development_m7c5_seed710501,m7v1d-m7c5-710501,M7C5,710501,0,state_only_risk_roi,low,32374,32222,0.9953048742818311,25;25;25;25;25;25;25;25;25;25;25;25;25;25;25;25;25;25;25;25;25;25;25;25;25;25;25;25;25;25;25;25;25;25;25;25;25;25;25;25;25;25;25;25;55;25;25;25,48,0.00046875,1,1,23,23,1.0,1.0,23,0,0.0,2287,7.54977408541029,39.35146404593374,35.42234375,32.638030675932775,0.90350058432033,82b95b64a621cb2905e91d8e3e9f586375a61344577b8aca09d0398c220c886a
m7_v1_development_m7c5_seed710501,m7v1d-m7c5-710501,M7C5,710501,0,state_only_risk_roi,medium,33509,32887,0.9814378226745054,45;45;45;45;45;45;45;45;45;45;45;45;45;45;45;45;45;45;45;45;45;45;45;45;45;45;45;45;45;45;45;45;45;45;45;45;45;45;45;45;45;45;45;45;75;45;45;45,48,0.00046875,1,1,23,23,1.0,1.0,23,0,0.0,2287,2.0155953942573968,45.08677003569019,22.142239583333332,34.67858815260488,0.9324371166013297,b2a4316f6030304e3f2f9aeef81b4818e9468077d15b012d1dceb52eb167dd88
m7_v1_development_m7c5_seed710501,m7v1d-m7c5-710501,M7C5,710501,0,state_only_risk_roi,high,34871,33601,0.9635800521923662,65;65;65;65;65;65;65;65;65;65;65;65;65;65;65;65;65;65;65;65;65;65;65;65;65;65;65;65;65;65;65;65;65;65;65;65;65;65;65;65;65;65;65;65;95;65;65;65,48,0.00046875,1,1,23,23,1.0,1.0,23,0,0.0,2287,2.2069669144439588,44.69284538346094,15.047552083333333,36.35614505666888,0.9479253886377105,fdca8f29fd86d3979c82a4b8e93cc73c1e1efc73ba3b26a95c75663cde342912
m7_v1_development_m7c5_seed710501,m7v1d-m7c5-710501,M7C5,710501,0,command_conditioned_risk_roi,severe,31466,31430,0.9988559079641518,5;5;5;5;5;5;5;5;5;5;5;5;5;5;5;5;5;5;5;5;5;5;5;5;5;5;5;5;5;5;5;5;5;5;5;5;5;5;5;5;5;5;5;5;35;5;5;5,48,0.00046875,1,1,23,23,1.0,1.0,23,0,0.0,2287,84.59728902492348,28.85723914854664,200.67885416666667,25.10578748233716,0.7680495774791787,c184b18eedb7aef279384c9c241674dc4b3224c5aeb737e260c8803f807e9809
m7_v1_development_m7c5_seed710501,m7v1d-m7c5-710501,M7C5,710501,0,command_conditioned_risk_roi,low,32374,32231,0.9955828751467227,25;25;25;25;25;25;25;25;25;25;25;25;25;25;25;25;25;25;25;25;25;25;25;25;25;25;25;25;25;25;25;25;25;25;25;25;25;25;25;25;25;25;25;25;55;25;25;25,48,0.00046875,1,1,23,23,1.0,1.0,23,0,0.0,2287,7.54977408541029,39.35146404593374,35.42234375,32.638030675932775,0.90350058432033,2bce3a03f1d8aa179a8927f2e570c485445aea560dbb38e9b84ef47fe5d79dbc
m7_v1_development_m7c5_seed710501,m7v1d-m7c5-710501,M7C5,710501,0,command_conditioned_risk_roi,medium,33509,32896,0.9817064072338775,45;45;45;45;45;45;45;45;45;45;45;45;45;45;45;45;45;45;45;45;45;45;45;45;45;45;45;45;45;45;45;45;45;45;45;45;45;45;45;45;45;45;45;45;75;45;45;45,48,0.00046875,1,1,23,23,1.0,1.0,23,0,0.0,2287,2.0155953942573968,45.08677003569019,22.142239583333332,34.67858815260488,0.9324371166013297,4cca8016d7f58c263c1489d7c3ba1573268dd53856b671ded0a1fc1cfd6ed351
m7_v1_development_m7c5_seed710501,m7v1d-m7c5-710501,M7C5,710501,0,command_conditioned_risk_roi,high,34871,33610,0.963838146310688,65;65;65;65;65;65;65;65;65;65;65;65;65;65;65;65;65;65;65;65;65;65;65;65;65;65;65;65;65;65;65;65;65;65;65;65;65;65;65;65;65;65;65;65;95;65;65;65,48,0.00046875,1,1,23,23,1.0,1.0,23,0,0.0,2287,2.2069669144439588,44.69284538346094,15.047552083333333,36.35614505666888,0.9479253886377105,588eff1830ef98565c02eff38e0cf635b3c945528f3362755e1a8185abbf2df8
m7_v1_development_m7c5_seed710501,m7v1d-m7c5-710501,M7C5,710501,0,budget_conditioned_visual_voi,severe,31466,31466,1.0,1;15;1;15;15;15;1;1;1;1;1;1;1;1;1;1;1;1;1;1;1;1;1;1;1;15;1;15;1;1;1;1;1;15;15;15;1;15;15;15;1;15;1;1;15;1;15;1,15,0.3125,1,1,23,23,1.0,1.0,23,0,0.0,2287,144.5133362483603,26.531724335551612,298.6611111111111,23.37901684394963,0.7330226881197492,0fad2ea6dc7fa61c0c790051385302f2c41a5baf462612b2c5ffe28ee8fbdb46
m7_v1_development_m7c5_seed710501,m7v1d-m7c5-710501,M7C5,710501,0,budget_conditioned_visual_voi,low,32374,32373,0.9999691110150121,15;35;35;15;15;15;15;15;15;35;15;15;15;15;15;35;15;15;15;35;15;15;15;15;1;55;35;35;35;35;55;35;1;35;55;55;35;15;15;15;15;55;15;35;55;35;15;1,45,0.9375,1,1,23,23,1.0,1.0,23,16,0.6956521739130435,2287,64.25477335665354,30.051749648108533,48.69809027777778,31.25568430414779,0.882845299906874,9b34c0b012b0804f2b6bf2c808c0261963e16ab117a321637c50e61d7c4c6c53
m7_v1_development_m7c5_seed710501,m7v1d-m7c5-710501,M7C5,710501,0,budget_conditioned_visual_voi,medium,33509,33508,0.9999701572711809,15;35;35;35;35;35;55;35;15;35;15;35;15;35;15;75;35;75;75;75;55;55;55;75;1;75;35;75;75;75;75;75;1;55;75;75;75;75;35;35;75;75;15;35;75;75;15;1,45,0.9375,1,1,23,23,1.0,1.0,23,16,0.6956521739130435,2287,59.9867366273138,30.350251245897326,31.420416666666668,33.158684209394394,0.9243026328400875,2624c83f0a456e5f2d8005cc5d694add0e22bdac8f761f005047cfd97e5c277a
m7_v1_development_m7c5_seed710501,m7v1d-m7c5-710501,M7C5,710501,0,budget_conditioned_visual_voi,high,34871,34871,1.0,15;35;35;35;35;35;35;35;15;35;35;35;15;35;35;75;35;75;75;75;75;75;75;75;1;95;35;75;75;75;75;75;1;75;95;95;75;75;35;35;95;95;15;35;75;95;15;1,45,0.9375,1,1,23,23,1.0,1.0,23,16,0.6956521739130435,2287,59.71170383326046,30.370208972087266,26.94064236111111,33.82672414226302,0.9366722936877722,669f813ba9718b9e5a35e57f315b7263ec38a661eb245d98309673f111b07e5e
m7_v1_development_m7c5_seed710501,m7v1d-m7c5-710501,M7C5,710501,1,state_only_risk_roi,severe,31466,31411,0.9982520816118986,5;5;5;5;5;5;5;5;5;5;5;5;5;5;5;5;5;5;5;5;5;5;5;5;5;5;5;5;5;5;5;5;5;5;5;5;5;5;5;5;5;5;5;5;35;5;5;5,48,0.00046875,0,0,0,0,,,0,0,,0,,,195.2538715277778,25.224807069665573,0.7680715580356074,e01b041fd996f8a6380b4f59d2570b7d99426b1957256dd254b063aecba3110e
m7_v1_development_m7c5_seed710501,m7v1d-m7c5-710501,M7C5,710501,1,state_only_risk_roi,low,32374,32275,0.9969419904861926,25;25;25;25;25;25;25;25;25;25;25;25;25;25;25;25;25;25;25;25;25;25;25;25;25;25;25;25;25;25;25;25;25;25;25;25;25;25;25;25;25;25;25;25;55;25;25;25,48,0.00046875,0,0,0,0,,,0,0,,0,,,33.80600694444445,32.840864845241015,0.8898165201349205,a73fd33b63d73649179724ee2e794714fde96d1657f49ed81241f193a19b9268
m7_v1_development_m7c5_seed710501,m7v1d-m7c5-710501,M7C5,710501,1,state_only_risk_roi,medium,33509,32972,0.9839744546241308,45;45;45;45;45;45;45;45;45;45;45;45;45;45;45;45;45;45;45;45;45;45;45;45;45;45;45;45;45;45;45;45;45;45;45;45;45;45;45;45;45;45;45;45;75;45;45;45,48,0.00046875,0,0,0,0,,,0,0,,0,,,19.231649305555557,35.29063829953059,0.9278845058833111,9ecf9d428e9dfe683a7bcd535b8cc5f94d80a9c9c255c449dff912d6dcefd452
m7_v1_development_m7c5_seed710501,m7v1d-m7c5-710501,M7C5,710501,1,state_only_risk_roi,high,34871,33788,0.9689426744286083,65;65;65;65;65;65;65;65;65;65;65;65;65;65;65;65;65;65;65;65;65;65;65;65;65;65;65;65;65;65;65;65;65;65;65;65;65;65;65;65;65;65;65;65;95;65;65;65,48,0.00046875,0,0,0,0,,,0,0,,0,,,13.433194444444444,36.84901059693848,0.9458379993630489,5c60cd511cd30248f3825d9eff15bde8bd81f709275198895384183fee7ce691
m7_v1_development_m7c5_seed710501,m7v1d-m7c5-710501,M7C5,710501,1,command_conditioned_risk_roi,severe,31466,31420,0.9985381046208606,5;5;5;5;5;5;5;5;5;5;5;5;5;5;5;5;5;5;5;5;5;5;5;5;5;5;5;5;5;5;5;5;5;5;5;5;5;5;5;5;5;5;5;5;35;5;5;5,48,0.00046875,0,0,0,0,,,0,0,,0,,,195.2538715277778,25.224807069665573,0.7680715580356074,0aab5e17e88ae4fa0c788fa34a6161514d049f9bcd1a8419fb39e27cbcdd39f2
m7_v1_development_m7c5_seed710501,m7v1d-m7c5-710501,M7C5,710501,1,command_conditioned_risk_roi,low,32374,32284,0.9972199913510842,25;25;25;25;25;25;25;25;25;25;25;25;25;25;25;25;25;25;25;25;25;25;25;25;25;25;25;25;25;25;25;25;25;25;25;25;25;25;25;25;25;25;25;25;55;25;25;25,48,0.00046875,0,0,0,0,,,0,0,,0,,,33.80600694444445,32.840864845241015,0.8898165201349205,d7f6c3a321cee3fa0d583dcaf605a71d15cb9f7ce226598b495b8d5f4600770c
m7_v1_development_m7c5_seed710501,m7v1d-m7c5-710501,M7C5,710501,1,command_conditioned_risk_roi,medium,33509,32981,0.984243039183503,45;45;45;45;45;45;45;45;45;45;45;45;45;45;45;45;45;45;45;45;45;45;45;45;45;45;45;45;45;45;45;45;45;45;45;45;45;45;45;45;45;45;45;45;75;45;45;45,48,0.00046875,0,0,0,0,,,0,0,,0,,,19.231649305555557,35.29063829953059,0.9278845058833111,64f91cf892e3406a39198ecaf174ac52a06115aa5340278b7607ab11c735dd3b
m7_v1_development_m7c5_seed710501,m7v1d-m7c5-710501,M7C5,710501,1,command_conditioned_risk_roi,high,34871,33797,0.9692007685469302,65;65;65;65;65;65;65;65;65;65;65;65;65;65;65;65;65;65;65;65;65;65;65;65;65;65;65;65;65;65;65;65;65;65;65;65;65;65;65;65;65;65;65;65;95;65;65;65,48,0.00046875,0,0,0,0,,,0,0,,0,,,13.433194444444444,36.84901059693848,0.9458379993630489,9c51604f973ce2700b742c4b0e15e9d9fead30c685e24456ad8af290548edfbd
m7_v1_development_m7c5_seed710501,m7v1d-m7c5-710501,M7C5,710501,1,budget_conditioned_visual_voi,severe,31466,31466,1.0,1;15;15;15;15;15;15;1;1;1;1;1;1;1;1;1;1;1;1;1;15;1;1;1;1;1;1;15;1;15;1;1;1;1;1;1;1;1;1;1;15;15;15;15;15;15;15;15,17,0.3541666666666667,0,0,0,0,,,0,0,,0,,,299.45197916666666,23.367531730575624,0.7511231145224374,b7cd51f6ccd019adfe75621369c1114f8d55498749cbf923de86f28063ce2095
m7_v1_development_m7c5_seed710501,m7v1d-m7c5-710501,M7C5,710501,1,budget_conditioned_visual_voi,low,32374,32374,1.0,15;15;15;15;15;15;15;15;55;15;15;15;15;15;15;15;35;15;15;15;15;15;15;15;35;55;55;35;55;55;55;55;35;1;1;15;15;15;15;15;15;15;15;55;55;15;15;15,46,0.9583333333333334,0,0,0,0,,,0,0,,0,,,46.14463541666667,31.489591418409972,0.8696036429343881,46c3f3050c260ef1c33eeab2460baf82ccc89c50757024ed101c4fc944002c5a
m7_v1_development_m7c5_seed710501,m7v1d-m7c5-710501,M7C5,710501,1,budget_conditioned_visual_voi,medium,33509,33508,0.9999701572711809,35;35;15;55;15;35;35;35;95;35;35;35;35;15;15;35;75;75;75;75;55;35;55;55;75;55;75;75;55;75;75;75;75;1;1;15;35;15;15;15;55;35;35;75;95;15;15;15,46,0.9583333333333334,0,0,0,0,,,0,0,,0,,,29.982291666666665,33.362155362198614,0.9139401106064037,8b3f767f86595cbcc4347dad1126513d3d7e5cb33d846d91d2a7d81fce6759b8
m7_v1_development_m7c5_seed710501,m7v1d-m7c5-710501,M7C5,710501,1,budget_conditioned_visual_voi,high,34871,34870,0.999971322875742,35;35;35;55;55;35;55;35;95;35;35;35;55;55;55;35;95;75;75;75;55;35;55;75;95;55;95;95;55;95;95;95;75;1;1;15;35;15;15;15;75;35;35;75;95;15;15;15,46,0.9583333333333334,0,0,0,0,,,0,0,,0,,,25.22017361111111,34.113322890159374,0.9280259864772219,8624e4f589359fb7c4c85dbc2de3576a7c4dc1b6d5a52240725a19c9fbff3e67
m7_v1_development_m7c5_seed710501,m7v1d-m7c5-710501,M7C5,710501,2,state_only_risk_roi,severe,31466,31370,0.9969490879044047,5;5;5;5;5;5;5;5;5;5;5;5;5;5;5;5;5;5;5;5;5;5;5;5;5;5;5;5;5;5;5;5;5;5;5;5;5;5;5;5;5;5;5;35;5;5;5;5,48,0.00046875,0,0,0,0,,,0,0,,0,,,190.60784722222223,25.329395845280605,0.7333293693776105,e6d969f41da1b252acf9f5a29adf039615abf95710c6f298c4db433ebd7d784d
m7_v1_development_m7c5_seed710501,m7v1d-m7c5-710501,M7C5,710501,2,state_only_risk_roi,low,32374,32219,0.9952122073268672,25;25;25;25;25;25;25;25;25;25;25;25;25;25;25;25;25;25;25;25;25;25;25;25;25;25;25;25;25;25;25;25;25;25;25;25;25;25;25;25;25;25;25;55;25;25;25;25,48,0.00046875,0,0,0,0,,,0,0,,0,,,33.3734375,32.89679419109899,0.8726149722550517,febb853590d998809d49029e2d9050fee1117092f8f58f52e8c537a35b23d4d5
m7_v1_development_m7c5_seed710501,m7v1d-m7c5-710501,M7C5,710501,2,state_only_risk_roi,medium,33509,32913,0.9822137336238026,45;45;45;45;45;45;45;45;45;45;45;45;45;45;45;45;45;45;45;45;45;45;45;45;45;45;45;45;45;45;45;45;45;45;45;45;45;45;45;45;45;45;45;75;45;45;45;45,48,0.00046875,0,0,0,0,,,0,0,,0,,,21.483645833333334,34.80972376627157,0.9043590677378918,0b9da4035f0064bcefc2825afd927cf25019e61ab3128e732d57cf08ae51da1b
m7_v1_development_m7c5_seed710501,m7v1d-m7c5-710501,M7C5,710501,2,state_only_risk_roi,high,34871,33825,0.9700037280261535,65;65;65;65;65;65;65;65;65;65;65;65;65;65;65;65;65;65;65;65;65;65;65;65;65;65;65;65;65;65;65;65;65;65;65;65;65;65;65;65;65;65;65;95;65;65;65;65,48,0.00046875,0,0,0,0,,,0,0,,0,,,15.025694444444444,36.36245807885598,0.9245360277606188,bbbd3ec6b6cea0a8c421ea63944731b9a2cde6fdb0265fad398026c74b66885d
m7_v1_development_m7c5_seed710501,m7v1d-m7c5-710501,M7C5,710501,2,command_conditioned_risk_roi,severe,31466,31405,0.9980613996059239,5;5;5;5;5;5;5;5;5;5;5;5;5;5;5;5;5;5;5;5;5;5;5;5;5;5;5;5;5;5;5;5;5;5;5;35;5;5;5;5;5;5;5;35;5;5;5;5,48,0.0005729166666666667,0,0,0,0,,,0,0,,0,,,188.75364583333334,25.371850119573764,0.7346814721522814,6e9eb03530cdcaa0998d5594f7a86e86d53b204e195b5b16d646402de24eaa2b
m7_v1_development_m7c5_seed710501,m7v1d-m7c5-710501,M7C5,710501,2,command_conditioned_risk_roi,low,32374,32257,0.9963859887564095,25;25;25;25;25;25;25;25;25;25;25;25;25;25;25;25;25;25;25;25;25;25;25;25;25;25;25;25;25;25;25;25;25;25;25;55;25;25;25;25;25;25;25;55;25;25;25;25,48,0.0005729166666666667,0,0,0,0,,,0,0,,0,,,33.143229166666664,32.926855411254664,0.8743184190775088,996c0bf42b53d13240b3d00764620028d3c8ad0a2a00b1a8757c6e3cfe43ddad
m7_v1_development_m7c5_seed710501,m7v1d-m7c5-710501,M7C5,710501,2,command_conditioned_risk_roi,medium,33509,32961,0.9836461846071205,45;45;45;45;45;45;45;45;45;45;45;45;45;45;45;45;45;45;45;45;45;45;45;45;45;45;45;45;45;45;45;45;45;45;45;75;45;45;45;45;45;45;45;75;45;45;45;45,48,0.0005729166666666667,0,0,0,0,,,0,0,,0,,,21.314097222222223,34.84413418428997,0.9058185211079565,a2246d04c435886629f001514e300e2a3426aa51a9cbc9c651c7623481926573
m7_v1_development_m7c5_seed710501,m7v1d-m7c5-710501,M7C5,710501,2,command_conditioned_risk_roi,high,34871,34033,0.9759685698718132,65;65;65;65;65;65;65;65;65;65;65;65;65;65;65;65;65;65;65;65;65;65;65;65;65;65;65;65;65;65;65;65;65;65;65;95;65;65;65;65;65;65;65;95;65;65;65;65,48,0.0005729166666666667,0,0,0,0,,,0,0,,0,,,14.782604166666667,36.43329412899176,0.926729583598795,3cbf3745a99568c0fe2b69b980d0ece79927af412cab585bdddef4a7e3f5ad5f
m7_v1_development_m7c5_seed710501,m7v1d-m7c5-710501,M7C5,710501,2,budget_conditioned_visual_voi,severe,31466,31466,1.0,15;15;15;15;15;15;15;15;1;1;1;1;1;1;1;1;1;1;1;1;1;1;1;1;15;15;1;15;15;15;1;15;1;1;15;15;1;1;15;1;1;1;1;15;15;15;1;15,21,0.4375,0,0,0,0,,,0,0,,0,,,256.82506944444447,24.034429466502694,0.7052192250670819,1d1547879a4bafd7c149f9e6aeee7eb403abaea6c74f38f159394e4d518c8a09
m7_v1_development_m7c5_seed710501,m7v1d-m7c5-710501,M7C5,710501,2,budget_conditioned_visual_voi,low,32374,32374,1.0,15;15;15;15;15;15;15;15;15;15;15;35;35;15;15;35;15;15;15;35;15;15;35;35;55;55;55;35;55;35;75;55;15;15;15;55;15;15;15;15;15;15;15;35;35;15;35;35,48,0.3958333333333333,0,0,0,0,,,0,0,,0,,,33.75024305555556,32.84803456076971,0.8540242778427648,f7541159287ba6978071573bdb12f1a227dd45a2471c40eb3db984910dba3d42
m7_v1_development_m7c5_seed710501,m7v1d-m7c5-710501,M7C5,710501,2,budget_conditioned_visual_voi,medium,33509,33508,0.9999701572711809,55;35;35;35;35;35;35;35;35;55;35;35;75;75;75;55;55;55;15;55;15;55;55;75;55;95;75;75;95;35;75;75;15;35;55;75;15;15;15;15;15;15;15;55;35;55;75;75,48,0.7916666666666666,0,0,0,0,,,0,0,,0,,,19.29939236111111,35.27536725350848,0.8963882570499776,713fb9b1e98f66a3ac19cbef10742b0fbef8e9336500785db617f329ad251419
m7_v1_development_m7c5_seed710501,m7v1d-m7c5-710501,M7C5,710501,2,budget_conditioned_visual_voi,high,34871,34870,0.999971322875742,55;35;55;35;35;35;35;35;35;55;55;35;75;75;75;55;55;55;15;55;15;75;95;95;55;95;95;95;95;35;75;95;15;35;55;95;15;15;15;15;15;15;15;95;35;55;75;75,48,0.7916666666666666,0,0,0,0,,,0,0,,0,,,16.521215277777777,35.95038370606265,0.9058710823096879,d218c0f5f83bf16adbe37fef9dc85faea01113c82bf4c0582aa711d0e81ecb76
m7_v1_development_m7c5_seed710501,m7v1d-m7c5-710501,M7C5,710501,3,state_only_risk_roi,severe,31466,31447,0.9993961736477468,5;5;5;5;5;5;5;5;5;5;5;5;5;5;5;5;5;5;5;5;5;5;5;5;5;5;5;5;5;5;5;5;5;5;5;35;5;5;5;5;5;5;5;35;5;5;5;5,48,0.00046875,0,0,0,0,,,0,0,,0,,,214.78579861111112,24.810747979405882,0.690575458149946,da305cc2c36cb8fb18588b20949c42b1c2112ea02919ca10826da0f189cc5839
m7_v1_development_m7c5_seed710501,m7v1d-m7c5-710501,M7C5,710501,3,state_only_risk_roi,low,32374,31447,0.9713659109161673,5;5;5;5;5;5;5;5;5;5;5;5;5;5;5;5;5;5;5;5;5;5;5;5;5;5;5;5;5;5;5;5;5;5;5;35;5;5;5;5;5;5;5;35;5;5;5;5,48,0.00046875,0,0,0,0,,,0,0,,0,,,214.78579861111112,24.810747979405882,0.690575458149946,1eb0ff5c8ae3765b54d0c3ce2fef009c83c2f83db02f7d6786f66fd315f695ff
m7_v1_development_m7c5_seed710501,m7v1d-m7c5-710501,M7C5,710501,3,state_only_risk_roi,medium,33509,33249,0.992240890507028,45;45;45;45;45;45;45;45;45;45;45;45;45;45;45;45;45;45;45;45;45;45;45;45;45;45;45;45;45;45;45;45;45;45;45;75;45;45;45;45;45;45;45;75;45;45;45;45,48,0.00046875,0,0,0,0,,,0,0,,0,,,26.546805555555554,33.89068092062929,0.903377897080048,73a9d8d464ac773c65b3b8c38b3ec0964b28a8ae8b612bf44e8cc639a8b351be
m7_v1_development_m7c5_seed710501,m7v1d-m7c5-710501,M7C5,710501,3,state_only_risk_roi,high,34871,34369,0.9856040836224943,65;65;65;65;65;65;65;65;65;65;65;65;65;65;65;65;65;65;65;65;65;65;65;65;65;65;65;65;65;65;65;65;65;65;65;95;65;65;65;65;65;65;65;95;65;65;65;65,48,0.00046875,0,0,0,0,,,0,0,,0,,,18.368368055555557,35.49009787901808,0.928134375472863,beaa28f2e685abc689e463bc63cff5e99171cd11d5203494b1722cdbcd868694
m7_v1_development_m7c5_seed710501,m7v1d-m7c5-710501,M7C5,710501,3,command_conditioned_risk_roi,severe,31466,31462,0.9998728786626835,5;5;5;5;5;5;5;5;5;5;5;5;5;5;5;5;5;5;5;5;5;5;5;5;5;5;5;5;5;5;5;5;5;5;5;35;5;5;5;5;5;5;5;35;5;5;5;5,48,0.000625,0,0,0,0,,,0,0,,0,,,214.78579861111112,24.810747979405882,0.690575458149946,3838ad94835ec33795d1865c9828fc3aaa5362f247098d05e5d6dfcce6780dac
m7_v1_development_m7c5_seed710501,m7v1d-m7c5-710501,M7C5,710501,3,command_conditioned_risk_roi,low,32374,31462,0.9718292456909866,5;5;5;5;5;5;5;5;5;5;5;5;5;5;5;5;5;5;5;5;5;5;5;5;5;5;5;5;5;5;5;5;5;5;5;35;5;5;5;5;5;5;5;35;5;5;5;5,48,0.000625,0,0,0,0,,,0,0,,0,,,214.78579861111112,24.810747979405882,0.690575458149946,a8e646dbbee300671d01f6bce95f7b6bef7a40d3279c7ed90b02e4ea87a5612e
m7_v1_development_m7c5_seed710501,m7v1d-m7c5-710501,M7C5,710501,3,command_conditioned_risk_roi,medium,33509,33264,0.9926885314393148,45;45;45;45;45;45;45;45;45;45;45;45;45;45;45;45;45;45;45;45;45;45;45;45;45;45;45;45;45;45;45;45;45;45;45;75;45;45;45;45;45;45;45;75;45;45;45;45,48,0.000625,0,0,0,0,,,0,0,,0,,,26.546805555555554,33.89068092062929,0.903377897080048,be92f136bc4bcd96732de0f0b3022ec676f34af1192715d2f1bbaf64e4ff417b
m7_v1_development_m7c5_seed710501,m7v1d-m7c5-710501,M7C5,710501,3,command_conditioned_risk_roi,high,34871,34384,0.986034240486364,65;65;65;65;65;65;65;65;65;65;65;65;65;65;65;65;65;65;65;65;65;65;65;65;65;65;65;65;65;65;65;65;65;65;65;95;65;65;65;65;65;65;65;95;65;65;65;65,48,0.000625,0,0,0,0,,,0,0,,0,,,18.368368055555557,35.49009787901808,0.928134375472863,ad0355f57b0faedab402bb4ddb4a3b48ffeb220536edabc0626a08ee3906014a
m7_v1_development_m7c5_seed710501,m7v1d-m7c5-710501,M7C5,710501,3,budget_conditioned_visual_voi,severe,31466,31466,1.0,1;1;15;15;15;15;15;1;1;1;1;1;1;1;1;1;1;1;1;1;1;1;1;1;15;15;1;15;1;15;15;15;1;1;1;15;15;1;1;1;1;1;1;15;1;1;1;15,15,0.3125,0,0,0,0,,,0,0,,0,,,363.2756597222222,22.528440607273374,0.6814329928015619,f8df1df344b106ada115099df15af26e307dc05790fe9b1a69a176fab3c50bcf
m7_v1_development_m7c5_seed710501,m7v1d-m7c5-710501,M7C5,710501,3,budget_conditioned_visual_voi,low,32374,32374,1.0,15;15;15;15;15;15;15;15;15;15;1;35;15;15;15;35;15;15;15;15;35;35;15;15;55;35;55;55;35;55;55;35;15;15;15;55;15;35;15;35;15;15;15;15;15;15;15;15,47,0.9791666666666666,0,0,0,0,,,0,0,,0,,,51.24607638888889,31.034197412452066,0.8274861056677265,3d6b54f243844220ecaf0ec1a26f09728e57a37838876eefbd7f0ee905182777
m7_v1_development_m7c5_seed710501,m7v1d-m7c5-710501,M7C5,710501,3,budget_conditioned_visual_voi,medium,33509,33507,0.9999403145423618,15;35;35;15;15;15;15;15;55;35;55;35;75;75;35;55;15;55;55;75;35;75;55;55;75;75;75;55;75;75;75;75;15;15;15;75;55;35;35;75;15;15;15;15;15;35;75;75,48,0.6875,0,0,0,0,,,0,0,,0,,,27.274340277777778,33.77326106362282,0.883537261730377,6e24ce1b42ddeab0564372a5c38d1485d01b3ddcffc0333e72c7f0cb3625deeb
m7_v1_development_m7c5_seed710501,m7v1d-m7c5-710501,M7C5,710501,3,budget_conditioned_visual_voi,high,34871,34870,0.999971322875742,35;55;55;55;35;55;55;35;55;35;55;35;75;75;75;75;15;75;75;75;95;95;75;55;95;75;75;75;75;75;75;95;15;15;15;95;55;75;75;75;15;15;15;75;15;35;75;75,48,0.8333333333333334,0,0,0,0,,,0,0,,0,,,19.155677083333334,35.3078285355124,0.9108635624319557,13d5c5a31f23a151e872f6d9654e24b14edb9eacba7785da9ec9b66fae73feea
m7_v1_development_m7c6_seed710600,m7v1d-m7c6-710600,M7C6,710600,0,state_only_risk_roi,severe,31466,31299,0.9946926841670375,5;5;5;5;5;5;5;5;5;5;5;5;5;5;5;5;5;5;5;5;5;5;5;5;5;5;5;5;5;5;5;5;5;5;5;5;5;5;5;5;5;5;5;35;5;5;5;5,48,0.00046875,0,0,0,0,,,0,0,,11716,145.90491635370432,26.49010434914747,166.27052083333334,25.92265103676523,0.8900035937512519,e65875d84ad4ed99108f000fe473857ff3d2211ffc59589025fa36adaf6befb3
m7_v1_development_m7c6_seed710600,m7v1d-m7c6-710600,M7C6,710600,0,state_only_risk_roi,low,32374,32298,0.9976524371409156,65;65;65;65;65;65;65;65;65;65;65;65;65;65;65;65;65;65;65;65;65;65;65;65;65;65;65;65;65;65;65;65;65;65;65;65;65;65;65;65;65;65;65;95;65;65;65;65,48,0.00046875,0,0,0,0,,,0,0,,11716,0.855326049846364,48.80948661746248,7.809982638888889,39.20430292399462,0.9740998537536307,3dee0530e482e0bdd83263cf85e12c7371ada79370d18c09057e3393666f1344
m7_v1_development_m7c6_seed710600,m7v1d-m7c6-710600,M7C6,710600,0,state_only_risk_roi,medium,33509,32298,0.9638604554000417,65;65;65;65;65;65;65;65;65;65;65;65;65;65;65;65;65;65;65;65;65;65;65;65;65;65;65;65;65;65;65;65;65;65;65;65;65;65;65;65;65;65;65;95;65;65;65;65,48,0.00046875,0,0,0,0,,,0,0,,11716,0.855326049846364,48.80948661746248,7.809982638888889,39.20430292399462,0.9740998537536307,c9bd645dd592d6819feb4766310e31fdeef80cdd222eeedcdde3cee9d6d47bea
m7_v1_development_m7c6_seed710600,m7v1d-m7c6-710600,M7C6,710600,0,state_only_risk_roi,high,34871,32298,0.926213759284219,65;65;65;65;65;65;65;65;65;65;65;65;65;65;65;65;65;65;65;65;65;65;65;65;65;65;65;65;65;65;65;65;65;65;65;65;65;65;65;65;65;65;65;95;65;65;65;65,48,0.00046875,0,0,0,0,,,0,0,,11716,0.855326049846364,48.80948661746248,7.809982638888889,39.20430292399462,0.9740998537536307,3421319f88895909781536d6017ce7ce7124b7e32d22ef1a83dbbab9f5df5f12
m7_v1_development_m7c6_seed710600,m7v1d-m7c6-710600,M7C6,710600,0,command_conditioned_risk_roi,severe,31466,31308,0.9949787071759995,5;5;5;5;5;5;5;5;5;5;5;5;5;5;5;5;5;5;5;5;5;5;5;5;5;5;5;5;5;5;5;5;5;5;5;5;5;5;5;5;5;5;5;35;5;5;5;5,48,0.00046875,0,0,0,0,,,0,0,,11716,145.90491635370432,26.49010434914747,166.27052083333334,25.92265103676523,0.8900035937512519,75d5d71d2f4097358560885c0b27380a01054e5bb1c12a3547d55a33448bf1f9
m7_v1_development_m7c6_seed710600,m7v1d-m7c6-710600,M7C6,710600,0,command_conditioned_risk_roi,low,32374,32307,0.9979304380058072,65;65;65;65;65;65;65;65;65;65;65;65;65;65;65;65;65;65;65;65;65;65;65;65;65;65;65;65;65;65;65;65;65;65;65;65;65;65;65;65;65;65;65;95;65;65;65;65,48,0.00046875,0,0,0,0,,,0,0,,11716,0.855326049846364,48.80948661746248,7.809982638888889,39.20430292399462,0.9740998537536307,5056ab58fb8596e70c1aaf7c8dfe82052682063c298c120acbe9b745e8bb588f
m7_v1_development_m7c6_seed710600,m7v1d-m7c6-710600,M7C6,710600,0,command_conditioned_risk_roi,medium,33509,32307,0.9641290399594139,65;65;65;65;65;65;65;65;65;65;65;65;65;65;65;65;65;65;65;65;65;65;65;65;65;65;65;65;65;65;65;65;65;65;65;65;65;65;65;65;65;65;65;95;65;65;65;65,48,0.00046875,0,0,0,0,,,0,0,,11716,0.855326049846364,48.80948661746248,7.809982638888889,39.20430292399462,0.9740998537536307,202efec18e3cc8059b8178d1dd11d457e57143c8b825601e41849ee9f90b05d1
m7_v1_development_m7c6_seed710600,m7v1d-m7c6-710600,M7C6,710600,0,command_conditioned_risk_roi,high,34871,32307,0.9264718534025408,65;65;65;65;65;65;65;65;65;65;65;65;65;65;65;65;65;65;65;65;65;65;65;65;65;65;65;65;65;65;65;65;65;65;65;65;65;65;65;65;65;65;65;95;65;65;65;65,48,0.00046875,0,0,0,0,,,0,0,,11716,0.855326049846364,48.80948661746248,7.809982638888889,39.20430292399462,0.9740998537536307,55c6916084a5e86a6279e4b4142880e59d82a501e29d2634eafcbc833dd6b964
m7_v1_development_m7c6_seed710600,m7v1d-m7c6-710600,M7C6,710600,0,budget_conditioned_visual_voi,severe,31466,31466,1.0,15;15;15;1;15;1;1;1;15;15;15;1;15;1;1;1;1;15;15;1;1;1;1;1;35;35;15;1;1;1;1;1;15;15;15;1;1;1;1;1;15;15;15;15;15;1;1;1,21,0.4375,0,0,0,0,,,0,0,,11716,69.90787527028564,29.685542581726484,70.9811111111111,29.61937567523743,0.9321003111446297,53aa1a018f6909ac8bfc40cf303cae8a8a76e659ef699e2a233b4b77b731058f
m7_v1_development_m7c6_seed710600,m7v1d-m7c6-710600,M7C6,710600,0,budget_conditioned_visual_voi,low,32374,32374,1.0,35;15;15;15;35;35;35;15;15;15;35;15;35;35;35;15;35;15;55;15;35;15;15;15;95;75;95;15;35;15;15;15;55;55;55;35;15;15;15;15;15;15;15;75;35;15;15;15,48,0.4375,0,0,0,0,,,0,0,,11716,4.949357004665984,41.18531579603835,11.659548611111111,37.46398623437905,0.9558747216864965,4ef81bcd565b57a3be3a9997b751722bd853575e8b8ee8e944a20e13c4f1c227
m7_v1_development_m7c6_seed710600,m7v1d-m7c6-710600,M7C6,710600,0,budget_conditioned_visual_voi,medium,33509,33508,0.9999701572711809,55;75;55;15;35;35;35;35;95;75;35;15;35;35;35;35;95;15;95;15;35;35;35;95;95;95;95;15;35;35;35;15;95;55;55;35;55;35;35;15;75;75;75;95;35;35;35;15,48,0.8333333333333334,0,0,0,0,,,0,0,,11716,3.7104244907249346,42.43656762995841,5.509045138888889,40.720040300465854,0.9753489548462886,0c64fe970dde38dfbaaa4e6a2b0fe5700194abbaa8bcc7165c70725bbc3b26ad
m7_v1_development_m7c6_seed710600,m7v1d-m7c6-710600,M7C6,710600,0,budget_conditioned_visual_voi,high,34871,34082,0.9773737489604543,95;95;55;15;35;35;35;35;95;95;35;15;35;35;35;35;95;15;95;15;35;35;35;95;95;95;95;15;35;35;35;15;95;55;55;35;55;35;35;15;95;95;95;95;35;35;35;15,48,0.8333333333333334,0,0,0,0,,,0,0,,11716,3.7104244907249346,42.43656762995841,5.1081770833333335,41.04814416485333,0.9784647096437462,9a1aa2555648b61f61638c853ad2dfaa50811203233dbee407dac8d1e786baca
m7_v1_development_m7c6_seed710600,m7v1d-m7c6-710600,M7C6,710600,1,state_only_risk_roi,severe,31466,31274,0.9938981758088095,5;5;5;5;5;5;5;5;5;5;5;5;5;5;5;5;5;5;5;5;5;5;5;5;5;5;5;5;5;5;5;5;5;5;5;5;5;5;5;5;5;5;5;35;5;5;5;5,48,0.0004166666666666667,0,0,0,0,,,2,0,0.0,18869,174.5748582330807,25.710986628320196,180.8343923611111,25.5579932968319,0.8952316215718783,b6f1372215f54c12b838ffa93fc14ff4673c7e5950e37f928606da04bc8eb2cd
m7_v1_development_m7c6_seed710600,m7v1d-m7c6-710600,M7C6,710600,1,state_only_risk_roi,low,32374,32085,0.9910730833384815,65;65;65;65;65;65;65;65;65;65;65;65;65;65;65;65;65;65;65;65;65;65;65;65;65;65;65;65;65;65;65;65;65;65;65;65;65;65;65;65;65;65;65;95;65;65;65;65,48,0.0004166666666666667,0,0,0,0,,,2,0,0.0,18869,8.386736622679173,38.894873562328435,10.063541666666667,38.103295117979435,0.9755293937404951,1de735c9649415fe5ce776e6165caed784510e0211ceb8274203a8282d95f8a3
m7_v1_development_m7c6_seed710600,m7v1d-m7c6-710600,M7C6,710600,1,state_only_risk_roi,medium,33509,32085,0.9575039541615685,65;65;65;65;65;65;65;65;65;65;65;65;65;65;65;65;65;65;65;65;65;65;65;65;65;65;65;65;65;65;65;65;65;65;65;65;65;65;65;65;65;65;65;95;65;65;65;65,48,0.0004166666666666667,0,0,0,0,,,2,0,0.0,18869,8.386736622679173,38.894873562328435,10.063541666666667,38.103295117979435,0.9755293937404951,f047145571d0112916b1e749da4aacf90360f38b1bd72f142e787457408ea63e
m7_v1_development_m7c6_seed710600,m7v1d-m7c6-710600,M7C6,710600,1,state_only_risk_roi,high,34871,32085,0.9201055318172694,65;65;65;65;65;65;65;65;65;65;65;65;65;65;65;65;65;65;65;65;65;65;65;65;65;65;65;65;65;65;65;65;65;65;65;65;65;65;65;65;65;65;65;95;65;65;65;65,48,0.0004166666666666667,0,0,0,0,,,2,0,0.0,18869,8.386736622679173,38.894873562328435,10.063541666666667,38.103295117979435,0.9755293937404951,4b3c2c77a50decd9998d57d9e4e428f038886d6e543e8083eb31e934f73965f4
m7_v1_development_m7c6_seed710600,m7v1d-m7c6-710600,M7C6,710600,1,command_conditioned_risk_roi,severe,31466,31285,0.9942477594864298,5;5;5;5;5;5;5;5;5;5;5;5;5;5;5;5;5;5;5;5;5;5;5;5;5;5;5;5;5;5;5;5;5;5;5;5;5;5;5;5;5;5;5;35;5;5;5;5,48,0.00046875,0,0,0,0,,,2,0,0.0,18869,174.5748582330807,25.710986628320196,180.8343923611111,25.5579932968319,0.8952316215718783,8f0acc9c1750809c6b11c26ebfa044a1882283b92045547add3d71f543bd71e6
m7_v1_development_m7c6_seed710600,m7v1d-m7c6-710600,M7C6,710600,1,command_conditioned_risk_roi,low,32374,32096,0.991412862173349,65;65;65;65;65;65;65;65;65;65;65;65;65;65;65;65;65;65;65;65;65;65;65;65;65;65;65;65;65;65;65;65;65;65;65;65;65;65;65;65;65;65;65;95;65;65;65;65,48,0.00046875,0,0,0,0,,,2,0,0.0,18869,8.386736622679173,38.894873562328435,10.063541666666667,38.103295117979435,0.9755293937404951,5a4a73a9e03a27c7e1745213df54abf9d3aad26b45d8610eca4329698e3c35b6
m7_v1_development_m7c6_seed710600,m7v1d-m7c6-710600,M7C6,710600,1,command_conditioned_risk_roi,medium,33509,32096,0.9578322241785789,65;65;65;65;65;65;65;65;65;65;65;65;65;65;65;65;65;65;65;65;65;65;65;65;65;65;65;65;65;65;65;65;65;65;65;65;65;65;65;65;65;65;65;95;65;65;65;65,48,0.00046875,0,0,0,0,,,2,0,0.0,18869,8.386736622679173,38.894873562328435,10.063541666666667,38.103295117979435,0.9755293937404951,e0c362a04c1c0a68e459d87c6f665683e252e4923ea8d89b9bf20c3817335d06
m7_v1_development_m7c6_seed710600,m7v1d-m7c6-710600,M7C6,710600,1,command_conditioned_risk_roi,high,34871,32096,0.9204209801841071,65;65;65;65;65;65;65;65;65;65;65;65;65;65;65;65;65;65;65;65;65;65;65;65;65;65;65;65;65;65;65;65;65;65;65;65;65;65;65;65;65;65;65;95;65;65;65;65,48,0.00046875,0,0,0,0,,,2,0,0.0,18869,8.386736622679173,38.894873562328435,10.063541666666667,38.103295117979435,0.9755293937404951,38acd914ffa6420f6bf2e37d683d74c5bb8bd063aa44a5b4093ae9a914c1abee
m7_v1_development_m7c6_seed710600,m7v1d-m7c6-710600,M7C6,710600,1,budget_conditioned_visual_voi,severe,31466,31466,1.0,1;15;15;35;1;1;1;1;1;15;35;55;1;1;1;1;1;15;15;1;1;1;1;1;15;15;15;1;1;1;1;1;35;15;35;1;1;1;1;1;1;35;35;1;1;1;1;1,16,0.3333333333333333,0,0,0,0,,,2,2,1.0,18869,91.59561538325649,28.512056760694154,101.46237847222223,28.06775322073849,0.8772199443117342,2fb1965d2dcb2bf3be813da73807b5f3451579f225d77975fbe84fb0465986af
m7_v1_development_m7c6_seed710600,m7v1d-m7c6-710600,M7C6,710600,1,budget_conditioned_visual_voi,low,32374,32374,1.0,1;15;35;75;1;1;1;1;1;15;95;75;1;1;1;1;15;15;75;1;1;1;1;1;75;35;95;1;1;1;1;1;75;35;75;1;55;1;1;15;1;75;95;1;55;15;15;15,23,0.4791666666666667,0,0,0,0,,,2,2,1.0,18869,68.28842722631477,29.787332504162862,75.68946180555555,29.34044943696579,0.9005472591934877,d0df96e4c8f7b17f28f8f869b3d4cc730a571668884e3d7fab1e4167221b3dbb
m7_v1_development_m7c6_seed710600,m7v1d-m7c6-710600,M7C6,710600,1,budget_conditioned_visual_voi,medium,33509,33503,0.9998209436270853,75;35;75;95;1;1;1;1;95;35;95;95;1;1;1;1;75;35;95;1;1;1;1;1;95;75;95;1;1;1;1;1;95;75;95;1;75;1;1;15;75;95;95;1;75;15;15;15,26,0.5416666666666666,0,0,0,0,,,2,2,1.0,18869,49.08082039323759,31.221685474551947,49.00828125,31.22810889057785,0.9185783758425674,bed3ee7e93a46f36fc603bf1125fdbd7333dbae294a3247b002daa1eeeb2b072
m7_v1_development_m7c6_seed710600,m7v1d-m7c6-710600,M7C6,710600,1,budget_conditioned_visual_voi,high,34871,33847,0.9706346247598291,95;35;95;95;1;1;1;1;95;35;95;95;1;1;1;1;95;35;95;1;1;1;1;1;95;95;95;1;1;1;1;1;95;95;95;1;95;1;1;15;95;95;95;1;95;15;15;15,26,0.5416666666666666,0,0,0,0,,,2,2,1.0,18869,48.71464659847722,31.254208045699418,47.98977430555556,31.319316534043846,0.9196318591560754,3ccba2435e7d3a2328a7a632a6c312ba87b1ffdcd2a9934fae1c6210824a48fd
m7_v1_development_m7c6_seed710600,m7v1d-m7c6-710600,M7C6,710600,2,state_only_risk_roi,severe,31466,31400,0.9979024979342783,5;5;5;5;5;5;5;5;5;5;5;5;5;5;5;5;5;5;5;5;5;5;5;5;5;5;5;5;5;5;5;5;5;5;5;5;5;5;5;5;5;5;5;35;5;5;5;5,48,0.0004166666666666667,0,0,0,0,,,6,0,0.0,5379,223.31028072132366,24.64171643359558,226.1417361111111,24.58699638902791,0.7831669463665175,82dec557093935409d79d968deaa749a2f76017d556f2e678c05070f4df9abde
m7_v1_development_m7c6_seed710600,m7v1d-m7c6-710600,M7C6,710600,2,state_only_risk_roi,low,32374,32109,0.9918144189781923,25;25;25;25;25;25;25;25;25;25;25;25;25;25;25;25;25;25;25;25;25;25;25;25;25;25;25;25;25;25;25;25;25;25;25;25;25;25;25;25;25;25;25;55;25;25;25;25,48,0.0004166666666666667,0,0,0,0,,,6,0,0.0,5379,15.134287661895025,36.33118376393864,38.72177083333333,32.2512515051773,0.9036576966450713,cb58d3ff480090f7531b1a35906b45be238eccca4a8b6f27f791ce98e4809098
m7_v1_development_m7c6_seed710600,m7v1d-m7c6-710600,M7C6,710600,2,state_only_risk_roi,medium,33509,33338,0.9948968933719299,65;65;65;65;65;65;65;65;65;65;65;65;65;65;65;65;65;65;65;65;65;65;65;65;65;65;65;65;65;65;65;65;65;65;65;65;65;65;65;65;65;65;65;95;65;65;65;65,48,0.0004166666666666667,0,0,0,0,,,6,0,0.0,5379,2.237094875131685,44.633959579637605,13.860434027777778,36.71303530814521,0.9522921525278448,851a67fa2ce970423af95338bd6f705dd862762a8c336b4865836661c7b33e6b
m7_v1_development_m7c6_seed710600,m7v1d-m7c6-710600,M7C6,710600,2,state_only_risk_roi,high,34871,33338,0.9560379685125175,65;65;65;65;65;65;65;65;65;65;65;65;65;65;65;65;65;65;65;65;65;65;65;65;65;65;65;65;65;65;65;65;65;65;65;65;65;65;65;65;65;65;65;95;65;65;65;65,48,0.0004166666666666667,0,0,0,0,,,6,0,0.0,5379,2.237094875131685,44.633959579637605,13.860434027777778,36.71303530814521,0.9522921525278448,362f09ea17b35310707fe9e7758b77857d9796ac96766a02b05534e584f81274
m7_v1_development_m7c6_seed710600,m7v1d-m7c6-710600,M7C6,710600,2,command_conditioned_risk_roi,severe,31466,31409,0.9981885209432403,5;5;5;5;5;5;5;5;5;5;5;5;5;5;5;5;5;5;5;5;5;5;5;5;5;5;5;5;5;5;5;5;5;5;5;5;5;5;5;5;5;5;5;35;5;5;5;5,48,0.0004166666666666667,0,0,0,0,,,6,0,0.0,5379,223.31028072132366,24.64171643359558,226.1417361111111,24.58699638902791,0.7831669463665175,f9d4d309db4739b622c31917ebe18949b109b35b411365f8b9ecdd30d3f23958
m7_v1_development_m7c6_seed710600,m7v1d-m7c6-710600,M7C6,710600,2,command_conditioned_risk_roi,low,32374,32118,0.9920924198430839,25;25;25;25;25;25;25;25;25;25;25;25;25;25;25;25;25;25;25;25;25;25;25;25;25;25;25;25;25;25;25;25;25;25;25;25;25;25;25;25;25;25;25;55;25;25;25;25,48,0.0004166666666666667,0,0,0,0,,,6,0,0.0,5379,15.134287661895025,36.33118376393864,38.72177083333333,32.2512515051773,0.9036576966450713,a2dd89395b715e9112336e68c7e0c6ef0d80d0309dd5651763b604d54bf28377
m7_v1_development_m7c6_seed710600,m7v1d-m7c6-710600,M7C6,710600,2,command_conditioned_risk_roi,medium,33509,33347,0.9951654779313021,65;65;65;65;65;65;65;65;65;65;65;65;65;65;65;65;65;65;65;65;65;65;65;65;65;65;65;65;65;65;65;65;65;65;65;65;65;65;65;65;65;65;65;95;65;65;65;65,48,0.0004166666666666667,0,0,0,0,,,6,0,0.0,5379,2.237094875131685,44.633959579637605,13.860434027777778,36.71303530814521,0.9522921525278448,8dea6f0f90ef8fd2e88d6eb475d5c8f0c95233884c252dd2c7cf7d87fabb6791
m7_v1_development_m7c6_seed710600,m7v1d-m7c6-710600,M7C6,710600,2,command_conditioned_risk_roi,high,34871,33347,0.9562960626308393,65;65;65;65;65;65;65;65;65;65;65;65;65;65;65;65;65;65;65;65;65;65;65;65;65;65;65;65;65;65;65;65;65;65;65;65;65;65;65;65;65;65;65;95;65;65;65;65,48,0.0004166666666666667,0,0,0,0,,,6,0,0.0,5379,2.237094875131685,44.633959579637605,13.860434027777778,36.71303530814521,0.9522921525278448,8164bcb7cca84e9e54850af267e357a502d2a612f8303217fe5ee70c9d7d6a2f
m7_v1_development_m7c6_seed710600,m7v1d-m7c6-710600,M7C6,710600,2,budget_conditioned_visual_voi,severe,31466,31466,1.0,15;15;15;15;15;1;15;1;1;1;1;1;1;1;1;1;1;1;1;1;1;1;1;1;15;15;15;15;15;1;1;1;15;15;1;15;15;1;1;1;1;1;15;15;15;1;1;1,18,0.375,0,0,0,0,,,6,0,0.0,5379,193.2981347214476,25.268526976520373,251.42975694444445,24.126636853222692,0.770264312440195,8a521db2f3aa33388697b73d8f6f0bee2d7bfef0bde96bdec57ba35a81321fe6
m7_v1_development_m7c6_seed710600,m7v1d-m7c6-710600,M7C6,710600,2,budget_conditioned_visual_voi,low,32374,32374,1.0,15;15;15;15;15;15;15;15;15;15;15;15;15;1;15;15;35;15;15;35;35;75;15;15;35;55;55;75;55;55;15;15;35;35;35;55;35;15;15;15;35;35;15;55;15;15;35;15,47,0.9791666666666666,0,0,0,0,,,6,6,1.0,5379,40.75175063518622,32.02934090739879,43.06027777777778,31.790035337787938,0.8989445150272616,effd9084c7d9bcd9683271444bfe6dc83f84bcc6d014b8423566479e409c8e7f
m7_v1_development_m7c6_seed710600,m7v1d-m7c6-710600,M7C6,710600,2,budget_conditioned_visual_voi,medium,33509,33509,1.0,35;35;35;35;35;55;35;35;35;55;35;35;35;1;15;35;55;15;55;35;75;75;35;15;75;75;75;95;55;95;35;15;55;75;35;75;55;75;35;15;75;35;15;95;15;15;35;35,47,0.9791666666666666,0,0,0,0,,,6,6,1.0,5379,33.000309846935615,32.94562343287518,27.139409722222222,33.79479963276303,0.9307185099681007,f7362d931139bd18e28d84648fba6748ecec0658ceadd18ccd6769bab9dd4e8b
m7_v1_development_m7c6_seed710600,m7v1d-m7c6-710600,M7C6,710600,2,budget_conditioned_visual_voi,high,34871,34871,1.0,55;35;75;55;55;75;75;35;55;55;55;55;55;1;75;35;75;75;75;75;75;95;55;15;95;95;95;95;55;95;75;15;75;75;75;75;75;95;55;15;95;35;55;95;55;55;35;35,47,0.9791666666666666,0,0,0,0,,,6,6,1.0,5379,31.548429076036438,33.1410262202926,20.118038194444445,35.09494732539058,0.9507234089306266,d886236edc731d25bf2685c7d409385a352113ad78ab65aeb649d2c41a88a72c
m7_v1_development_m7c6_seed710600,m7v1d-m7c6-710600,M7C6,710600,3,state_only_risk_roi,severe,31466,31392,0.9976482552596453,5;5;5;5;5;5;5;5;5;5;5;5;5;5;5;5;5;5;5;5;5;5;5;5;5;5;5;5;5;5;5;5;5;5;5;5;5;5;5;5;5;5;5;35;5;5;5;5,48,0.0005208333333333333,0,0,0,0,,,2,0,0.0,4800,176.38215277777778,25.666257219216277,204.7390625,25.018796505466753,0.797796444174608,aa5497a8e92aeb8c7b782569530ef828b2a5f12108595d9f053b75eb290f93f7
m7_v1_development_m7c6_seed710600,m7v1d-m7c6-710600,M7C6,710600,3,state_only_risk_roi,low,32374,32004,0.9885710755544573,25;25;25;25;25;25;25;25;25;25;25;25;25;25;25;25;25;25;25;25;25;25;25;25;25;25;25;25;25;25;25;25;25;25;25;25;25;25;25;25;25;25;25;55;25;25;25;25,48,0.0005208333333333333,0,0,0,0,,,2,0,0.0,4800,8.107013888888888,39.04219443819224,29.736197916666665,33.397949222156,0.9174915211547378,08eb5b052fb2dc7f677f59edd9aa1c732cad0ff27680904b69f673bbf7f3900c
m7_v1_development_m7c6_seed710600,m7v1d-m7c6-710600,M7C6,710600,3,state_only_risk_roi,medium,33509,33181,0.9902115849473276,65;65;65;65;65;65;65;65;65;65;65;65;65;65;65;65;65;65;65;65;65;65;65;65;65;65;65;65;65;65;65;65;65;65;65;65;65;65;65;65;65;65;65;95;65;65;65;65,48,0.0005208333333333333,0,0,0,0,,,2,0,0.0,4800,0.9153472222222222,48.51494492932239,11.067673611111111,37.69024017679759,0.9594839950719093,a6f40198afb5739b08ca3bfe1a190ebafb78a22b099c3d6c4a910d32b35339dc
m7_v1_development_m7c6_seed710600,m7v1d-m7c6-710600,M7C6,710600,3,state_only_risk_roi,high,34871,33181,0.9515356600040148,65;65;65;65;65;65;65;65;65;65;65;65;65;65;65;65;65;65;65;65;65;65;65;65;65;65;65;65;65;65;65;65;65;65;65;65;65;65;65;65;65;65;65;95;65;65;65;65,48,0.0005208333333333333,0,0,0,0,,,2,0,0.0,4800,0.9153472222222222,48.51494492932239,11.067673611111111,37.69024017679759,0.9594839950719093,51f2561c076223610f8d96174a4ce45ac303fd5ebad0ca929455d8f129fd3dd2
m7_v1_development_m7c6_seed710600,m7v1d-m7c6-710600,M7C6,710600,3,command_conditioned_risk_roi,severe,31466,31397,0.997807156931291,5;5;5;5;5;5;5;5;5;5;5;5;5;5;5;5;5;5;5;5;5;5;5;5;5;5;5;5;5;5;5;5;5;5;5;5;5;5;5;5;5;5;5;35;5;5;5;5,48,0.0004166666666666667,0,0,0,0,,,2,0,0.0,4800,176.38215277777778,25.666257219216277,204.7390625,25.018796505466753,0.797796444174608,de355b81ea27f6fe274a45831bf994050c478ed57b1d8c0d65422fd27db45cea
m7_v1_development_m7c6_seed710600,m7v1d-m7c6-710600,M7C6,710600,3,command_conditioned_risk_roi,low,32374,32009,0.9887255204793971,25;25;25;25;25;25;25;25;25;25;25;25;25;25;25;25;25;25;25;25;25;25;25;25;25;25;25;25;25;25;25;25;25;25;25;25;25;25;25;25;25;25;25;55;25;25;25;25,48,0.0004166666666666667,0,0,0,0,,,2,0,0.0,4800,8.107013888888888,39.04219443819224,29.736197916666665,33.397949222156,0.9174915211547378,e3a80cc9b7c8b0c290337bd8d9e7c6f6cea750d2326d36b94e4143d374cc6231
m7_v1_development_m7c6_seed710600,m7v1d-m7c6-710600,M7C6,710600,3,command_conditioned_risk_roi,medium,33509,33186,0.9903607985914232,65;65;65;65;65;65;65;65;65;65;65;65;65;65;65;65;65;65;65;65;65;65;65;65;65;65;65;65;65;65;65;65;65;65;65;65;65;65;65;65;65;65;65;95;65;65;65;65,48,0.0004166666666666667,0,0,0,0,,,2,0,0.0,4800,0.9153472222222222,48.51494492932239,11.067673611111111,37.69024017679759,0.9594839950719093,6c7c919fcc2534acf23bd5d0ace48ced44d451389af15324a78eb7f6c9a36555
m7_v1_development_m7c6_seed710600,m7v1d-m7c6-710600,M7C6,710600,3,command_conditioned_risk_roi,high,34871,33186,0.9516790456253047,65;65;65;65;65;65;65;65;65;65;65;65;65;65;65;65;65;65;65;65;65;65;65;65;65;65;65;65;65;65;65;65;65;65;65;65;65;65;65;65;65;65;65;95;65;65;65;65,48,0.0004166666666666667,0,0,0,0,,,2,0,0.0,4800,0.9153472222222222,48.51494492932239,11.067673611111111,37.69024017679759,0.9594839950719093,018a6e7970c411ea7e2e0685ce709ac796d2171366b0d118e1e0f4946c8a62fd
m7_v1_development_m7c6_seed710600,m7v1d-m7c6-710600,M7C6,710600,3,budget_conditioned_visual_voi,severe,31466,31466,1.0,15;15;15;15;15;15;1;1;1;1;1;1;1;15;1;1;1;1;1;1;1;15;1;1;1;15;15;15;15;1;1;1;15;15;15;15;1;1;1;1;1;15;15;15;15;1;1;1,20,0.4166666666666667,0,0,0,0,,,2,0,0.0,4800,99.79840277777778,28.139567701852318,206.78946180555556,24.97551957956211,0.7993264626125128,3ea5e592a9a3bb412a35c9db1d7e9dc0c2f65ca9edb023c269826d0d9d4d92e2
m7_v1_development_m7c6_seed710600,m7v1d-m7c6-710600,M7C6,710600,3,budget_conditioned_visual_voi,low,32374,32374,1.0,35;15;15;15;15;15;15;15;15;15;15;15;15;15;15;15;35;15;15;35;15;35;15;15;55;55;55;75;55;55;15;15;55;55;55;35;35;35;15;15;35;55;15;55;15;15;15;15,48,0.3958333333333333,0,0,0,0,,,2,0,0.0,4800,8.244652777777778,38.9690799074431,24.16394097222222,34.29912594705593,0.9188640818436938,840e7f1624a5551c4d2c25a0b0764729d04fa12c16ddeae5de804d0d4e4b6781
m7_v1_development_m7c6_seed710600,m7v1d-m7c6-710600,M7C6,710600,3,budget_conditioned_visual_voi,medium,33509,33509,1.0,35;35;35;35;35;35;15;35;35;55;35;35;35;55;15;35;75;55;75;75;55;75;35;15;75;95;95;95;55;55;35;15;75;75;75;75;55;35;35;15;75;75;15;55;15;15;35;35,48,0.8333333333333334,0,0,0,0,,,2,2,1.0,4800,4.9220138888888885,41.20937526011632,11.230694444444444,37.626737493913524,0.9523952328837523,440f7312c8b69a0fc651ad67d4a0bcc95f14dda396ffc04ae127de8a45f68067
m7_v1_development_m7c6_seed710600,m7v1d-m7c6-710600,M7C6,710600,3,budget_conditioned_visual_voi,high,34871,34871,1.0,55;75;75;55;55;75;75;35;55;55;55;55;55;75;55;35;75;75;75;75;75;75;75;15;95;95;95;95;55;95;35;15;75;95;95;75;75;35;55;15;95;95;55;55;55;75;35;35,48,0.9375,0,0,0,0,,,2,2,1.0,4800,3.935208333333333,42.1811263163864,6.788315972222223,39.813183118718264,0.9659999435266934,a1d0c77543a3d9fe608ad2d03b7f3ebef172ac939db86a276592f60b2aa30979
m7_v1_development_m7c6_seed710601,m7v1d-m7c6-710601,M7C6,710601,0,state_only_risk_roi,severe,31466,31325,0.9955189728595945,5;5;5;5;5;5;5;5;5;5;5;5;5;5;5;5;5;5;5;5;5;5;5;5;5;5;5;5;5;5;5;5;5;5;5;5;5;5;5;5;5;5;5;35;5;5;5;5,48,0.00046875,0,0,0,0,,,2,0,0.0,11831,161.06271659200405,26.060853409471708,184.12335069444444,25.47971491241309,0.8771190409581658,0e906d9d6b54619c40f19eb552ed6140bb0f5a77c4dfe5a4c88c87c2321b798d
m7_v1_development_m7c6_seed710601,m7v1d-m7c6-710601,M7C6,710601,0,state_only_risk_roi,low,32374,32103,0.9916290850682646,45;45;45;45;45;45;45;45;45;45;45;45;45;45;45;45;45;45;45;45;45;45;45;45;45;45;45;45;45;45;45;45;45;45;45;45;45;45;45;45;45;45;45;75;45;45;45;45,48,0.00046875,0,0,0,0,,,2,0,0.0,11831,3.045868199363255,43.29369254227598,15.333958333333333,36.274260820460384,0.9626297118507875,33b2d371cc708b1bc25297ea3bc3d824c930c37e6f549b924ce40d79057b49af
m7_v1_development_m7c6_seed710601,m7v1d-m7c6-710601,M7C6,710601,0,state_only_risk_roi,medium,33509,32528,0.9707242830284402,65;65;65;65;65;65;65;65;65;65;65;65;65;65;65;65;65;65;65;65;65;65;65;65;65;65;65;65;65;65;65;65;65;65;65;65;65;65;65;65;65;65;65;95;65;65;65;65,48,0.00046875,0,0,0,0,,,2,0,0.0,11831,1.432620516721607,46.56949194420026,9.586388888888889,38.31425317927897,0.9715451719043058,0c238913ed047737fb3a125cb5691eeab811763031289a9e389b3b6d0c395b9e
m7_v1_development_m7c6_seed710601,m7v1d-m7c6-710601,M7C6,710601,0,state_only_risk_roi,high,34871,32528,0.9328094978635543,65;65;65;65;65;65;65;65;65;65;65;65;65;65;65;65;65;65;65;65;65;65;65;65;65;65;65;65;65;65;65;65;65;65;65;65;65;65;65;65;65;65;65;95;65;65;65;65,48,0.00046875,0,0,0,0,,,2,0,0.0,11831,1.432620516721607,46.56949194420026,9.586388888888889,38.31425317927897,0.9715451719043058,355a7afb6c0b126d681288d896814c8da0a4275b2dd8ada5f5861e130c18ce28
m7_v1_development_m7c6_seed710601,m7v1d-m7c6-710601,M7C6,710601,0,command_conditioned_risk_roi,severe,31466,31334,0.9958049958685565,5;5;5;5;5;5;5;5;5;5;5;5;5;5;5;5;5;5;5;5;5;5;5;5;5;5;5;5;5;5;5;5;5;5;5;5;5;5;5;5;5;5;5;35;5;5;5;5,48,0.00046875,0,0,0,0,,,2,0,0.0,11831,161.06271659200405,26.060853409471708,184.12335069444444,25.47971491241309,0.8771190409581658,fefe0f61963cb9ed0646c449e9ff1f6a8bd24efbb2ed9fdc6e61d0bc88d04f34
m7_v1_development_m7c6_seed710601,m7v1d-m7c6-710601,M7C6,710601,0,command_conditioned_risk_roi,low,32374,32112,0.9919070859331562,45;45;45;45;45;45;45;45;45;45;45;45;45;45;45;45;45;45;45;45;45;45;45;45;45;45;45;45;45;45;45;45;45;45;45;45;45;45;45;45;45;45;45;75;45;45;45;45,48,0.00046875,0,0,0,0,,,2,0,0.0,11831,3.045868199363255,43.29369254227598,15.333958333333333,36.274260820460384,0.9626297118507875,94172f1a776a3db08509d968a90bb0148ab2e28f9249c9af33c082317a4ffdba
m7_v1_development_m7c6_seed710601,m7v1d-m7c6-710601,M7C6,710601,0,command_conditioned_risk_roi,medium,33509,32537,0.9709928675878122,65;65;65;65;65;65;65;65;65;65;65;65;65;65;65;65;65;65;65;65;65;65;65;65;65;65;65;65;65;65;65;65;65;65;65;65;65;65;65;65;65;65;65;95;65;65;65;65,48,0.00046875,0,0,0,0,,,2,0,0.0,11831,1.432620516721607,46.56949194420026,9.586388888888889,38.31425317927897,0.9715451719043058,937ba0f2b0e30b8285b3e7db56d4e287063c6384e09dbe1638d867b3c4b99ea5
m7_v1_development_m7c6_seed710601,m7v1d-m7c6-710601,M7C6,710601,0,command_conditioned_risk_roi,high,34871,32537,0.933067591981876,65;65;65;65;65;65;65;65;65;65;65;65;65;65;65;65;65;65;65;65;65;65;65;65;65;65;65;65;65;65;65;65;65;65;65;65;65;65;65;65;65;65;65;95;65;65;65;65,48,0.00046875,0,0,0,0,,,2,0,0.0,11831,1.432620516721607,46.56949194420026,9.586388888888889,38.31425317927897,0.9715451719043058,882921229f2e6ca0fe8a788bf42b6ad313ea4172ada5b8b0725c0ebc940e2044
m7_v1_development_m7c6_seed710601,m7v1d-m7c6-710601,M7C6,710601,0,budget_conditioned_visual_voi,severe,31466,31466,1.0,15;15;1;1;1;1;1;1;15;15;1;1;1;1;1;1;1;15;15;1;1;1;1;1;15;15;15;1;1;1;1;1;15;15;15;1;1;1;1;1;15;15;15;55;15;1;1;1,17,0.3541666666666667,0,0,0,0,,,2,2,1.0,11831,89.1050347955935,28.631781167393726,105.46755208333333,27.899614947762345,0.9155772364254763,e72cb355028c94b8f92ae1d3cedc5b715a312ba8812ad643820cc3b63107876f
m7_v1_development_m7c6_seed710601,m7v1d-m7c6-710601,M7C6,710601,0,budget_conditioned_visual_voi,low,32374,32374,1.0,35;35;15;15;35;35;35;35;35;15;35;15;35;35;35;35;55;15;75;15;35;35;35;15;75;75;75;15;35;35;35;15;75;55;55;35;55;35;35;15;15;15;75;95;35;35;35;15,48,0.7291666666666666,0,0,0,0,,,2,2,1.0,11831,6.103935987377793,40.274703903893645,15.211944444444445,36.30895630212725,0.9553087787644333,f4834e0c5564398cd3bd0be344814c5d828b67b40058b5130f1b7a9a358ce96d
m7_v1_development_m7c6_seed710601,m7v1d-m7c6-710601,M7C6,710601,0,budget_conditioned_visual_voi,medium,33509,33509,1.0,55;55;55;15;35;35;35;35;55;75;75;15;35;35;35;35;75;15;95;15;35;35;35;15;95;95;95;15;35;35;35;15;75;55;55;35;55;35;35;15;35;55;95;95;35;35;35;15,48,0.8125,0,0,0,0,,,2,2,1.0,11831,4.027470205392612,42.08048024608794,7.078420138888889,39.63144024297708,0.9707065403199072,bbdfda93c46701dc28c7ad9b1d428d66d6af0d855ffb6748cb6d1c21587d15ca
m7_v1_development_m7c6_seed710601,m7v1d-m7c6-710601,M7C6,710601,0,budget_conditioned_visual_voi,high,34871,34672,0.9942932522726621,95;95;95;15;35;35;35;35;95;95;95;15;35;35;35;35;95;15;95;15;35;35;35;15;95;95;95;15;35;35;35;15;95;55;55;35;55;35;35;15;95;95;95;95;35;35;35;15,48,0.8125,0,0,0,0,,,2,2,1.0,11831,3.886653706364635,42.235045133456346,5.287239583333333,40.89851370613705,0.9779604904124582,0df8f8219e534a0bf185e8fa506b2d17300978e99b4e226d0eac9288c950bb04
m7_v1_development_m7c6_seed710601,m7v1d-m7c6-710601,M7C6,710601,1,state_only_risk_roi,severe,31466,31302,0.9947880251700247,5;5;5;5;5;5;5;5;5;5;5;5;5;5;5;5;5;5;5;5;5;5;5;5;5;5;5;5;5;5;5;5;5;5;5;5;5;5;5;5;5;5;5;35;5;5;5;5,48,0.00046875,0,0,0,0,,,8,0,0.0,17880,180.4891312453393,25.56629306328693,189.11913194444443,25.363448950709525,0.8826620782480962,8a5deb6f47a8cab80e26a8a00889c70fa95af00ba7c2ea7c7a5dd97119be9504
m7_v1_development_m7c6_seed710601,m7v1d-m7c6-710601,M7C6,710601,1,state_only_risk_roi,low,32374,32193,0.9944090937171804,65;65;65;65;65;65;65;65;65;65;65;65;65;65;65;65;65;65;65;65;65;65;65;65;65;65;65;65;65;65;65;65;65;65;65;65;65;65;65;65;65;65;65;95;65;65;65;65,48,0.00046875,0,0,0,0,,,8,0,0.0,17880,8.507494407158836,38.83278688605894,10.405677083333334,37.95810016446318,0.9729223857084488,e0d77d61ef954eb6e9ba1b6af83520b44a7f7d533cc166d422572e11aa20a52f
m7_v1_development_m7c6_seed710601,m7v1d-m7c6-710601,M7C6,710601,1,state_only_risk_roi,medium,33509,32193,0.9607269688740339,65;65;65;65;65;65;65;65;65;65;65;65;65;65;65;65;65;65;65;65;65;65;65;65;65;65;65;65;65;65;65;65;65;65;65;65;65;65;65;65;65;65;65;95;65;65;65;65,48,0.00046875,0,0,0,0,,,8,0,0.0,17880,8.507494407158836,38.83278688605894,10.405677083333334,37.95810016446318,0.9729223857084488,077f557af4a0aa81defbc6594cfc97c0c0dcf5f6a7195a85dfe233a15d2c8ff3
m7_v1_development_m7c6_seed710601,m7v1d-m7c6-710601,M7C6,710601,1,state_only_risk_roi,high,34871,32193,0.9232026612371311,65;65;65;65;65;65;65;65;65;65;65;65;65;65;65;65;65;65;65;65;65;65;65;65;65;65;65;65;65;65;65;65;65;65;65;65;65;65;65;65;65;65;65;95;65;65;65;65,48,0.00046875,0,0,0,0,,,8,0,0.0,17880,8.507494407158836,38.83278688605894,10.405677083333334,37.95810016446318,0.9729223857084488,dc68a6ea78a596f1ec798ca613313fd7460953c6bf40633926e9efe74331fdb0
m7_v1_development_m7c6_seed710601,m7v1d-m7c6-710601,M7C6,710601,1,command_conditioned_risk_roi,severe,31466,31311,0.9950740481789868,5;5;5;5;5;5;5;5;5;5;5;5;5;5;5;5;5;5;5;5;5;5;5;5;5;5;5;5;5;5;5;5;5;5;5;5;5;5;5;5;5;5;5;35;5;5;5;5,48,0.00046875,0,0,0,0,,,8,0,0.0,17880,180.4891312453393,25.56629306328693,189.11913194444443,25.363448950709525,0.8826620782480962,50100888a75ada1e6c48bc6492b2680246b5b7e5e27ad42f711efdeca4860a56
m7_v1_development_m7c6_seed710601,m7v1d-m7c6-710601,M7C6,710601,1,command_conditioned_risk_roi,low,32374,32202,0.994687094582072,65;65;65;65;65;65;65;65;65;65;65;65;65;65;65;65;65;65;65;65;65;65;65;65;65;65;65;65;65;65;65;65;65;65;65;65;65;65;65;65;65;65;65;95;65;65;65;65,48,0.00046875,0,0,0,0,,,8,0,0.0,17880,8.507494407158836,38.83278688605894,10.405677083333334,37.95810016446318,0.9729223857084488,e6f28a94409865faff114b89bfe38ddb5f1603b4c385ee158dda29ea42163fce
m7_v1_development_m7c6_seed710601,m7v1d-m7c6-710601,M7C6,710601,1,command_conditioned_risk_roi,medium,33509,32202,0.9609955534334059,65;65;65;65;65;65;65;65;65;65;65;65;65;65;65;65;65;65;65;65;65;65;65;65;65;65;65;65;65;65;65;65;65;65;65;65;65;65;65;65;65;65;65;95;65;65;65;65,48,0.00046875,0,0,0,0,,,8,0,0.0,17880,8.507494407158836,38.83278688605894,10.405677083333334,37.95810016446318,0.9729223857084488,a15b84ff64c0e0634008f82341951347a34e190dfc727fa31512534c2c6858ac
m7_v1_development_m7c6_seed710601,m7v1d-m7c6-710601,M7C6,710601,1,command_conditioned_risk_roi,high,34871,32202,0.9234607553554529,65;65;65;65;65;65;65;65;65;65;65;65;65;65;65;65;65;65;65;65;65;65;65;65;65;65;65;65;65;65;65;65;65;65;65;65;65;65;65;65;65;65;65;95;65;65;65;65,48,0.00046875,0,0,0,0,,,8,0,0.0,17880,8.507494407158836,38.83278688605894,10.405677083333334,37.95810016446318,0.9729223857084488,48e694b39e516488770b62f9fabcb2e5336c51cdda207496e9b5df80eeafd59d
m7_v1_development_m7c6_seed710601,m7v1d-m7c6-710601,M7C6,710601,1,budget_conditioned_visual_voi,severe,31466,31466,1.0,1;15;15;15;35;1;1;1;1;15;15;35;1;1;1;1;15;15;1;15;1;1;1;1;35;15;1;15;1;1;1;1;15;15;15;15;1;1;1;1;1;1;15;1;1;1;1;1,18,0.375,0,0,0,0,,,8,8,1.0,17880,89.5475764354959,28.610265245067996,101.46336805555555,28.067710863315796,0.8664106784982923,030146f957d28e1da9fb4148ecb737010884b7e0c850b7d8d3b0d936a98ee499
m7_v1_development_m7c6_seed710601,m7v1d-m7c6-710601,M7C6,710601,1,budget_conditioned_visual_voi,low,32374,32374,1.0,35;35;35;35;95;1;1;1;1;15;35;75;1;1;1;1;75;15;35;75;1;1;1;1;75;15;35;95;1;1;1;1;55;15;75;95;1;1;1;15;15;35;75;1;35;1;15;15,27,0.5625,0,0,0,0,,,8,8,1.0,17880,57.655145413870244,30.522422890440648,60.53607638888889,30.310660918832248,0.9021125932209259,a481732d770172663d81c182e5ed31c613090383b2816773505ef86f11649cb4
m7_v1_development_m7c6_seed710601,m7v1d-m7c6-710601,M7C6,710601,1,budget_conditioned_visual_voi,medium,33509,33498,0.9996717299829897,75;35;75;75;95;1;1;1;1;35;75;95;1;1;1;1;95;35;35;95;1;1;1;1;95;35;75;95;1;1;1;1;95;35;95;95;1;1;1;15;35;75;95;1;35;1;15;15,27,0.5625,0,0,0,0,,,8,8,1.0,17880,53.15706562266965,30.875193618676455,54.051996527777774,30.80268620673255,0.9145916643954917,75b98246813725e105b4987ea07a835389d2ce465f19ead4beea1e7c2cc2d3ae
m7_v1_development_m7c6_seed710601,m7v1d-m7c6-710601,M7C6,710601,1,budget_conditioned_visual_voi,high,34871,33914,0.9725559920851137,95;35;95;95;95;1;1;1;1;35;95;95;1;1;1;1;95;35;35;95;1;1;1;1;95;35;95;95;1;1;1;1;95;35;95;95;1;1;1;15;95;95;95;1;35;1;15;15,27,0.5625,0,0,0,0,,,8,8,1.0,17880,52.55624533929903,30.92456029557228,52.57838541666667,30.922731152595762,0.9183981525402375,e547de1053e36e6c062f06e29d2b96d6134c4db962f4a4900ddea85386616668
m7_v1_development_m7c6_seed710601,m7v1d-m7c6-710601,M7C6,710601,2,state_only_risk_roi,severe,31466,31419,0.9985063242865315,5;5;5;5;5;5;5;5;5;5;5;5;5;5;5;5;5;5;5;5;5;5;5;5;5;5;5;5;5;5;5;5;5;5;5;5;5;5;5;5;5;5;5;35;5;5;5;5,48,0.0005208333333333333,0,0,0,0,,,0,0,,3951,255.5399476925673,24.05621559307879,231.26392361111112,24.489724712819772,0.7612343226733246,fb2dc1fb7d4815728c8fbbc3f36607eee8c30a0987b7e00cf27d825cdce6e3a9
m7_v1_development_m7c6_seed710601,m7v1d-m7c6-710601,M7C6,710601,2,state_only_risk_roi,low,32374,32177,0.9939148699573732,25;25;25;25;25;25;25;25;25;25;25;25;25;25;25;25;25;25;25;25;25;25;25;25;25;25;25;25;25;25;25;25;25;25;25;25;25;25;25;25;25;25;25;55;25;25;25;25,48,0.0005208333333333333,0,0,0,0,,,0,0,,3951,18.498017379566356,35.45955177721959,40.180277777777775,32.090674260430596,0.8962088746106275,eed374f263a13b03f694c18ef8b1859c1c5b5594422636ee2740c2d27714102f
m7_v1_development_m7c6_seed710601,m7v1d-m7c6-710601,M7C6,710601,2,state_only_risk_roi,medium,33509,32776,0.9781252797755827,45;45;45;45;45;45;45;45;45;45;45;45;45;45;45;45;45;45;45;45;45;45;45;45;45;45;45;45;45;45;45;45;45;45;45;45;45;45;45;45;45;45;45;75;45;45;45;45,48,0.0005208333333333333,0,0,0,0,,,0,0,,3951,8.521471357462246,38.825657722917036,23.507256944444446,34.418784064939075,0.9277283586463465,9e99913d0adbb71677db9ad93e2ebd243e4e9b1e97b599191eddd2631ea765c0
m7_v1_development_m7c6_seed710601,m7v1d-m7c6-710601,M7C6,710601,2,state_only_risk_roi,high,34871,33515,0.9611138195061799,65;65;65;65;65;65;65;65;65;65;65;65;65;65;65;65;65;65;65;65;65;65;65;65;65;65;65;65;65;65;65;65;65;65;65;65;65;65;65;65;65;65;65;95;65;65;65;65,48,0.0005208333333333333,0,0,0,0,,,0,0,,3951,2.773981270564414,43.69976836401007,14.973715277777778,36.377507900207014,0.9452498684163402,4b090cc5479d0451f33f8271ba145bc6984627535034a30bf1b6da0b6ad83f6c
m7_v1_development_m7c6_seed710601,m7v1d-m7c6-710601,M7C6,710601,2,command_conditioned_risk_roi,severe,31466,31422,0.9986016652895189,5;5;5;5;5;5;5;5;5;5;5;5;5;5;5;5;5;5;5;5;5;5;5;5;5;5;5;5;5;5;5;5;5;5;5;5;5;5;5;5;5;5;5;35;5;5;5;5,48,0.00036458333333333335,0,0,0,0,,,0,0,,3951,255.5399476925673,24.05621559307879,231.26392361111112,24.489724712819772,0.7612343226733246,200f9bdba6c5fc81100a135e0a332b16403837e78fe1e0b68ed223f295bf1192
m7_v1_development_m7c6_seed710601,m7v1d-m7c6-710601,M7C6,710601,2,command_conditioned_risk_roi,low,32374,32180,0.994007536912337,25;25;25;25;25;25;25;25;25;25;25;25;25;25;25;25;25;25;25;25;25;25;25;25;25;25;25;25;25;25;25;25;25;25;25;25;25;25;25;25;25;25;25;55;25;25;25;25,48,0.00036458333333333335,0,0,0,0,,,0,0,,3951,18.498017379566356,35.45955177721959,40.180277777777775,32.090674260430596,0.8962088746106275,9feae0bb7a8bd9e65c909cc6e071da59cf475c26d3a8109d7cccc599b54fc831
m7_v1_development_m7c6_seed710601,m7v1d-m7c6-710601,M7C6,710601,2,command_conditioned_risk_roi,medium,33509,32779,0.9782148079620401,45;45;45;45;45;45;45;45;45;45;45;45;45;45;45;45;45;45;45;45;45;45;45;45;45;45;45;45;45;45;45;45;45;45;45;45;45;45;45;45;45;45;45;75;45;45;45;45,48,0.00036458333333333335,0,0,0,0,,,0,0,,3951,8.521471357462246,38.825657722917036,23.507256944444446,34.418784064939075,0.9277283586463465,d13261b6b6901d33ec08a88b6e3bb041c9e0bdfdea70bf3d05223dcbb1f423be
m7_v1_development_m7c6_seed710601,m7v1d-m7c6-710601,M7C6,710601,2,command_conditioned_risk_roi,high,34871,33518,0.9611998508789539,65;65;65;65;65;65;65;65;65;65;65;65;65;65;65;65;65;65;65;65;65;65;65;65;65;65;65;65;65;65;65;65;65;65;65;65;65;65;65;65;65;65;65;95;65;65;65;65,48,0.00036458333333333335,0,0,0,0,,,0,0,,3951,2.773981270564414,43.69976836401007,14.973715277777778,36.377507900207014,0.9452498684163402,9895a7a79021a91bdc47630d932cebf5b89c6bd67f35080c0ac07d8a3f15fa9f
m7_v1_development_m7c6_seed710601,m7v1d-m7c6-710601,M7C6,710601,2,budget_conditioned_visual_voi,severe,31466,31466,1.0,1;1;1;1;1;15;1;1;1;1;1;1;1;1;1;1;1;1;1;1;1;1;1;1;15;1;15;15;15;15;1;1;1;15;1;15;1;1;1;1;1;15;15;15;1;1;1;1,11,0.22916666666666666,0,0,0,0,,,0,0,,3951,252.86560364464694,24.10190602948066,324.01916666666665,23.025096601323742,0.7541810313842415,53e2d848b81a346047156d8626bb0df522b0f321a1e3eaedc6f8730125265c4c
m7_v1_development_m7c6_seed710601,m7v1d-m7c6-710601,M7C6,710601,2,budget_conditioned_visual_voi,low,32374,32374,1.0,15;35;15;15;15;15;15;15;15;15;15;15;15;15;1;15;15;55;15;15;35;35;35;15;55;35;35;35;55;55;75;15;35;35;55;35;35;35;15;15;15;35;35;55;15;15;15;15,47,0.9791666666666666,0,0,0,0,,,0,0,,3951,59.09077870581287,30.415606476625,45.656875,31.53574178126766,0.885034766271466,11548e629867bb914c6d2d3824a77d15af1d21037b6804ce438415beac7d1501
m7_v1_development_m7c6_seed710601,m7v1d-m7c6-710601,M7C6,710601,2,budget_conditioned_visual_voi,medium,33509,33509,1.0,35;35;35;35;35;35;55;35;35;55;55;35;35;15;1;35;75;55;15;55;75;35;75;35;75;75;75;95;95;55;95;35;55;55;75;75;35;35;75;15;15;35;35;55;15;15;15;15,47,0.9791666666666666,0,0,0,0,,,0,0,,3951,48.627604825782505,31.26197482140026,28.481753472222223,33.58513637845918,0.9198206456381479,5c1bee99cb23f65e24eb826af3fc7219d9b6b8a14ed7a3044fa30a28bde10360
m7_v1_development_m7c6_seed710601,m7v1d-m7c6-710601,M7C6,710601,2,budget_conditioned_visual_voi,high,34871,34871,1.0,35;35;35;35;55;55;75;35;55;55;55;55;35;55;1;35;75;95;15;75;75;75;95;35;95;95;95;95;95;55;95;35;55;75;95;95;35;35;95;15;15;35;55;55;35;35;35;15,47,0.9791666666666666,0,0,0,0,,,0,0,,3951,47.18872859191766,31.392420845835083,22.411631944444444,34.62606879225214,0.9372333665576722,6f6ee3c9cab78fad1021596bc53cb9036b3c069a4ea0355c84ba8ac9d0f0c877
m7_v1_development_m7c6_seed710601,m7v1d-m7c6-710601,M7C6,710601,3,state_only_risk_roi,severe,31466,31429,0.9988241276298226,5;5;5;5;5;5;5;5;5;5;5;5;5;5;5;5;5;5;5;5;5;5;5;5;5;5;5;5;5;5;5;5;5;5;5;5;5;5;5;5;5;5;5;35;5;5;5;5,48,0.00046875,0,0,0,0,,,5,0,0.0,2760,265.8009661835749,23.88523805602685,235.1876736111111,24.416658046158453,0.7498485679146999,5f4baa2e0da363d3ace645d8e6f49ff3e2f1950e4f83644f2270e28b2c2ffa57
m7_v1_development_m7c6_seed710601,m7v1d-m7c6-710601,M7C6,710601,3,state_only_risk_roi,low,32374,32239,0.9958299870266263,25;25;25;25;25;25;25;25;25;25;25;25;25;25;25;25;25;25;25;25;25;25;25;25;25;25;25;25;25;25;25;25;25;25;25;25;25;25;25;25;25;25;25;55;25;25;25;25,48,0.00046875,0,0,0,0,,,5,0,0.0,2760,61.12536231884058,30.26858914460458,42.2671875,31.87077010457103,0.8973343144731672,33137f5476ddc78e444d448db1cb3e635392e24f4f0060b579e9a645ddeccdbd
m7_v1_development_m7c6_seed710601,m7v1d-m7c6-710601,M7C6,710601,3,state_only_risk_roi,medium,33509,32882,0.9812886090304097,45;45;45;45;45;45;45;45;45;45;45;45;45;45;45;45;45;45;45;45;45;45;45;45;45;45;45;45;45;45;45;45;45;45;45;45;45;45;45;45;45;45;45;75;45;45;45;45,48,0.00046875,0,0,0,0,,,5,0,0.0,2760,32.531763285024155,33.00772757340064,23.498368055555556,34.42042658982443,0.9287932230316027,7eb895d77cc7135f7e65535f376a71dac332406a7f52fe7512ddb7a168c01c42
m7_v1_development_m7c6_seed710601,m7v1d-m7c6-710601,M7C6,710601,3,state_only_risk_roi,high,34871,33662,0.9653293567721029,65;65;65;65;65;65;65;65;65;65;65;65;65;65;65;65;65;65;65;65;65;65;65;65;65;65;65;65;65;65;65;65;65;65;65;65;65;65;65;65;65;65;65;95;65;65;65;65,48,0.00046875,0,0,0,0,,,5,0,0.0,2760,10.161714975845412,38.06113351572273,13.81076388888889,36.72862660308522,0.9488222651498074,b2a7a7b6b345930648d1cc1c0ca3afa8bdd5b24820993ea67fecabbe893e4bb4
m7_v1_development_m7c6_seed710601,m7v1d-m7c6-710601,M7C6,710601,3,command_conditioned_risk_roi,severe,31466,31436,0.9990465899701265,5;5;5;5;5;5;5;5;5;5;5;5;5;5;5;5;5;5;5;5;5;5;5;5;5;5;5;5;5;5;5;5;5;5;5;5;5;5;5;5;5;5;5;35;5;5;5;5,48,0.0004166666666666667,0,0,0,0,,,5,0,0.0,2760,265.8009661835749,23.88523805602685,235.1876736111111,24.416658046158453,0.7498485679146999,997309cb40cdfaf0faa107265bedd573594d59a714be497af04976e918cf9009
m7_v1_development_m7c6_seed710601,m7v1d-m7c6-710601,M7C6,710601,3,command_conditioned_risk_roi,low,32374,32246,0.996046209921542,25;25;25;25;25;25;25;25;25;25;25;25;25;25;25;25;25;25;25;25;25;25;25;25;25;25;25;25;25;25;25;25;25;25;25;25;25;25;25;25;25;25;25;55;25;25;25;25,48,0.0004166666666666667,0,0,0,0,,,5,0,0.0,2760,61.12536231884058,30.26858914460458,42.2671875,31.87077010457103,0.8973343144731672,3a5624568ae72aeef12df80dd22924623ae9e6a8f61a732979fa16355446f350
m7_v1_development_m7c6_seed710601,m7v1d-m7c6-710601,M7C6,710601,3,command_conditioned_risk_roi,medium,33509,32889,0.9814975081321436,45;45;45;45;45;45;45;45;45;45;45;45;45;45;45;45;45;45;45;45;45;45;45;45;45;45;45;45;45;45;45;45;45;45;45;45;45;45;45;45;45;45;45;75;45;45;45;45,48,0.0004166666666666667,0,0,0,0,,,5,0,0.0,2760,32.531763285024155,33.00772757340064,23.498368055555556,34.42042658982443,0.9287932230316027,7f59f66b6679d60576dec2696eb70ebc32e2dd9a360d968b5d4f4daa08b33be8
m7_v1_development_m7c6_seed710601,m7v1d-m7c6-710601,M7C6,710601,3,command_conditioned_risk_roi,high,34871,33669,0.9655300966419087,65;65;65;65;65;65;65;65;65;65;65;65;65;65;65;65;65;65;65;65;65;65;65;65;65;65;65;65;65;65;65;65;65;65;65;65;65;65;65;65;65;65;65;95;65;65;65;65,48,0.0004166666666666667,0,0,0,0,,,5,0,0.0,2760,10.161714975845412,38.06113351572273,13.81076388888889,36.72862660308522,0.9488222651498074,58921794b165dcab558d1b9295655d71cdc8889141f215b1a8d83146994b5141
m7_v1_development_m7c6_seed710601,m7v1d-m7c6-710601,M7C6,710601,3,budget_conditioned_visual_voi,severe,31466,31466,1.0,1;1;1;1;15;15;1;1;1;1;1;1;1;1;15;1;1;1;1;1;1;1;1;1;1;15;15;15;15;1;15;1;15;15;1;1;1;1;1;1;1;1;15;15;1;1;1;1,12,0.25,0,0,0,0,,,5,0,0.0,2760,146.40519323671498,26.475238787217208,346.81710069444443,22.72979857547781,0.7329786235370855,b59326080d9023c5459674417b5f68ce4a20fb44e41b92c2f0f972baeb744bc2
m7_v1_development_m7c6_seed710601,m7v1d-m7c6-710601,M7C6,710601,3,budget_conditioned_visual_voi,low,32374,32374,1.0,35;35;15;15;15;15;15;15;15;15;15;15;15;15;35;15;15;15;15;15;15;15;35;35;55;35;35;35;55;55;55;15;15;55;35;35;15;15;15;15;15;55;15;75;1;35;15;15,47,0.9791666666666666,0,0,0,0,,,5,5,1.0,2760,47.948550724637684,31.323048759890636,46.432916666666664,31.46254396295972,0.877405959136322,4671a26afd895a446c57850c1ac28e2c30a841af30b5265f779000e3b5b1312e
m7_v1_development_m7c6_seed710601,m7v1d-m7c6-710601,M7C6,710601,3,budget_conditioned_visual_voi,medium,33509,33509,1.0,35;35;35;35;35;35;35;35;55;55;55;55;55;55;55;55;55;55;55;55;75;55;55;35;75;75;75;75;75;55;95;15;75;55;75;55;35;15;75;15;15;75;75;75;1;35;15;15,47,0.9791666666666666,0,0,0,0,,,5,5,1.0,2760,23.31461352657005,34.45452140076719,24.413611111111113,34.254483385323354,0.9278588435643934,694afea4df7c4168a8ce26ebd61e355f7f3a96aa0219e84b396cbb0ab1baa8ec
m7_v1_development_m7c6_seed710601,m7v1d-m7c6-710601,M7C6,710601,3,budget_conditioned_visual_voi,high,34871,34871,1.0,35;35;55;55;35;35;55;35;55;55;55;55;55;55;55;55;75;55;75;75;75;75;55;35;95;95;95;95;95;55;95;15;75;55;75;55;35;15;75;15;15;95;75;95;1;35;35;15,47,0.9791666666666666,0,0,0,0,,,5,5,1.0,2760,16.67838164251208,35.90926453524539,19.37376736111111,35.25866280414577,0.9374230083904417,e3255ea0e14e0c0a7bd0bcf89507a731f4faab16e8999e2971dd4e979e83d309
m7_v1_development_m7g1_seed710700,m7v1d-m7g1-710700,M7G1,710700,0,state_only_risk_roi,severe,31466,31443,0.9992690523104303,5;5;5;5;5;5;5;5;5;5;5;5;5;5;5;5;5;5;5;5;5;5;5;5;5;5;5;5;5;5;5;5;5;5;5;5;5;5;5;5;5;5;5;5;35;5;5;5,48,0.00046875,0,0,0,0,,,0,0,,0,,,204.93029513888888,25.01474195345729,0.7428340026940647,99f9c3d5c70d6260ea5ddc747c2fbdab82154cf0b6c91c240ea6606260ee8809
m7_v1_development_m7g1_seed710700,m7v1d-m7g1-710700,M7G1,710700,0,state_only_risk_roi,low,32374,32301,0.9977451040958795,25;25;25;25;25;25;25;25;25;25;25;25;25;25;25;25;25;25;25;25;25;25;25;25;25;25;25;25;25;25;25;25;25;25;25;25;25;25;25;25;25;25;25;25;55;25;25;25,48,0.00046875,0,0,0,0,,,0,0,,0,,,33.68670138888889,32.85621874040544,0.8886382782287573,ea0f12e97ba681f991a725dbe962c069abbc639511a6528b2bbaf8d8914d00ce
m7_v1_development_m7g1_seed710700,m7v1d-m7g1-710700,M7G1,710700,0,state_only_risk_roi,medium,33509,33017,0.9853173774209913,45;45;45;45;45;45;45;45;45;45;45;45;45;45;45;45;45;45;45;45;45;45;45;45;45;45;45;45;45;45;45;45;45;45;45;45;45;45;45;45;45;45;45;45;75;45;45;45,48,0.00046875,0,0,0,0,,,0,0,,0,,,21.21626736111111,34.864113812584456,0.9189434723492468,8fde94ab2c70705ae02dae0969bd13aadad0ccf3b04e73160d92f6d7285242ad
m7_v1_development_m7g1_seed710700,m7v1d-m7g1-710700,M7G1,710700,0,state_only_risk_roi,high,34871,33849,0.970691979008345,65;65;65;65;65;65;65;65;65;65;65;65;65;65;65;65;65;65;65;65;65;65;65;65;65;65;65;65;65;65;65;65;65;65;65;65;65;65;65;65;65;65;65;65;95;65;65;65,48,0.00046875,0,0,0,0,,,0,0,,0,,,14.554583333333333,36.50080583839511,0.9375072137049486,24183b7470f04ce452e6c9da705af54b99847448f74aa753223c885c64803d4e
m7_v1_development_m7g1_seed710700,m7v1d-m7g1-710700,M7G1,710700,0,command_conditioned_risk_roi,severe,31466,31452,0.9995550753193924,5;5;5;5;5;5;5;5;5;5;5;5;5;5;5;5;5;5;5;5;5;5;5;5;5;5;5;5;5;5;5;5;5;5;5;5;5;5;5;5;5;5;5;5;35;5;5;5,48,0.00046875,0,0,0,0,,,0,0,,0,,,204.93029513888888,25.01474195345729,0.7428340026940647,3aad48c9b5299f6651256d53abbbd46ab80830b29e5f5209e74ee72dbf36a075
m7_v1_development_m7g1_seed710700,m7v1d-m7g1-710700,M7G1,710700,0,command_conditioned_risk_roi,low,32374,32310,0.998023104960771,25;25;25;25;25;25;25;25;25;25;25;25;25;25;25;25;25;25;25;25;25;25;25;25;25;25;25;25;25;25;25;25;25;25;25;25;25;25;25;25;25;25;25;25;55;25;25;25,48,0.00046875,0,0,0,0,,,0,0,,0,,,33.68670138888889,32.85621874040544,0.8886382782287573,0378017618c6caf89a2929c782584963f349465ec6c8525269eb671f77718fb1
m7_v1_development_m7g1_seed710700,m7v1d-m7g1-710700,M7G1,710700,0,command_conditioned_risk_roi,medium,33509,33026,0.9855859619803635,45;45;45;45;45;45;45;45;45;45;45;45;45;45;45;45;45;45;45;45;45;45;45;45;45;45;45;45;45;45;45;45;45;45;45;45;45;45;45;45;45;45;45;45;75;45;45;45,48,0.00046875,0,0,0,0,,,0,0,,0,,,21.21626736111111,34.864113812584456,0.9189434723492468,ce097867dc32e47690638954b241899eb36fb6b3421b75577a80e322248d89ef
m7_v1_development_m7g1_seed710700,m7v1d-m7g1-710700,M7G1,710700,0,command_conditioned_risk_roi,high,34871,33858,0.9709500731266668,65;65;65;65;65;65;65;65;65;65;65;65;65;65;65;65;65;65;65;65;65;65;65;65;65;65;65;65;65;65;65;65;65;65;65;65;65;65;65;65;65;65;65;65;95;65;65;65,48,0.00046875,0,0,0,0,,,0,0,,0,,,14.554583333333333,36.50080583839511,0.9375072137049486,7d28f4257454aa1c844051392f1c0ca17176c5a17da6cf09ad921cc37c76fe15
m7_v1_development_m7g1_seed710700,m7v1d-m7g1-710700,M7G1,710700,0,budget_conditioned_visual_voi,severe,31466,31466,1.0,1;1;1;15;15;15;1;1;1;1;1;1;1;1;1;1;1;1;1;1;1;1;1;1;1;1;1;15;1;1;1;1;15;15;15;15;15;15;15;15;1;1;1;15;35;1;15;1,15,0.3125,0,0,0,0,,,0,0,,0,,,352.98333333333335,22.65326160897212,0.7011027642976053,91c7fccb4e2b204ce5708b09c93c026c47d0186bbaed0c60f7e034ca4ee31ea2
m7_v1_development_m7g1_seed710700,m7v1d-m7g1-710700,M7G1,710700,0,budget_conditioned_visual_voi,low,32374,32373,0.9999691110150121,35;35;35;35;15;15;15;15;35;15;15;15;15;15;15;35;35;15;15;35;15;15;15;15;75;35;35;35;35;35;55;35;15;15;15;15;15;15;35;15;15;15;15;55;35;1;15;1,46,0.9583333333333334,0,0,0,0,,,0,0,,0,,,52.363940972222224,30.94048036242029,0.8615523351012158,1ce4c457c4494813eb375bc23f98bcaaa662d818bd353f4b837ff93588b1fe2f
m7_v1_development_m7g1_seed710700,m7v1d-m7g1-710700,M7G1,710700,0,budget_conditioned_visual_voi,medium,33509,33508,0.9999701572711809,35;35;35;35;35;35;55;35;95;15;15;15;15;15;15;75;55;35;75;75;55;55;55;75;75;75;55;75;75;75;75;75;55;55;55;55;75;75;35;35;15;35;15;75;35;1;15;1,46,0.9583333333333334,0,0,0,0,,,0,0,,0,,,35.80430555555556,32.591451061071076,0.9050718228035128,c8f6d912bca743ef63aa6f1d4ef96c0e64155b78a5884383d9d44251ac1508f6
m7_v1_development_m7g1_seed710700,m7v1d-m7g1-710700,M7G1,710700,0,budget_conditioned_visual_voi,high,34871,34871,1.0,35;35;35;35;35;35;55;35;95;35;35;35;15;35;35;75;75;35;75;75;75;75;75;75;95;95;95;95;95;75;75;95;55;55;55;75;75;75;35;35;15;35;35;75;35;1;15;1,46,0.9583333333333334,0,0,0,0,,,0,0,,0,,,30.00560763888889,33.35877934846802,0.9226780901818114,a56db584acdc4be96174d150d7dc3add7a39f2048871d16ad576b7acf0144be5
m7_v1_development_m7g1_seed710700,m7v1d-m7g1-710700,M7G1,710700,1,state_only_risk_roi,severe,31466,31413,0.9983156422805568,5;5;5;5;5;5;5;5;5;5;5;5;5;5;5;5;5;5;5;5;5;5;5;5;5;5;5;5;5;5;5;5;5;5;5;5;5;5;5;5;5;5;5;5;35;5;5;5,48,0.00046875,0,0,0,0,,,0,0,,0,,,189.4677951388889,25.3554495966184,0.7640853147244453,eeaae5dffb2be673b076bdc6b96819b4a3ed8fdb44b14d27c4aa044f63c306ee
m7_v1_development_m7g1_seed710700,m7v1d-m7g1-710700,M7G1,710700,1,state_only_risk_roi,low,32374,32232,0.9956137641317107,25;25;25;25;25;25;25;25;25;25;25;25;25;25;25;25;25;25;25;25;25;25;25;25;25;25;25;25;25;25;25;25;25;25;25;25;25;25;25;25;25;25;25;25;55;25;25;25,48,0.00046875,0,0,0,0,,,0,0,,0,,,29.275381944444444,33.46577791016506,0.9013567071720368,868d287b8d54a13673c300cd8dec52b7e803fe21e5c24bd8b74be03640f55fba
m7_v1_development_m7g1_seed710700,m7v1d-m7g1-710700,M7G1,710700,1,state_only_risk_roi,medium,33509,32885,0.9813781372168671,45;45;45;45;45;45;45;45;45;45;45;45;45;45;45;45;45;45;45;45;45;45;45;45;45;45;45;45;45;45;45;45;45;45;45;45;45;45;45;45;45;45;45;45;75;45;45;45,48,0.00046875,0,0,0,0,,,0,0,,0,,,19.908402777777777,35.140439422580094,0.9268864998749287,62f1fa2a4dc26e88a5aa599fd69ec779c8b48c5abd6451f762896a74603a493d
m7_v1_development_m7g1_seed710700,m7v1d-m7g1-710700,M7G1,710700,1,state_only_risk_roi,high,34871,33772,0.9684838404404806,65;65;65;65;65;65;65;65;65;65;65;65;65;65;65;65;65;65;65;65;65;65;65;65;65;65;65;65;65;65;65;65;65;65;65;65;65;65;65;65;65;65;65;65;95;65;65;65,48,0.00046875,0,0,0,0,,,0,0,,0,,,13.099340277777777,36.958309370392776,0.9451517847450913,59ba6523393178dc200751f90db752c37d8132ae649e054e286122e009f74d7e
m7_v1_development_m7g1_seed710700,m7v1d-m7g1-710700,M7G1,710700,1,command_conditioned_risk_roi,severe,31466,31422,0.9986016652895189,5;5;5;5;5;5;5;5;5;5;5;5;5;5;5;5;5;5;5;5;5;5;5;5;5;5;5;5;5;5;5;5;5;5;5;5;5;5;5;5;5;5;5;5;35;5;5;5,48,0.00046875,0,0,0,0,,,0,0,,0,,,189.4677951388889,25.3554495966184,0.7640853147244453,511cfbe31460eed0dac9276959f6c24b33ee7e9afa16ac620231dcb438bc8c1e
m7_v1_development_m7g1_seed710700,m7v1d-m7g1-710700,M7G1,710700,1,command_conditioned_risk_roi,low,32374,32241,0.9958917649966023,25;25;25;25;25;25;25;25;25;25;25;25;25;25;25;25;25;25;25;25;25;25;25;25;25;25;25;25;25;25;25;25;25;25;25;25;25;25;25;25;25;25;25;25;55;25;25;25,48,0.00046875,0,0,0,0,,,0,0,,0,,,29.275381944444444,33.46577791016506,0.9013567071720368,506b89e1a1274bacf4ea06d7a2babe505903bbbc473f2a614bb9ee90b01563a4
m7_v1_development_m7g1_seed710700,m7v1d-m7g1-710700,M7G1,710700,1,command_conditioned_risk_roi,medium,33509,32894,0.9816467217762392,45;45;45;45;45;45;45;45;45;45;45;45;45;45;45;45;45;45;45;45;45;45;45;45;45;45;45;45;45;45;45;45;45;45;45;45;45;45;45;45;45;45;45;45;75;45;45;45,48,0.00046875,0,0,0,0,,,0,0,,0,,,19.908402777777777,35.140439422580094,0.9268864998749287,cca268ecca4e3c4d39c8eeac2b3f54052b9b63d99e6b9e322606f1a4a6096813
m7_v1_development_m7g1_seed710700,m7v1d-m7g1-710700,M7G1,710700,1,command_conditioned_risk_roi,high,34871,33781,0.9687419345588024,65;65;65;65;65;65;65;65;65;65;65;65;65;65;65;65;65;65;65;65;65;65;65;65;65;65;65;65;65;65;65;65;65;65;65;65;65;65;65;65;65;65;65;65;95;65;65;65,48,0.00046875,0,0,0,0,,,0,0,,0,,,13.099340277777777,36.958309370392776,0.9451517847450913,58a208a6659141f789bacc0a1e7536f62f17e95f46647d97ed36246e69730bf6
m7_v1_development_m7g1_seed710700,m7v1d-m7g1-710700,M7G1,710700,1,budget_conditioned_visual_voi,severe,31466,31466,1.0,15;15;15;15;15;15;15;15;1;1;1;1;1;1;1;1;1;1;1;1;1;1;1;1;1;15;15;15;15;1;1;15;15;15;1;1;15;1;1;1;1;1;1;15;15;1;1;1,18,0.375,0,0,0,0,,,0,0,,0,,,286.95592013888887,23.552651718367557,0.726186604003901,ee1b1edb4ac16cacefe4f7175087d8057f222674906fafdc2f0739a2d099bc6b
m7_v1_development_m7g1_seed710700,m7v1d-m7g1-710700,M7G1,710700,1,budget_conditioned_visual_voi,low,32374,32373,0.9999691110150121,15;15;15;15;15;15;15;15;15;15;15;15;15;15;15;35;35;15;35;35;35;15;15;55;55;35;55;35;35;35;55;35;35;35;1;15;35;15;15;15;15;35;15;35;55;15;15;35,47,0.9791666666666666,0,0,0,0,,,0,0,,0,,,37.78777777777778,32.35729008173597,0.8799423691638166,1baed1d22e8e8f3de75a3e6f4142045ec7644e99ebbdd57cca4b3caf0b3793a7
m7_v1_development_m7g1_seed710700,m7v1d-m7g1-710700,M7G1,710700,1,budget_conditioned_visual_voi,medium,33509,33509,1.0,35;35;35;35;35;35;15;35;15;15;15;35;15;15;15;75;75;35;75;75;55;55;55;75;75;75;75;35;75;75;55;35;55;35;1;15;35;15;15;15;75;75;75;75;95;75;35;35,47,0.9791666666666666,0,0,0,0,,,0,0,,0,,,23.697777777777777,34.383727382374516,0.9149985761419507,c23fc6955551e2fab1dba9f835530b9c975ab127fc313d5e26534fc83ed47f88
m7_v1_development_m7g1_seed710700,m7v1d-m7g1-710700,M7G1,710700,1,budget_conditioned_visual_voi,high,34871,34871,1.0,35;35;35;35;35;35;55;55;55;55;55;55;55;55;55;75;75;75;75;75;75;75;75;75;95;95;95;35;95;95;55;35;75;35;1;35;75;35;15;35;75;75;75;95;95;75;35;35,47,0.9791666666666666,0,0,0,0,,,0,0,,0,,,17.101666666666667,35.80041923641562,0.9388685142318903,dd01e4c6a215fed051566ff0c50c3a53297afa10b60af23660026a2ece633385
m7_v1_development_m7g1_seed710700,m7v1d-m7g1-710700,M7G1,710700,2,state_only_risk_roi,severe,31466,31326,0.9955507531939236,1;1;1;1;1;1;1;1;1;1;1;1;1;1;1;1;1;1;1;1;1;1;1;1;1;1;1;1;1;1;1;1;1;1;1;1;15;1;1;1;1;1;1;1;15;1;1;1,2,0.00046875,0,0,0,0,,,0,0,,0,,,497.1152777777778,21.166232504092036,0.6898906429468378,811134a4fc143da6d07597a8dbc4aeb3d60e44519a4142a2e5ec67023210b7f2
m7_v1_development_m7g1_seed710700,m7v1d-m7g1-710700,M7G1,710700,2,state_only_risk_roi,low,32374,32327,0.9985482177055662,25;25;25;25;25;25;25;25;25;25;25;25;25;25;25;25;25;25;25;25;25;25;25;25;25;25;25;25;25;25;25;25;25;25;25;25;55;25;25;25;25;25;25;25;55;25;25;25,48,0.00046875,0,0,0,0,,,0,0,,0,,,30.663072916666668,33.26464685108912,0.8911860516896818,3d191a29cfd511752b2eda552681e9a616bb5f58a1218f4d4c5004dec14dfed6
m7_v1_development_m7g1_seed710700,m7v1d-m7g1-710700,M7G1,710700,2,state_only_risk_roi,medium,33509,33050,0.9863021874720225,45;45;45;45;45;45;45;45;45;45;45;45;45;45;45;45;45;45;45;45;45;45;45;45;45;45;45;45;45;45;45;45;45;45;45;45;75;45;45;45;45;45;45;45;75;45;45;45,48,0.00046875,0,0,0,0,,,0,0,,0,,,18.338559027777777,35.4971515335456,0.9248665647475335,3704c55969066fae007a1b0b8b679bedf228040c1443483aadfd31d51c130fb1
m7_v1_development_m7g1_seed710700,m7v1d-m7g1-710700,M7G1,710700,2,state_only_risk_roi,high,34871,33949,0.973559691434143,65;65;65;65;65;65;65;65;65;65;65;65;65;65;65;65;65;65;65;65;65;65;65;65;65;65;65;65;65;65;65;65;65;65;65;65;95;65;65;65;65;65;65;65;95;65;65;65,48,0.00046875,0,0,0,0,,,0,0,,0,,,13.803194444444445,36.731007549703556,0.9401847122578086,65b7e59599183fd2067f72e4a7f9e78eb117141e59110987beebd929f1a700ce
m7_v1_development_m7g1_seed710700,m7v1d-m7g1-710700,M7G1,710700,2,command_conditioned_risk_roi,severe,31466,31335,0.9958367762028857,1;1;1;1;1;1;1;1;1;1;1;1;1;1;1;1;1;1;1;1;1;1;1;1;1;1;1;1;1;1;1;1;1;1;1;1;15;1;1;1;1;1;1;1;15;1;1;1,2,0.00046875,0,0,0,0,,,0,0,,0,,,497.1152777777778,21.166232504092036,0.6898906429468378,6008d85d8a89906c27717964f3aa48e782f274f49dbf020894adf87c5e8604d4
m7_v1_development_m7g1_seed710700,m7v1d-m7g1-710700,M7G1,710700,2,command_conditioned_risk_roi,low,32374,32336,0.9988262185704577,25;25;25;25;25;25;25;25;25;25;25;25;25;25;25;25;25;25;25;25;25;25;25;25;25;25;25;25;25;25;25;25;25;25;25;25;55;25;25;25;25;25;25;25;55;25;25;25,48,0.00046875,0,0,0,0,,,0,0,,0,,,30.663072916666668,33.26464685108912,0.8911860516896818,728159cb8ace476b9561371f95d50c449ef0d38c0dbd43b76ea3a3ef3f488f5f
m7_v1_development_m7g1_seed710700,m7v1d-m7g1-710700,M7G1,710700,2,command_conditioned_risk_roi,medium,33509,33059,0.9865707720313945,45;45;45;45;45;45;45;45;45;45;45;45;45;45;45;45;45;45;45;45;45;45;45;45;45;45;45;45;45;45;45;45;45;45;45;45;75;45;45;45;45;45;45;45;75;45;45;45,48,0.00046875,0,0,0,0,,,0,0,,0,,,18.338559027777777,35.4971515335456,0.9248665647475335,ecef16181ce56bd8ff63c6ea0675eccb70eb2eee5ba45ef4ae02c9c728b840fa
m7_v1_development_m7g1_seed710700,m7v1d-m7g1-710700,M7G1,710700,2,command_conditioned_risk_roi,high,34871,33958,0.9738177855524648,65;65;65;65;65;65;65;65;65;65;65;65;65;65;65;65;65;65;65;65;65;65;65;65;65;65;65;65;65;65;65;65;65;65;65;65;95;65;65;65;65;65;65;65;95;65;65;65,48,0.00046875,0,0,0,0,,,0,0,,0,,,13.803194444444445,36.731007549703556,0.9401847122578086,5cbdeae78508b9d92a9516d5f2797323221725a3a0318c8f37bbbcc3a8a5215e
m7_v1_development_m7g1_seed710700,m7v1d-m7g1-710700,M7G1,710700,2,budget_conditioned_visual_voi,severe,31466,31466,1.0,1;1;1;1;1;1;1;1;1;1;1;1;1;1;1;1;1;1;1;1;1;1;1;1;1;1;15;1;15;15;15;1;1;1;1;15;15;1;1;1;1;1;1;1;15;1;1;1,7,0.14583333333333334,0,0,0,0,,,0,0,,0,,,407.6990451388889,22.0274066656414,0.7153191916038019,9d93094f1a955b77c274714452473ab091ee93ca9d7195aea2c94a6eb014df3f
m7_v1_development_m7g1_seed710700,m7v1d-m7g1-710700,M7G1,710700,2,budget_conditioned_visual_voi,low,32374,32374,1.0,15;35;35;15;15;15;15;15;15;15;15;15;15;15;15;15;15;15;15;35;15;15;15;15;55;35;55;55;35;35;55;35;35;15;15;15;75;15;15;15;1;15;15;35;55;15;15;15,47,0.9791666666666666,0,0,0,0,,,0,0,,0,,,43.44397569444445,31.75150798818606,0.8664399817857271,83b79a6f5c27f99e007a0392bfe8020e1540efe872a4adfe26533bc536f50e46
m7_v1_development_m7g1_seed710700,m7v1d-m7g1-710700,M7G1,710700,2,budget_conditioned_visual_voi,medium,33509,33509,1.0,35;35;35;35;35;35;35;35;35;35;35;35;35;15;35;75;35;35;35;75;55;55;55;75;75;75;95;75;55;75;75;75;95;35;15;35;75;15;15;15;1;15;35;35;75;15;15;15,47,0.9791666666666666,0,0,0,0,,,0,0,,0,,,26.967604166666668,33.82237995928343,0.9092353902192967,f3c1700269c87ecb5b6dd6c7e3444d4eaaeb668b49fc109336d1545d25affcd1
m7_v1_development_m7g1_seed710700,m7v1d-m7g1-710700,M7G1,710700,2,budget_conditioned_visual_voi,high,34871,34871,1.0,35;35;35;35;35;35;55;35;55;35;55;35;55;55;55;75;35;35;35;75;75;75;75;75;95;95;95;95;75;95;95;95;95;35;35;35;95;35;15;15;1;35;35;35;75;15;15;15,47,0.9791666666666666,0,0,0,0,,,0,0,,0,,,21.948177083333334,34.71681905334198,0.922221366167867,470fc55f03c43f8b46bd352106b0798ed7c3f27471bacbe5c2005d898ee82819
m7_v1_development_m7g1_seed710700,m7v1d-m7g1-710700,M7G1,710700,3,state_only_risk_roi,severe,31466,31403,0.9979978389372656,5;5;5;5;5;5;5;5;5;5;5;5;5;5;5;5;5;5;5;5;5;5;5;5;5;5;5;5;5;5;5;5;5;5;5;5;35;5;5;5;5;5;5;5;5;5;5;5,48,0.00046875,0,0,0,0,,,0,0,,0,,,185.87335069444444,25.438632329356384,0.7527040592077575,161d2f0526e121576b2caaa4241e01cfb2eeef5b6f66460d1e0215ec40d2416a
m7_v1_development_m7g1_seed710700,m7v1d-m7g1-710700,M7G1,710700,3,state_only_risk_roi,low,32374,32247,0.99607709890653,25;25;25;25;25;25;25;25;25;25;25;25;25;25;25;25;25;25;25;25;25;25;25;25;25;25;25;25;25;25;25;25;25;25;25;25;55;25;25;25;25;25;25;25;25;25;25;25,48,0.00046875,0,0,0,0,,,0,0,,0,,,31.73154513888889,33.1158914067563,0.8886344821264015,6139e3fcbf3a64329c17b7c025fbab7f0ad0532a95a0c3856c1be20793eedb10
m7_v1_development_m7g1_seed710700,m7v1d-m7g1-710700,M7G1,710700,3,state_only_risk_roi,medium,33509,32965,0.983765555522397,45;45;45;45;45;45;45;45;45;45;45;45;45;45;45;45;45;45;45;45;45;45;45;45;45;45;45;45;45;45;45;45;45;45;45;45;75;45;45;45;45;45;45;45;45;45;45;45,48,0.00046875,0,0,0,0,,,0,0,,0,,,19.134774305555556,35.31257016775638,0.9240988807026178,d167d6c0354550f638fcee10a26867ced4a7eff07a2e525ebf1c49794266b5b5
m7_v1_development_m7g1_seed710700,m7v1d-m7g1-710700,M7G1,710700,3,state_only_risk_roi,high,34871,33762,0.9681970691979008,65;65;65;65;65;65;65;65;65;65;65;65;65;65;65;65;65;65;65;65;65;65;65;65;65;65;65;65;65;65;65;65;65;65;65;65;95;65;65;65;65;65;65;65;65;65;65;65,48,0.00046875,0,0,0,0,,,0,0,,0,,,13.174565972222222,36.933440443058146,0.9420317393428688,f8e3bfbf69f10ec645c02b0f47d9d90537898e2d3a4bc5bce4a41141cf598e6d
m7_v1_development_m7g1_seed710700,m7v1d-m7g1-710700,M7G1,710700,3,command_conditioned_risk_roi,severe,31466,31412,0.9982838619462276,5;5;5;5;5;5;5;5;5;5;5;5;5;5;5;5;5;5;5;5;5;5;5;5;5;5;5;5;5;5;5;5;5;5;5;5;35;5;5;5;5;5;5;5;5;5;5;5,48,0.00046875,0,0,0,0,,,0,0,,0,,,185.87335069444444,25.438632329356384,0.7527040592077575,ab0ffd8c977e93aabcc216c771248baaa7d0e45e4d55676a35d8f7061dacb8a1
m7_v1_development_m7g1_seed710700,m7v1d-m7g1-710700,M7G1,710700,3,command_conditioned_risk_roi,low,32374,32256,0.9963550997714216,25;25;25;25;25;25;25;25;25;25;25;25;25;25;25;25;25;25;25;25;25;25;25;25;25;25;25;25;25;25;25;25;25;25;25;25;55;25;25;25;25;25;25;25;25;25;25;25,48,0.00046875,0,0,0,0,,,0,0,,0,,,31.73154513888889,33.1158914067563,0.8886344821264015,d443be299e9a6a9b4f05633a2295df17f384d46fb95ad20a3856f6d5f1637834
m7_v1_development_m7g1_seed710700,m7v1d-m7g1-710700,M7G1,710700,3,command_conditioned_risk_roi,medium,33509,32974,0.984034140081769,45;45;45;45;45;45;45;45;45;45;45;45;45;45;45;45;45;45;45;45;45;45;45;45;45;45;45;45;45;45;45;45;45;45;45;45;75;45;45;45;45;45;45;45;45;45;45;45,48,0.00046875,0,0,0,0,,,0,0,,0,,,19.134774305555556,35.31257016775638,0.9240988807026178,368df21ba5c6f1ed0bff869697a8d98fccca9d209e625b39210f8bfa42ecdd21
m7_v1_development_m7g1_seed710700,m7v1d-m7g1-710700,M7G1,710700,3,command_conditioned_risk_roi,high,34871,33771,0.9684551633162226,65;65;65;65;65;65;65;65;65;65;65;65;65;65;65;65;65;65;65;65;65;65;65;65;65;65;65;65;65;65;65;65;65;65;65;65;95;65;65;65;65;65;65;65;65;65;65;65,48,0.00046875,0,0,0,0,,,0,0,,0,,,13.174565972222222,36.933440443058146,0.9420317393428688,62c1917ed587cdcacca5d6f2a542664919058badcd78908137a4aceafd3d6816
m7_v1_development_m7g1_seed710700,m7v1d-m7g1-710700,M7G1,710700,3,budget_conditioned_visual_voi,severe,31466,31465,0.9999682196656708,15;15;15;15;15;15;15;15;15;15;1;1;1;1;1;1;1;1;1;1;1;1;1;1;15;15;15;15;1;1;1;15;15;1;1;15;15;1;15;1;1;1;1;1;15;1;1;1,20,0.4166666666666667,0,0,0,0,,,0,0,,0,,,250.5415972222222,24.142005191105742,0.7172653219424339,e67bd5b0d5d01a568960d53d1387f9e0b1f8b78a78184003701fec561d923e51
m7_v1_development_m7g1_seed710700,m7v1d-m7g1-710700,M7G1,710700,3,budget_conditioned_visual_voi,low,32374,32373,0.9999691110150121,15;35;15;15;15;15;15;15;15;15;15;15;15;15;15;35;35;15;35;35;35;35;35;35;55;35;35;75;35;35;35;35;35;15;1;35;35;15;15;15;15;15;15;15;35;15;15;15,47,0.9791666666666666,0,0,0,0,,,0,0,,0,,,37.400225694444444,32.402061378771606,0.8711909218659822,adc0339b40eb094c2cf154026deb2a8a0f3b35ceb4ad82c2c94311cac6822d32
m7_v1_development_m7g1_seed710700,m7v1d-m7g1-710700,M7G1,710700,3,budget_conditioned_visual_voi,medium,33509,33509,1.0,35;35;35;35;35;35;35;35;15;35;35;35;15;35;15;75;75;35;55;75;55;55;35;75;75;55;95;95;95;75;35;75;35;35;1;35;35;15;15;15;15;15;15;35;35;15;15;15,47,0.9791666666666666,0,0,0,0,,,0,0,,0,,,25.627586805555556,34.04372647636186,0.9008237223587194,b11739127ba520a67ea859be8c2164867ce16d836ead3c391a8de928d95a4e64
m7_v1_development_m7g1_seed710700,m7v1d-m7g1-710700,M7G1,710700,3,budget_conditioned_visual_voi,high,34871,34870,0.999971322875742,35;35;35;35;35;35;55;35;55;35;35;35;55;55;55;75;75;75;95;95;75;75;35;95;95;75;95;95;95;95;35;95;35;35;1;75;35;35;35;15;35;35;35;35;35;15;35;15,47,0.9791666666666666,0,0,0,0,,,0,0,,0,,,19.36355902777778,35.26095177106838,0.9250514010228743,f7d720334eb3d48d3fbfdeb6613334c73d6d8b21958a901363ffaede0d579539
m7_v1_development_m7g1_seed710701,m7v1d-m7g1-710701,M7G1,710701,0,state_only_risk_roi,severe,31466,31443,0.9992690523104303,5;5;5;5;5;5;5;5;5;5;5;5;5;5;5;5;5;5;5;5;5;5;5;5;5;5;5;5;5;5;5;5;5;5;5;5;5;5;5;5;5;5;5;5;35;5;5;5,48,0.00046875,0,0,0,0,,,0,0,,0,,,204.82222222222222,25.01703287153351,0.7429295614249626,6a836cbb5170ea037ba527caf0e70e07e65d01c37f595083d376040614b33dda
m7_v1_development_m7g1_seed710701,m7v1d-m7g1-710701,M7G1,710701,0,state_only_risk_roi,low,32374,32300,0.9977142151108914,25;25;25;25;25;25;25;25;25;25;25;25;25;25;25;25;25;25;25;25;25;25;25;25;25;25;25;25;25;25;25;25;25;25;25;25;25;25;25;25;25;25;25;25;55;25;25;25,48,0.00046875,0,0,0,0,,,0,0,,0,,,33.66848958333333,32.85856727115321,0.8886703778819903,4f5d0511eb002f1847939a26873a8bd620ad8a6688173bf8e17b175a2e2d32f2
m7_v1_development_m7g1_seed710701,m7v1d-m7g1-710701,M7G1,710701,0,state_only_risk_roi,medium,33509,33014,0.985227849234534,45;45;45;45;45;45;45;45;45;45;45;45;45;45;45;45;45;45;45;45;45;45;45;45;45;45;45;45;45;45;45;45;45;45;45;45;45;45;45;45;45;45;45;45;75;45;45;45,48,0.00046875,0,0,0,0,,,0,0,,0,,,21.224097222222223,34.86251134495884,0.9190133297820603,0270f9a97e6dfe3520e50d4c807f7e1f1fc699b6f6fbb56409fd67803e7ab51a
m7_v1_development_m7g1_seed710701,m7v1d-m7g1-710701,M7G1,710701,0,state_only_risk_roi,high,34871,33849,0.970691979008345,65;65;65;65;65;65;65;65;65;65;65;65;65;65;65;65;65;65;65;65;65;65;65;65;65;65;65;65;65;65;65;65;65;65;65;65;65;65;65;65;65;65;65;65;95;65;65;65,48,0.00046875,0,0,0,0,,,0,0,,0,,,14.58703125,36.49113447516919,0.937430667870614,65e919190509ed72b6ac919937c5d1aa85bd5a19dc5d11722225b014f01e57b0
m7_v1_development_m7g1_seed710701,m7v1d-m7g1-710701,M7G1,710701,0,command_conditioned_risk_roi,severe,31466,31452,0.9995550753193924,5;5;5;5;5;5;5;5;5;5;5;5;5;5;5;5;5;5;5;5;5;5;5;5;5;5;5;5;5;5;5;5;5;5;5;5;5;5;5;5;5;5;5;5;35;5;5;5,48,0.00046875,0,0,0,0,,,0,0,,0,,,204.82222222222222,25.01703287153351,0.7429295614249626,f1e5e667a95d47fcf51097be8fc023fdf224dd39f7960f0cde1125933464ddb0
m7_v1_development_m7g1_seed710701,m7v1d-m7g1-710701,M7G1,710701,0,command_conditioned_risk_roi,low,32374,32309,0.997992215975783,25;25;25;25;25;25;25;25;25;25;25;25;25;25;25;25;25;25;25;25;25;25;25;25;25;25;25;25;25;25;25;25;25;25;25;25;25;25;25;25;25;25;25;25;55;25;25;25,48,0.00046875,0,0,0,0,,,0,0,,0,,,33.66848958333333,32.85856727115321,0.8886703778819903,52f483852f94e2bb6ed9cae29013cab7fd9f7f65eb6a223ffaf4cdf2e1a737d6
m7_v1_development_m7g1_seed710701,m7v1d-m7g1-710701,M7G1,710701,0,command_conditioned_risk_roi,medium,33509,33023,0.9854964337939062,45;45;45;45;45;45;45;45;45;45;45;45;45;45;45;45;45;45;45;45;45;45;45;45;45;45;45;45;45;45;45;45;45;45;45;45;45;45;45;45;45;45;45;45;75;45;45;45,48,0.00046875,0,0,0,0,,,0,0,,0,,,21.224097222222223,34.86251134495884,0.9190133297820603,1edad2c97c96d3a547f0e271e3efa65cc66d4a9af664ba66585761236320e526
m7_v1_development_m7g1_seed710701,m7v1d-m7g1-710701,M7G1,710701,0,command_conditioned_risk_roi,high,34871,33858,0.9709500731266668,65;65;65;65;65;65;65;65;65;65;65;65;65;65;65;65;65;65;65;65;65;65;65;65;65;65;65;65;65;65;65;65;65;65;65;65;65;65;65;65;65;65;65;65;95;65;65;65,48,0.00046875,0,0,0,0,,,0,0,,0,,,14.58703125,36.49113447516919,0.937430667870614,ba16df5082a9752d8af922e7f1e5caac3fb66bc54fed288318f94e70812eda0c
m7_v1_development_m7g1_seed710701,m7v1d-m7g1-710701,M7G1,710701,0,budget_conditioned_visual_voi,severe,31466,31466,1.0,1;1;1;15;15;15;1;1;1;1;1;1;1;1;1;1;1;1;1;1;1;1;1;1;1;1;1;15;1;1;1;1;15;15;15;15;15;15;15;15;1;1;1;15;35;1;15;1,15,0.3125,0,0,0,0,,,0,0,,0,,,352.90692708333336,22.654201778138585,0.7011856492819181,3f609453f48e56d5612b91c68511c7847f820d06bc09b17ee54e98fbc39856b6
m7_v1_development_m7g1_seed710701,m7v1d-m7g1-710701,M7G1,710701,0,budget_conditioned_visual_voi,low,32374,32374,1.0,35;35;35;35;15;15;15;15;35;15;15;15;15;15;15;35;35;15;15;35;15;15;15;15;75;35;35;35;35;35;55;35;15;15;15;15;15;15;35;15;15;15;15;55;35;1;15;1,46,0.9583333333333334,0,0,0,0,,,0,0,,0,,,52.346614583333334,30.941917611055732,0.8616454969729394,87f2a8a5adbd82130c5d0f73f05f78c07c9f9355242766d0b55b43d272644814
m7_v1_development_m7g1_seed710701,m7v1d-m7g1-710701,M7G1,710701,0,budget_conditioned_visual_voi,medium,33509,33509,1.0,35;35;35;35;35;35;35;35;95;15;15;15;15;15;15;75;55;35;75;75;55;55;55;75;75;75;55;75;75;75;75;75;55;55;55;55;75;75;35;35;15;35;15;75;35;1;15;1,46,0.9583333333333334,0,0,0,0,,,0,0,,0,,,35.845850694444444,32.58641469338238,0.9049607569606698,df8fef0bfbdbda1c5b42ba6d3c563a876aa7b4630285712b465da9d85871309d
m7_v1_development_m7g1_seed710701,m7v1d-m7g1-710701,M7G1,710701,0,budget_conditioned_visual_voi,high,34871,34871,1.0,35;35;35;35;35;35;55;35;95;35;35;35;15;55;35;75;75;35;75;75;75;75;75;75;95;95;95;95;95;75;75;95;55;55;55;75;75;75;35;35;15;35;35;75;35;1;15;1,46,0.9583333333333334,0,0,0,0,,,0,0,,0,,,29.948402777777776,33.367066955213645,0.9228656362038623,653e057fff58e69011e6d32e8ca54a5c506cb3d4bcb16d9311ba445f5e4394e5
m7_v1_development_m7g1_seed710701,m7v1d-m7g1-710701,M7G1,710701,1,state_only_risk_roi,severe,31466,31413,0.9983156422805568,5;5;5;5;5;5;5;5;5;5;5;5;5;5;5;5;5;5;5;5;5;5;5;5;5;5;5;5;5;5;5;5;5;5;5;5;5;5;5;5;5;5;5;5;35;5;5;5,48,0.00046875,0,0,0,0,,,0,0,,0,,,189.4409375,25.356065265954115,0.7640446376065492,da24b52b1b2c732bbb78f42a05823ded2b892b9fe9459a77da9b78b6e46eb895
m7_v1_development_m7g1_seed710701,m7v1d-m7g1-710701,M7G1,710701,1,state_only_risk_roi,low,32374,32232,0.9956137641317107,25;25;25;25;25;25;25;25;25;25;25;25;25;25;25;25;25;25;25;25;25;25;25;25;25;25;25;25;25;25;25;25;25;25;25;25;25;25;25;25;25;25;25;25;55;25;25;25,48,0.00046875,0,0,0,0,,,0,0,,0,,,29.239322916666666,33.471130492496684,0.901319281229637,b9de7b3665d33e7c61402a734fabd834a549b243652937ee85754407eaa8f15e
m7_v1_development_m7g1_seed710701,m7v1d-m7g1-710701,M7G1,710701,1,state_only_risk_roi,medium,33509,32881,0.9812587663015906,45;45;45;45;45;45;45;45;45;45;45;45;45;45;45;45;45;45;45;45;45;45;45;45;45;45;45;45;45;45;45;45;45;45;45;45;45;45;45;45;45;45;45;45;75;45;45;45,48,0.00046875,0,0,0,0,,,0,0,,0,,,19.89376736111111,35.14363325897794,0.9269951061786575,3ec2694ebbf99af8302a30475c4e1470104a12710b0f5bbc339cb50c091e232a
m7_v1_development_m7g1_seed710701,m7v1d-m7g1-710701,M7G1,710701,1,state_only_risk_roi,high,34871,33768,0.9683691319434488,65;65;65;65;65;65;65;65;65;65;65;65;65;65;65;65;65;65;65;65;65;65;65;65;65;65;65;65;65;65;65;65;65;65;65;65;65;65;65;65;65;65;65;65;95;65;65;65,48,0.00046875,0,0,0,0,,,0,0,,0,,,13.104253472222222,36.95668075923272,0.9451286554461401,87a2b89faac977610c609d2a26efe7c1eeb43c96c42b48c4a4e1b1e39b15fb2f
m7_v1_development_m7g1_seed710701,m7v1d-m7g1-710701,M7G1,710701,1,command_conditioned_risk_roi,severe,31466,31422,0.9986016652895189,5;5;5;5;5;5;5;5;5;5;5;5;5;5;5;5;5;5;5;5;5;5;5;5;5;5;5;5;5;5;5;5;5;5;5;5;5;5;5;5;5;5;5;5;35;5;5;5,48,0.00046875,0,0,0,0,,,0,0,,0,,,189.4409375,25.356065265954115,0.7640446376065492,61c378b0a90d7758caafe9c9d22801404daeda02934ba4ab757b6bdc8c43d459
m7_v1_development_m7g1_seed710701,m7v1d-m7g1-710701,M7G1,710701,1,command_conditioned_risk_roi,low,32374,32241,0.9958917649966023,25;25;25;25;25;25;25;25;25;25;25;25;25;25;25;25;25;25;25;25;25;25;25;25;25;25;25;25;25;25;25;25;25;25;25;25;25;25;25;25;25;25;25;25;55;25;25;25,48,0.00046875,0,0,0,0,,,0,0,,0,,,29.239322916666666,33.471130492496684,0.901319281229637,f0a3019a16836ea4877b92a70326fd039dd33a32fa4dfb6d5d415d5deb53442a
m7_v1_development_m7g1_seed710701,m7v1d-m7g1-710701,M7G1,710701,1,command_conditioned_risk_roi,medium,33509,32890,0.9815273508609628,45;45;45;45;45;45;45;45;45;45;45;45;45;45;45;45;45;45;45;45;45;45;45;45;45;45;45;45;45;45;45;45;45;45;45;45;45;45;45;45;45;45;45;45;75;45;45;45,48,0.00046875,0,0,0,0,,,0,0,,0,,,19.89376736111111,35.14363325897794,0.9269951061786575,ccb4fa5078469a8e720e503170bf16aa9abfb7b7bd55bd8b3fc425637984ab0c
m7_v1_development_m7g1_seed710701,m7v1d-m7g1-710701,M7G1,710701,1,command_conditioned_risk_roi,high,34871,33777,0.9686272260617705,65;65;65;65;65;65;65;65;65;65;65;65;65;65;65;65;65;65;65;65;65;65;65;65;65;65;65;65;65;65;65;65;65;65;65;65;65;65;65;65;65;65;65;65;95;65;65;65,48,0.00046875,0,0,0,0,,,0,0,,0,,,13.104253472222222,36.95668075923272,0.9451286554461401,4f8624d5b20f47ae4c16b34773db55c11360a8369cef6a4b6beeafb44e56b3eb
m7_v1_development_m7g1_seed710701,m7v1d-m7g1-710701,M7G1,710701,1,budget_conditioned_visual_voi,severe,31466,31466,1.0,15;15;15;15;15;15;15;15;1;1;1;1;1;1;1;1;1;1;1;1;1;1;1;1;1;15;15;15;15;1;1;15;15;15;1;1;15;1;1;1;1;1;1;15;15;1;1;1,18,0.375,0,0,0,0,,,0,0,,0,,,286.9144097222222,23.55328000472401,0.726171458357998,e515db1166a6131c1f213e37e2ab0bec49936992a69aa85bff4fb7a03f022e5c
m7_v1_development_m7g1_seed710701,m7v1d-m7g1-710701,M7G1,710701,1,budget_conditioned_visual_voi,low,32374,32374,1.0,15;35;35;15;15;15;15;15;15;15;15;15;15;15;15;35;35;15;35;35;35;15;15;55;55;35;55;35;35;35;55;35;35;35;1;15;35;15;15;15;15;35;15;35;55;15;15;35,47,0.9791666666666666,0,0,0,0,,,0,0,,0,,,36.76392361111111,32.47658505821899,0.8830845746010995,597bc506a687eab6f008f333fe34df0faf7e536b8740374aca0a2cddec50166a
m7_v1_development_m7g1_seed710701,m7v1d-m7g1-710701,M7G1,710701,1,budget_conditioned_visual_voi,medium,33509,33507,0.9999403145423618,35;35;35;35;35;35;55;35;15;15;15;15;15;15;15;75;75;35;75;75;55;55;55;75;75;75;75;35;75;75;55;35;55;35;1;15;35;15;15;15;75;75;75;75;95;75;35;35,47,0.9791666666666666,0,0,0,0,,,0,0,,0,,,23.566163194444446,34.40791480045705,0.9155565621192793,0fa6278d188e649fe696d3ba50cb2cd59b3e21422c09f10aefa3b8f56021ff5e
m7_v1_development_m7g1_seed710701,m7v1d-m7g1-710701,M7G1,710701,1,budget_conditioned_visual_voi,high,34871,34870,0.999971322875742,35;35;35;35;35;35;55;55;55;55;55;55;55;55;55;75;75;75;75;75;75;75;75;75;95;95;95;35;95;95;55;35;75;35;1;55;75;35;15;35;75;75;75;95;95;75;35;35,47,0.9791666666666666,0,0,0,0,,,0,0,,0,,,17.092378472222222,35.802778601431896,0.9390832693221686,cdde34e344a221a89a57ffbbb48e35b77b437df3a6686b1df0822c6562fe6ca1
m7_v1_development_m7g1_seed710701,m7v1d-m7g1-710701,M7G1,710701,2,state_only_risk_roi,severe,31466,31326,0.9955507531939236,1;1;1;1;1;1;1;1;1;1;1;1;1;1;1;1;1;1;1;1;1;1;1;1;1;1;1;1;1;1;1;1;1;1;1;1;15;1;1;1;1;1;1;1;15;1;1;1,2,0.00046875,0,0,0,0,,,0,0,,0,,,497.0784548611111,21.16655421180349,0.6898910140225921,cc0361b58daf9a02067bfa27a5e0b2693367d40a85773ff607472b9f069334ce
m7_v1_development_m7g1_seed710701,m7v1d-m7g1-710701,M7G1,710701,2,state_only_risk_roi,low,32374,32326,0.9985173287205782,25;25;25;25;25;25;25;25;25;25;25;25;25;25;25;25;25;25;25;25;25;25;25;25;25;25;25;25;25;25;25;25;25;25;25;25;55;25;25;25;25;25;25;25;55;25;25;25,48,0.00046875,0,0,0,0,,,0,0,,0,,,30.656024305555555,33.26564529139982,0.8913208876333863,dc4df07b57f10102e8b0700985e00d12ee49143db4375a249a47a64747111337
m7_v1_development_m7g1_seed710701,m7v1d-m7g1-710701,M7G1,710701,2,state_only_risk_roi,medium,33509,33050,0.9863021874720225,45;45;45;45;45;45;45;45;45;45;45;45;45;45;45;45;45;45;45;45;45;45;45;45;45;45;45;45;45;45;45;45;45;45;45;45;75;45;45;45;45;45;45;45;75;45;45;45,48,0.00046875,0,0,0,0,,,0,0,,0,,,18.36078125,35.49189204408708,0.9248577345982603,c517d62f87ce72ca96c7f42e8e60bb9590554f5dea6fd2b1c1d3e19d45f18fed
m7_v1_development_m7g1_seed710701,m7v1d-m7g1-710701,M7G1,710701,2,state_only_risk_roi,high,34871,33950,0.9735883685584009,65;65;65;65;65;65;65;65;65;65;65;65;65;65;65;65;65;65;65;65;65;65;65;65;65;65;65;65;65;65;65;65;65;65;65;65;95;65;65;65;65;65;65;65;95;65;65;65,48,0.00046875,0,0,0,0,,,0,0,,0,,,13.8146875,36.72739295615423,0.9401641951623695,2c58650a78b276f1afeaf9f318e5778673760bedaa2ca54028e31c66c209e1cd
m7_v1_development_m7g1_seed710701,m7v1d-m7g1-710701,M7G1,710701,2,command_conditioned_risk_roi,severe,31466,31335,0.9958367762028857,1;1;1;1;1;1;1;1;1;1;1;1;1;1;1;1;1;1;1;1;1;1;1;1;1;1;1;1;1;1;1;1;1;1;1;1;15;1;1;1;1;1;1;1;15;1;1;1,2,0.00046875,0,0,0,0,,,0,0,,0,,,497.0784548611111,21.16655421180349,0.6898910140225921,7603aa1b73a4b270bd234a7dc8637eb406dd20bfc189d1a81b7a9e4db8cedd28
m7_v1_development_m7g1_seed710701,m7v1d-m7g1-710701,M7G1,710701,2,command_conditioned_risk_roi,low,32374,32335,0.9987953295854698,25;25;25;25;25;25;25;25;25;25;25;25;25;25;25;25;25;25;25;25;25;25;25;25;25;25;25;25;25;25;25;25;25;25;25;25;55;25;25;25;25;25;25;25;55;25;25;25,48,0.00046875,0,0,0,0,,,0,0,,0,,,30.656024305555555,33.26564529139982,0.8913208876333863,d233423f046f71d4b22c758eab34dbc3d93a558ea21654549b2e3ed8541fdca3
m7_v1_development_m7g1_seed710701,m7v1d-m7g1-710701,M7G1,710701,2,command_conditioned_risk_roi,medium,33509,33059,0.9865707720313945,45;45;45;45;45;45;45;45;45;45;45;45;45;45;45;45;45;45;45;45;45;45;45;45;45;45;45;45;45;45;45;45;45;45;45;45;75;45;45;45;45;45;45;45;75;45;45;45,48,0.00046875,0,0,0,0,,,0,0,,0,,,18.36078125,35.49189204408708,0.9248577345982603,4fd24991595e4303ee98f1b16926c17492f118d97a3e5341ca38eb7db2dfcc52
m7_v1_development_m7g1_seed710701,m7v1d-m7g1-710701,M7G1,710701,2,command_conditioned_risk_roi,high,34871,33959,0.9738464626767228,65;65;65;65;65;65;65;65;65;65;65;65;65;65;65;65;65;65;65;65;65;65;65;65;65;65;65;65;65;65;65;65;65;65;65;65;95;65;65;65;65;65;65;65;95;65;65;65,48,0.00046875,0,0,0,0,,,0,0,,0,,,13.8146875,36.72739295615423,0.9401641951623695,d16d32302cb64a1cc04d6ae860aacf6b767e180837b2016d6bdd47d0f4a922ca
m7_v1_development_m7g1_seed710701,m7v1d-m7g1-710701,M7G1,710701,2,budget_conditioned_visual_voi,severe,31466,31466,1.0,1;1;1;1;1;1;1;1;1;1;1;1;1;1;1;1;1;1;1;1;1;1;1;1;1;1;15;1;15;15;15;1;1;1;1;15;15;1;1;1;1;1;1;1;15;1;1;1,7,0.14583333333333334,0,0,0,0,,,0,0,,0,,,407.6622222222222,22.027798933220616,0.7153195626795562,96fe21f11d15f48ba82250d4577905a8f353ec5633de7604327c15975da78a8e
m7_v1_development_m7g1_seed710701,m7v1d-m7g1-710701,M7G1,710701,2,budget_conditioned_visual_voi,low,32374,32374,1.0,15;35;35;15;15;15;15;15;15;15;15;15;15;15;15;15;15;15;15;35;15;15;15;15;55;35;55;55;35;35;55;35;35;15;15;15;75;15;15;15;1;15;15;35;55;15;15;15,47,0.9791666666666666,0,0,0,0,,,0,0,,0,,,43.44810763888889,31.751094951553892,0.8665879515598842,88e6aa25f11fdaf3d20d5cd541a665bf285ace415238dfba803b7c763294bc05
m7_v1_development_m7g1_seed710701,m7v1d-m7g1-710701,M7G1,710701,2,budget_conditioned_visual_voi,medium,33509,33509,1.0,35;35;35;35;35;35;55;35;55;35;35;35;55;55;35;55;35;35;35;75;55;55;55;75;75;75;95;75;55;75;75;75;95;35;15;35;75;15;15;15;1;15;35;35;75;15;15;15,47,0.9791666666666666,0,0,0,0,,,0,0,,0,,,26.596684027777776,33.88252867026622,0.9114728405025452,f127c5462973ceb2f4fbe277825f6ea4381c1adb46b40656d195c6382739abd8
m7_v1_development_m7g1_seed710701,m7v1d-m7g1-710701,M7G1,710701,2,budget_conditioned_visual_voi,high,34871,34870,0.999971322875742,35;35;35;35;35;35;55;35;35;35;35;35;55;55;55;75;35;35;35;75;75;75;75;75;95;95;95;95;75;95;95;95;95;35;35;35;95;35;15;15;1;35;35;35;75;15;15;15,47,0.9791666666666666,0,0,0,0,,,0,0,,0,,,21.99810763888889,34.70695038106445,0.9221244803828874,c134609dbb54fa65561c7e0924840f147a998d78f5aeb5ed52a667c365a57e6d
m7_v1_development_m7g1_seed710701,m7v1d-m7g1-710701,M7G1,710701,3,state_only_risk_roi,severe,31466,31403,0.9979978389372656,5;5;5;5;5;5;5;5;5;5;5;5;5;5;5;5;5;5;5;5;5;5;5;5;5;5;5;5;5;5;5;5;5;5;5;5;35;5;5;5;5;5;5;5;5;5;5;5,48,0.00046875,0,0,0,0,,,0,0,,0,,,185.87335069444444,25.438632329356384,0.7527040592077575,161d2f0526e121576b2caaa4241e01cfb2eeef5b6f66460d1e0215ec40d2416a
m7_v1_development_m7g1_seed710701,m7v1d-m7g1-710701,M7G1,710701,3,state_only_risk_roi,low,32374,32247,0.99607709890653,25;25;25;25;25;25;25;25;25;25;25;25;25;25;25;25;25;25;25;25;25;25;25;25;25;25;25;25;25;25;25;25;25;25;25;25;55;25;25;25;25;25;25;25;25;25;25;25,48,0.00046875,0,0,0,0,,,0,0,,0,,,31.73154513888889,33.1158914067563,0.8886344821264015,6139e3fcbf3a64329c17b7c025fbab7f0ad0532a95a0c3856c1be20793eedb10
m7_v1_development_m7g1_seed710701,m7v1d-m7g1-710701,M7G1,710701,3,state_only_risk_roi,medium,33509,32965,0.983765555522397,45;45;45;45;45;45;45;45;45;45;45;45;45;45;45;45;45;45;45;45;45;45;45;45;45;45;45;45;45;45;45;45;45;45;45;45;75;45;45;45;45;45;45;45;45;45;45;45,48,0.00046875,0,0,0,0,,,0,0,,0,,,19.134774305555556,35.31257016775638,0.9240988807026178,d167d6c0354550f638fcee10a26867ced4a7eff07a2e525ebf1c49794266b5b5
m7_v1_development_m7g1_seed710701,m7v1d-m7g1-710701,M7G1,710701,3,state_only_risk_roi,high,34871,33762,0.9681970691979008,65;65;65;65;65;65;65;65;65;65;65;65;65;65;65;65;65;65;65;65;65;65;65;65;65;65;65;65;65;65;65;65;65;65;65;65;95;65;65;65;65;65;65;65;65;65;65;65,48,0.00046875,0,0,0,0,,,0,0,,0,,,13.174565972222222,36.933440443058146,0.9420317393428688,f8e3bfbf69f10ec645c02b0f47d9d90537898e2d3a4bc5bce4a41141cf598e6d
m7_v1_development_m7g1_seed710701,m7v1d-m7g1-710701,M7G1,710701,3,command_conditioned_risk_roi,severe,31466,31412,0.9982838619462276,5;5;5;5;5;5;5;5;5;5;5;5;5;5;5;5;5;5;5;5;5;5;5;5;5;5;5;5;5;5;5;5;5;5;5;5;35;5;5;5;5;5;5;5;5;5;5;5,48,0.00046875,0,0,0,0,,,0,0,,0,,,185.87335069444444,25.438632329356384,0.7527040592077575,ab0ffd8c977e93aabcc216c771248baaa7d0e45e4d55676a35d8f7061dacb8a1
m7_v1_development_m7g1_seed710701,m7v1d-m7g1-710701,M7G1,710701,3,command_conditioned_risk_roi,low,32374,32256,0.9963550997714216,25;25;25;25;25;25;25;25;25;25;25;25;25;25;25;25;25;25;25;25;25;25;25;25;25;25;25;25;25;25;25;25;25;25;25;25;55;25;25;25;25;25;25;25;25;25;25;25,48,0.00046875,0,0,0,0,,,0,0,,0,,,31.73154513888889,33.1158914067563,0.8886344821264015,d443be299e9a6a9b4f05633a2295df17f384d46fb95ad20a3856f6d5f1637834
m7_v1_development_m7g1_seed710701,m7v1d-m7g1-710701,M7G1,710701,3,command_conditioned_risk_roi,medium,33509,32974,0.984034140081769,45;45;45;45;45;45;45;45;45;45;45;45;45;45;45;45;45;45;45;45;45;45;45;45;45;45;45;45;45;45;45;45;45;45;45;45;75;45;45;45;45;45;45;45;45;45;45;45,48,0.00046875,0,0,0,0,,,0,0,,0,,,19.134774305555556,35.31257016775638,0.9240988807026178,368df21ba5c6f1ed0bff869697a8d98fccca9d209e625b39210f8bfa42ecdd21
m7_v1_development_m7g1_seed710701,m7v1d-m7g1-710701,M7G1,710701,3,command_conditioned_risk_roi,high,34871,33771,0.9684551633162226,65;65;65;65;65;65;65;65;65;65;65;65;65;65;65;65;65;65;65;65;65;65;65;65;65;65;65;65;65;65;65;65;65;65;65;65;95;65;65;65;65;65;65;65;65;65;65;65,48,0.00046875,0,0,0,0,,,0,0,,0,,,13.174565972222222,36.933440443058146,0.9420317393428688,62c1917ed587cdcacca5d6f2a542664919058badcd78908137a4aceafd3d6816
m7_v1_development_m7g1_seed710701,m7v1d-m7g1-710701,M7G1,710701,3,budget_conditioned_visual_voi,severe,31466,31465,0.9999682196656708,15;15;15;15;15;15;15;15;15;15;1;1;1;1;1;1;1;1;1;1;1;1;1;1;15;15;15;15;1;1;1;15;15;1;1;15;15;1;15;1;1;1;1;1;15;1;1;1,20,0.4166666666666667,0,0,0,0,,,0,0,,0,,,250.5415972222222,24.142005191105742,0.7172653219424339,e67bd5b0d5d01a568960d53d1387f9e0b1f8b78a78184003701fec561d923e51
m7_v1_development_m7g1_seed710701,m7v1d-m7g1-710701,M7G1,710701,3,budget_conditioned_visual_voi,low,32374,32373,0.9999691110150121,15;35;15;15;15;15;15;15;15;15;15;15;15;15;15;35;35;15;35;35;35;35;35;35;55;35;35;75;35;35;35;35;35;15;1;35;35;15;15;15;15;15;15;15;35;15;15;15,47,0.9791666666666666,0,0,0,0,,,0,0,,0,,,37.400225694444444,32.402061378771606,0.8711909218659822,adc0339b40eb094c2cf154026deb2a8a0f3b35ceb4ad82c2c94311cac6822d32
m7_v1_development_m7g1_seed710701,m7v1d-m7g1-710701,M7G1,710701,3,budget_conditioned_visual_voi,medium,33509,33509,1.0,35;35;35;35;35;35;35;35;15;35;35;35;15;35;15;75;75;35;55;75;55;55;35;75;75;55;95;95;95;75;35;75;35;35;1;35;35;15;15;15;15;15;15;35;35;15;15;15,47,0.9791666666666666,0,0,0,0,,,0,0,,0,,,25.627586805555556,34.04372647636186,0.9008237223587194,b11739127ba520a67ea859be8c2164867ce16d836ead3c391a8de928d95a4e64
m7_v1_development_m7g1_seed710701,m7v1d-m7g1-710701,M7G1,710701,3,budget_conditioned_visual_voi,high,34871,34870,0.999971322875742,35;35;35;35;35;35;55;35;55;35;35;35;55;55;55;75;75;75;95;95;75;75;35;95;95;75;95;95;95;95;35;95;35;35;1;75;35;35;35;15;35;35;35;35;35;15;35;15,47,0.9791666666666666,0,0,0,0,,,0,0,,0,,,19.36355902777778,35.26095177106838,0.9250514010228743,f7d720334eb3d48d3fbfdeb6613334c73d6d8b21958a901363ffaede0d579539
m7_v1_development_m7g2_seed710800,m7v1d-m7g2-710800,M7G2,710800,0,state_only_risk_roi,severe,31466,31431,0.9988876882984808,5;5;5;5;5;5;5;5;5;5;5;5;5;5;5;5;5;5;5;5;5;5;5;5;5;5;5;5;5;5;5;5;5;5;5;5;5;5;5;5;5;5;5;5;35;5;5;5,48,0.00046875,0,0,0,0,,,0,0,,0,,,209.12664930555556,24.926709817618843,0.7448943896261714,efd404ac997acc070f75c1ba83cb6cdc01adb5c66f25264f547fc4ae6182c81f
m7_v1_development_m7g2_seed710800,m7v1d-m7g2-710800,M7G2,710800,0,state_only_risk_roi,low,32374,32263,0.9965713226663372,25;25;25;25;25;25;25;25;25;25;25;25;25;25;25;25;25;25;25;25;25;25;25;25;25;25;25;25;25;25;25;25;25;25;25;25;25;25;25;25;25;25;25;25;55;25;25;25,48,0.00046875,0,0,0,0,,,0,0,,0,,,35.22394097222222,32.66242416200328,0.8886465981938804,213e8b2dc5c36fc50d4607f4d2026f1c26a1de6680910c97d974efc01c97980e
m7_v1_development_m7g2_seed710800,m7v1d-m7g2-710800,M7G2,710800,0,state_only_risk_roi,medium,33509,32960,0.9836163418783014,45;45;45;45;45;45;45;45;45;45;45;45;45;45;45;45;45;45;45;45;45;45;45;45;45;45;45;45;45;45;45;45;45;45;45;45;45;45;45;45;45;45;45;45;75;45;45;45,48,0.00046875,0,0,0,0,,,0,0,,0,,,22.609913194444445,34.58781465893013,0.9183063122721505,39178abe2d58c241b69ffbdf46b9623563b716fb0c01bfbfb9737fa607a20471
m7_v1_development_m7g2_seed710800,m7v1d-m7g2-710800,M7G2,710800,0,state_only_risk_roi,high,34871,33770,0.9684264861919647,65;65;65;65;65;65;65;65;65;65;65;65;65;65;65;65;65;65;65;65;65;65;65;65;65;65;65;65;65;65;65;65;65;65;65;65;65;65;65;65;65;65;65;65;95;65;65;65,48,0.00046875,0,0,0,0,,,0,0,,0,,,14.836163194444444,36.417587590438465,0.9379965657971038,fbb4a026db105ca529fef03c6c52ede079bb765b7f839b00f46537b7a11c2938
m7_v1_development_m7g2_seed710800,m7v1d-m7g2-710800,M7G2,710800,0,command_conditioned_risk_roi,severe,31466,31440,0.9991737113074429,5;5;5;5;5;5;5;5;5;5;5;5;5;5;5;5;5;5;5;5;5;5;5;5;5;5;5;5;5;5;5;5;5;5;5;5;5;5;5;5;5;5;5;5;35;5;5;5,48,0.00046875,0,0,0,0,,,0,0,,0,,,209.12664930555556,24.926709817618843,0.7448943896261714,682728716b85a7a73984bbdb61ebcb07c94a9cec05c33162b1a0c6f68320d411
m7_v1_development_m7g2_seed710800,m7v1d-m7g2-710800,M7G2,710800,0,command_conditioned_risk_roi,low,32374,32272,0.9968493235312288,25;25;25;25;25;25;25;25;25;25;25;25;25;25;25;25;25;25;25;25;25;25;25;25;25;25;25;25;25;25;25;25;25;25;25;25;25;25;25;25;25;25;25;25;55;25;25;25,48,0.00046875,0,0,0,0,,,0,0,,0,,,35.22394097222222,32.66242416200328,0.8886465981938804,87bd86f2f584b12ccf3927ca1b358f8387b0a5d3adb6ab0395433f2d5854e783
m7_v1_development_m7g2_seed710800,m7v1d-m7g2-710800,M7G2,710800,0,command_conditioned_risk_roi,medium,33509,32969,0.9838849264376734,45;45;45;45;45;45;45;45;45;45;45;45;45;45;45;45;45;45;45;45;45;45;45;45;45;45;45;45;45;45;45;45;45;45;45;45;45;45;45;45;45;45;45;45;75;45;45;45,48,0.00046875,0,0,0,0,,,0,0,,0,,,22.609913194444445,34.58781465893013,0.9183063122721505,6711e4926b7bf187e9ab78bd469aab4f7bdeec265d9ce2a24137504f8a798dad
m7_v1_development_m7g2_seed710800,m7v1d-m7g2-710800,M7G2,710800,0,command_conditioned_risk_roi,high,34871,33779,0.9686845803102865,65;65;65;65;65;65;65;65;65;65;65;65;65;65;65;65;65;65;65;65;65;65;65;65;65;65;65;65;65;65;65;65;65;65;65;65;65;65;65;65;65;65;65;65;95;65;65;65,48,0.00046875,0,0,0,0,,,0,0,,0,,,14.836163194444444,36.417587590438465,0.9379965657971038,c880ac692211a85fee9e3ff1206a89e80c8e1db948bf2d9fb94e8ad473026829
m7_v1_development_m7g2_seed710800,m7v1d-m7g2-710800,M7G2,710800,0,budget_conditioned_visual_voi,severe,31466,31466,1.0,1;1;1;1;15;15;1;1;1;1;1;1;1;1;1;1;1;1;1;1;1;1;1;1;1;1;1;15;1;1;1;1;15;15;15;15;15;15;15;15;1;1;1;15;35;1;15;1,14,0.2916666666666667,0,0,0,0,,,0,0,,0,,,346.9245486111111,22.728453289730002,0.7137656943955561,3ccc5e71590f4c6aa611ed335aaf206ccdd07dbc78c8059e5bef9e498336154a
m7_v1_development_m7g2_seed710800,m7v1d-m7g2-710800,M7G2,710800,0,budget_conditioned_visual_voi,low,32374,32373,0.9999691110150121,35;35;35;35;15;15;15;15;15;15;15;15;15;15;15;15;15;15;35;35;15;15;15;1;55;55;35;35;35;35;55;75;15;15;15;35;35;15;35;15;15;15;15;55;35;1;15;1,45,0.9375,0,0,0,0,,,0,0,,0,,,56.279322916666665,30.62731496968818,0.8617942102290731,1b88ad40114021a2a6f97a47e76839c77e36f02d9615d5fb2e69d2f684b39dca
m7_v1_development_m7g2_seed710800,m7v1d-m7g2-710800,M7G2,710800,0,budget_conditioned_visual_voi,medium,33509,33509,1.0,35;35;35;35;35;35;15;55;15;15;15;15;15;15;15;35;75;35;75;75;55;55;55;1;95;75;35;75;75;75;75;95;15;55;55;55;75;75;35;35;15;35;15;75;35;1;15;1,45,0.9375,0,0,0,0,,,0,0,,0,,,42.16475694444444,31.881307596552997,0.8968437595877732,db08ace9311d2cce1c69d4d98cb5218341d1747aee56ff5640610a77dc6f0155
m7_v1_development_m7g2_seed710800,m7v1d-m7g2-710800,M7G2,710800,0,budget_conditioned_visual_voi,high,34871,34870,0.999971322875742,35;35;35;35;35;35;55;35;55;35;35;35;55;55;35;35;75;75;75;75;75;75;75;15;95;95;95;95;95;95;95;95;55;75;75;75;75;75;35;35;15;55;55;75;35;1;35;1,46,0.9583333333333334,0,0,0,0,,,0,0,,0,,,31.95029513888889,33.0860548658636,0.9258163076749312,7f574050002b4a965522bcd655751030f9350f2932934813aaeadcae0cf10b6c
m7_v1_development_m7g2_seed710800,m7v1d-m7g2-710800,M7G2,710800,1,state_only_risk_roi,severe,31466,31406,0.9980931799402529,5;5;5;5;5;5;5;5;5;5;5;5;5;5;5;5;5;5;5;5;5;5;5;5;5;5;5;5;5;5;5;5;5;5;5;5;5;5;5;5;5;5;5;5;35;5;5;5,48,0.0005208333333333333,0,0,0,0,,,0,0,,0,,,190.73585069444445,25.326480301950948,0.7668697415078892,b21196dda21b5012dc10f63723b1d8d168927032c3a18fd82dddeee3ac529ffe
m7_v1_development_m7g2_seed710800,m7v1d-m7g2-710800,M7G2,710800,1,state_only_risk_roi,low,32374,32238,0.9957990980416384,25;25;25;25;25;25;25;25;25;25;25;25;25;25;25;25;25;25;25;25;25;25;25;25;25;25;25;25;25;25;25;25;25;25;25;25;25;25;25;25;25;25;25;25;55;25;25;25,48,0.0005208333333333333,0,0,0,0,,,0,0,,0,,,33.75604166666667,32.8472884658469,0.9011646409601554,33d1efa16dbca951b5a226a796703646387eb893449626787a850f299bc226a9
m7_v1_development_m7g2_seed710800,m7v1d-m7g2-710800,M7G2,710800,1,state_only_risk_roi,medium,33509,32924,0.9825420036408129,45;45;45;45;45;45;45;45;45;45;45;45;45;45;45;45;45;45;45;45;45;45;45;45;45;45;45;45;45;45;45;45;45;45;45;45;45;45;45;45;45;45;45;45;75;45;45;45,48,0.0005208333333333333,0,0,0,0,,,0,0,,0,,,21.23939236111111,34.8593827303434,0.9288543240485071,ed42e1b0580bd781e90ec549a08d01c74fd9af8561d155dc56d7bc208594de2f
m7_v1_development_m7g2_seed710800,m7v1d-m7g2-710800,M7G2,710800,1,state_only_risk_roi,high,34871,33731,0.9673080783459035,65;65;65;65;65;65;65;65;65;65;65;65;65;65;65;65;65;65;65;65;65;65;65;65;65;65;65;65;65;65;65;65;65;65;65;65;65;65;65;65;65;65;65;65;95;65;65;65,48,0.0005208333333333333,0,0,0,0,,,0,0,,0,,,14.481319444444445,36.5227222709136,0.9450089115960383,95768ac7490a5a94087435de97f94fae44ba7573b29dafbfce94048995244b21
m7_v1_development_m7g2_seed710800,m7v1d-m7g2-710800,M7G2,710800,1,command_conditioned_risk_roi,severe,31466,31417,0.9984427636178732,5;5;5;5;5;5;5;5;5;5;5;5;5;5;5;5;5;5;5;5;5;5;5;5;5;5;5;5;5;5;5;5;5;5;5;5;5;5;5;5;5;5;5;5;35;5;5;5,48,0.0005729166666666667,0,0,0,0,,,0,0,,0,,,190.73585069444445,25.326480301950948,0.7668697415078892,01350d57def9fc2ea9597212b94c189ba60320fa5fd2a0dc48807609a3f7ea2c
m7_v1_development_m7g2_seed710800,m7v1d-m7g2-710800,M7G2,710800,1,command_conditioned_risk_roi,low,32374,32249,0.9961388768765058,25;25;25;25;25;25;25;25;25;25;25;25;25;25;25;25;25;25;25;25;25;25;25;25;25;25;25;25;25;25;25;25;25;25;25;25;25;25;25;25;25;25;25;25;55;25;25;25,48,0.0005729166666666667,0,0,0,0,,,0,0,,0,,,33.75604166666667,32.8472884658469,0.9011646409601554,efb25dc7b82886ce2123358d33042dac53ea3047861648040c42a32aae62bca2
m7_v1_development_m7g2_seed710800,m7v1d-m7g2-710800,M7G2,710800,1,command_conditioned_risk_roi,medium,33509,32935,0.9828702736578233,45;45;45;45;45;45;45;45;45;45;45;45;45;45;45;45;45;45;45;45;45;45;45;45;45;45;45;45;45;45;45;45;45;45;45;45;45;45;45;45;45;45;45;45;75;45;45;45,48,0.0005729166666666667,0,0,0,0,,,0,0,,0,,,21.23939236111111,34.8593827303434,0.9288543240485071,24f45fc99decaa5366f6adcc793f073250a5c8ae55e4b94c5d628734bd5df8c6
m7_v1_development_m7g2_seed710800,m7v1d-m7g2-710800,M7G2,710800,1,command_conditioned_risk_roi,high,34871,33742,0.9676235267127412,65;65;65;65;65;65;65;65;65;65;65;65;65;65;65;65;65;65;65;65;65;65;65;65;65;65;65;65;65;65;65;65;65;65;65;65;65;65;65;65;65;65;65;65;95;65;65;65,48,0.0005729166666666667,0,0,0,0,,,0,0,,0,,,14.481319444444445,36.5227222709136,0.9450089115960383,3a7d156932952ef640f4b1db0c714a3a228cf2b0254c860d302c850b37b7e012
m7_v1_development_m7g2_seed710800,m7v1d-m7g2-710800,M7G2,710800,1,budget_conditioned_visual_voi,severe,31466,31466,1.0,1;1;1;15;15;1;1;1;1;1;1;1;1;1;1;1;1;1;1;1;1;1;1;1;15;15;1;1;15;15;15;1;1;15;1;1;1;1;1;1;1;1;1;1;35;15;1;1,10,0.20833333333333334,0,0,0,0,,,0,0,,0,,,372.79637152777775,22.416086842061723,0.7418906761177144,291e6ffa4c346c1490e9e72051ce0cc34f351bf1d7826e46aa1e8fd9f395162b
m7_v1_development_m7g2_seed710800,m7v1d-m7g2-710800,M7G2,710800,1,budget_conditioned_visual_voi,low,32374,32374,1.0,15;15;35;35;15;35;15;15;15;15;15;15;15;15;15;15;15;15;15;35;15;35;15;15;55;55;35;55;55;35;55;55;35;15;35;35;15;1;35;15;15;15;15;15;35;15;55;35,47,0.9791666666666666,0,0,0,0,,,0,0,,0,,,39.23133680555556,32.19447253926632,0.8803093850516839,8decfd4e3d156f96fb431221b9d69909dfb2eb360ab76244172f911b149effb8
m7_v1_development_m7g2_seed710800,m7v1d-m7g2-710800,M7G2,710800,1,budget_conditioned_visual_voi,medium,33509,33509,1.0,35;35;35;35;35;35;55;35;15;15;15;15;35;15;15;15;75;35;75;35;55;75;75;35;75;75;95;75;95;75;75;75;55;55;55;55;15;1;35;15;15;15;15;15;35;75;75;75,47,0.9791666666666666,0,0,0,0,,,0,0,,0,,,24.424600694444443,34.252528884818865,0.9136915409411621,2e9fc049c1bd742a463444afeeb4b93b04d1e0857be41ed744e5186da3c0c9f9
m7_v1_development_m7g2_seed710800,m7v1d-m7g2-710800,M7G2,710800,1,budget_conditioned_visual_voi,high,34871,34871,1.0,35;55;35;35;55;35;55;35;55;55;55;55;55;55;55;55;75;35;75;75;55;75;75;35;95;95;95;95;95;95;75;95;75;55;75;75;55;1;75;35;35;15;15;55;35;75;95;75,47,0.9791666666666666,0,0,0,0,,,0,0,,0,,,17.18564236111111,35.779145911289014,0.9364666193831108,8ee5b75ce6943936a117f695f4be888a4d05da592ddf764aba0d90986b89b893
m7_v1_development_m7g2_seed710800,m7v1d-m7g2-710800,M7G2,710800,2,state_only_risk_roi,severe,31466,31433,0.9989512489671392,5;5;5;5;5;5;5;5;5;5;5;5;5;5;5;5;5;5;5;5;5;5;5;5;5;5;5;5;5;5;5;5;5;5;5;5;5;5;5;5;5;5;5;5;35;5;5;5,48,0.00046875,0,0,0,0,,,0,0,,0,,,187.86746527777777,25.392287849916578,0.7741224413257681,408c988a88ceff83e3bf7fdc1fd3d07d83b25abfaabe1fd50f5706a53f0160a8
m7_v1_development_m7g2_seed710800,m7v1d-m7g2-710800,M7G2,710800,2,state_only_risk_roi,low,32374,32227,0.9954593192067709,25;25;25;25;25;25;25;25;25;25;25;25;25;25;25;25;25;25;25;25;25;25;25;25;25;25;25;25;25;25;25;25;25;25;25;25;25;25;25;25;25;25;25;25;55;25;25;25,48,0.00046875,0,0,0,0,,,0,0,,0,,,32.56592013888889,33.00317007343022,0.906925799734262,05992a914b0227ee711dbcf8a20669c187598bd22d776cf472094ac3bdacf277
m7_v1_development_m7g2_seed710800,m7v1d-m7g2-710800,M7G2,710800,2,state_only_risk_roi,medium,33509,32876,0.981109552657495,45;45;45;45;45;45;45;45;45;45;45;45;45;45;45;45;45;45;45;45;45;45;45;45;45;45;45;45;45;45;45;45;45;45;45;45;45;45;45;45;45;45;45;45;75;45;45;45,48,0.00046875,0,0,0,0,,,0,0,,0,,,19.30918402777778,35.27316439223211,0.9348850164136321,5b14fd854cedec3d2495a0379d144047c388204eb8a3ba122e3d913477364baf
m7_v1_development_m7g2_seed710800,m7v1d-m7g2-710800,M7G2,710800,2,state_only_risk_roi,high,34871,33704,0.966533795990938,65;65;65;65;65;65;65;65;65;65;65;65;65;65;65;65;65;65;65;65;65;65;65;65;65;65;65;65;65;65;65;65;65;65;65;65;65;65;65;65;65;65;65;65;95;65;65;65,48,0.00046875,0,0,0,0,,,0,0,,0,,,12.909618055555555,37.02166967464264,0.9506783639941944,ceeb47c59725465e38e704baf1b101c24d179fdd4c8fcb7e7005a4dfdbd81bd6
m7_v1_development_m7g2_seed710800,m7v1d-m7g2-710800,M7G2,710800,2,command_conditioned_risk_roi,severe,31466,31456,0.9996821966567089,5;5;5;5;5;5;5;5;5;5;5;5;5;5;5;5;5;5;5;5;5;5;5;5;5;5;5;5;5;5;5;5;5;5;5;5;35;5;5;5;5;5;5;5;35;5;5;5,48,0.0006770833333333334,0,0,0,0,,,0,0,,0,,,187.53277777777777,25.40003174330038,0.773209757525696,06a77f86d2a54fa665f0d489ac326319f88ffd44f2a0de85fea72b4f492485e8
m7_v1_development_m7g2_seed710800,m7v1d-m7g2-710800,M7G2,710800,2,command_conditioned_risk_roi,low,32374,32255,0.9963242107864335,25;25;25;25;25;25;25;25;25;25;25;25;25;25;25;25;25;25;25;25;25;25;25;25;25;25;25;25;25;25;25;25;25;25;25;25;55;25;25;25;25;25;25;25;55;25;25;25,48,0.0006770833333333334,0,0,0,0,,,0,0,,0,,,32.424618055555555,33.02205491835511,0.9077410293215834,9c6be1d0c45b33726c0610590c93eb217e4cf1bfba6fc7f32c04a6d45151d7d1
m7_v1_development_m7g2_seed710800,m7v1d-m7g2-710800,M7G2,710800,2,command_conditioned_risk_roi,medium,33509,32917,0.9823331045390791,45;45;45;45;45;45;45;45;45;45;45;45;45;45;45;45;45;45;45;45;45;45;45;45;45;45;45;45;45;45;45;45;45;45;45;45;75;45;45;45;45;45;45;45;75;45;45;45,48,0.0006770833333333334,0,0,0,0,,,0,0,,0,,,19.258072916666666,35.284675341297714,0.9353271090234196,e9d5e310aa97c8dbf6dabae0f886c9d53efb9732da2352aaba83b4ffdc49fecc
m7_v1_development_m7g2_seed710800,m7v1d-m7g2-710800,M7G2,710800,2,command_conditioned_risk_roi,high,34871,33860,0.9710074273751829,65;65;65;65;65;65;65;65;65;65;65;65;65;65;65;65;65;65;65;65;65;65;65;65;65;65;65;65;65;65;65;65;65;65;65;65;95;65;65;65;65;65;65;65;95;65;65;65,48,0.0006770833333333334,0,0,0,0,,,0,0,,0,,,12.8203125,37.05181749462685,0.9517758048637749,f732aac0766e7a556f395f107822deee4c3daff722cdae5903e5622d77fd401f
m7_v1_development_m7g2_seed710800,m7v1d-m7g2-710800,M7G2,710800,2,budget_conditioned_visual_voi,severe,31466,31466,1.0,1;1;1;1;1;1;1;1;1;1;1;1;1;1;1;1;1;1;1;1;1;1;1;1;15;15;1;1;15;15;15;15;15;1;1;15;1;1;1;1;1;1;1;1;15;1;1;1,9,0.1875,0,0,0,0,,,0,0,,0,,,354.9007986111111,22.62973384253458,0.7594312067502346,5457402fd7a6a5fdba517bccb17f135cbe1a3e89d8f1f0277ed05feb5f0bde47
m7_v1_development_m7g2_seed710800,m7v1d-m7g2-710800,M7G2,710800,2,budget_conditioned_visual_voi,low,32374,32372,0.9999382220300241,15;15;35;15;15;15;15;15;15;15;15;15;15;15;15;15;35;15;35;15;15;35;15;15;35;35;35;35;55;75;75;55;15;35;35;15;1;15;1;35;15;15;15;15;55;35;35;35,46,0.9583333333333334,0,0,0,0,,,0,0,,0,,,40.713871527777776,32.03337958974741,0.886772034053264,0ba2de25493fb732462fc481c803dc3499547f251a09620d51dee44a8b8dd279
m7_v1_development_m7g2_seed710800,m7v1d-m7g2-710800,M7G2,710800,2,budget_conditioned_visual_voi,medium,33509,33509,1.0,15;55;35;35;35;35;35;35;15;35;55;15;15;15;15;15;55;35;35;75;75;75;75;75;75;35;75;75;75;75;75;75;15;75;75;35;1;15;1;35;15;15;15;15;95;75;75;75,46,0.9583333333333334,0,0,0,0,,,0,0,,0,,,26.31470486111111,33.928818574213075,0.9228716407427474,91e21973412cc94fc3becb3195a0f28c6f19b3141ce7fe2c239f8a60191b9305
m7_v1_development_m7g2_seed710800,m7v1d-m7g2-710800,M7G2,710800,2,budget_conditioned_visual_voi,high,34871,34870,0.999971322875742,55;55;35;35;35;35;35;35;55;35;55;35;55;55;55;55;75;35;75;75;75;75;75;75;95;35;95;95;95;95;95;95;15;75;75;75;1;35;1;35;15;15;15;15;95;75;75;75,46,0.9583333333333334,0,0,0,0,,,0,0,,0,,,21.210642361111113,34.86526539609172,0.9357136111205113,80398def99c1a9d152588cfaccde07469d756539ed7ed20c1dd06064ae12c7fa
m7_v1_development_m7g2_seed710800,m7v1d-m7g2-710800,M7G2,710800,3,state_only_risk_roi,severe,31466,31415,0.998379202949215,5;5;5;5;5;5;5;5;5;5;5;5;5;5;5;5;5;5;5;5;5;5;5;5;5;5;5;5;5;5;5;5;5;5;5;5;5;5;5;5;5;5;5;5;35;5;5;5,48,0.00036458333333333335,0,0,0,0,,,0,0,,0,,,196.895,25.188456731705273,0.7636953449951815,72672d817f636c4ee94a0ac1ea563c9bbecd8fd52d262bfb44f2c7056a9d66f8
m7_v1_development_m7g2_seed710800,m7v1d-m7g2-710800,M7G2,710800,3,state_only_risk_roi,low,32374,32182,0.994069314882313,25;25;25;25;25;25;25;25;25;25;25;25;25;25;25;25;25;25;25;25;25;25;25;25;25;25;25;25;25;25;25;25;25;25;25;25;25;25;25;25;25;25;25;25;55;25;25;25,48,0.00036458333333333335,0,0,0,0,,,0,0,,0,,,31.047013888888888,33.210605249202615,0.9080407646387859,1e9e1afde9dcfefeab99b641148aa788659eddf10a5c5e5ea6f54cb07fbe0ae3
m7_v1_development_m7g2_seed710800,m7v1d-m7g2-710800,M7G2,710800,3,state_only_risk_roi,medium,33509,32792,0.9786027634366886,45;45;45;45;45;45;45;45;45;45;45;45;45;45;45;45;45;45;45;45;45;45;45;45;45;45;45;45;45;45;45;45;45;45;45;45;45;45;45;45;45;45;45;45;75;45;45;45,48,0.00036458333333333335,0,0,0,0,,,0,0,,0,,,18.671475694444446,35.419017172290935,0.9371091488621937,a9d3d5699a56bb540ad025fbdc6693efd1df06343ab16a4396b9a2b399aded6a
m7_v1_development_m7g2_seed710800,m7v1d-m7g2-710800,M7G2,710800,3,state_only_risk_roi,high,34871,33568,0.9626337070918528,65;65;65;65;65;65;65;65;65;65;65;65;65;65;65;65;65;65;65;65;65;65;65;65;65;65;65;65;65;65;65;65;65;65;65;65;65;65;65;65;65;65;65;65;95;65;65;65,48,0.00036458333333333335,0,0,0,0,,,0,0,,0,,,12.323663194444444,37.22340540323385,0.9543698038217432,1c2204780358183ed49f39782aea5ed072e2e8bdcceb9c6f42d3c48f0ca2645c
m7_v1_development_m7g2_seed710800,m7v1d-m7g2-710800,M7G2,710800,3,command_conditioned_risk_roi,severe,31466,31432,0.99891946863281,5;5;5;5;5;5;5;5;5;5;5;5;5;5;5;5;5;5;5;5;5;5;5;5;5;5;5;5;5;5;5;5;5;5;5;5;5;5;5;5;5;5;5;5;35;5;5;5,48,0.0005729166666666667,0,0,0,0,,,0,0,,0,,,196.895,25.188456731705273,0.7636953449951815,1f79628649b20a44e698dc8dbce7fb5fc7499fcb94bfbe6dd727d4d6a0acd0c3
m7_v1_development_m7g2_seed710800,m7v1d-m7g2-710800,M7G2,710800,3,command_conditioned_risk_roi,low,32374,32199,0.9945944276271081,25;25;25;25;25;25;25;25;25;25;25;25;25;25;25;25;25;25;25;25;25;25;25;25;25;25;25;25;25;25;25;25;25;25;25;25;25;25;25;25;25;25;25;25;55;25;25;25,48,0.0005729166666666667,0,0,0,0,,,0,0,,0,,,31.047013888888888,33.210605249202615,0.9080407646387859,aae2f856b2662d8d298b1a2c2679d7971ef6e21464df1e8caf756b335cdbf7dd
m7_v1_development_m7g2_seed710800,m7v1d-m7g2-710800,M7G2,710800,3,command_conditioned_risk_roi,medium,33509,32809,0.9791100898266137,45;45;45;45;45;45;45;45;45;45;45;45;45;45;45;45;45;45;45;45;45;45;45;45;45;45;45;45;45;45;45;45;45;45;45;45;45;45;45;45;45;45;45;45;75;45;45;45,48,0.0005729166666666667,0,0,0,0,,,0,0,,0,,,18.671475694444446,35.419017172290935,0.9371091488621937,9a7818ab4c8a9762dce53390f27c42a8f7665ea01d37f9dddf6b63c28efd754c
m7_v1_development_m7g2_seed710800,m7v1d-m7g2-710800,M7G2,710800,3,command_conditioned_risk_roi,high,34871,33585,0.9631212182042385,65;65;65;65;65;65;65;65;65;65;65;65;65;65;65;65;65;65;65;65;65;65;65;65;65;65;65;65;65;65;65;65;65;65;65;65;65;65;65;65;65;65;65;65;95;65;65;65,48,0.0005729166666666667,0,0,0,0,,,0,0,,0,,,12.323663194444444,37.22340540323385,0.9543698038217432,9485e2648c41ef4522bffe2d6580fbab89cc5449433abd576fb2951938e1e710
m7_v1_development_m7g2_seed710800,m7v1d-m7g2-710800,M7G2,710800,3,budget_conditioned_visual_voi,severe,31466,31466,1.0,1;1;1;1;1;1;1;1;1;1;1;15;1;1;1;1;1;1;1;1;1;1;1;1;1;15;15;1;15;15;1;1;1;1;15;15;15;15;1;1;1;15;1;1;15;1;15;1,12,0.25,0,0,0,0,,,0,0,,0,,,331.15177083333333,22.9305327909005,0.729969202747721,5e49177ceccad8a3c4bdeef7368b02f452a80b7762f1a5883ed71426f4933721
m7_v1_development_m7g2_seed710800,m7v1d-m7g2-710800,M7G2,710800,3,budget_conditioned_visual_voi,low,32374,32374,1.0,15;15;15;15;15;35;15;35;15;15;15;15;15;15;15;15;15;15;15;35;15;35;35;15;35;55;75;55;55;35;55;35;35;15;15;35;55;35;35;15;15;15;1;15;15;15;35;55,47,0.9791666666666666,0,0,0,0,,,0,0,,0,,,36.64661458333333,32.49046500190543,0.893703951734662,c365432ca799ec54c7563b27f7d6d83f9be9a53a3aad87be660cd5a2098bebd2
m7_v1_development_m7g2_seed710800,m7v1d-m7g2-710800,M7G2,710800,3,budget_conditioned_visual_voi,medium,33509,33509,1.0,55;55;55;55;55;35;35;35;35;35;35;35;35;35;55;55;35;75;55;75;35;55;75;75;75;75;95;75;75;75;55;75;75;75;75;75;75;35;75;15;15;35;1;15;15;15;55;75,47,0.9791666666666666,0,0,0,0,,,0,0,,0,,,20.728038194444444,34.965221606382514,0.9372553029901249,27ebd6b5d1def91c05dbd54a671e80cac5e693a700cee1edbff0fac7b85f3370
m7_v1_development_m7g2_seed710800,m7v1d-m7g2-710800,M7G2,710800,3,budget_conditioned_visual_voi,high,34871,34871,1.0,35;35;55;35;55;35;35;35;35;35;35;35;35;35;55;55;35;75;55;75;35;55;75;75;95;95;95;95;95;95;55;95;75;75;75;75;95;35;95;15;15;35;1;15;15;15;55;75,47,0.9791666666666666,0,0,0,0,,,0,0,,0,,,18.181649305555556,35.534470841924815,0.9407544293481674,a1b1f68aa91bbe827fd31a48124094eeae709e12b31e983b38303860c9fc513b
m7_v1_development_m7g2_seed710801,m7v1d-m7g2-710801,M7G2,710801,0,state_only_risk_roi,severe,31466,31431,0.9988876882984808,5;5;5;5;5;5;5;5;5;5;5;5;5;5;5;5;5;5;5;5;5;5;5;5;5;5;5;5;5;5;5;5;5;5;5;5;5;5;5;5;5;5;5;5;35;5;5;5,48,0.00046875,0,0,0,0,,,0,0,,0,,,209.12664930555556,24.926709817618843,0.7448943896261714,efd404ac997acc070f75c1ba83cb6cdc01adb5c66f25264f547fc4ae6182c81f
m7_v1_development_m7g2_seed710801,m7v1d-m7g2-710801,M7G2,710801,0,state_only_risk_roi,low,32374,32263,0.9965713226663372,25;25;25;25;25;25;25;25;25;25;25;25;25;25;25;25;25;25;25;25;25;25;25;25;25;25;25;25;25;25;25;25;25;25;25;25;25;25;25;25;25;25;25;25;55;25;25;25,48,0.00046875,0,0,0,0,,,0,0,,0,,,35.22394097222222,32.66242416200328,0.8886465981938804,213e8b2dc5c36fc50d4607f4d2026f1c26a1de6680910c97d974efc01c97980e
m7_v1_development_m7g2_seed710801,m7v1d-m7g2-710801,M7G2,710801,0,state_only_risk_roi,medium,33509,32960,0.9836163418783014,45;45;45;45;45;45;45;45;45;45;45;45;45;45;45;45;45;45;45;45;45;45;45;45;45;45;45;45;45;45;45;45;45;45;45;45;45;45;45;45;45;45;45;45;75;45;45;45,48,0.00046875,0,0,0,0,,,0,0,,0,,,22.609913194444445,34.58781465893013,0.9183063122721505,39178abe2d58c241b69ffbdf46b9623563b716fb0c01bfbfb9737fa607a20471
m7_v1_development_m7g2_seed710801,m7v1d-m7g2-710801,M7G2,710801,0,state_only_risk_roi,high,34871,33770,0.9684264861919647,65;65;65;65;65;65;65;65;65;65;65;65;65;65;65;65;65;65;65;65;65;65;65;65;65;65;65;65;65;65;65;65;65;65;65;65;65;65;65;65;65;65;65;65;95;65;65;65,48,0.00046875,0,0,0,0,,,0,0,,0,,,14.836163194444444,36.417587590438465,0.9379965657971038,fbb4a026db105ca529fef03c6c52ede079bb765b7f839b00f46537b7a11c2938
m7_v1_development_m7g2_seed710801,m7v1d-m7g2-710801,M7G2,710801,0,command_conditioned_risk_roi,severe,31466,31440,0.9991737113074429,5;5;5;5;5;5;5;5;5;5;5;5;5;5;5;5;5;5;5;5;5;5;5;5;5;5;5;5;5;5;5;5;5;5;5;5;5;5;5;5;5;5;5;5;35;5;5;5,48,0.00046875,0,0,0,0,,,0,0,,0,,,209.12664930555556,24.926709817618843,0.7448943896261714,682728716b85a7a73984bbdb61ebcb07c94a9cec05c33162b1a0c6f68320d411
m7_v1_development_m7g2_seed710801,m7v1d-m7g2-710801,M7G2,710801,0,command_conditioned_risk_roi,low,32374,32272,0.9968493235312288,25;25;25;25;25;25;25;25;25;25;25;25;25;25;25;25;25;25;25;25;25;25;25;25;25;25;25;25;25;25;25;25;25;25;25;25;25;25;25;25;25;25;25;25;55;25;25;25,48,0.00046875,0,0,0,0,,,0,0,,0,,,35.22394097222222,32.66242416200328,0.8886465981938804,87bd86f2f584b12ccf3927ca1b358f8387b0a5d3adb6ab0395433f2d5854e783
m7_v1_development_m7g2_seed710801,m7v1d-m7g2-710801,M7G2,710801,0,command_conditioned_risk_roi,medium,33509,32969,0.9838849264376734,45;45;45;45;45;45;45;45;45;45;45;45;45;45;45;45;45;45;45;45;45;45;45;45;45;45;45;45;45;45;45;45;45;45;45;45;45;45;45;45;45;45;45;45;75;45;45;45,48,0.00046875,0,0,0,0,,,0,0,,0,,,22.609913194444445,34.58781465893013,0.9183063122721505,6711e4926b7bf187e9ab78bd469aab4f7bdeec265d9ce2a24137504f8a798dad
m7_v1_development_m7g2_seed710801,m7v1d-m7g2-710801,M7G2,710801,0,command_conditioned_risk_roi,high,34871,33779,0.9686845803102865,65;65;65;65;65;65;65;65;65;65;65;65;65;65;65;65;65;65;65;65;65;65;65;65;65;65;65;65;65;65;65;65;65;65;65;65;65;65;65;65;65;65;65;65;95;65;65;65,48,0.00046875,0,0,0,0,,,0,0,,0,,,14.836163194444444,36.417587590438465,0.9379965657971038,c880ac692211a85fee9e3ff1206a89e80c8e1db948bf2d9fb94e8ad473026829
m7_v1_development_m7g2_seed710801,m7v1d-m7g2-710801,M7G2,710801,0,budget_conditioned_visual_voi,severe,31466,31466,1.0,1;1;1;1;15;15;1;1;1;1;1;1;1;1;1;1;1;1;1;1;1;1;1;1;1;1;1;15;1;1;1;1;15;15;15;15;15;15;15;15;1;1;1;15;35;1;15;1,14,0.2916666666666667,0,0,0,0,,,0,0,,0,,,346.9245486111111,22.728453289730002,0.7137656943955561,3ccc5e71590f4c6aa611ed335aaf206ccdd07dbc78c8059e5bef9e498336154a
m7_v1_development_m7g2_seed710801,m7v1d-m7g2-710801,M7G2,710801,0,budget_conditioned_visual_voi,low,32374,32373,0.9999691110150121,35;35;35;35;15;15;15;15;15;15;15;15;15;15;15;15;15;15;35;35;15;15;15;1;55;55;35;35;35;35;55;75;15;15;15;35;35;15;35;15;15;15;15;55;35;1;15;1,45,0.9375,0,0,0,0,,,0,0,,0,,,56.279322916666665,30.62731496968818,0.8617942102290731,1b88ad40114021a2a6f97a47e76839c77e36f02d9615d5fb2e69d2f684b39dca
m7_v1_development_m7g2_seed710801,m7v1d-m7g2-710801,M7G2,710801,0,budget_conditioned_visual_voi,medium,33509,33509,1.0,35;35;35;35;35;35;15;55;15;15;15;15;15;15;15;35;75;35;75;75;55;55;55;1;95;75;35;75;75;75;75;95;15;55;55;55;75;75;35;35;15;35;15;75;35;1;15;1,45,0.9375,0,0,0,0,,,0,0,,0,,,42.16475694444444,31.881307596552997,0.8968437595877732,db08ace9311d2cce1c69d4d98cb5218341d1747aee56ff5640610a77dc6f0155
m7_v1_development_m7g2_seed710801,m7v1d-m7g2-710801,M7G2,710801,0,budget_conditioned_visual_voi,high,34871,34870,0.999971322875742,35;35;35;35;35;35;55;35;55;35;35;35;55;55;35;35;75;75;75;75;75;75;75;15;95;95;95;95;95;95;95;95;55;75;75;75;75;75;35;35;15;55;55;75;35;1;35;1,46,0.9583333333333334,0,0,0,0,,,0,0,,0,,,31.95029513888889,33.0860548658636,0.9258163076749312,7f574050002b4a965522bcd655751030f9350f2932934813aaeadcae0cf10b6c
m7_v1_development_m7g2_seed710801,m7v1d-m7g2-710801,M7G2,710801,1,state_only_risk_roi,severe,31466,31406,0.9980931799402529,5;5;5;5;5;5;5;5;5;5;5;5;5;5;5;5;5;5;5;5;5;5;5;5;5;5;5;5;5;5;5;5;5;5;5;5;5;5;5;5;5;5;5;5;35;5;5;5,48,0.0005208333333333333,0,0,0,0,,,0,0,,0,,,190.73585069444445,25.326480301950948,0.7668697415078892,b21196dda21b5012dc10f63723b1d8d168927032c3a18fd82dddeee3ac529ffe
m7_v1_development_m7g2_seed710801,m7v1d-m7g2-710801,M7G2,710801,1,state_only_risk_roi,low,32374,32238,0.9957990980416384,25;25;25;25;25;25;25;25;25;25;25;25;25;25;25;25;25;25;25;25;25;25;25;25;25;25;25;25;25;25;25;25;25;25;25;25;25;25;25;25;25;25;25;25;55;25;25;25,48,0.0005208333333333333,0,0,0,0,,,0,0,,0,,,33.75604166666667,32.8472884658469,0.9011646409601554,33d1efa16dbca951b5a226a796703646387eb893449626787a850f299bc226a9
m7_v1_development_m7g2_seed710801,m7v1d-m7g2-710801,M7G2,710801,1,state_only_risk_roi,medium,33509,32924,0.9825420036408129,45;45;45;45;45;45;45;45;45;45;45;45;45;45;45;45;45;45;45;45;45;45;45;45;45;45;45;45;45;45;45;45;45;45;45;45;45;45;45;45;45;45;45;45;75;45;45;45,48,0.0005208333333333333,0,0,0,0,,,0,0,,0,,,21.23939236111111,34.8593827303434,0.9288543240485071,ed42e1b0580bd781e90ec549a08d01c74fd9af8561d155dc56d7bc208594de2f
m7_v1_development_m7g2_seed710801,m7v1d-m7g2-710801,M7G2,710801,1,state_only_risk_roi,high,34871,33731,0.9673080783459035,65;65;65;65;65;65;65;65;65;65;65;65;65;65;65;65;65;65;65;65;65;65;65;65;65;65;65;65;65;65;65;65;65;65;65;65;65;65;65;65;65;65;65;65;95;65;65;65,48,0.0005208333333333333,0,0,0,0,,,0,0,,0,,,14.481319444444445,36.5227222709136,0.9450089115960383,95768ac7490a5a94087435de97f94fae44ba7573b29dafbfce94048995244b21
m7_v1_development_m7g2_seed710801,m7v1d-m7g2-710801,M7G2,710801,1,command_conditioned_risk_roi,severe,31466,31417,0.9984427636178732,5;5;5;5;5;5;5;5;5;5;5;5;5;5;5;5;5;5;5;5;5;5;5;5;5;5;5;5;5;5;5;5;5;5;5;5;5;5;5;5;5;5;5;5;35;5;5;5,48,0.0005729166666666667,0,0,0,0,,,0,0,,0,,,190.73585069444445,25.326480301950948,0.7668697415078892,01350d57def9fc2ea9597212b94c189ba60320fa5fd2a0dc48807609a3f7ea2c
m7_v1_development_m7g2_seed710801,m7v1d-m7g2-710801,M7G2,710801,1,command_conditioned_risk_roi,low,32374,32249,0.9961388768765058,25;25;25;25;25;25;25;25;25;25;25;25;25;25;25;25;25;25;25;25;25;25;25;25;25;25;25;25;25;25;25;25;25;25;25;25;25;25;25;25;25;25;25;25;55;25;25;25,48,0.0005729166666666667,0,0,0,0,,,0,0,,0,,,33.75604166666667,32.8472884658469,0.9011646409601554,efb25dc7b82886ce2123358d33042dac53ea3047861648040c42a32aae62bca2
m7_v1_development_m7g2_seed710801,m7v1d-m7g2-710801,M7G2,710801,1,command_conditioned_risk_roi,medium,33509,32935,0.9828702736578233,45;45;45;45;45;45;45;45;45;45;45;45;45;45;45;45;45;45;45;45;45;45;45;45;45;45;45;45;45;45;45;45;45;45;45;45;45;45;45;45;45;45;45;45;75;45;45;45,48,0.0005729166666666667,0,0,0,0,,,0,0,,0,,,21.23939236111111,34.8593827303434,0.9288543240485071,24f45fc99decaa5366f6adcc793f073250a5c8ae55e4b94c5d628734bd5df8c6
m7_v1_development_m7g2_seed710801,m7v1d-m7g2-710801,M7G2,710801,1,command_conditioned_risk_roi,high,34871,33742,0.9676235267127412,65;65;65;65;65;65;65;65;65;65;65;65;65;65;65;65;65;65;65;65;65;65;65;65;65;65;65;65;65;65;65;65;65;65;65;65;65;65;65;65;65;65;65;65;95;65;65;65,48,0.0005729166666666667,0,0,0,0,,,0,0,,0,,,14.481319444444445,36.5227222709136,0.9450089115960383,3a7d156932952ef640f4b1db0c714a3a228cf2b0254c860d302c850b37b7e012
m7_v1_development_m7g2_seed710801,m7v1d-m7g2-710801,M7G2,710801,1,budget_conditioned_visual_voi,severe,31466,31466,1.0,1;1;1;15;15;1;1;1;1;1;1;1;1;1;1;1;1;1;1;1;1;1;1;1;15;15;1;1;15;15;15;1;1;15;1;1;1;1;1;1;1;1;1;1;35;15;1;1,10,0.20833333333333334,0,0,0,0,,,0,0,,0,,,372.79637152777775,22.416086842061723,0.7418906761177144,291e6ffa4c346c1490e9e72051ce0cc34f351bf1d7826e46aa1e8fd9f395162b
m7_v1_development_m7g2_seed710801,m7v1d-m7g2-710801,M7G2,710801,1,budget_conditioned_visual_voi,low,32374,32374,1.0,15;15;35;35;15;35;15;15;15;15;15;15;15;15;15;15;15;15;15;35;15;35;15;15;55;55;35;55;55;35;55;55;35;15;35;35;15;1;35;15;15;15;15;15;35;15;55;35,47,0.9791666666666666,0,0,0,0,,,0,0,,0,,,39.23133680555556,32.19447253926632,0.8803093850516839,8decfd4e3d156f96fb431221b9d69909dfb2eb360ab76244172f911b149effb8
m7_v1_development_m7g2_seed710801,m7v1d-m7g2-710801,M7G2,710801,1,budget_conditioned_visual_voi,medium,33509,33509,1.0,35;35;35;35;35;35;55;35;15;15;15;15;35;15;15;15;75;35;75;35;55;75;75;35;75;75;95;75;95;75;75;75;55;55;55;55;15;1;35;15;15;15;15;15;35;75;75;75,47,0.9791666666666666,0,0,0,0,,,0,0,,0,,,24.424600694444443,34.252528884818865,0.9136915409411621,2e9fc049c1bd742a463444afeeb4b93b04d1e0857be41ed744e5186da3c0c9f9
m7_v1_development_m7g2_seed710801,m7v1d-m7g2-710801,M7G2,710801,1,budget_conditioned_visual_voi,high,34871,34871,1.0,35;55;35;35;55;35;55;35;55;55;55;55;55;55;55;55;75;35;75;75;55;75;75;35;95;95;95;95;95;95;75;95;75;55;75;75;55;1;75;35;35;15;15;55;35;75;95;75,47,0.9791666666666666,0,0,0,0,,,0,0,,0,,,17.18564236111111,35.779145911289014,0.9364666193831108,8ee5b75ce6943936a117f695f4be888a4d05da592ddf764aba0d90986b89b893
m7_v1_development_m7g2_seed710801,m7v1d-m7g2-710801,M7G2,710801,2,state_only_risk_roi,severe,31466,31433,0.9989512489671392,5;5;5;5;5;5;5;5;5;5;5;5;5;5;5;5;5;5;5;5;5;5;5;5;5;5;5;5;5;5;5;5;5;5;5;5;5;5;5;5;5;5;5;5;35;5;5;5,48,0.00046875,0,0,0,0,,,0,0,,0,,,187.86746527777777,25.392287849916578,0.7741224413257681,408c988a88ceff83e3bf7fdc1fd3d07d83b25abfaabe1fd50f5706a53f0160a8
m7_v1_development_m7g2_seed710801,m7v1d-m7g2-710801,M7G2,710801,2,state_only_risk_roi,low,32374,32227,0.9954593192067709,25;25;25;25;25;25;25;25;25;25;25;25;25;25;25;25;25;25;25;25;25;25;25;25;25;25;25;25;25;25;25;25;25;25;25;25;25;25;25;25;25;25;25;25;55;25;25;25,48,0.00046875,0,0,0,0,,,0,0,,0,,,32.56592013888889,33.00317007343022,0.906925799734262,05992a914b0227ee711dbcf8a20669c187598bd22d776cf472094ac3bdacf277
m7_v1_development_m7g2_seed710801,m7v1d-m7g2-710801,M7G2,710801,2,state_only_risk_roi,medium,33509,32876,0.981109552657495,45;45;45;45;45;45;45;45;45;45;45;45;45;45;45;45;45;45;45;45;45;45;45;45;45;45;45;45;45;45;45;45;45;45;45;45;45;45;45;45;45;45;45;45;75;45;45;45,48,0.00046875,0,0,0,0,,,0,0,,0,,,19.30918402777778,35.27316439223211,0.9348850164136321,5b14fd854cedec3d2495a0379d144047c388204eb8a3ba122e3d913477364baf
m7_v1_development_m7g2_seed710801,m7v1d-m7g2-710801,M7G2,710801,2,state_only_risk_roi,high,34871,33704,0.966533795990938,65;65;65;65;65;65;65;65;65;65;65;65;65;65;65;65;65;65;65;65;65;65;65;65;65;65;65;65;65;65;65;65;65;65;65;65;65;65;65;65;65;65;65;65;95;65;65;65,48,0.00046875,0,0,0,0,,,0,0,,0,,,12.909618055555555,37.02166967464264,0.9506783639941944,ceeb47c59725465e38e704baf1b101c24d179fdd4c8fcb7e7005a4dfdbd81bd6
m7_v1_development_m7g2_seed710801,m7v1d-m7g2-710801,M7G2,710801,2,command_conditioned_risk_roi,severe,31466,31456,0.9996821966567089,5;5;5;5;5;5;5;5;5;5;5;5;5;5;5;5;5;5;5;5;5;5;5;5;5;5;5;5;5;5;5;5;5;5;5;5;35;5;5;5;5;5;5;5;35;5;5;5,48,0.0006770833333333334,0,0,0,0,,,0,0,,0,,,187.53277777777777,25.40003174330038,0.773209757525696,06a77f86d2a54fa665f0d489ac326319f88ffd44f2a0de85fea72b4f492485e8
m7_v1_development_m7g2_seed710801,m7v1d-m7g2-710801,M7G2,710801,2,command_conditioned_risk_roi,low,32374,32255,0.9963242107864335,25;25;25;25;25;25;25;25;25;25;25;25;25;25;25;25;25;25;25;25;25;25;25;25;25;25;25;25;25;25;25;25;25;25;25;25;55;25;25;25;25;25;25;25;55;25;25;25,48,0.0006770833333333334,0,0,0,0,,,0,0,,0,,,32.424618055555555,33.02205491835511,0.9077410293215834,9c6be1d0c45b33726c0610590c93eb217e4cf1bfba6fc7f32c04a6d45151d7d1
m7_v1_development_m7g2_seed710801,m7v1d-m7g2-710801,M7G2,710801,2,command_conditioned_risk_roi,medium,33509,32917,0.9823331045390791,45;45;45;45;45;45;45;45;45;45;45;45;45;45;45;45;45;45;45;45;45;45;45;45;45;45;45;45;45;45;45;45;45;45;45;45;75;45;45;45;45;45;45;45;75;45;45;45,48,0.0006770833333333334,0,0,0,0,,,0,0,,0,,,19.258072916666666,35.284675341297714,0.9353271090234196,e9d5e310aa97c8dbf6dabae0f886c9d53efb9732da2352aaba83b4ffdc49fecc
m7_v1_development_m7g2_seed710801,m7v1d-m7g2-710801,M7G2,710801,2,command_conditioned_risk_roi,high,34871,33860,0.9710074273751829,65;65;65;65;65;65;65;65;65;65;65;65;65;65;65;65;65;65;65;65;65;65;65;65;65;65;65;65;65;65;65;65;65;65;65;65;95;65;65;65;65;65;65;65;95;65;65;65,48,0.0006770833333333334,0,0,0,0,,,0,0,,0,,,12.8203125,37.05181749462685,0.9517758048637749,f732aac0766e7a556f395f107822deee4c3daff722cdae5903e5622d77fd401f
m7_v1_development_m7g2_seed710801,m7v1d-m7g2-710801,M7G2,710801,2,budget_conditioned_visual_voi,severe,31466,31466,1.0,1;1;1;1;1;1;1;1;1;1;1;1;1;1;1;1;1;1;1;1;1;1;1;1;15;15;1;1;15;15;15;15;15;1;1;15;1;1;1;1;1;1;1;1;15;1;1;1,9,0.1875,0,0,0,0,,,0,0,,0,,,354.9007986111111,22.62973384253458,0.7594312067502346,5457402fd7a6a5fdba517bccb17f135cbe1a3e89d8f1f0277ed05feb5f0bde47
m7_v1_development_m7g2_seed710801,m7v1d-m7g2-710801,M7G2,710801,2,budget_conditioned_visual_voi,low,32374,32372,0.9999382220300241,15;15;35;15;15;15;15;15;15;15;15;15;15;15;15;15;35;15;35;15;15;35;15;15;35;35;35;35;55;75;75;55;15;35;35;15;1;15;1;35;15;15;15;15;55;35;35;35,46,0.9583333333333334,0,0,0,0,,,0,0,,0,,,40.713871527777776,32.03337958974741,0.886772034053264,0ba2de25493fb732462fc481c803dc3499547f251a09620d51dee44a8b8dd279
m7_v1_development_m7g2_seed710801,m7v1d-m7g2-710801,M7G2,710801,2,budget_conditioned_visual_voi,medium,33509,33509,1.0,15;55;35;35;35;35;35;35;15;35;55;15;15;15;15;15;55;35;35;75;75;75;75;75;75;35;75;75;75;75;75;75;15;75;75;35;1;15;1;35;15;15;15;15;95;75;75;75,46,0.9583333333333334,0,0,0,0,,,0,0,,0,,,26.31470486111111,33.928818574213075,0.9228716407427474,91e21973412cc94fc3becb3195a0f28c6f19b3141ce7fe2c239f8a60191b9305
m7_v1_development_m7g2_seed710801,m7v1d-m7g2-710801,M7G2,710801,2,budget_conditioned_visual_voi,high,34871,34870,0.999971322875742,55;55;35;35;35;35;35;35;55;35;55;35;55;55;55;55;75;35;75;75;75;75;75;75;95;35;95;95;95;95;95;95;15;75;75;75;1;35;1;35;15;15;15;15;95;75;75;75,46,0.9583333333333334,0,0,0,0,,,0,0,,0,,,21.210642361111113,34.86526539609172,0.9357136111205113,80398def99c1a9d152588cfaccde07469d756539ed7ed20c1dd06064ae12c7fa
m7_v1_development_m7g2_seed710801,m7v1d-m7g2-710801,M7G2,710801,3,state_only_risk_roi,severe,31466,31415,0.998379202949215,5;5;5;5;5;5;5;5;5;5;5;5;5;5;5;5;5;5;5;5;5;5;5;5;5;5;5;5;5;5;5;5;5;5;5;5;5;5;5;5;5;5;5;5;35;5;5;5,48,0.00036458333333333335,0,0,0,0,,,0,0,,0,,,196.895,25.188456731705273,0.7636953449951815,72672d817f636c4ee94a0ac1ea563c9bbecd8fd52d262bfb44f2c7056a9d66f8
m7_v1_development_m7g2_seed710801,m7v1d-m7g2-710801,M7G2,710801,3,state_only_risk_roi,low,32374,32182,0.994069314882313,25;25;25;25;25;25;25;25;25;25;25;25;25;25;25;25;25;25;25;25;25;25;25;25;25;25;25;25;25;25;25;25;25;25;25;25;25;25;25;25;25;25;25;25;55;25;25;25,48,0.00036458333333333335,0,0,0,0,,,0,0,,0,,,31.047013888888888,33.210605249202615,0.9080407646387859,1e9e1afde9dcfefeab99b641148aa788659eddf10a5c5e5ea6f54cb07fbe0ae3
m7_v1_development_m7g2_seed710801,m7v1d-m7g2-710801,M7G2,710801,3,state_only_risk_roi,medium,33509,32792,0.9786027634366886,45;45;45;45;45;45;45;45;45;45;45;45;45;45;45;45;45;45;45;45;45;45;45;45;45;45;45;45;45;45;45;45;45;45;45;45;45;45;45;45;45;45;45;45;75;45;45;45,48,0.00036458333333333335,0,0,0,0,,,0,0,,0,,,18.671475694444446,35.419017172290935,0.9371091488621937,a9d3d5699a56bb540ad025fbdc6693efd1df06343ab16a4396b9a2b399aded6a
m7_v1_development_m7g2_seed710801,m7v1d-m7g2-710801,M7G2,710801,3,state_only_risk_roi,high,34871,33568,0.9626337070918528,65;65;65;65;65;65;65;65;65;65;65;65;65;65;65;65;65;65;65;65;65;65;65;65;65;65;65;65;65;65;65;65;65;65;65;65;65;65;65;65;65;65;65;65;95;65;65;65,48,0.00036458333333333335,0,0,0,0,,,0,0,,0,,,12.323663194444444,37.22340540323385,0.9543698038217432,1c2204780358183ed49f39782aea5ed072e2e8bdcceb9c6f42d3c48f0ca2645c
m7_v1_development_m7g2_seed710801,m7v1d-m7g2-710801,M7G2,710801,3,command_conditioned_risk_roi,severe,31466,31432,0.99891946863281,5;5;5;5;5;5;5;5;5;5;5;5;5;5;5;5;5;5;5;5;5;5;5;5;5;5;5;5;5;5;5;5;5;5;5;5;5;5;5;5;5;5;5;5;35;5;5;5,48,0.0005729166666666667,0,0,0,0,,,0,0,,0,,,196.895,25.188456731705273,0.7636953449951815,1f79628649b20a44e698dc8dbce7fb5fc7499fcb94bfbe6dd727d4d6a0acd0c3
m7_v1_development_m7g2_seed710801,m7v1d-m7g2-710801,M7G2,710801,3,command_conditioned_risk_roi,low,32374,32199,0.9945944276271081,25;25;25;25;25;25;25;25;25;25;25;25;25;25;25;25;25;25;25;25;25;25;25;25;25;25;25;25;25;25;25;25;25;25;25;25;25;25;25;25;25;25;25;25;55;25;25;25,48,0.0005729166666666667,0,0,0,0,,,0,0,,0,,,31.047013888888888,33.210605249202615,0.9080407646387859,aae2f856b2662d8d298b1a2c2679d7971ef6e21464df1e8caf756b335cdbf7dd
m7_v1_development_m7g2_seed710801,m7v1d-m7g2-710801,M7G2,710801,3,command_conditioned_risk_roi,medium,33509,32809,0.9791100898266137,45;45;45;45;45;45;45;45;45;45;45;45;45;45;45;45;45;45;45;45;45;45;45;45;45;45;45;45;45;45;45;45;45;45;45;45;45;45;45;45;45;45;45;45;75;45;45;45,48,0.0005729166666666667,0,0,0,0,,,0,0,,0,,,18.671475694444446,35.419017172290935,0.9371091488621937,9a7818ab4c8a9762dce53390f27c42a8f7665ea01d37f9dddf6b63c28efd754c
m7_v1_development_m7g2_seed710801,m7v1d-m7g2-710801,M7G2,710801,3,command_conditioned_risk_roi,high,34871,33585,0.9631212182042385,65;65;65;65;65;65;65;65;65;65;65;65;65;65;65;65;65;65;65;65;65;65;65;65;65;65;65;65;65;65;65;65;65;65;65;65;65;65;65;65;65;65;65;65;95;65;65;65,48,0.0005729166666666667,0,0,0,0,,,0,0,,0,,,12.323663194444444,37.22340540323385,0.9543698038217432,9485e2648c41ef4522bffe2d6580fbab89cc5449433abd576fb2951938e1e710
m7_v1_development_m7g2_seed710801,m7v1d-m7g2-710801,M7G2,710801,3,budget_conditioned_visual_voi,severe,31466,31466,1.0,1;1;1;1;1;1;1;1;1;1;1;15;1;1;1;1;1;1;1;1;1;1;1;1;1;15;15;1;15;15;1;1;1;1;15;15;15;15;1;1;1;15;1;1;15;1;15;1,12,0.25,0,0,0,0,,,0,0,,0,,,331.15177083333333,22.9305327909005,0.729969202747721,5e49177ceccad8a3c4bdeef7368b02f452a80b7762f1a5883ed71426f4933721
m7_v1_development_m7g2_seed710801,m7v1d-m7g2-710801,M7G2,710801,3,budget_conditioned_visual_voi,low,32374,32374,1.0,15;15;15;15;15;35;15;35;15;15;15;15;15;15;15;15;15;15;15;35;15;35;35;15;35;55;75;55;55;35;55;35;35;15;15;35;55;35;35;15;15;15;1;15;15;15;35;55,47,0.9791666666666666,0,0,0,0,,,0,0,,0,,,36.64661458333333,32.49046500190543,0.893703951734662,c365432ca799ec54c7563b27f7d6d83f9be9a53a3aad87be660cd5a2098bebd2
m7_v1_development_m7g2_seed710801,m7v1d-m7g2-710801,M7G2,710801,3,budget_conditioned_visual_voi,medium,33509,33509,1.0,55;55;55;55;55;35;35;35;35;35;35;35;35;35;55;55;35;75;55;75;35;55;75;75;75;75;95;75;75;75;55;75;75;75;75;75;75;35;75;15;15;35;1;15;15;15;55;75,47,0.9791666666666666,0,0,0,0,,,0,0,,0,,,20.728038194444444,34.965221606382514,0.9372553029901249,27ebd6b5d1def91c05dbd54a671e80cac5e693a700cee1edbff0fac7b85f3370
m7_v1_development_m7g2_seed710801,m7v1d-m7g2-710801,M7G2,710801,3,budget_conditioned_visual_voi,high,34871,34871,1.0,35;35;55;35;55;35;35;35;35;35;35;35;35;35;55;55;35;75;55;75;35;55;75;75;95;95;95;95;95;95;55;95;75;75;75;75;95;35;95;15;15;35;1;15;15;15;55;75,47,0.9791666666666666,0,0,0,0,,,0,0,,0,,,18.181649305555556,35.534470841924815,0.9407544293481674,a1b1f68aa91bbe827fd31a48124094eeae709e12b31e983b38303860c9fc513b
