episode_id,attempt_id,scene,seed,snapshot_id,method,budget,budget_bytes,charged_bytes,utilization,quality_map,high_quality_tile_count,roi_area_ratio,eligible_instances,recalled_instances,eligible_boundary_edges,matched_boundary_edges,tcobr,continuous_boundary_utility,critical_boundary_edges,critical_boundary_hq_pixels,critical_boundary_hq_coverage,critical_region_pixels,critical_region_mse,critical_region_psnr_db,full_mse,full_psnr_db,full_ssim,case_digest
m7_v1_development_m7c1_seed710100,m7v1d-m7c1-710100,M7C1,710100,0,state_only_risk_roi,severe,31466,31443,0.9992690523104303,5;5;5;5;5;5;5;5;5;5;5;5;5;5;5;5;5;5;5;5;5;5;5;5;5;5;5;5;5;5;5;5;5;5;5;5;5;5;5;5;5;5;5;5;35;5;5;5,48,0.020833333333333332,1,1,31,29,1.0,0.9354838709677419,31,0,0.0,2633,152.2787694644892,26.3044100216176,208.99324652777779,24.92948108455938,0.7574427609501861,3a62153dc5545acc41eef05ceb689305ca3c8282c4010330195d3a6f47ff24a7
m7_v1_development_m7c1_seed710100,m7v1d-m7c1-710100,M7C1,710100,0,command_conditioned_risk_roi,severe,31466,31452,0.9995550753193924,5;5;5;5;5;5;5;5;5;5;5;5;5;5;5;5;5;5;5;5;5;5;5;5;5;5;5;5;5;5;5;5;5;5;5;5;5;5;5;5;5;5;5;5;35;5;5;5,48,0.020833333333333332,1,1,31,29,1.0,0.9354838709677419,31,0,0.0,2633,152.2787694644892,26.3044100216176,208.99324652777779,24.92948108455938,0.7574427609501861,c642486e1058fd2771c3c739560bb494d27b3a0d8ef2ebb673910a887d7e3221
m7_v1_development_m7c1_seed710100,m7v1d-m7c1-710100,M7C1,710100,0,v2_global_only,severe,31466,31447,0.9993961736477468,15;5;15;15;15;15;25;25;5;5;15;5;15;5;5;5;5;5;5;5;5;5;5;5;5;5;5;5;5;5;5;5;5;5;5;5;5;5;5;5;5;5;15;5;15;5;15;5,48,0.25,1,1,31,29,1.0,0.9354838709677419,31,0,0.0,2633,144.22331940751994,26.540448739157885,189.22998263888888,25.360904113444988,0.7491472766369437,fb90332e7c40883c0d6d10cc9c4f70f378d001c22f29524d1d82eb658c375bd4
m7_v1_development_m7c1_seed710100,m7v1d-m7c1-710100,M7C1,710100,0,v2_visible_edges,severe,31466,31447,0.9993961736477468,15;5;15;15;15;15;25;15;5;5;15;5;15;5;5;5;5;5;5;5;5;5;5;5;5;5;5;5;5;5;5;5;5;5;5;5;5;5;5;5;5;5;15;5;15;5;15;5,48,0.25,1,1,31,29,1.0,0.9354838709677419,31,0,0.0,2633,144.22331940751994,26.540448739157885,189.62862847222223,25.351764569326498,0.7480676709237466,32bc31f6be15c2fd25135711f8a715036f01bbd35c60cdeeda30c972f41a94e0
m7_v1_development_m7c1_seed710100,m7v1d-m7c1-710100,M7C1,710100,0,v2_corridor_edges,severe,31466,31447,0.9993961736477468,15;5;15;15;15;15;15;15;5;5;15;5;15;5;5;5;5;5;5;5;5;5;5;5;5;5;5;5;5;5;5;5;5;5;5;5;5;5;5;5;5;5;15;5;15;5;15;5,48,0.25,1,1,31,29,1.0,0.9354838709677419,31,0,0.0,2633,144.22331940751994,26.540448739157885,190.03359375,25.342499794381478,0.7470764015562529,4538b2ac9497720a749dc249205deb2d0a29eebcd0410afe82ee9ba3e3b3ceb6
m7_v1_development_m7c1_seed710100,m7v1d-m7c1-710100,M7C1,710100,0,state_only_risk_roi,low,32374,32302,0.9977759930808674,25;25;25;25;25;25;25;25;25;25;25;25;25;25;25;25;25;25;25;25;25;25;25;25;25;25;25;25;25;25;25;25;25;25;25;25;25;25;25;25;25;25;25;25;55;25;25;25,48,0.020833333333333332,1,1,31,31,1.0,1.0,31,0,0.0,2633,24.928725155082923,34.163802914403284,37.51536458333333,32.3887118948302,0.8988124141538166,c36efe6eb11fb5b57eacc64b724326f873758ca47e87212f1eb25a78d0a617be
m7_v1_development_m7c1_seed710100,m7v1d-m7c1-710100,M7C1,710100,0,command_conditioned_risk_roi,low,32374,32311,0.9980539939457589,25;25;25;25;25;25;25;25;25;25;25;25;25;25;25;25;25;25;25;25;25;25;25;25;25;25;25;25;25;25;25;25;25;25;25;25;25;25;25;25;25;25;25;25;55;25;25;25,48,0.020833333333333332,1,1,31,31,1.0,1.0,31,0,0.0,2633,24.928725155082923,34.163802914403284,37.51536458333333,32.3887118948302,0.8988124141538166,c4817d6780edf832d8564244582b5b9621a5d8359d2224fa55930eedc24217d4
m7_v1_development_m7c1_seed710100,m7v1d-m7c1-710100,M7C1,710100,0,v2_global_only,low,32374,32306,0.9978995490208191,25;25;35;35;25;25;25;25;25;25;25;25;25;25;25;25;25;25;25;25;25;25;25;25;25;25;25;35;25;25;25;25;35;25;25;25;35;25;25;25;25;25;25;25;25;25;25;25,48,0.10416666666666667,1,1,31,31,1.0,1.0,31,0,0.0,2633,24.634763894163818,34.21531956625693,36.10809027777778,32.55475841251809,0.900590267022756,1d15363a5c47543d73d887be0ced09a0fd3f2b03de3f998e1b67924d3cb8cb46
m7_v1_development_m7c1_seed710100,m7v1d-m7c1-710100,M7C1,710100,0,v2_visible_edges,low,32374,32306,0.9978995490208191,25;25;25;25;25;25;25;25;25;25;25;25;25;25;25;25;25;25;25;25;25;25;25;25;25;25;25;25;25;25;25;25;25;35;25;25;25;25;25;25;25;35;25;25;25;25;25;25,48,0.041666666666666664,1,1,31,31,1.0,1.0,31,10,0.3225806451612903,2633,23.234839853145967,34.46940677430888,36.728541666666665,32.48076676157057,0.8991380789803989,d7097e5fa00d5bf5a65235761f621c9ef8bbbd24e995056cf3e339d857491cec
m7_v1_development_m7c1_seed710100,m7v1d-m7c1-710100,M7C1,710100,0,v2_corridor_edges,low,32374,32306,0.9978995490208191,25;25;25;35;25;25;25;25;25;25;25;25;25;25;25;25;25;25;25;25;25;25;25;25;25;25;25;35;25;25;25;25;25;25;25;25;35;25;25;25;25;25;25;25;25;25;25;25,48,0.0625,1,1,31,31,1.0,1.0,31,0,0.0,2633,24.928725155082923,34.163802914403284,36.243402777777774,32.538513954217294,0.9001568617563772,1b69c502c151a3468333ef1358ee928df70a2736e7bc47cd78e2965a1a62a354
m7_v1_development_m7c1_seed710100,m7v1d-m7c1-710100,M7C1,710100,0,state_only_risk_roi,medium,33509,32986,0.9843922528275986,45;45;45;45;45;45;45;45;45;45;45;45;45;45;45;45;45;45;45;45;45;45;45;45;45;45;45;45;45;45;45;45;45;45;45;45;45;45;45;45;45;45;45;45;75;45;45;45,48,0.020833333333333332,1,1,31,31,1.0,1.0,31,0,0.0,2633,15.65476642612989,36.1843376867222,22.931527777777777,34.526473709720115,0.9280963663432479,bca334c388b6e2df33b21b9d512a23382b8ebacf1ee92e6109176e81b55a6241
m7_v1_development_m7c1_seed710100,m7v1d-m7c1-710100,M7C1,710100,0,command_conditioned_risk_roi,medium,33509,32995,0.9846608373869706,45;45;45;45;45;45;45;45;45;45;45;45;45;45;45;45;45;45;45;45;45;45;45;45;45;45;45;45;45;45;45;45;45;45;45;45;45;45;45;45;45;45;45;45;75;45;45;45,48,0.020833333333333332,1,1,31,31,1.0,1.0,31,0,0.0,2633,15.65476642612989,36.1843376867222,22.931527777777777,34.526473709720115,0.9280963663432479,d5bbf21eaa475f9a2e537577386b0123afb409dd69c3def665fafc9b999bd936
m7_v1_development_m7c1_seed710100,m7v1d-m7c1-710100,M7C1,710100,0,v2_global_only,medium,33509,32990,0.984511623742875,45;55;45;45;45;45;45;55;45;55;55;55;55;45;45;45;45;45;45;45;45;45;45;45;45;55;45;45;45;55;45;45;45;45;45;45;45;45;45;45;45;45;45;45;45;45;45;45,48,0.16666666666666666,1,1,31,31,1.0,1.0,31,20,0.6451612903225806,2633,15.458032662362324,36.23926140253754,21.877222222222223,34.73088182609852,0.9293714668518748,1bfe9b8dfe2b5a6c8fcfef58e61f42e2c1d2f8fd4b55340308a8b3749e9d5c38
m7_v1_development_m7c1_seed710100,m7v1d-m7c1-710100,M7C1,710100,0,v2_visible_edges,medium,33509,32990,0.984511623742875,45;55;45;45;45;45;45;45;45;55;45;55;55;45;45;45;45;45;45;45;45;45;45;45;45;45;45;45;45;45;45;45;45;45;45;45;45;45;45;55;45;55;45;45;55;45;45;45,48,0.14583333333333334,1,1,31,31,1.0,1.0,31,19,0.6129032258064516,2633,15.172680086086846,36.32018059989331,22.23375,34.66067642795228,0.9294744151313784,e7b6c043a80b37866e8b35c17a956d65c91104b9b5109f10137645403fbb31a2
m7_v1_development_m7c1_seed710100,m7v1d-m7c1-710100,M7C1,710100,0,v2_corridor_edges,medium,33509,32990,0.984511623742875,45;45;45;45;45;45;45;45;45;55;55;55;55;45;45;45;45;45;45;45;45;45;45;45;45;55;45;45;45;55;45;45;45;45;45;45;45;45;45;45;45;45;45;45;55;45;45;45,48,0.14583333333333334,1,1,31,31,1.0,1.0,31,5,0.16129032258064516,2633,15.176984428408659,36.31894872325743,22.01751736111111,34.703120134054316,0.9292949946352177,ca9682d9edad02c5088e6a49616ec29f607ac9ecadf6dc8bcf83d6aae7f587da
m7_v1_development_m7c1_seed710100,m7v1d-m7c1-710100,M7C1,710100,0,state_only_risk_roi,high,34871,33705,0.966562473115196,65;65;65;65;65;65;65;65;65;65;65;65;65;65;65;65;65;65;65;65;65;65;65;65;65;65;65;65;65;65;65;65;65;65;65;65;65;65;65;65;65;65;65;65;95;65;65;65,48,0.020833333333333332,1,1,31,31,1.0,1.0,31,0,0.0,2633,10.748702367388278,37.817243234719975,15.394878472222222,36.25704095952929,0.9464077476060112,3cb0b44b7b151d9c32d4a53228068b06c462878110ad6cd314f3ff29f1bb21bd
m7_v1_development_m7c1_seed710100,m7v1d-m7c1-710100,M7C1,710100,0,command_conditioned_risk_roi,high,34871,33714,0.9668205672335178,65;65;65;65;65;65;65;65;65;65;65;65;65;65;65;65;65;65;65;65;65;65;65;65;65;65;65;65;65;65;65;65;65;65;65;65;65;65;65;65;65;65;65;65;95;65;65;65,48,0.020833333333333332,1,1,31,31,1.0,1.0,31,0,0.0,2633,10.748702367388278,37.817243234719975,15.394878472222222,36.25704095952929,0.9464077476060112,d36d6a14cef83434c6de9abecfab15b3283f99a7cdaaa2b6303d923e6f1ac180
m7_v1_development_m7c1_seed710100,m7v1d-m7c1-710100,M7C1,710100,0,v2_global_only,high,34871,33709,0.9666771816122279,75;75;65;75;65;65;65;65;75;65;65;65;65;65;65;65;75;65;65;65;65;65;65;65;75;75;65;65;65;65;75;65;75;65;65;75;65;65;65;65;65;75;65;65;65;65;65;65,48,0.22916666666666666,1,1,31,31,1.0,1.0,31,24,0.7741935483870968,2633,7.780478541587542,39.22074051592948,14.216840277777777,36.60277276598415,0.9465466926724274,da3afd39235335d366812419568cc40d08b2b604e17751dc6772105c3f342cb8
m7_v1_development_m7c1_seed710100,m7v1d-m7c1-710100,M7C1,710100,0,v2_visible_edges,high,34871,33708,0.9666485044879699,75;75;65;75;65;65;75;65;75;75;65;65;65;65;65;65;75;65;65;65;65;65;65;65;75;65;65;65;65;65;65;65;75;65;65;75;65;65;75;75;65;75;65;65;65;65;65;65,48,0.2708333333333333,1,1,31,31,1.0,1.0,31,19,0.6129032258064516,2633,7.311558425117103,39.490704061681015,14.536180555555555,36.50630052113168,0.9454997740484874,cc084dac16063cb2f27f72afd54d081139ce5e86467859e0171b616418fa951d
m7_v1_development_m7c1_seed710100,m7v1d-m7c1-710100,M7C1,710100,0,v2_corridor_edges,high,34871,33709,0.9666771816122279,75;65;65;75;75;65;75;75;75;65;75;65;65;65;65;65;75;65;65;65;65;65;65;65;75;75;65;65;65;65;75;65;75;65;65;65;65;65;65;65;65;75;65;75;75;65;65;65,48,0.3125,1,1,31,31,1.0,1.0,31,9,0.2903225806451613,2633,8.772123053551082,38.69975645625378,14.432048611111112,36.53752377844257,0.9472775463564274,dabb8af94f57767e546d87bb5a5ccbd536c4f1fa75c742ca3fd2fac9dc2f9618
m7_v1_development_m7c1_seed710100,m7v1d-m7c1-710100,M7C1,710100,1,state_only_risk_roi,severe,31466,31341,0.9960274582088604,1;1;1;1;1;1;1;1;1;1;1;1;1;1;1;1;1;1;1;1;1;1;1;1;1;1;1;1;1;1;1;1;1;1;1;1;1;1;1;1;1;1;1;1;15;1;1;1,1,0.020833333333333332,0,0,0,0,,,0,0,,0,,,490.74553819444446,21.22224001136551,0.7181015500616518,2e95e77ec3b0ca6e73f1f7ece2ff95587b30176b9bb063c127eefeecfdab2d1a
m7_v1_development_m7c1_seed710100,m7v1d-m7c1-710100,M7C1,710100,1,command_conditioned_risk_roi,severe,31466,31350,0.9963134812178224,1;1;1;1;1;1;1;1;1;1;1;1;1;1;1;1;1;1;1;1;1;1;1;1;1;1;1;1;1;1;1;1;1;1;1;1;1;1;1;1;1;1;1;1;15;1;1;1,1,0.020833333333333332,0,0,0,0,,,0,0,,0,,,490.74553819444446,21.22224001136551,0.7181015500616518,a6dc1a1786dea39575137854402107f21f56196a21efb6d3a9c16a912bc57dff
m7_v1_development_m7c1_seed710100,m7v1d-m7c1-710100,M7C1,710100,1,v2_global_only,severe,31466,31343,0.9960910188775186,1;1;1;1;1;1;1;1;1;1;1;1;1;1;1;5;1;5;1;1;5;1;1;1;1;1;1;1;1;1;5;1;1;1;1;1;1;1;1;1;5;5;5;1;5;5;5;5,11,0.22916666666666666,0,0,0,0,,,0,0,,0,,,422.71303819444444,21.870347174188908,0.7222956769524688,37e56802933c1443ed93efc466bcc241ee6c278d8bd9d7f878fff6e84e632796
m7_v1_development_m7c1_seed710100,m7v1d-m7c1-710100,M7C1,710100,1,v2_visible_edges,severe,31466,31345,0.9961545795461768,1;1;1;1;1;1;1;1;5;1;1;1;1;1;1;5;1;5;1;1;1;1;1;1;1;1;1;1;1;1;1;1;1;1;1;5;1;1;1;1;5;5;5;1;5;5;5;5,11,0.22916666666666666,0,0,0,0,,,0,0,,0,,,431.03616319444444,21.78566652616818,0.7111347313796252,77013f769c501e8ec93261051b04b94749b7a213221cf2173bdafc0e5c08f5a3
m7_v1_development_m7c1_seed710100,m7v1d-m7c1-710100,M7C1,710100,1,v2_corridor_edges,severe,31466,31345,0.9961545795461768,1;1;1;1;1;1;1;1;1;1;1;1;1;1;1;5;1;5;1;1;5;5;1;1;1;1;1;1;1;1;1;1;1;1;1;1;1;1;1;1;5;5;5;5;1;1;5;5,10,0.20833333333333334,0,0,0,0,,,0,0,,0,,,429.7940277777778,21.79819984429043,0.7251779635880212,76a2aa10f00173876194d3ae538466fec83f5377635e1fe4df82fdd880421233
m7_v1_development_m7c1_seed710100,m7v1d-m7c1-710100,M7C1,710100,1,state_only_risk_roi,low,32374,32317,0.9982393278556867,25;25;25;25;25;25;25;25;25;25;25;25;25;25;25;25;25;25;25;25;25;25;25;25;25;25;25;25;25;25;25;25;25;25;25;25;25;25;25;25;25;25;25;25;55;25;25;25,48,0.020833333333333332,0,0,0,0,,,0,0,,0,,,36.764913194444446,32.476468159706855,0.8993060177218729,69d5c552a62c7b885fd8f25d71cebbd31dbef37c382ed3635bd1bcdb5e6d1c32
m7_v1_development_m7c1_seed710100,m7v1d-m7c1-710100,M7C1,710100,1,command_conditioned_risk_roi,low,32374,32326,0.9985173287205782,25;25;25;25;25;25;25;25;25;25;25;25;25;25;25;25;25;25;25;25;25;25;25;25;25;25;25;25;25;25;25;25;25;25;25;25;25;25;25;25;25;25;25;25;55;25;25;25,48,0.020833333333333332,0,0,0,0,,,0,0,,0,,,36.764913194444446,32.476468159706855,0.8993060177218729,0b7640387f79e0854499c293c0d45f690d0a0ff5a3615f5218a133626634ff1c
m7_v1_development_m7c1_seed710100,m7v1d-m7c1-710100,M7C1,710100,1,v2_global_only,low,32374,32321,0.9983628837956384,25;35;35;35;35;35;25;25;25;35;25;25;25;25;25;25;25;25;25;25;25;35;25;25;25;25;25;25;35;35;35;25;25;25;35;25;25;25;25;25;25;25;25;25;25;25;25;25,48,0.22916666666666666,0,0,0,0,,,0,0,,0,,,34.72734375,32.72408794914905,0.9033821745140912,7f6c0fc9c4362c552142276c8959a6051bb18f55331d3191bbe745e459472538
m7_v1_development_m7c1_seed710100,m7v1d-m7c1-710100,M7C1,710100,1,v2_visible_edges,low,32374,32321,0.9983628837956384,25;35;35;35;25;35;25;25;55;25;25;25;25;25;25;25;25;25;25;25;25;25;25;25;25;25;25;25;25;25;25;25;25;25;25;25;25;25;25;25;25;25;35;25;25;25;25;35,48,0.14583333333333334,0,0,0,0,,,0,0,,0,,,36.25692708333333,32.536893677080975,0.9000339616270782,0f75281f1e42667b282d998d4b56fdb0469ac85c09c58093fe39d13baa63cd25
m7_v1_development_m7c1_seed710100,m7v1d-m7c1-710100,M7C1,710100,1,v2_corridor_edges,low,32374,32321,0.9983628837956384,25;35;35;35;35;35;25;25;25;25;25;25;25;25;25;25;25;25;25;25;25;25;25;25;25;25;25;25;25;25;25;25;25;25;35;25;25;25;25;25;25;25;25;35;35;25;25;25,48,0.16666666666666666,0,0,0,0,,,0,0,,0,,,36.546875,32.502301130426446,0.9011477581107848,e7909b48211f7a681c401f301566e5f3f428e5e84f4bf282562ac051d7ea31cb
m7_v1_development_m7c1_seed710100,m7v1d-m7c1-710100,M7C1,710100,1,state_only_risk_roi,medium,33509,33038,0.9859440747261929,45;45;45;45;45;45;45;45;45;45;45;45;45;45;45;45;45;45;45;45;45;45;45;45;45;45;45;45;45;45;45;45;45;45;45;45;45;45;45;45;45;45;45;45;75;45;45;45,48,0.020833333333333332,0,0,0,0,,,0,0,,0,,,21.579027777777778,34.790484867980226,0.926511901707491,dd1e2e5927533b976b38f8d9b42783ce3a1cf74c557d8c3d5efb8d2a4a626b35
m7_v1_development_m7c1_seed710100,m7v1d-m7c1-710100,M7C1,710100,1,command_conditioned_risk_roi,medium,33509,33047,0.9862126592855651,45;45;45;45;45;45;45;45;45;45;45;45;45;45;45;45;45;45;45;45;45;45;45;45;45;45;45;45;45;45;45;45;45;45;45;45;45;45;45;45;45;45;45;45;75;45;45;45,48,0.020833333333333332,0,0,0,0,,,0,0,,0,,,21.579027777777778,34.790484867980226,0.926511901707491,e8c7ee6e199d260e063f8cb694cbb00a59264910aebc49dd0c231ef7130be1f9
m7_v1_development_m7c1_seed710100,m7v1d-m7c1-710100,M7C1,710100,1,v2_global_only,medium,33509,33042,0.9860634456414694,45;45;45;55;45;45;45;45;55;55;45;45;55;45;45;45;45;45;45;45;45;45;45;45;45;45;45;55;55;55;65;55;45;45;45;45;45;45;45;45;45;55;55;45;45;55;55;45,48,0.2708333333333333,0,0,0,0,,,0,0,,0,,,19.998802083333334,35.12076378412884,0.9294451728844902,0a1a512813f259b00bebf32c24a21f31b117481ddec95866c81998e1ef023aaf
m7_v1_development_m7c1_seed710100,m7v1d-m7c1-710100,M7C1,710100,1,v2_visible_edges,medium,33509,33042,0.9860634456414694,55;45;45;55;45;45;45;45;55;55;45;45;55;45;45;55;45;45;45;45;45;45;45;45;55;45;45;45;45;45;55;55;45;45;45;45;45;45;45;45;45;45;65;45;45;45;55;55,48,0.25,0,0,0,0,,,0,0,,0,,,20.58873263888889,34.9945074688112,0.9281194916271733,3dbf9effa1c31e74b4cff3a2cc8edc7f94952cdace44a4f46ae570035372e37e
m7_v1_development_m7c1_seed710100,m7v1d-m7c1-710100,M7C1,710100,1,v2_corridor_edges,medium,33509,33042,0.9860634456414694,45;45;45;45;45;45;45;45;55;55;45;45;55;45;45;45;45;45;45;45;45;45;45;45;45;45;45;55;45;55;55;55;45;45;45;45;45;45;45;45;45;45;55;55;55;45;55;45,48,0.22916666666666666,0,0,0,0,,,0,0,,0,,,20.147274305555555,35.08864061464088,0.9290934059120497,ef61b84de4eac5ec473d9cddc7ac2cb71f6a99bc437e6939db2fc436d9432a6d
m7_v1_development_m7c1_seed710100,m7v1d-m7c1-710100,M7C1,710100,1,state_only_risk_roi,high,34871,33868,0.9712368443692466,65;65;65;65;65;65;65;65;65;65;65;65;65;65;65;65;65;65;65;65;65;65;65;65;65;65;65;65;65;65;65;65;65;65;65;65;65;65;65;65;65;65;65;65;95;65;65;65,48,0.020833333333333332,0,0,0,0,,,0,0,,0,,,14.01939236111111,36.66351170342499,0.947184334211717,4fc83a5b65310f83c9ac79d8863cd16eaf3bd4cce9a65e2139699fc021523bda
m7_v1_development_m7c1_seed710100,m7v1d-m7c1-710100,M7C1,710100,1,command_conditioned_risk_roi,high,34871,33877,0.9714949384875685,65;65;65;65;65;65;65;65;65;65;65;65;65;65;65;65;65;65;65;65;65;65;65;65;65;65;65;65;65;65;65;65;65;65;65;65;65;65;65;65;65;65;65;65;95;65;65;65,48,0.020833333333333332,0,0,0,0,,,0,0,,0,,,14.01939236111111,36.66351170342499,0.947184334211717,3eeae50cf03ae2bb456a6113e4cf4244135e47e66d7046270c8a971f30c578f9
m7_v1_development_m7c1_seed710100,m7v1d-m7c1-710100,M7C1,710100,1,v2_global_only,high,34871,33872,0.9713515528662786,65;75;75;65;75;75;75;65;75;75;65;75;65;65;65;65;75;65;65;75;75;65;65;75;75;65;75;75;65;75;65;65;65;65;65;65;65;65;65;65;75;75;65;75;75;65;65;65,48,0.4166666666666667,0,0,0,0,,,0,0,,0,,,12.631996527777778,37.116083632444266,0.9502993491353978,0a50425d5b5ffc3dd027265f160a20c250310a32702adeff708d13cf7257f533
m7_v1_development_m7c1_seed710100,m7v1d-m7c1-710100,M7C1,710100,1,v2_visible_edges,high,34871,33872,0.9713515528662786,65;65;75;65;75;65;65;65;95;65;65;75;65;65;65;65;75;65;65;65;65;65;65;65;65;65;65;65;65;65;65;65;75;65;65;65;65;65;65;65;75;75;75;65;75;65;75;65,48,0.22916666666666666,0,0,0,0,,,0,0,,0,,,13.45498263888889,36.841972191426905,0.9487392890140187,59997dd63b82aeeef919f00076b0ceb2df82ee02a9b81a80f8e690e0233585c1
m7_v1_development_m7c1_seed710100,m7v1d-m7c1-710100,M7C1,710100,1,v2_corridor_edges,high,34871,33872,0.9713515528662786,65;65;75;65;75;75;75;65;75;65;65;75;65;65;65;65;75;65;65;75;75;65;65;75;75;65;75;75;65;75;65;65;65;65;65;65;65;65;65;65;75;75;65;75;75;65;65;65,48,0.375,0,0,0,0,,,0,0,,0,,,12.64282986111111,37.11236067339955,0.9501046221631523,6bc3e0f6dedebd3a6dbd1d8dfedc1c7c6d39f88202370c1117e42d9080d50e0f
m7_v1_development_m7c1_seed710100,m7v1d-m7c1-710100,M7C1,710100,2,state_only_risk_roi,severe,31466,31316,0.9952329498506324,1;1;1;1;1;1;1;1;1;1;1;1;1;1;1;1;1;1;1;1;1;1;1;1;1;1;1;1;1;1;1;1;1;1;1;1;15;1;1;1;1;1;1;1;15;1;1;1,2,0.041666666666666664,0,0,0,0,,,0,0,,0,,,510.20727430555553,21.053337145748504,0.6891201421138525,fd2e2371f28357ca26eb58571436c0f589bae09d798659573f609e732f26e8d3
m7_v1_development_m7c1_seed710100,m7v1d-m7c1-710100,M7C1,710100,2,command_conditioned_risk_roi,severe,31466,31325,0.9955189728595945,1;1;1;1;1;1;1;1;1;1;1;1;1;1;1;1;1;1;1;1;1;1;1;1;1;1;1;1;1;1;1;1;1;1;1;1;15;1;1;1;1;1;1;1;15;1;1;1,2,0.041666666666666664,0,0,0,0,,,0,0,,0,,,510.20727430555553,21.053337145748504,0.6891201421138525,09470c6fa09cc29a0ede5c986e8b58d6cf3563fbb9c6af0458a4d8b5eb279166
m7_v1_development_m7c1_seed710100,m7v1d-m7c1-710100,M7C1,710100,2,v2_global_only,severe,31466,31320,0.9953600711879489,1;1;1;1;1;1;1;1;1;1;1;1;1;1;1;5;5;5;1;1;5;1;1;1;1;1;1;1;1;1;1;5;5;1;1;5;1;1;1;1;1;1;1;5;5;1;1;1,9,0.1875,0,0,0,0,,,0,0,,0,,,472.1384722222222,21.39010970491597,0.691954470549923,2fe025e511ce77a4f31004b118ec76100034cbdb063a6de556bddba2efc4486f
m7_v1_development_m7c1_seed710100,m7v1d-m7c1-710100,M7C1,710100,2,v2_visible_edges,severe,31466,31319,0.9953282908536197,1;1;1;1;1;1;1;1;1;1;1;1;1;1;1;5;1;1;1;1;1;1;1;1;1;1;1;1;5;5;1;1;5;1;1;1;1;1;1;1;1;1;1;1;5;1;1;1,5,0.10416666666666667,0,0,0,0,,,0,0,,0,,,486.1454513888889,21.263141342294634,0.6869047190606844,65d70ae34ef0398d833f58c51253a2fa29c9985c8bb737b7f6e9b90c9daa1778
m7_v1_development_m7c1_seed710100,m7v1d-m7c1-710100,M7C1,710100,2,v2_corridor_edges,severe,31466,31319,0.9953282908536197,1;1;1;1;1;1;1;1;1;1;1;1;1;1;1;5;5;5;1;1;5;5;1;1;1;1;1;1;1;1;1;1;5;1;1;5;1;1;1;1;1;1;1;5;5;1;1;1,9,0.1875,0,0,0,0,,,0,0,,0,,,480.3342361111111,21.31536818525758,0.6923787274482077,f33c3fe3560f17cbceee1d0c7dcb87f201a847804724d7c74a6cb207ae50f067
m7_v1_development_m7c1_seed710100,m7v1d-m7c1-710100,M7C1,710100,2,state_only_risk_roi,low,32374,32345,0.9991042194353493,25;25;25;25;25;25;25;25;25;25;25;25;25;25;25;25;25;25;25;25;25;25;25;25;25;25;25;25;25;25;25;25;25;25;25;25;55;25;25;25;25;25;25;25;55;25;25;25,48,0.041666666666666664,0,0,0,0,,,0,0,,0,,,31.58361111111111,33.13618577311824,0.8923987231513003,20a457659cf1c3e14d66e5fb818090bff33994e02f1bc5188e60c2884fae98b0
m7_v1_development_m7c1_seed710100,m7v1d-m7c1-710100,M7C1,710100,2,command_conditioned_risk_roi,low,32374,32354,0.9993822203002409,25;25;25;25;25;25;25;25;25;25;25;25;25;25;25;25;25;25;25;25;25;25;25;25;25;25;25;25;25;25;25;25;25;25;25;25;55;25;25;25;25;25;25;25;55;25;25;25,48,0.041666666666666664,0,0,0,0,,,0,0,,0,,,31.58361111111111,33.13618577311824,0.8923987231513003,fdfcbcb23e5964dbe4e8197b719a128b8fba117957e75baa32de5f7974009955
m7_v1_development_m7c1_seed710100,m7v1d-m7c1-710100,M7C1,710100,2,v2_global_only,low,32374,32348,0.9991968863903132,25;35;35;35;25;35;25;25;25;25;25;25;25;25;25;25;25;25;25;25;25;25;25;25;35;35;25;25;35;25;25;25;25;45;25;25;25;25;25;25;25;25;25;25;25;25;25;25,48,0.16666666666666666,0,0,0,0,,,0,0,,0,,,29.44623263888889,33.44050621975752,0.89437954727241,af1654439532c91613177fe56dd888692072aa3ee1af211da1217bdccb6f047b
m7_v1_development_m7c1_seed710100,m7v1d-m7c1-710100,M7C1,710100,2,v2_visible_edges,low,32374,32349,0.9992277753753012,25;35;35;35;25;25;25;25;25;25;25;25;25;25;25;25;35;25;25;35;25;35;25;25;25;25;25;25;25;25;25;25;25;35;25;35;25;25;25;25;25;25;25;25;35;25;25;25,48,0.1875,0,0,0,0,,,0,0,,0,,,30.46425347222222,33.29289820681077,0.8956396121400333,7f88512af4c7553403afbe626c94b055d0173c186d5966bf74ffebfa4867b419
m7_v1_development_m7c1_seed710100,m7v1d-m7c1-710100,M7C1,710100,2,v2_corridor_edges,low,32374,32348,0.9991968863903132,25;35;35;35;35;35;25;25;25;25;25;25;25;25;25;25;25;25;25;25;25;25;25;25;35;35;25;25;25;25;25;25;25;45;25;25;25;25;25;25;25;25;25;25;35;25;25;25,48,0.1875,0,0,0,0,,,0,0,,0,,,29.741128472222222,33.39722917866871,0.894237978377503,b71ac787d1d295617bd28004bd72d12404d61982ef6773f1898ad190d17a2ca2
m7_v1_development_m7c1_seed710100,m7v1d-m7c1-710100,M7C1,710100,2,state_only_risk_roi,medium,33509,33052,0.9863618729296607,45;45;45;45;45;45;45;45;45;45;45;45;45;45;45;45;45;45;45;45;45;45;45;45;45;45;45;45;45;45;45;45;45;45;45;45;75;45;45;45;45;45;45;45;75;45;45;45,48,0.041666666666666664,0,0,0,0,,,0,0,,0,,,18.800642361111112,35.389076728212494,0.924056475971064,bcae610a3d827c818a57e3cb4c8fa9d66b78afd4f74ef1eae0841603ef3c9c84
m7_v1_development_m7c1_seed710100,m7v1d-m7c1-710100,M7C1,710100,2,command_conditioned_risk_roi,medium,33509,33061,0.9866304574890328,45;45;45;45;45;45;45;45;45;45;45;45;45;45;45;45;45;45;45;45;45;45;45;45;45;45;45;45;45;45;45;45;45;45;45;45;75;45;45;45;45;45;45;45;75;45;45;45,48,0.041666666666666664,0,0,0,0,,,0,0,,0,,,18.800642361111112,35.389076728212494,0.924056475971064,31d482654b0163b9990554e470683dcdac643aad7333c18ec2035cbd83fee5d8
m7_v1_development_m7c1_seed710100,m7v1d-m7c1-710100,M7C1,710100,2,v2_global_only,medium,33509,33056,0.9864812438449372,45;55;55;45;45;45;45;55;45;55;65;65;45;45;55;55;45;55;55;45;45;45;45;45;45;45;65;55;55;55;45;45;55;45;45;45;45;45;45;45;45;45;45;45;45;45;45;45,48,0.3125,0,0,0,0,,,0,0,,0,,,17.88828125,35.6051174637654,0.9244963310487188,a4a850370354a496baefa9e8856f00e933856d99179cfe742401566b930d8027
m7_v1_development_m7c1_seed710100,m7v1d-m7c1-710100,M7C1,710100,2,v2_visible_edges,medium,33509,33056,0.9864812438449372,45;45;55;45;45;45;45;55;45;55;55;45;45;45;55;65;45;45;55;45;45;55;45;45;45;55;65;55;55;55;45;45;45;45;45;45;45;45;45;45;45;45;45;45;45;45;45;45,48,0.2708333333333333,0,0,0,0,,,0,0,,0,,,18.050451388888888,35.5659229405823,0.9232517347086283,76aa2eb74fd35c607ef9d28f64db50240e8ced8e14c05584916eebb4ffdbf136
m7_v1_development_m7c1_seed710100,m7v1d-m7c1-710100,M7C1,710100,2,v2_corridor_edges,medium,33509,33056,0.9864812438449372,45;45;55;45;45;45;45;55;45;55;65;65;45;45;55;55;45;55;55;45;45;45;45;45;45;45;65;55;55;55;45;45;55;45;45;45;45;45;45;45;45;45;45;45;45;45;45;45,48,0.2916666666666667,0,0,0,0,,,0,0,,0,,,17.91234375,35.59927945811917,0.9242730059905139,7ed05d93e7477ae32acb2f223b562156a146e16562d8f8c15c5084ab0432356a
m7_v1_development_m7c1_seed710100,m7v1d-m7c1-710100,M7C1,710100,2,state_only_risk_roi,high,34871,33965,0.9740185254222706,65;65;65;65;65;65;65;65;65;65;65;65;65;65;65;65;65;65;65;65;65;65;65;65;65;65;65;65;65;65;65;65;65;65;65;65;95;65;65;65;65;65;65;65;95;65;65;65,48,0.041666666666666664,0,0,0,0,,,0,0,,0,,,14.457135416666667,36.52998111891333,0.9401668801491946,8b46c4933d01bf44145c72ebb6957bfabbedf34811f614d55c8d01e70b4ff7a3
m7_v1_development_m7c1_seed710100,m7v1d-m7c1-710100,M7C1,710100,2,command_conditioned_risk_roi,high,34871,33974,0.9742766195405924,65;65;65;65;65;65;65;65;65;65;65;65;65;65;65;65;65;65;65;65;65;65;65;65;65;65;65;65;65;65;65;65;65;65;65;65;95;65;65;65;65;65;65;65;95;65;65;65,48,0.041666666666666664,0,0,0,0,,,0,0,,0,,,14.457135416666667,36.52998111891333,0.9401668801491946,1a84cd8b77a616df6ed447b9ce5a7e3014728ce441da576463a78b5e24816b59
m7_v1_development_m7c1_seed710100,m7v1d-m7c1-710100,M7C1,710100,2,v2_global_only,high,34871,33969,0.9741332339193026,75;75;75;75;75;75;65;65;75;75;65;65;75;65;75;65;75;75;75;75;65;65;65;75;75;75;75;75;75;75;75;65;65;65;65;75;65;65;65;65;65;65;65;75;75;75;65;65,48,0.5416666666666666,0,0,0,0,,,0,0,,0,,,12.627795138888889,37.117528331633935,0.9426665440727433,3ebf84180cffff6e2f1eff789653b49062c2e7ac000d49efb3895158f2e7c6f2
m7_v1_development_m7c1_seed710100,m7v1d-m7c1-710100,M7C1,710100,2,v2_visible_edges,high,34871,33969,0.9741332339193026,75;75;75;75;75;75;65;65;75;75;65;65;65;65;75;75;65;75;75;75;65;75;65;75;75;75;75;75;65;65;75;65;75;75;65;75;75;65;65;65;65;65;65;75;65;75;65;65,48,0.5416666666666666,0,0,0,0,,,0,0,,0,,,12.821805555555555,37.05131174405798,0.9421865902178069,b0da54105196e2445d3d93e6c2dae158766b44968673e5a97ff405a93bd4e978
m7_v1_development_m7c1_seed710100,m7v1d-m7c1-710100,M7C1,710100,2,v2_corridor_edges,high,34871,33969,0.9741332339193026,75;75;75;75;75;75;65;65;75;65;65;65;75;65;75;65;75;75;75;75;65;75;65;75;75;75;75;75;75;75;75;65;65;65;65;75;65;65;65;65;65;65;65;75;65;75;65;65,48,0.5208333333333334,0,0,0,0,,,0,0,,0,,,12.651232638888889,37.10947518977604,0.9423477597944868,6070ad2fc61b2c0cd7154270e819c2192ff94f7cbd1a4d45c042c21603caadb3
m7_v1_development_m7c1_seed710100,m7v1d-m7c1-710100,M7C1,710100,3,state_only_risk_roi,severe,31466,31391,0.9976164749253162,5;5;5;5;5;5;5;5;5;5;5;5;5;5;5;5;5;5;5;5;5;5;5;5;5;5;5;5;5;5;5;5;5;5;5;5;35;5;5;5;5;5;5;5;5;5;5;5,48,0.020833333333333332,0,0,0,0,,,0,0,,0,,,191.25649305555555,25.314641727267993,0.7504664959286536,08b1245c70f13537c4e55c52fd3e927e39aff134efbdf6d3221a46fa5e5044f9
m7_v1_development_m7c1_seed710100,m7v1d-m7c1-710100,M7C1,710100,3,command_conditioned_risk_roi,severe,31466,31400,0.9979024979342783,5;5;5;5;5;5;5;5;5;5;5;5;5;5;5;5;5;5;5;5;5;5;5;5;5;5;5;5;5;5;5;5;5;5;5;5;35;5;5;5;5;5;5;5;5;5;5;5,48,0.020833333333333332,0,0,0,0,,,0,0,,0,,,191.25649305555555,25.314641727267993,0.7504664959286536,6465006216ef2b3001ca4efd159ae17a5e21ee76a9d0ec55f6e6117cc6ef5e27
m7_v1_development_m7c1_seed710100,m7v1d-m7c1-710100,M7C1,710100,3,v2_global_only,severe,31466,31395,0.9977435962626326,15;15;15;15;15;15;25;15;15;25;15;15;15;15;15;5;5;5;5;5;5;5;5;5;5;5;5;5;5;5;5;5;5;5;5;5;5;15;15;5;5;5;5;5;5;5;5;5,48,0.3541666666666667,0,0,0,0,,,0,0,,0,,,160.9012673611111,26.065208959747885,0.7558038240798094,f2d82d2839aef4c2c1a954b73b1ce8c281788923483a8c49b7e4199d3db0aab2
m7_v1_development_m7c1_seed710100,m7v1d-m7c1-710100,M7C1,710100,3,v2_visible_edges,severe,31466,31395,0.9977435962626326,15;15;15;15;15;15;15;15;15;15;15;15;15;15;15;5;5;5;5;5;5;5;5;5;5;5;5;5;5;5;5;5;5;5;5;5;5;15;15;5;5;5;5;5;5;5;5;5,48,0.3541666666666667,0,0,0,0,,,0,0,,0,,,161.65019097222222,26.045041388480602,0.7538600230544933,15a5fdd1b1765f7965c20f3942dc82ec7c7c2ac4f92bb66e99428ce0a64c75c1
m7_v1_development_m7c1_seed710100,m7v1d-m7c1-710100,M7C1,710100,3,v2_corridor_edges,severe,31466,31395,0.9977435962626326,15;15;15;15;15;15;15;15;15;5;15;15;15;15;15;5;5;5;5;5;5;5;5;5;5;5;5;5;5;5;5;5;5;5;5;5;5;15;15;5;15;5;5;5;5;5;5;5,48,0.3541666666666667,0,0,0,0,,,0,0,,0,,,162.36935763888889,26.02576288327221,0.7504036135406312,7ded3cdd910bb5bdc2250adecc2fb63c063b218660fdd95f2c095967509cd2df
m7_v1_development_m7c1_seed710100,m7v1d-m7c1-710100,M7C1,710100,3,state_only_risk_roi,low,32374,32230,0.9955519861617347,25;25;25;25;25;25;25;25;25;25;25;25;25;25;25;25;25;25;25;25;25;25;25;25;25;25;25;25;25;25;25;25;25;25;25;25;55;25;25;25;25;25;25;25;25;25;25;25,48,0.020833333333333332,0,0,0,0,,,0,0,,0,,,31.73892361111111,33.11488166794437,0.8877714401585597,58ee98eb880c88160f2efd6c0ba5c20108c8924676c2691bd7f4f07c726dbc87
m7_v1_development_m7c1_seed710100,m7v1d-m7c1-710100,M7C1,710100,3,command_conditioned_risk_roi,low,32374,32239,0.9958299870266263,25;25;25;25;25;25;25;25;25;25;25;25;25;25;25;25;25;25;25;25;25;25;25;25;25;25;25;25;25;25;25;25;25;25;25;25;55;25;25;25;25;25;25;25;25;25;25;25,48,0.020833333333333332,0,0,0,0,,,0,0,,0,,,31.73892361111111,33.11488166794437,0.8877714401585597,6916d55d15868993b917e2f6a2e5997f6812b8a1096ca4d0f0d746a436e6a554
m7_v1_development_m7c1_seed710100,m7v1d-m7c1-710100,M7C1,710100,3,v2_global_only,low,32374,32234,0.9956755421016865,25;25;25;35;25;35;25;25;25;25;25;25;25;25;25;25;25;25;25;25;25;25;25;25;25;25;25;35;25;25;35;35;25;25;25;25;25;25;25;25;25;25;25;25;25;25;25;25,48,0.10416666666666667,0,0,0,0,,,0,0,,0,,,29.266770833333332,33.46705553932221,0.8897857260615805,3254ffc2a8e780be692c6f1e3c2680b2355d8d9a8defa8d5be43d80d79c6f2c9
m7_v1_development_m7c1_seed710100,m7v1d-m7c1-710100,M7C1,710100,3,v2_visible_edges,low,32374,32233,0.9956446531166986,25;25;25;25;25;35;25;25;25;25;25;25;25;25;25;35;25;25;25;25;25;25;25;25;25;25;25;25;25;25;35;35;25;25;25;25;25;25;25;25;25;25;25;35;25;25;25;25,48,0.10416666666666667,0,0,0,0,,,0,0,,0,,,29.960694444444446,33.365284854220924,0.8885878328003608,9a7f770a914aae3c89e0bd2b1ae139a24d4d8d573eb2909866110b9c3fcf1a55
m7_v1_development_m7c1_seed710100,m7v1d-m7c1-710100,M7C1,710100,3,v2_corridor_edges,low,32374,32234,0.9956755421016865,25;35;35;35;25;35;25;25;25;25;25;25;25;25;25;25;25;25;25;25;25;25;25;25;35;25;25;25;25;25;35;35;25;25;25;25;25;25;25;25;35;25;25;25;25;25;25;25,48,0.16666666666666666,0,0,0,0,,,0,0,,0,,,29.624774305555555,33.414253104818236,0.890555111766654,8e6bf7cf3fe40f2a0711c39ef6fdf5b5d951f456a2e7ad1bd29e807bb153d3dd
m7_v1_development_m7c1_seed710100,m7v1d-m7c1-710100,M7C1,710100,3,state_only_risk_roi,medium,33509,32886,0.9814079799456862,45;45;45;45;45;45;45;45;45;45;45;45;45;45;45;45;45;45;45;45;45;45;45;45;45;45;45;45;45;45;45;45;45;45;45;45;75;45;45;45;45;45;45;45;45;45;45;45,48,0.020833333333333332,0,0,0,0,,,0,0,,0,,,18.244409722222223,35.5195054405947,0.924815372092762,48b96c93343ab869cf0b4daa2835fed0254fedb559c24f56b02f373edfc805b4
m7_v1_development_m7c1_seed710100,m7v1d-m7c1-710100,M7C1,710100,3,command_conditioned_risk_roi,medium,33509,32895,0.9816765645050584,45;45;45;45;45;45;45;45;45;45;45;45;45;45;45;45;45;45;45;45;45;45;45;45;45;45;45;45;45;45;45;45;45;45;45;45;75;45;45;45;45;45;45;45;45;45;45;45,48,0.020833333333333332,0,0,0,0,,,0,0,,0,,,18.244409722222223,35.5195054405947,0.924815372092762,989f11692e90a922d98fe646ca28221619fd2b3536b0ee0e5da8e8d664373023
m7_v1_development_m7c1_seed710100,m7v1d-m7c1-710100,M7C1,710100,3,v2_global_only,medium,33509,32890,0.9815273508609628,45;45;45;45;45;45;45;45;45;55;55;55;45;45;55;45;45;45;55;45;45;45;45;45;45;45;45;45;55;55;45;55;55;55;45;45;45;45;45;45;45;45;45;45;45;45;45;55,48,0.22916666666666666,0,0,0,0,,,0,0,,0,,,17.510364583333335,35.697851722441165,0.9255224962774212,7eb1c7b3e43332e9fd7df8076c78fa6a474eb6b938a46c745d54e8e4392d3e87
m7_v1_development_m7c1_seed710100,m7v1d-m7c1-710100,M7C1,710100,3,v2_visible_edges,medium,33509,32890,0.9815273508609628,45;45;45;45;45;45;45;45;45;55;55;65;45;45;55;45;45;45;55;45;45;45;45;45;45;55;45;45;55;55;45;45;55;55;45;45;45;45;45;45;45;45;45;45;45;45;45;45,48,0.20833333333333334,0,0,0,0,,,0,0,,0,,,17.68576388888889,35.65456538132772,0.9250105877556106,22086a7d6778b4c6193d9095baf45f7f5a0903b4a896b82f10cf13ac8f0a426e
m7_v1_development_m7c1_seed710100,m7v1d-m7c1-710100,M7C1,710100,3,v2_corridor_edges,medium,33509,32890,0.9815273508609628,45;45;55;45;45;45;45;45;45;55;55;65;45;45;55;45;45;45;55;45;45;45;45;45;45;45;45;45;55;55;45;55;55;55;45;45;45;45;45;45;45;45;45;45;45;45;45;45,48,0.22916666666666666,0,0,0,0,,,0,0,,0,,,17.55050347222222,35.6879078125857,0.9255352937545082,2a5183d55bbf4bb55ba7a48ae31f33dc0827e6474e71c8b892bbc98583fbee30
m7_v1_development_m7c1_seed710100,m7v1d-m7c1-710100,M7C1,710100,3,state_only_risk_roi,high,34871,33717,0.9669065986062918,65;65;65;65;65;65;65;65;65;65;65;65;65;65;65;65;65;65;65;65;65;65;65;65;65;65;65;65;65;65;65;65;65;65;65;65;95;65;65;65;65;65;65;65;65;65;65;65,48,0.020833333333333332,0,0,0,0,,,0,0,,0,,,13.0609375,36.97106009620739,0.944152487995415,33a767d1d4ae315ebc21b13a59576bd1fe2daa674c1dfe3ebcad91fc52a4dfb5
m7_v1_development_m7c1_seed710100,m7v1d-m7c1-710100,M7C1,710100,3,command_conditioned_risk_roi,high,34871,33726,0.9671646927246136,65;65;65;65;65;65;65;65;65;65;65;65;65;65;65;65;65;65;65;65;65;65;65;65;65;65;65;65;65;65;65;65;65;65;65;65;95;65;65;65;65;65;65;65;65;65;65;65,48,0.020833333333333332,0,0,0,0,,,0,0,,0,,,13.0609375,36.97106009620739,0.944152487995415,25b1d345de9134f62884304a6ebb145b6eda9af39ce9fafcae1f07ce50ce91f6
m7_v1_development_m7c1_seed710100,m7v1d-m7c1-710100,M7C1,710100,3,v2_global_only,high,34871,33720,0.9669926299790657,75;75;75;75;65;75;65;65;75;65;65;65;75;65;65;65;65;65;65;75;65;65;65;75;65;75;75;75;75;75;75;75;65;65;65;75;65;65;65;65;65;65;65;75;65;65;65;65,48,0.375,0,0,0,0,,,0,0,,0,,,11.721111111111112,37.441115779783466,0.9455481685186001,9a663a718518ff57bc88a89a96ee521f6478e8f458e9adb69ee2d1cbbd43d71b
m7_v1_development_m7c1_seed710100,m7v1d-m7c1-710100,M7C1,710100,3,v2_visible_edges,high,34871,33720,0.9669926299790657,65;65;75;65;65;75;65;65;65;65;65;65;65;65;65;65;65;75;65;75;65;65;65;75;65;75;75;75;75;65;75;75;75;65;65;75;65;65;65;65;65;65;65;65;65;65;65;65,48,0.2708333333333333,0,0,0,0,,,0,0,,0,,,11.88111111111111,37.38223303483692,0.9453452170535642,a19bec4d47633ce7bca88858a301f6f79078495e52f7d9c524a7190ced025f81
m7_v1_development_m7c1_seed710100,m7v1d-m7c1-710100,M7C1,710100,3,v2_corridor_edges,high,34871,33721,0.9670213071033237,75;75;75;75;65;75;65;65;65;65;65;65;75;65;65;65;65;65;65;75;65;65;65;75;65;75;75;75;75;75;75;75;65;65;65;75;65;65;65;65;65;65;65;75;65;65;65;65,48,0.3541666666666667,0,0,0,0,,,0,0,,0,,,11.726666666666667,37.4390578046613,0.9455319119286646,5d0ec8ca6f0d17c09ec0f8c0d87bf50bf80528c200e7dc54fd9b97b937862a7a
m7_v1_development_m7c1_seed710101,m7v1d-m7c1-710101,M7C1,710101,0,state_only_risk_roi,severe,31466,31420,0.9985381046208606,5;5;5;5;5;5;5;5;5;5;5;5;5;5;5;5;5;5;5;5;5;5;5;5;5;5;5;5;5;5;5;5;5;5;5;5;5;5;5;5;5;5;5;5;35;5;5;5,48,0.020833333333333332,1,1,22,22,1.0,1.0,22,0,0.0,2289,84.72535313819718,28.85066973200327,200.20746527777777,25.116000935762678,0.7686140052633007,3f1ad417c3caf59c82f7309ba92d4cb790e577aa4b1d23fd0dcb55de378d3639
m7_v1_development_m7c1_seed710101,m7v1d-m7c1-710101,M7C1,710101,0,command_conditioned_risk_roi,severe,31466,31429,0.9988241276298226,5;5;5;5;5;5;5;5;5;5;5;5;5;5;5;5;5;5;5;5;5;5;5;5;5;5;5;5;5;5;5;5;5;5;5;5;5;5;5;5;5;5;5;5;35;5;5;5,48,0.020833333333333332,1,1,22,22,1.0,1.0,22,0,0.0,2289,84.72535313819718,28.85066973200327,200.20746527777777,25.116000935762678,0.7686140052633007,08db681589faa97f9e2b9bb193a1654251eba031970c7cb6c4eb31ec68b14933
m7_v1_development_m7c1_seed710101,m7v1d-m7c1-710101,M7C1,710101,0,v2_global_only,severe,31466,31423,0.9986334456238479,15;15;15;15;15;15;25;15;5;5;15;5;15;5;5;5;5;5;5;5;5;5;5;5;5;5;5;5;5;5;5;5;5;5;5;5;5;5;5;5;5;5;15;5;15;5;15;5,48,0.2708333333333333,1,1,22,22,1.0,1.0,22,6,0.2727272727272727,2289,75.45929809232561,29.353675997067175,179.68395833333332,25.585710545897257,0.7570669047541035,8371ee018b62c4e82f83968d9f5a3bd1f23f39072d1ca85f49308f3ce7a5dfb2
m7_v1_development_m7c1_seed710101,m7v1d-m7c1-710101,M7C1,710101,0,v2_visible_edges,severe,31466,31424,0.9986652259581771,15;15;15;15;15;15;15;15;5;5;15;5;15;5;5;5;5;5;5;5;5;5;5;5;5;5;5;5;5;5;5;5;5;5;5;5;5;5;5;5;5;5;15;5;15;5;15;5,48,0.2708333333333333,1,1,22,22,1.0,1.0,22,6,0.2727272727272727,2289,75.45929809232561,29.353675997067175,180.0889236111111,25.57593358556447,0.7560756353866097,b3ae6c4ac39f26289977a5761feb7a9fc91ac110f4f61d7053dc0d4e6d4f8c19
m7_v1_development_m7c1_seed710101,m7v1d-m7c1-710101,M7C1,710101,0,v2_corridor_edges,severe,31466,31423,0.9986334456238479,15;15;15;15;15;15;25;15;5;5;5;5;15;5;5;5;5;5;5;5;5;5;5;5;5;5;5;5;5;5;5;5;5;5;5;5;5;5;5;5;5;5;15;5;15;5;15;5,48,0.25,1,1,22,22,1.0,1.0,22,6,0.2727272727272727,2289,75.45929809232561,29.353675997067175,182.0263888888889,25.52946007399025,0.7555338129631007,dfcc7db99b0534334ce4c1e8962f6dfc2521c9a1ac768b2c347df048a3733084
m7_v1_development_m7c1_seed710101,m7v1d-m7c1-710101,M7C1,710101,0,state_only_risk_roi,low,32374,32220,0.9952430963118551,25;25;25;25;25;25;25;25;25;25;25;25;25;25;25;25;25;25;25;25;25;25;25;25;25;25;25;25;25;25;25;25;25;25;25;25;25;25;25;25;25;25;25;25;55;25;25;25,48,0.020833333333333332,1,1,22,22,1.0,1.0,22,0,0.0,2289,7.4591524683267805,39.40390876456799,35.367777777777775,32.64472587713252,0.9037872515494106,f7cd8e1b8bcc17a6970b3746c858329f109b238027d286ed0dfa63f6a56b7b62
m7_v1_development_m7c1_seed710101,m7v1d-m7c1-710101,M7C1,710101,0,command_conditioned_risk_roi,low,32374,32229,0.9955210971767467,25;25;25;25;25;25;25;25;25;25;25;25;25;25;25;25;25;25;25;25;25;25;25;25;25;25;25;25;25;25;25;25;25;25;25;25;25;25;25;25;25;25;25;25;55;25;25;25,48,0.020833333333333332,1,1,22,22,1.0,1.0,22,0,0.0,2289,7.4591524683267805,39.40390876456799,35.367777777777775,32.64472587713252,0.9037872515494106,cbdc31712226df23e3d2fa5941565087a4edea161bc6cf6465e7f4e3a5d7cd62
m7_v1_development_m7c1_seed710101,m7v1d-m7c1-710101,M7C1,710101,0,v2_global_only,low,32374,32224,0.995366652251807,25;25;35;35;35;25;25;25;25;25;25;25;25;25;25;25;35;25;25;25;25;25;25;25;25;25;25;35;25;25;25;25;35;25;25;25;25;25;25;25;25;25;25;25;25;25;25;35,48,0.14583333333333334,1,1,22,22,1.0,1.0,22,5,0.22727272727272727,2289,6.853356633173147,39.77177028760251,34.19701388888889,32.79092176104095,0.9049045794429625,6dddd3ed3fb06620c2bec4e25dbc7b8657fe5dad767606ecbf4f64cc67be17c0
m7_v1_development_m7c1_seed710101,m7v1d-m7c1-710101,M7C1,710101,0,v2_visible_edges,low,32374,32224,0.995366652251807,25;25;25;35;25;25;25;25;25;35;25;25;25;25;25;35;35;25;25;25;25;25;25;25;25;25;25;25;25;25;25;25;35;25;25;25;25;25;25;25;25;35;25;25;25;25;25;25,48,0.125,1,1,22,22,1.0,1.0,22,5,0.22727272727272727,2289,6.853356633173147,39.77177028760251,34.930416666666666,32.69876594727691,0.9039667430845544,ddf4e028b29837c1f7709ff22a33f0306efa5f062edbefe754a204f916b69e43
m7_v1_development_m7c1_seed710101,m7v1d-m7c1-710101,M7C1,710101,0,v2_corridor_edges,low,32374,32224,0.995366652251807,25;25;35;35;25;25;25;25;25;25;25;25;25;25;25;25;35;25;25;25;25;25;25;25;25;25;25;35;25;25;25;25;35;25;25;25;25;25;25;25;25;25;25;25;25;25;25;35,48,0.125,1,1,22,22,1.0,1.0,22,5,0.22727272727272727,2289,6.853356633173147,39.77177028760251,34.30809027777778,32.77683816665015,0.9047453900367951,56ab6f51a03c7c878810d3093eb5a835fd041372db4b0c845d3bf6a31ec225f1
m7_v1_development_m7c1_seed710101,m7v1d-m7c1-710101,M7C1,710101,0,state_only_risk_roi,medium,33509,32884,0.981348294488048,45;45;45;45;45;45;45;45;45;45;45;45;45;45;45;45;45;45;45;45;45;45;45;45;45;45;45;45;45;45;45;45;45;45;45;45;45;45;45;45;45;45;45;45;75;45;45;45,48,0.020833333333333332,1,1,22,22,1.0,1.0,22,0,0.0,2289,1.8119994175040046,45.54922307137954,22.112569444444443,34.684411510477375,0.932800898854001,c7c81ae2d2817f93ef29fd5ce2ee270af5decd596772b10b8c551ca3f9dba172
m7_v1_development_m7c1_seed710101,m7v1d-m7c1-710101,M7C1,710101,0,command_conditioned_risk_roi,medium,33509,32893,0.9816168790474201,45;45;45;45;45;45;45;45;45;45;45;45;45;45;45;45;45;45;45;45;45;45;45;45;45;45;45;45;45;45;45;45;45;45;45;45;45;45;45;45;45;45;45;45;75;45;45;45,48,0.020833333333333332,1,1,22,22,1.0,1.0,22,0,0.0,2289,1.8119994175040046,45.54922307137954,22.112569444444443,34.684411510477375,0.932800898854001,5bc612346cd022517f6bd917e4de4cd967216b6b25976e12e539eaa1dd28abd5
m7_v1_development_m7c1_seed710101,m7v1d-m7c1-710101,M7C1,710101,0,v2_global_only,medium,33509,32888,0.9814676654033245,45;55;45;45;45;45;45;45;45;55;55;55;55;45;45;45;45;45;45;45;45;45;45;45;45;55;45;45;45;55;45;45;45;45;45;45;45;55;45;55;45;45;45;45;45;45;45;45,48,0.1875,1,1,22,22,1.0,1.0,22,0,0.0,2289,1.8119994175040046,45.54922307137954,21.149166666666666,34.87787101175682,0.9339553504240491,fb2348e89be75691ac30c8ef30a4232561cbb86f8793f54c62d851a094db49a8
m7_v1_development_m7c1_seed710101,m7v1d-m7c1-710101,M7C1,710101,0,v2_visible_edges,medium,33509,32888,0.9814676654033245,45;45;45;45;45;45;45;45;45;45;45;55;45;45;45;45;45;45;45;45;45;45;45;45;45;45;45;45;45;45;45;45;45;45;45;45;45;55;45;45;45;65;45;45;55;45;45;45,48,0.08333333333333333,1,1,22,22,1.0,1.0,22,0,0.0,2289,1.8119994175040046,45.54922307137954,21.629357638888887,34.78036739164763,0.932898958640052,6e21a2e0605898a65eb286b885c47f29115682e953b85b206ca5d345fc769895
m7_v1_development_m7c1_seed710101,m7v1d-m7c1-710101,M7C1,710101,0,v2_corridor_edges,medium,33509,32888,0.9814676654033245,45;45;45;45;45;45;45;45;45;55;45;55;55;45;45;45;45;45;45;45;45;45;45;45;45;55;45;45;45;55;45;45;45;45;45;45;45;55;45;45;45;45;45;45;55;45;45;45,48,0.14583333333333334,1,1,22,22,1.0,1.0,22,0,0.0,2289,1.8119994175040046,45.54922307137954,21.202586805555555,34.86691510937093,0.9335903611517904,9da37f508cfdde0a51d0f135c55d825c0236f078be0c2362c7f5fcdccc63eff7
m7_v1_development_m7c1_seed710101,m7v1d-m7c1-710101,M7C1,710101,0,state_only_risk_roi,high,34871,33596,0.9634366665710763,65;65;65;65;65;65;65;65;65;65;65;65;65;65;65;65;65;65;65;65;65;65;65;65;65;65;65;65;65;65;65;65;65;65;65;65;65;65;65;65;65;65;65;65;95;65;65;65,48,0.020833333333333332,1,1,22,22,1.0,1.0,22,0,0.0,2289,2.1888743264890054,44.72859533461305,15.054565972222223,36.35412121682437,0.9478906590233166,d3f416e05e742ed4e966d7b25592b41d30872c408a6f79ac44310f7e13e77551
m7_v1_development_m7c1_seed710101,m7v1d-m7c1-710101,M7C1,710101,0,command_conditioned_risk_roi,high,34871,33605,0.9636947606893981,65;65;65;65;65;65;65;65;65;65;65;65;65;65;65;65;65;65;65;65;65;65;65;65;65;65;65;65;65;65;65;65;65;65;65;65;65;65;65;65;65;65;65;65;95;65;65;65,48,0.020833333333333332,1,1,22,22,1.0,1.0,22,0,0.0,2289,2.1888743264890054,44.72859533461305,15.054565972222223,36.35412121682437,0.9478906590233166,f54e9c9de2d035776b74d10b0e0bd0fd9a5a10ed7efbeffa4830e38898212ecd
m7_v1_development_m7c1_seed710101,m7v1d-m7c1-710101,M7C1,710101,0,v2_global_only,high,34871,33600,0.9635513750681082,75;65;65;75;65;65;65;65;75;65;65;65;65;65;65;65;75;65;65;65;65;65;65;65;75;75;65;65;65;65;75;65;65;65;75;75;65;65;65;65;65;75;65;65;65;65;65;65,48,0.20833333333333334,1,1,22,22,1.0,1.0,22,14,0.6363636363636364,2289,1.2755206057958353,47.07392881919638,13.832725694444445,36.72172595984816,0.9484978836525952,9feab762c8e01e643ebc9169347406d33fcf4213ae1bfdacfa83cb0b397145f3
m7_v1_development_m7c1_seed710101,m7v1d-m7c1-710101,M7C1,710101,0,v2_visible_edges,high,34871,33600,0.9635513750681082,75;65;65;75;65;65;65;65;65;65;65;65;65;65;65;65;65;75;65;65;65;65;65;65;75;65;65;65;65;65;65;65;65;65;75;65;65;65;75;75;75;65;65;65;65;75;65;65,48,0.1875,1,1,22,22,1.0,1.0,22,11,0.5,2289,1.6404543468763653,45.98116212202265,14.344479166666666,36.563955767870475,0.9475826826845634,c331680e095df0535014ae13d3493044677870faa62411dd5954f75ab9fe959f
m7_v1_development_m7c1_seed710101,m7v1d-m7c1-710101,M7C1,710101,0,v2_corridor_edges,high,34871,33600,0.9635513750681082,75;65;65;75;75;65;75;65;75;65;65;65;65;65;65;65;75;65;65;65;65;65;65;65;75;75;65;65;65;65;75;65;65;65;65;75;65;65;65;65;65;75;65;75;75;65;65;65,48,0.2708333333333333,1,1,22,22,1.0,1.0,22,14,0.6363636363636364,2289,1.2755206057958353,47.07392881919638,14.0078125,36.667100409535955,0.9488625586127929,a3fcb4393eb632cb9fc88341235483d3a6480468be7519666bdbba72fa3545fb
m7_v1_development_m7c1_seed710101,m7v1d-m7c1-710101,M7C1,710101,1,state_only_risk_roi,severe,31466,31317,0.9952647301849615,1;1;1;1;1;1;1;1;1;1;1;1;1;1;1;1;1;1;1;1;1;1;1;1;1;1;1;1;1;1;1;1;1;1;1;1;1;1;1;1;1;1;1;1;15;1;1;1,1,0.020833333333333332,0,0,0,0,,,0,0,,0,,,482.9089583333333,21.292150988955054,0.7587505230315464,2195b4d19369d4384126d4debcecf9749ce19e02e57d955161b6377ab961fbfa
m7_v1_development_m7c1_seed710101,m7v1d-m7c1-710101,M7C1,710101,1,command_conditioned_risk_roi,severe,31466,31326,0.9955507531939236,1;1;1;1;1;1;1;1;1;1;1;1;1;1;1;1;1;1;1;1;1;1;1;1;1;1;1;1;1;1;1;1;1;1;1;1;1;1;1;1;1;1;1;1;15;1;1;1,1,0.020833333333333332,0,0,0,0,,,0,0,,0,,,482.9089583333333,21.292150988955054,0.7587505230315464,3397ceb2519f38f43b247ec8449d11e3b555bf5cf5559e534fdf30c03e6da60e
m7_v1_development_m7c1_seed710101,m7v1d-m7c1-710101,M7C1,710101,1,v2_global_only,severe,31466,31320,0.9953600711879489,1;1;1;1;1;1;1;1;5;1;1;1;1;1;1;1;1;5;1;5;5;1;5;1;1;1;1;1;1;1;1;1;5;1;1;5;1;1;1;1;5;5;5;1;1;1;1;5,11,0.22916666666666666,0,0,0,0,,,0,0,,0,,,421.62567708333336,21.88153309242086,0.744567168885251,55572a5ee178780feaae755f890d72ce134d9d8db0d557808723f7f46f9dc55d
m7_v1_development_m7c1_seed710101,m7v1d-m7c1-710101,M7C1,710101,1,v2_visible_edges,severe,31466,31320,0.9953600711879489,1;1;1;1;1;1;1;1;1;1;1;1;1;1;1;1;1;5;1;1;1;1;5;1;1;1;1;1;1;1;1;1;5;1;1;5;1;1;1;1;5;5;5;1;1;1;5;1,8,0.16666666666666666,0,0,0,0,,,0,0,,0,,,433.041875,21.76550466357253,0.7500094105822072,752c3ee8b5e16e0d604cf10ac04942431b3cfee04adfe6ddd6c8b68084e593e6
m7_v1_development_m7c1_seed710101,m7v1d-m7c1-710101,M7C1,710101,1,v2_corridor_edges,severe,31466,31320,0.9953600711879489,1;1;1;1;1;1;1;1;5;1;1;1;1;1;1;1;1;5;1;5;5;1;5;1;1;1;1;1;1;1;1;1;5;1;1;5;1;1;1;1;1;1;5;1;5;1;1;5,10,0.20833333333333334,0,0,0,0,,,0,0,,0,,,434.02102430555556,21.75569593293798,0.7402868257282221,9d6beb781a157dc0e56c375f96a8bb5c7552a6982383e98fab695a67f6e41fd0
m7_v1_development_m7c1_seed710101,m7v1d-m7c1-710101,M7C1,710101,1,state_only_risk_roi,low,32374,32327,0.9985482177055662,25;25;25;25;25;25;25;25;25;25;25;25;25;25;25;25;25;25;25;25;25;25;25;25;25;25;25;25;25;25;25;25;25;25;25;25;25;25;25;25;25;25;25;25;55;25;25;25,48,0.020833333333333332,0,0,0,0,,,0,0,,0,,,33.36326388888889,32.89811830305204,0.9000067712531911,f60e59b14358121b1933aac046d9134006d79bc158e617a8973dc32e079a822b
m7_v1_development_m7c1_seed710101,m7v1d-m7c1-710101,M7C1,710101,1,command_conditioned_risk_roi,low,32374,32336,0.9988262185704577,25;25;25;25;25;25;25;25;25;25;25;25;25;25;25;25;25;25;25;25;25;25;25;25;25;25;25;25;25;25;25;25;25;25;25;25;25;25;25;25;25;25;25;25;55;25;25;25,48,0.020833333333333332,0,0,0,0,,,0,0,,0,,,33.36326388888889,32.89811830305204,0.9000067712531911,242746a42037c24c23f7f8878dd7b2a3ea1f734184f7f51927ed45d10f1c07f3
m7_v1_development_m7c1_seed710101,m7v1d-m7c1-710101,M7C1,710101,1,v2_global_only,low,32374,32331,0.998671773645518,35;35;35;35;35;25;25;25;25;35;35;25;25;25;25;25;25;25;25;25;25;25;25;25;25;25;25;25;25;25;25;25;25;25;35;25;25;25;25;25;25;35;35;35;25;25;25;25,48,0.22916666666666666,0,0,0,0,,,0,0,,0,,,31.920538194444443,33.090101557297274,0.9037755930560584,072204afc670661ba993c8cba08dc759c8297de573546f874befc64a6fed7567
m7_v1_development_m7c1_seed710101,m7v1d-m7c1-710101,M7C1,710101,1,v2_visible_edges,low,32374,32331,0.998671773645518,25;25;35;25;25;25;25;25;45;25;25;25;25;25;25;25;25;25;25;25;25;35;25;25;25;25;25;25;25;25;25;25;25;25;25;25;25;25;25;25;45;25;35;25;25;25;35;25,48,0.125,0,0,0,0,,,0,0,,0,,,32.774409722222224,32.9754548222021,0.9014848617022819,b2782568b0574e1dc121ef89aa3f288a51bd8eb1f603aa078ba6579e20bcccae
m7_v1_development_m7c1_seed710101,m7v1d-m7c1-710101,M7C1,710101,1,v2_corridor_edges,low,32374,32331,0.998671773645518,25;25;35;35;25;25;25;25;25;25;25;25;25;25;25;25;25;25;25;25;25;25;25;25;25;25;25;25;25;25;25;25;25;25;25;25;25;25;25;25;25;35;25;35;35;25;25;25,48,0.10416666666666667,0,0,0,0,,,0,0,,0,,,32.38666666666666,33.0271410945448,0.9014252300975162,ebb48655354f90a4eb8f50d588ae79b8c3b2392cb9cd3896e9fee5906723670a
m7_v1_development_m7c1_seed710101,m7v1d-m7c1-710101,M7C1,710101,1,state_only_risk_roi,medium,33509,33041,0.9860336029126503,45;45;45;45;45;45;45;45;45;45;45;45;45;45;45;45;45;45;45;45;45;45;45;45;45;45;45;45;45;45;45;45;45;45;45;45;45;45;45;45;45;45;45;45;75;45;45;45,48,0.020833333333333332,0,0,0,0,,,0,0,,0,,,19.042517361111113,35.33356000654933,0.9291540579743448,d68062e367b6629a040bdc9f08063b8f6ea200377dfb934c50f6332f6fa35c86
m7_v1_development_m7c1_seed710101,m7v1d-m7c1-710101,M7C1,710101,1,command_conditioned_risk_roi,medium,33509,33050,0.9863021874720225,45;45;45;45;45;45;45;45;45;45;45;45;45;45;45;45;45;45;45;45;45;45;45;45;45;45;45;45;45;45;45;45;45;45;45;45;45;45;45;45;45;45;45;45;75;45;45;45,48,0.020833333333333332,0,0,0,0,,,0,0,,0,,,19.042517361111113,35.33356000654933,0.9291540579743448,1c7bf632922c51905ec044d17b6aa65954b6a3b48f340acf9cdc0147a036239c
m7_v1_development_m7c1_seed710101,m7v1d-m7c1-710101,M7C1,710101,1,v2_global_only,medium,33509,33045,0.9861529738279268,45;45;45;55;55;45;45;45;45;55;45;45;55;55;45;55;45;45;45;45;45;45;45;45;55;55;45;45;65;55;55;45;45;45;45;45;45;45;45;45;45;45;45;55;45;55;45;45,48,0.2708333333333333,0,0,0,0,,,0,0,,0,,,17.54045138888889,35.69039595487763,0.9331892360203876,fe46df50e1846ee2bbefa1e3599e4e4a7f6dd8197ec7e4ff0f86102a52b38baf
m7_v1_development_m7c1_seed710101,m7v1d-m7c1-710101,M7C1,710101,1,v2_visible_edges,medium,33509,33045,0.9861529738279268,45;45;45;45;55;45;45;45;65;55;45;45;45;45;45;45;45;45;45;45;55;45;45;45;55;55;45;45;45;55;45;45;45;45;45;45;45;45;45;45;45;45;45;45;45;45;55;45,48,0.16666666666666666,0,0,0,0,,,0,0,,0,,,18.1909375,35.532252791444485,0.9306087051711781,38d307b30a7cf1d167367c614b7b792aec40ac810bd98d0630073dd2fb485a42
m7_v1_development_m7c1_seed710101,m7v1d-m7c1-710101,M7C1,710101,1,v2_corridor_edges,medium,33509,33045,0.9861529738279268,45;45;45;55;55;55;45;45;45;55;45;45;55;55;45;55;45;45;45;45;45;45;45;45;55;55;45;45;65;55;55;55;45;45;45;45;45;45;45;45;45;45;45;45;45;45;45;45,48,0.2708333333333333,0,0,0,0,,,0,0,,0,,,17.635416666666668,35.66694635798544,0.932555258322588,9a76369aa8237c3c69f46be09c08b6e938e875f4e682e8b7437f4d72ecaab785
m7_v1_development_m7c1_seed710101,m7v1d-m7c1-710101,M7C1,710101,1,state_only_risk_roi,high,34871,33799,0.9692581227954461,65;65;65;65;65;65;65;65;65;65;65;65;65;65;65;65;65;65;65;65;65;65;65;65;65;65;65;65;65;65;65;65;65;65;65;65;65;65;65;65;65;65;65;65;95;65;65;65,48,0.020833333333333332,0,0,0,0,,,0,0,,0,,,13.223697916666667,36.91727441253039,0.9474944058038455,492ff0d55cbe7d5d576f9a430d8db63155ca99224e3678a12fbfb49f3a7cb8b7
m7_v1_development_m7c1_seed710101,m7v1d-m7c1-710101,M7C1,710101,1,command_conditioned_risk_roi,high,34871,33808,0.9695162169137679,65;65;65;65;65;65;65;65;65;65;65;65;65;65;65;65;65;65;65;65;65;65;65;65;65;65;65;65;65;65;65;65;65;65;65;65;65;65;65;65;65;65;65;65;95;65;65;65,48,0.020833333333333332,0,0,0,0,,,0,0,,0,,,13.223697916666667,36.91727441253039,0.9474944058038455,00314d36a4bce2b1bfa7fcb7cd49a7c23a06ed1c06c6e61adb0a8479e8c52201
m7_v1_development_m7c1_seed710101,m7v1d-m7c1-710101,M7C1,710101,1,v2_global_only,high,34871,33803,0.969372831292478,65;65;65;65;65;65;75;75;65;65;65;75;75;65;65;65;65;65;65;65;75;65;65;75;65;65;65;65;65;65;75;75;75;65;65;65;65;65;65;65;65;65;75;75;75;65;75;75,48,0.2916666666666667,0,0,0,0,,,0,0,,0,,,12.248888888888889,37.249836657436845,0.9497398639118018,afed829ba5f87ace2dfd492a6a9c1ad2c025b9cc047b5d12cbeb4397a5ced486
m7_v1_development_m7c1_seed710101,m7v1d-m7c1-710101,M7C1,710101,1,v2_visible_edges,high,34871,33803,0.969372831292478,75;65;65;65;65;65;75;75;65;65;65;75;75;65;65;65;75;65;65;65;75;75;65;65;65;65;65;65;65;65;75;75;65;75;65;65;65;65;65;65;65;65;75;65;65;75;75;75,48,0.3125,0,0,0,0,,,0,0,,0,,,12.476875,37.16974536755677,0.9495986666471895,78e69594baa9edb044d3a869579fc02fee9cb654110cead946bcce5b87949833
m7_v1_development_m7c1_seed710101,m7v1d-m7c1-710101,M7C1,710101,1,v2_corridor_edges,high,34871,33803,0.969372831292478,75;65;75;65;65;65;75;75;65;65;65;75;75;65;65;65;65;75;65;65;75;65;65;75;65;65;65;65;65;65;75;75;75;65;65;65;65;65;65;65;75;65;75;65;65;65;75;75,48,0.3333333333333333,0,0,0,0,,,0,0,,0,,,12.3603125,37.210509099120436,0.9496492277864282,60e867e75f6e5c6f45ae93bb0eb0b7854145afda0b2f67f8801cad22b2763f87
m7_v1_development_m7c1_seed710101,m7v1d-m7c1-710101,M7C1,710101,2,state_only_risk_roi,severe,31466,31334,0.9958049958685565,1;1;1;1;1;1;1;1;1;1;1;1;1;1;1;1;1;1;1;1;1;1;1;1;1;1;1;1;1;1;1;1;1;1;1;15;15;1;1;1;1;1;1;1;15;1;1;1,3,0.0625,0,0,0,0,,,0,0,,0,,,493.72821180555553,21.195924171982632,0.6977336825774323,36be3afd8b47ea58343027d854d152493f676c17e6115163099eff13ab5d9540
m7_v1_development_m7c1_seed710101,m7v1d-m7c1-710101,M7C1,710101,2,command_conditioned_risk_roi,severe,31466,31343,0.9960910188775186,1;1;1;1;1;1;1;1;1;1;1;1;1;1;1;1;1;1;1;1;1;1;1;1;1;1;1;1;1;1;1;1;1;1;1;15;15;1;1;1;1;1;1;1;15;1;1;1,3,0.0625,0,0,0,0,,,0,0,,0,,,493.72821180555553,21.195924171982632,0.6977336825774323,2f6e035d7d3d61a1881641eefaa09fa7f2418d145e108e851cfb3bf733cbc3aa
m7_v1_development_m7c1_seed710101,m7v1d-m7c1-710101,M7C1,710101,2,v2_global_only,severe,31466,31336,0.9958685565372147,1;1;1;1;1;1;1;1;1;1;1;1;1;1;1;1;5;5;1;1;5;1;1;5;1;1;5;5;1;1;5;5;1;1;1;5;1;1;1;1;1;1;1;5;5;1;1;1,11,0.22916666666666666,0,0,0,0,,,0,0,,0,,,434.8675694444444,21.747233398121107,0.7081870972217099,a134ba1abacbfb34a09c50050f734be3efc99b72318aa860829091ef2e9e8b4a
m7_v1_development_m7c1_seed710101,m7v1d-m7c1-710101,M7C1,710101,2,v2_visible_edges,severe,31466,31338,0.995932117205873,1;1;1;1;1;1;1;1;1;1;1;1;1;1;1;1;1;1;1;1;1;1;1;1;1;1;5;1;5;5;5;5;1;1;1;5;1;1;1;1;1;1;1;5;5;1;1;1,8,0.16666666666666666,0,0,0,0,,,0,0,,0,,,441.4335590277778,21.68215014492273,0.6998490497831021,58a2cb39bde7a9855231f1a9d52785f52848fd8a231ede365cc747f7d4dae507
m7_v1_development_m7c1_seed710101,m7v1d-m7c1-710101,M7C1,710101,2,v2_corridor_edges,severe,31466,31337,0.9959003368715439,1;1;1;1;1;1;1;1;1;1;1;1;1;1;1;1;5;5;1;1;5;1;1;1;1;1;5;5;1;1;5;5;1;1;1;5;1;1;1;1;1;1;1;5;5;1;1;1,10,0.20833333333333334,0,0,0,0,,,0,0,,0,,,436.0963194444444,21.734979395274657,0.7082781267845127,c5420a725fe1a423daceb4657ace3fc80897260444686226107cee2515a7a3cf
m7_v1_development_m7c1_seed710101,m7v1d-m7c1-710101,M7C1,710101,2,state_only_risk_roi,low,32374,32341,0.9989806634953975,25;25;25;25;25;25;25;25;25;25;25;25;25;25;25;25;25;25;25;25;25;25;25;25;25;25;25;25;25;25;25;25;25;25;25;55;55;25;25;25;25;25;25;25;55;25;25;25,48,0.0625,0,0,0,0,,,0,0,,0,,,32.35192708333334,33.03180205794221,0.8911722177711766,70ce79a058e2accc39edfb36569ab91f5f122aa4221baa44fb09473a066f6696
m7_v1_development_m7c1_seed710101,m7v1d-m7c1-710101,M7C1,710101,2,command_conditioned_risk_roi,low,32374,32350,0.9992586643602891,25;25;25;25;25;25;25;25;25;25;25;25;25;25;25;25;25;25;25;25;25;25;25;25;25;25;25;25;25;25;25;25;25;25;25;55;55;25;25;25;25;25;25;25;55;25;25;25,48,0.0625,0,0,0,0,,,0,0,,0,,,32.35192708333334,33.03180205794221,0.8911722177711766,bff238a52184f257d660032bb45577d8afadb2b44a9a6bf270a48e3b8ec85d61
m7_v1_development_m7c1_seed710101,m7v1d-m7c1-710101,M7C1,710101,2,v2_global_only,low,32374,32344,0.9990733304503614,25;35;35;35;35;25;25;25;25;25;25;25;25;25;25;25;25;25;25;25;35;25;25;25;35;25;25;25;25;35;45;35;25;25;35;25;25;25;25;25;25;25;25;25;25;25;25;25,48,0.20833333333333334,0,0,0,0,,,0,0,,0,,,29.248559027777777,33.46975886063388,0.8931136028353907,4620bfe6fa00f4ed26158b0b94b6a87d2f27dd8484b6740dc982e10cbd425d5d
m7_v1_development_m7c1_seed710101,m7v1d-m7c1-710101,M7C1,710101,2,v2_visible_edges,low,32374,32344,0.9990733304503614,25;25;35;35;35;25;25;25;25;25;25;25;25;25;25;25;35;35;35;25;35;25;25;25;25;35;35;25;25;25;25;35;25;25;25;35;25;25;25;25;25;25;25;25;25;25;25;25,48,0.22916666666666666,0,0,0,0,,,0,0,,0,,,30.673472222222223,33.263174201773296,0.8935741021131512,aed99ebaef4b4bf1b4510dc9b032a44840804036d9dca119d68c7025b83409de
m7_v1_development_m7c1_seed710101,m7v1d-m7c1-710101,M7C1,710101,2,v2_corridor_edges,low,32374,32345,0.9991042194353493,25;25;35;35;35;25;25;25;25;25;25;25;25;25;25;25;25;25;25;25;35;25;25;25;35;25;25;25;25;35;45;35;25;25;35;25;25;25;25;25;25;25;25;25;25;25;25;25,48,0.1875,0,0,0,0,,,0,0,,0,,,29.318940972222222,33.45932081741471,0.8929423360834083,382f08410487d25cb49047e94f67f9f432e7b81c932053684eb9ccc9a3f00024
m7_v1_development_m7c1_seed710101,m7v1d-m7c1-710101,M7C1,710101,2,state_only_risk_roi,medium,33509,33080,0.9871974693365961,45;45;45;45;45;45;45;45;45;45;45;45;45;45;45;45;45;45;45;45;45;45;45;45;45;45;45;45;45;45;45;45;45;45;45;75;75;45;45;45;45;45;45;45;75;45;45;45,48,0.0625,0,0,0,0,,,0,0,,0,,,19.08546875,35.32377529931579,0.9229546437140749,22ff79635cd3af7220a8f2e77c2728ddc62bb1323f78d23afc691a941e514f3f
m7_v1_development_m7c1_seed710101,m7v1d-m7c1-710101,M7C1,710101,2,command_conditioned_risk_roi,medium,33509,33089,0.9874660538959682,45;45;45;45;45;45;45;45;45;45;45;45;45;45;45;45;45;45;45;45;45;45;45;45;45;45;45;45;45;45;45;45;45;45;45;75;75;45;45;45;45;45;45;45;75;45;45;45,48,0.0625,0,0,0,0,,,0,0,,0,,,19.08546875,35.32377529931579,0.9229546437140749,77e9643adaed828687b3f3a453232a06b6c9b8affeed31dc8ece41ecb15661d6
m7_v1_development_m7c1_seed710101,m7v1d-m7c1-710101,M7C1,710101,2,v2_global_only,medium,33509,33083,0.9872869975230535,45;45;55;45;45;45;55;45;65;65;45;55;45;55;45;55;45;45;55;45;45;45;45;55;45;65;55;55;55;55;55;55;55;45;45;55;45;45;45;55;55;45;45;55;45;45;45;45,48,0.4375,0,0,0,0,,,0,0,,0,,,17.41003472222222,35.72280723601557,0.9241359460744679,ee2c3c077a2d6b1ee4083a2be8dfa9174dfc785ae4b92fed793cd0c15fba911b
m7_v1_development_m7c1_seed710101,m7v1d-m7c1-710101,M7C1,710101,2,v2_visible_edges,medium,33509,33084,0.9873168402518726,45;45;55;45;45;45;55;45;55;55;45;55;45;55;45;55;55;55;45;45;45;55;55;55;55;55;45;55;45;45;55;45;55;45;45;55;45;45;45;45;55;45;45;65;45;45;45;45,48,0.4166666666666667,0,0,0,0,,,0,0,,0,,,17.926684027777778,35.59580397107257,0.9237510428780404,855118bd620093a1476acea5106d9b050a8d41725425a75833435bb9033af3e1
m7_v1_development_m7c1_seed710101,m7v1d-m7c1-710101,M7C1,710101,2,v2_corridor_edges,medium,33509,33084,0.9873168402518726,45;45;55;45;45;45;55;45;55;55;45;55;45;55;45;55;45;45;55;45;45;45;45;55;45;65;55;55;55;55;55;55;55;45;45;55;45;45;45;55;55;45;45;55;45;45;45;45,48,0.4375,0,0,0,0,,,0,0,,0,,,17.417638888888888,35.72091078567429,0.9240464377528322,576d36d51501d7a52f49b96412d3a8e774b1253dd0ed74d167cdff26be2e8e6c
m7_v1_development_m7c1_seed710101,m7v1d-m7c1-710101,M7C1,710101,2,state_only_risk_roi,high,34871,34130,0.9787502509248373,65;65;65;65;65;65;65;65;65;65;65;65;65;65;65;65;65;65;65;65;65;65;65;65;65;65;65;65;65;65;65;65;65;65;65;95;95;65;65;65;65;65;65;65;95;65;65;65,48,0.0625,0,0,0,0,,,0,0,,0,,,14.026319444444445,36.661366352899115,0.9397068234478612,a25b733c20d542b1ef38d01e9ad01664be68e524133892891b0e46710434abfe
m7_v1_development_m7c1_seed710101,m7v1d-m7c1-710101,M7C1,710101,2,command_conditioned_risk_roi,high,34871,34139,0.979008345043159,65;65;65;65;65;65;65;65;65;65;65;65;65;65;65;65;65;65;65;65;65;65;65;65;65;65;65;65;65;65;65;65;65;65;65;95;95;65;65;65;65;65;65;65;95;65;65;65,48,0.0625,0,0,0,0,,,0,0,,0,,,14.026319444444445,36.661366352899115,0.9397068234478612,39a0861a41942ec06142389b394fd54442c349cff81c4af27d2a5f42b240c313
m7_v1_development_m7c1_seed710101,m7v1d-m7c1-710101,M7C1,710101,2,v2_global_only,high,34871,34132,0.9788076051733532,65;75;75;75;75;75;65;75;65;65;65;75;65;65;65;75;75;75;75;75;75;75;75;75;75;75;65;75;65;75;75;75;75;65;75;75;75;75;65;75;65;75;75;75;75;75;75;75,48,0.7291666666666666,0,0,0,0,,,0,0,,0,,,12.22654513888889,37.2577660531033,0.9445897513720455,b9a3a06f51f6bcf755602badb51114008b8a69472ce25036aea6e5ec6bf34134
m7_v1_development_m7c1_seed710101,m7v1d-m7c1-710101,M7C1,710101,2,v2_visible_edges,high,34871,34134,0.9788649594218691,65;75;75;75;75;75;65;75;65;65;65;75;65;65;65;75;65;75;75;75;65;65;65;75;75;65;65;95;65;65;75;75;65;65;65;75;65;75;65;75;65;65;65;75;75;75;75;65,48,0.4791666666666667,0,0,0,0,,,0,0,,0,,,12.303350694444445,37.230569575637304,0.9412891789241425,97ef3b57d9813de35084424affc38e2451fd32ff0f162139ed6e1eb387e84527
m7_v1_development_m7c1_seed710101,m7v1d-m7c1-710101,M7C1,710101,2,v2_corridor_edges,high,34871,34134,0.9788649594218691,65;75;75;75;75;75;65;75;65;65;75;75;65;75;75;75;75;75;75;75;75;75;75;75;75;75;65;75;65;75;75;75;75;65;75;75;65;75;65;75;65;75;75;75;75;75;75;75,48,0.7708333333333334,0,0,0,0,,,0,0,,0,,,12.260225694444445,37.245818958282854,0.9442615831269205,c48f231c92ee9632f42b45ff55a70c0bbfb492e9f18cc685f2a811b800bb5380
m7_v1_development_m7c1_seed710101,m7v1d-m7c1-710101,M7C1,710101,3,state_only_risk_roi,severe,31466,31436,0.9990465899701265,5;5;5;5;5;5;5;5;5;5;5;5;5;5;5;5;5;5;5;5;5;5;5;5;5;5;5;5;5;5;5;5;5;5;5;35;35;5;5;5;5;5;5;5;5;5;5;5,48,0.041666666666666664,0,0,0,0,,,0,0,,0,,,191.6625,25.30543212184955,0.7539128698064701,178db7d9237390522e491459ebed8aa2080c2bb2923b2d45540d2e23a81a6447
m7_v1_development_m7c1_seed710101,m7v1d-m7c1-710101,M7C1,710101,3,command_conditioned_risk_roi,severe,31466,31445,0.9993326129790885,5;5;5;5;5;5;5;5;5;5;5;5;5;5;5;5;5;5;5;5;5;5;5;5;5;5;5;5;5;5;5;5;5;5;5;35;35;5;5;5;5;5;5;5;5;5;5;5,48,0.041666666666666664,0,0,0,0,,,0,0,,0,,,191.6625,25.30543212184955,0.7539128698064701,9b79b277d379444a0653498f6a28e5a166d2cd482d5224a4f53e63582b90581a
m7_v1_development_m7c1_seed710101,m7v1d-m7c1-710101,M7C1,710101,3,v2_global_only,severe,31466,31440,0.9991737113074429,15;15;35;15;15;15;25;15;15;15;15;25;15;15;15;5;5;5;5;5;5;5;5;5;5;5;5;5;5;5;5;5;5;5;5;5;5;15;15;15;15;15;15;5;5;15;5;5,48,0.4583333333333333,0,0,0,0,,,0,0,,0,,,155.81895833333334,26.204600641510588,0.7621374357921079,5d63e1413a9d88602fc15e45da6a4ec63c2d46c746657c06a75f3625eb852f16
m7_v1_development_m7c1_seed710101,m7v1d-m7c1-710101,M7C1,710101,3,v2_visible_edges,severe,31466,31440,0.9991737113074429,15;15;15;15;15;15;15;15;15;15;15;15;15;15;15;15;5;5;5;5;5;5;5;5;5;5;5;5;5;5;5;5;5;5;5;5;5;15;5;5;15;15;5;15;5;5;5;5,48,0.4166666666666667,0,0,0,0,,,0,0,,0,,,159.5029861111111,26.10311542819924,0.7569970255022057,2ab888843496b330df98f2ed0a8d087c4db40aae918f6303df97972795e05893
m7_v1_development_m7c1_seed710101,m7v1d-m7c1-710101,M7C1,710101,3,v2_corridor_edges,severe,31466,31440,0.9991737113074429,15;15;25;15;15;15;25;15;15;15;15;15;15;15;15;5;5;5;5;5;5;5;5;5;5;5;5;5;5;5;5;5;5;5;5;5;5;15;15;15;15;15;15;5;5;15;5;5,48,0.4583333333333333,0,0,0,0,,,0,0,,0,,,156.4170486111111,26.187962738179262,0.7604833352154915,e851341d7c8206d218ef907cf888d09e36c318189235eecf69cfa73f2ab3fa4a
m7_v1_development_m7c1_seed710101,m7v1d-m7c1-710101,M7C1,710101,3,state_only_risk_roi,low,32374,32281,0.9971273243961204,25;25;25;25;25;25;25;25;25;25;25;25;25;25;25;25;25;25;25;25;25;25;25;25;25;25;25;25;25;25;25;25;25;25;25;55;55;25;25;25;25;25;25;25;25;25;25;25,48,0.041666666666666664,0,0,0,0,,,0,0,,0,,,31.979618055555555,33.08207088366862,0.8873833285690483,e0a3e7baf062743fc4d937e9a9164409376ab565ff7a3d9813c72c18078910ae
m7_v1_development_m7c1_seed710101,m7v1d-m7c1-710101,M7C1,710101,3,command_conditioned_risk_roi,low,32374,32290,0.9974053252610119,25;25;25;25;25;25;25;25;25;25;25;25;25;25;25;25;25;25;25;25;25;25;25;25;25;25;25;25;25;25;25;25;25;25;25;55;55;25;25;25;25;25;25;25;25;25;25;25,48,0.041666666666666664,0,0,0,0,,,0,0,,0,,,31.979618055555555,33.08207088366862,0.8873833285690483,627daecf98995292984cf675f84c3edc5229ec1b138c7e9cfaf43687c9b01311
m7_v1_development_m7c1_seed710101,m7v1d-m7c1-710101,M7C1,710101,3,v2_global_only,low,32374,32285,0.9972508803360721,25;35;35;35;25;25;25;25;25;25;35;25;25;25;25;25;25;25;25;25;25;25;25;25;25;35;25;35;25;35;25;35;25;25;25;35;25;25;25;25;25;25;25;25;25;25;25;25,48,0.1875,0,0,0,0,,,0,0,,0,,,29.863107638888888,33.379453612231906,0.8901454911707875,9eef0a0806e168ba6a5d7ba4147dd46c68a4c2707f17f15ef4449a82d696c99a
m7_v1_development_m7c1_seed710101,m7v1d-m7c1-710101,M7C1,710101,3,v2_visible_edges,low,32374,32284,0.9972199913510842,25;35;35;35;35;35;25;25;25;35;25;25;25;25;25;35;25;35;25;25;25;25;25;25;25;25;25;25;25;35;25;25;25;25;25;35;35;25;25;25;25;25;25;35;25;25;25;25,48,0.25,0,0,0,0,,,0,0,,0,,,30.636857638888888,33.26836142338026,0.890127676702661,a734841caeb9af2c458440c4fbe47503595c7889a800343f18cde76c079aaffc
m7_v1_development_m7c1_seed710101,m7v1d-m7c1-710101,M7C1,710101,3,v2_corridor_edges,low,32374,32284,0.9972199913510842,25;35;35;35;25;25;25;25;25;25;25;25;25;25;25;25;25;25;25;25;25;25;25;25;25;35;25;35;25;35;25;35;25;25;25;25;35;25;25;25;25;25;25;25;25;25;25;25,48,0.16666666666666666,0,0,0,0,,,0,0,,0,,,30.062604166666667,33.35053762320726,0.8897361682817863,0df2b5095c9588a49195abb2099354ab5dd2f8a603e5371f6fd2ffaf1bce583b
m7_v1_development_m7c1_seed710101,m7v1d-m7c1-710101,M7C1,710101,3,state_only_risk_roi,medium,33509,33005,0.9849592646751619,45;45;45;45;45;45;45;45;45;45;45;45;45;45;45;45;45;45;45;45;45;45;45;45;45;45;45;45;45;45;45;45;45;45;45;75;75;45;45;45;45;45;45;45;45;45;45;45,48,0.041666666666666664,0,0,0,0,,,0,0,,0,,,19.563993055555557,35.216228608760176,0.9218602089713525,cbca8c500a2adb8a090cb47732200f3beca5f851d4bab1726e8cd18d3af2899a
m7_v1_development_m7c1_seed710101,m7v1d-m7c1-710101,M7C1,710101,3,command_conditioned_risk_roi,medium,33509,33014,0.985227849234534,45;45;45;45;45;45;45;45;45;45;45;45;45;45;45;45;45;45;45;45;45;45;45;45;45;45;45;45;45;45;45;45;45;45;45;75;75;45;45;45;45;45;45;45;45;45;45;45,48,0.041666666666666664,0,0,0,0,,,0,0,,0,,,19.563993055555557,35.216228608760176,0.9218602089713525,e1af1a204f00d13da90c9e79146006c95b704df870bcbe45f81bc3b6235e655b
m7_v1_development_m7c1_seed710101,m7v1d-m7c1-710101,M7C1,710101,3,v2_global_only,medium,33509,33009,0.9850786355904384,45;45;45;45;45;45;55;45;55;55;55;55;45;45;45;45;45;45;45;45;45;45;45;45;55;55;45;55;55;65;55;55;55;45;45;55;45;45;45;45;45;45;55;45;45;45;45;45,48,0.3125,0,0,0,0,,,0,0,,0,,,18.131336805555556,35.54650535488712,0.9252649147931041,c909a09df19f38c896dbb2a10929a16a83a6c311796e06cf5be99d2bfa237945
m7_v1_development_m7c1_seed710101,m7v1d-m7c1-710101,M7C1,710101,3,v2_visible_edges,medium,33509,33009,0.9850786355904384,45;55;45;45;45;45;55;45;55;55;55;55;45;45;45;55;45;55;45;45;45;45;45;55;55;55;45;45;45;65;45;55;45;45;45;45;45;45;55;45;45;45;45;55;45;45;45;45,48,0.3125,0,0,0,0,,,0,0,,0,,,18.63029513888889,35.428606258763615,0.9232115129789541,c18f9a9c46be93bb549978ec9fbf00ca10d8d5a34828e2a4cc63d8a98a680ea4
m7_v1_development_m7c1_seed710101,m7v1d-m7c1-710101,M7C1,710101,3,v2_corridor_edges,medium,33509,33009,0.9850786355904384,45;55;45;45;45;45;55;45;55;65;55;55;45;45;45;45;45;45;45;45;45;45;45;45;55;55;45;55;55;65;55;55;45;45;45;45;45;45;45;45;45;45;55;55;45;45;45;45,48,0.3125,0,0,0,0,,,0,0,,0,,,18.181024305555557,35.53462013460561,0.9250938240542506,62d5018e6b1b8bdadbf0d4383ee243950839725e88d2b8673cd4092a8ae4889d
m7_v1_development_m7c1_seed710101,m7v1d-m7c1-710101,M7C1,710101,3,state_only_risk_roi,high,34871,33935,0.9731582116945313,65;65;65;65;65;65;65;65;65;65;65;65;65;65;65;65;65;65;65;65;65;65;65;65;65;65;65;65;65;65;65;65;65;65;65;95;95;65;65;65;65;65;65;65;65;65;65;65,48,0.041666666666666664,0,0,0,0,,,0,0,,0,,,13.428159722222222,36.85063862513919,0.9425891114796787,95856d6c59d7d91a521956b0e51b48250dadf7fc82246ffe41452a17511ad10d
m7_v1_development_m7c1_seed710101,m7v1d-m7c1-710101,M7C1,710101,3,command_conditioned_risk_roi,high,34871,33944,0.9734163058128531,65;65;65;65;65;65;65;65;65;65;65;65;65;65;65;65;65;65;65;65;65;65;65;65;65;65;65;65;65;65;65;65;65;65;65;95;95;65;65;65;65;65;65;65;65;65;65;65,48,0.041666666666666664,0,0,0,0,,,0,0,,0,,,13.428159722222222,36.85063862513919,0.9425891114796787,f7c1b57fa56a068a20b5862b1f49213eeb93d5ad01ff0918840188cd60fb1afb
m7_v1_development_m7c1_seed710101,m7v1d-m7c1-710101,M7C1,710101,3,v2_global_only,high,34871,33938,0.9732442430673052,65;65;75;75;75;75;65;75;75;65;65;65;65;65;65;65;75;75;75;65;65;75;65;75;75;75;75;75;65;65;75;75;65;65;65;75;75;65;65;75;65;75;75;75;65;75;75;65,48,0.5208333333333334,0,0,0,0,,,0,0,,0,,,12.200572916666667,37.26700136037023,0.9454882272885765,e7a65f89f37940b1660c9e513c5cc8482811b94349f15285dce85f88618087a4
m7_v1_development_m7c1_seed710101,m7v1d-m7c1-710101,M7C1,710101,3,v2_visible_edges,high,34871,33939,0.9732729201915632,65;65;75;75;75;75;65;65;75;65;65;65;65;65;65;75;65;65;75;75;65;65;65;75;75;75;75;75;75;65;75;75;75;65;65;75;75;65;65;75;65;65;65;75;65;75;65;75,48,0.4791666666666667,0,0,0,0,,,0,0,,0,,,12.374635416666667,37.20547948321884,0.9440684030569712,631399c77b2e42baf88ca0d90b5959ed74e840d17d77ecbb300faa91986e7b61
m7_v1_development_m7c1_seed710101,m7v1d-m7c1-710101,M7C1,710101,3,v2_corridor_edges,high,34871,33939,0.9732729201915632,65;65;75;75;75;75;65;65;75;65;65;65;65;65;65;65;75;75;75;65;65;75;65;75;75;75;75;75;65;65;75;75;65;65;65;75;75;65;65;75;65;75;75;75;65;75;75;65,48,0.5,0,0,0,0,,,0,0,,0,,,12.205260416666667,37.265333107226695,0.9454847582351119,36515bf7c2cb0c52cad9110a037309d2a22ecc27bb3f13318c6b65ba08b725af
m7_v1_development_m7c2_seed710200,m7v1d-m7c2-710200,M7C2,710200,0,state_only_risk_roi,severe,31466,31396,0.9977753765969618,5;5;5;5;5;5;5;5;5;5;5;5;5;5;5;5;5;5;5;5;5;5;5;5;5;5;5;5;5;5;5;5;5;5;5;5;5;5;5;5;5;5;5;5;35;5;5;5,48,0.020833333333333332,1,1,32,32,1.0,1.0,32,0,0.0,2290,83.90232896652111,28.893063446962962,201.48866319444446,25.088297453813716,0.7720349497250817,b272e5908300102d4880de3263c412698f93fd10ab064d53c4ba509551c4438d
m7_v1_development_m7c2_seed710200,m7v1d-m7c2-710200,M7C2,710200,0,command_conditioned_risk_roi,severe,31466,31405,0.9980613996059239,5;5;5;5;5;5;5;5;5;5;5;5;5;5;5;5;5;5;5;5;5;5;5;5;5;5;5;5;5;5;5;5;5;5;5;5;5;5;5;5;5;5;5;5;35;5;5;5,48,0.020833333333333332,1,1,32,32,1.0,1.0,32,0,0.0,2290,83.90232896652111,28.893063446962962,201.48866319444446,25.088297453813716,0.7720349497250817,e597b398cbc765f0b3b7614985664c68774b7439876250eda8e108ab807b160e
m7_v1_development_m7c2_seed710200,m7v1d-m7c2-710200,M7C2,710200,0,v2_global_only,severe,31466,31400,0.9979024979342783,15;15;15;15;15;15;25;15;5;15;15;5;15;5;5;5;5;5;5;5;5;5;5;15;5;5;5;5;5;5;5;5;5;5;5;5;5;5;5;5;5;5;15;5;5;5;15;5,48,0.2916666666666667,1,1,32,32,1.0,1.0,32,6,0.1875,2290,74.64032023289666,29.401068668513105,177.31824652777777,25.643269328891336,0.7644809530304633,edbdd1c0923799058a3c7a218e25fb5bfa59a4e13f2518674f1aac85916971fb
m7_v1_development_m7c2_seed710200,m7v1d-m7c2-710200,M7C2,710200,0,v2_visible_edges,severe,31466,31400,0.9979024979342783,15;15;15;15;15;15;15;15;5;15;5;5;15;5;5;5;5;5;5;5;5;5;5;15;5;5;5;5;5;5;5;5;5;5;5;5;5;5;5;5;5;5;15;5;15;5;15;5,48,0.2916666666666667,1,1,32,32,1.0,1.0,32,6,0.1875,2290,74.64032023289666,29.401068668513105,178.5818576388889,25.612430246106292,0.7616580364713567,9c322ceb96dbc887615247b4cbced62659487488ca17da402aec9670c4222486
m7_v1_development_m7c2_seed710200,m7v1d-m7c2-710200,M7C2,710200,0,v2_corridor_edges,severe,31466,31399,0.9978707175999492,15;15;15;15;15;15;25;15;5;15;5;5;5;5;5;5;5;5;5;5;5;5;5;15;5;5;5;5;5;5;5;5;5;5;5;5;5;5;5;5;5;5;15;5;15;5;15;5,48,0.2708333333333333,1,1,32,32,1.0,1.0,32,6,0.1875,2290,74.64032023289666,29.401068668513105,180.6421701388889,25.56261218872917,0.7607837591852723,fbe384982df082caf7b42aabb3aa4697d2faa28074c1b680e7909d917e3eb425
m7_v1_development_m7c2_seed710200,m7v1d-m7c2-710200,M7C2,710200,0,state_only_risk_roi,low,32374,32172,0.9937604250324334,25;25;25;25;25;25;25;25;25;25;25;25;25;25;25;25;25;25;25;25;25;25;25;25;25;25;25;25;25;25;25;25;25;25;25;25;25;25;25;25;25;25;25;25;55;25;25;25,48,0.020833333333333332,1,1,32,32,1.0,1.0,32,0,0.0,2290,6.9885007278020375,39.68696346135362,34.901041666666664,32.70241971635545,0.9049219312391658,6f5fe39e55dfcc812891b536cd679786aab2fa0dfbf7373f5d4b180ce9d4d4d2
m7_v1_development_m7c2_seed710200,m7v1d-m7c2-710200,M7C2,710200,0,command_conditioned_risk_roi,low,32374,32181,0.994038425897325,25;25;25;25;25;25;25;25;25;25;25;25;25;25;25;25;25;25;25;25;25;25;25;25;25;25;25;25;25;25;25;25;25;25;25;25;25;25;25;25;25;25;25;25;55;25;25;25,48,0.020833333333333332,1,1,32,32,1.0,1.0,32,0,0.0,2290,6.9885007278020375,39.68696346135362,34.901041666666664,32.70241971635545,0.9049219312391658,199a23769b9b036fce4056b002df9c5c3ec91e5b4a9b4197b8362191232e7de9
m7_v1_development_m7c2_seed710200,m7v1d-m7c2-710200,M7C2,710200,0,v2_global_only,low,32374,32176,0.9938839809723853,25;25;35;35;25;25;25;25;25;35;25;25;25;25;25;25;35;25;25;25;25;25;25;35;25;25;25;35;25;25;25;25;35;25;25;25;25;25;25;25;25;25;25;25;25;25;25;35,48,0.16666666666666666,1,1,32,32,1.0,1.0,32,11,0.34375,2290,6.38296943231441,40.080575962452436,33.681979166666665,32.856827579717674,0.9058078734348299,170fac10feac348e5c96dddab6a9edd3cec1b35e4cf508a8e70ee65058628c9e
m7_v1_development_m7c2_seed710200,m7v1d-m7c2-710200,M7C2,710200,0,v2_visible_edges,low,32374,32176,0.9938839809723853,25;25;25;35;25;25;25;25;25;25;25;25;25;25;25;35;25;25;25;25;25;25;25;35;25;25;25;25;25;25;25;25;35;25;25;25;25;25;25;25;25;35;25;25;25;25;25;25,48,0.10416666666666667,1,1,32,32,1.0,1.0,32,5,0.15625,2290,6.650509461426492,39.90225445217227,34.27973958333333,32.78042846856858,0.9051116402793918,48709ca4cf7616de0e5e1aa0de648f0cfedb802fe779dcccfe88bb3b637cc6b6
m7_v1_development_m7c2_seed710200,m7v1d-m7c2-710200,M7C2,710200,0,v2_corridor_edges,low,32374,32176,0.9938839809723853,25;25;35;35;25;25;25;25;25;35;25;25;25;25;25;25;25;25;25;25;25;25;25;35;25;25;25;35;25;25;25;25;35;25;25;25;25;25;25;25;25;25;25;25;25;25;25;25,48,0.125,1,1,32,32,1.0,1.0,32,5,0.15625,2290,6.650509461426492,39.90225445217227,33.805034722222224,32.84098974517922,0.9055851658793331,cb8b5d8286714bfa6eadc40f47eeff53f8e94ca9ed44009fd191b3d347119afc
m7_v1_development_m7c2_seed710200,m7v1d-m7c2-710200,M7C2,710200,0,state_only_risk_roi,medium,33509,33472,0.9988958190336924,65;65;65;65;65;65;65;65;65;65;65;65;65;65;65;65;65;65;65;65;65;65;65;65;65;65;65;65;65;65;65;65;65;65;65;65;65;65;65;65;65;65;65;65;95;65;65;65,48,0.020833333333333332,1,1,32,32,1.0,1.0,32,0,0.0,2290,2.0490538573508004,45.01526987316463,15.187881944444445,36.31583148162305,0.948190792267162,a33f319a35e5be8da56f97251454ac60313064ac9eb3f17976941abcdd320eb7
m7_v1_development_m7c2_seed710200,m7v1d-m7c2-710200,M7C2,710200,0,command_conditioned_risk_roi,medium,33509,33481,0.9991644035930646,65;65;65;65;65;65;65;65;65;65;65;65;65;65;65;65;65;65;65;65;65;65;65;65;65;65;65;65;65;65;65;65;65;65;65;65;65;65;65;65;65;65;65;65;95;65;65;65,48,0.020833333333333332,1,1,32,32,1.0,1.0,32,0,0.0,2290,2.0490538573508004,45.01526987316463,15.187881944444445,36.31583148162305,0.948190792267162,7a245e7ceb6941bdff52f9eb8dc613fc6766eb26cd9c528c0cda3d3dd1aeb01f
m7_v1_development_m7c2_seed710200,m7v1d-m7c2-710200,M7C2,710200,0,v2_global_only,medium,33509,33476,0.999015189948969,75;75;65;75;65;65;65;65;75;65;65;65;65;65;65;65;75;65;65;65;65;65;75;65;75;75;65;65;65;65;75;75;65;65;65;75;65;65;65;65;65;75;65;65;65;65;65;65,48,0.25,1,1,32,32,1.0,1.0,32,24,0.75,2290,1.1358078602620088,47.57775491011926,13.50390625,36.82620946637353,0.9494343602324888,cd5bcc8e5bb76aaa02b5e7aa515cfc8409c548c25e21d6967f60b30a1a1a2f6e
m7_v1_development_m7c2_seed710200,m7v1d-m7c2-710200,M7C2,710200,0,v2_visible_edges,medium,33509,33476,0.999015189948969,75;65;65;75;65;65;65;65;65;65;65;65;65;65;75;75;65;65;65;65;65;65;65;65;75;65;65;65;65;65;75;75;65;65;65;65;65;65;75;75;75;65;65;65;65;65;65;65,48,0.20833333333333334,1,1,32,32,1.0,1.0,32,15,0.46875,2290,1.4542940320232898,46.50428138956044,14.130086805555555,36.62935531003925,0.9477364887798512,f493f5d2d0948177064f412d90b44c21bc94a7af6401c1c29f549f19f85ca47c
m7_v1_development_m7c2_seed710200,m7v1d-m7c2-710200,M7C2,710200,0,v2_corridor_edges,medium,33509,33476,0.999015189948969,75;75;65;75;65;65;75;65;75;65;65;65;65;65;65;65;75;65;65;65;65;65;75;65;75;65;65;65;65;65;75;75;65;65;65;65;65;65;65;65;65;75;65;75;75;65;65;65,48,0.2708333333333333,1,1,32,32,1.0,1.0,32,24,0.75,2290,1.1358078602620088,47.57775491011926,13.690434027777778,36.76663144079362,0.9497450719253022,c8ad22215977436836a0754d2f14e6a7727c7a885cffa6af2b8d1646a9424e37
m7_v1_development_m7c2_seed710200,m7v1d-m7c2-710200,M7C2,710200,0,state_only_risk_roi,high,34871,33472,0.9598807031630868,65;65;65;65;65;65;65;65;65;65;65;65;65;65;65;65;65;65;65;65;65;65;65;65;65;65;65;65;65;65;65;65;65;65;65;65;65;65;65;65;65;65;65;65;95;65;65;65,48,0.020833333333333332,1,1,32,32,1.0,1.0,32,0,0.0,2290,2.0490538573508004,45.01526987316463,15.187881944444445,36.31583148162305,0.948190792267162,67161b274483ef9d5205697201dae953cdb8f411184bbfd0f059a5fe3dea40cb
m7_v1_development_m7c2_seed710200,m7v1d-m7c2-710200,M7C2,710200,0,command_conditioned_risk_roi,high,34871,33481,0.9601387972814086,65;65;65;65;65;65;65;65;65;65;65;65;65;65;65;65;65;65;65;65;65;65;65;65;65;65;65;65;65;65;65;65;65;65;65;65;65;65;65;65;65;65;65;65;95;65;65;65,48,0.020833333333333332,1,1,32,32,1.0,1.0,32,0,0.0,2290,2.0490538573508004,45.01526987316463,15.187881944444445,36.31583148162305,0.948190792267162,ab17f6698c44a6cee8ab00efe95f73e2e391a2c4387ef251e89be7d02ea9c0d5
m7_v1_development_m7c2_seed710200,m7v1d-m7c2-710200,M7C2,710200,0,v2_global_only,high,34871,33476,0.9599954116601187,75;75;65;75;65;65;65;65;75;65;65;65;65;65;65;65;75;65;65;65;65;65;75;65;75;75;65;65;65;65;75;75;65;65;65;75;65;65;65;65;65;75;65;65;65;65;65;65,48,0.25,1,1,32,32,1.0,1.0,32,24,0.75,2290,1.1358078602620088,47.57775491011926,13.50390625,36.82620946637353,0.9494343602324888,34dd097016aef40b6b14cb2fc53cf37ced5b5087b34bc11b3e6c52bb3bb63f30
m7_v1_development_m7c2_seed710200,m7v1d-m7c2-710200,M7C2,710200,0,v2_visible_edges,high,34871,33476,0.9599954116601187,75;65;65;75;65;65;65;65;65;65;65;65;65;65;75;75;65;65;65;65;65;65;65;65;75;65;65;65;65;65;75;75;65;65;65;65;65;65;75;75;75;65;65;65;65;65;65;65,48,0.20833333333333334,1,1,32,32,1.0,1.0,32,15,0.46875,2290,1.4542940320232898,46.50428138956044,14.130086805555555,36.62935531003925,0.9477364887798512,027b6037ea2d7243fdc4d2ec106766f26e3c16592c15b479ad0bb71ac3107f11
m7_v1_development_m7c2_seed710200,m7v1d-m7c2-710200,M7C2,710200,0,v2_corridor_edges,high,34871,33476,0.9599954116601187,75;75;65;75;65;65;75;65;75;65;65;65;65;65;65;65;75;65;65;65;65;65;75;65;75;65;65;65;65;65;75;75;65;65;65;65;65;65;65;65;65;75;65;75;75;65;65;65,48,0.2708333333333333,1,1,32,32,1.0,1.0,32,24,0.75,2290,1.1358078602620088,47.57775491011926,13.690434027777778,36.76663144079362,0.9497450719253022,5c2f006b9bdfe73352b17592b1e136ee59bf4d1415a2d77ddb7a83e7faecddf3
m7_v1_development_m7c2_seed710200,m7v1d-m7c2-710200,M7C2,710200,1,state_only_risk_roi,severe,31466,31400,0.9979024979342783,5;5;5;5;5;5;5;5;5;5;5;5;5;5;5;5;5;5;5;5;5;5;5;5;5;5;5;5;5;5;5;5;5;5;5;5;5;5;5;5;5;5;5;5;35;5;5;5,48,0.020833333333333332,1,1,28,18,1.0,0.6428571428571429,28,0,0.0,4920,78.89146341463415,29.160503486913644,184.9673263888889,25.459853417742554,0.7900519357995432,f9865e5346266e5c1e91f00d980e0a268c9b6f5e466a3cfdcdecead8515479cd
m7_v1_development_m7c2_seed710200,m7v1d-m7c2-710200,M7C2,710200,1,command_conditioned_risk_roi,severe,31466,31411,0.9982520816118986,5;5;5;5;5;5;5;5;5;5;5;5;5;5;5;5;5;5;5;5;5;5;5;5;5;5;5;5;5;5;5;5;5;5;5;5;5;5;5;5;5;5;5;5;35;5;5;5,48,0.020833333333333332,1,1,28,18,1.0,0.6428571428571429,28,0,0.0,4920,78.89146341463415,29.160503486913644,184.9673263888889,25.459853417742554,0.7900519357995432,41e86dfe139713aba0fcbb4f1f324a09b6bea6c4d5092cca3dbe929e1aca54d1
m7_v1_development_m7c2_seed710200,m7v1d-m7c2-710200,M7C2,710200,1,v2_global_only,severe,31466,31405,0.9980613996059239,5;5;5;15;25;25;15;25;5;5;5;15;15;25;15;15;5;5;5;5;5;5;5;5;5;5;5;5;5;5;5;5;5;5;5;5;5;5;5;5;5;5;15;5;5;5;5;5,48,0.22916666666666666,1,1,28,18,1.0,0.6428571428571429,28,4,0.14285714285714285,4920,78.37330623306234,29.189121926952716,163.77557291666668,25.988312335203872,0.7971855647307239,393d8059d89fe7843b82dcc0ca8c3242e5056e2022fd7d489cb9b7f4b72436dc
m7_v1_development_m7c2_seed710200,m7v1d-m7c2-710200,M7C2,710200,1,v2_visible_edges,severe,31466,31405,0.9980613996059239,5;5;15;15;15;25;15;25;5;5;5;5;5;5;15;15;5;5;5;5;5;5;5;5;5;5;5;5;5;5;5;5;5;5;5;5;15;5;5;5;5;5;5;5;15;5;5;5,48,0.20833333333333334,1,1,28,28,1.0,1.0,28,10,0.35714285714285715,4920,74.36544715447154,29.417091672009953,169.72213541666667,25.83341873515492,0.7832139331842773,93470a022c55ae51e76e5fdc140753006393a5f9800e4ad1e296396d6ac3e2d6
m7_v1_development_m7c2_seed710200,m7v1d-m7c2-710200,M7C2,710200,1,v2_corridor_edges,severe,31466,31405,0.9980613996059239,5;5;5;15;25;25;15;25;5;5;5;25;15;25;15;25;5;5;5;5;5;5;5;5;5;5;5;5;5;5;5;5;5;5;5;5;5;5;5;5;5;5;5;15;5;5;5;5,48,0.22916666666666666,1,1,28,18,1.0,0.6428571428571429,28,0,0.0,4920,78.89146341463415,29.160503486913644,166.3463715277778,25.920670287177746,0.7962619881462393,4ab851da1c4f24f654562bf8fe123f003b782b513b56ed41246e557b4c53a789
m7_v1_development_m7c2_seed710200,m7v1d-m7c2-710200,M7C2,710200,1,state_only_risk_roi,low,32374,32145,0.9929264224377587,25;25;25;25;25;25;25;25;25;25;25;25;25;25;25;25;25;25;25;25;25;25;25;25;25;25;25;25;25;25;25;25;25;25;25;25;25;25;25;25;25;25;25;25;55;25;25;25,48,0.020833333333333332,1,1,28,28,1.0,1.0,28,0,0.0,4920,8.239024390243902,38.972045723526556,33.23777777777778,32.914483809877986,0.9123282031695917,40f4e3b34baf0057cb711c43747932c1d20d77e24526ee0f67951c6c18440a54
m7_v1_development_m7c2_seed710200,m7v1d-m7c2-710200,M7C2,710200,1,command_conditioned_risk_roi,low,32374,32156,0.9932662012726262,25;25;25;25;25;25;25;25;25;25;25;25;25;25;25;25;25;25;25;25;25;25;25;25;25;25;25;25;25;25;25;25;25;25;25;25;25;25;25;25;25;25;25;25;55;25;25;25,48,0.020833333333333332,1,1,28,28,1.0,1.0,28,0,0.0,4920,8.239024390243902,38.972045723526556,33.23777777777778,32.914483809877986,0.9123282031695917,daef1e638459c6c5f1c623a9bff061da33d88cdcef85eff5cc8a1fecb609cb93
m7_v1_development_m7c2_seed710200,m7v1d-m7c2-710200,M7C2,710200,1,v2_global_only,low,32374,32149,0.9930499783777105,25;25;25;35;35;35;25;25;25;25;25;25;35;25;25;25;25;25;25;25;25;25;25;25;25;25;35;25;25;25;25;25;25;25;25;35;25;25;25;25;25;25;25;25;35;25;25;25,48,0.14583333333333334,1,1,28,28,1.0,1.0,28,5,0.17857142857142858,4920,7.965447154471545,39.118702001571684,32.09515625,33.066408665510686,0.9141715763397591,fb70b0180373520394101b3fd313e94d7fce1f8182eea4ece48c0b40ef750a85
m7_v1_development_m7c2_seed710200,m7v1d-m7c2-710200,M7C2,710200,1,v2_visible_edges,low,32374,32150,0.9930808673626985,25;25;35;25;35;35;25;25;25;25;25;25;25;25;25;25;25;25;25;25;25;25;25;25;25;25;25;25;25;25;25;25;25;25;25;25;25;25;25;25;25;25;25;25;35;35;25;25,48,0.10416666666666667,1,1,28,28,1.0,1.0,28,10,0.35714285714285715,4920,7.559349593495935,39.345959304602395,32.456354166666664,33.01780627085191,0.9122065678131488,182eb238ecf339cc211ed6c51aba2ed48146b1633ae673cc8d4fc1e70644732a
m7_v1_development_m7c2_seed710200,m7v1d-m7c2-710200,M7C2,710200,1,v2_corridor_edges,low,32374,32150,0.9930808673626985,25;25;25;35;35;35;25;25;25;25;25;25;35;25;25;25;25;25;25;25;25;25;25;25;25;25;35;25;25;25;25;25;25;25;35;25;25;25;25;25;25;25;25;25;25;25;25;25,48,0.125,1,1,28,28,1.0,1.0,28,12,0.42857142857142855,4920,7.669715447154472,39.283011093078535,32.16013888888889,33.05762445214762,0.914190323396476,9940839e2e8e636739639a0749381bcdf349bc2ddfa7683049393eec38da050b
m7_v1_development_m7c2_seed710200,m7v1d-m7c2-710200,M7C2,710200,1,state_only_risk_roi,medium,33509,33445,0.9980900653555761,65;65;65;65;65;65;65;65;65;65;65;65;65;65;65;65;65;65;65;65;65;65;65;65;65;65;65;65;65;65;65;65;65;65;65;65;65;65;65;65;65;65;65;65;95;65;65;65,48,0.020833333333333332,1,1,28,28,1.0,1.0,28,0,0.0,4920,2.796747967479675,43.66427029735778,13.871753472222222,36.709489989166364,0.9533982164470136,0bdb1793b9a886cc73e69b212751d8d7172e1c8f82e4b79cfdc05aceafe71d0c
m7_v1_development_m7c2_seed710200,m7v1d-m7c2-710200,M7C2,710200,1,command_conditioned_risk_roi,medium,33509,33456,0.9984183353725865,65;65;65;65;65;65;65;65;65;65;65;65;65;65;65;65;65;65;65;65;65;65;65;65;65;65;65;65;65;65;65;65;65;65;65;65;65;65;65;65;65;65;65;65;95;65;65;65,48,0.020833333333333332,1,1,28,28,1.0,1.0,28,0,0.0,4920,2.796747967479675,43.66427029735778,13.871753472222222,36.709489989166364,0.9533982164470136,96213321a68e4adf2348deda2375c3cb142858b2c483840e35dbb9cd7d169dd5
m7_v1_development_m7c2_seed710200,m7v1d-m7c2-710200,M7C2,710200,1,v2_global_only,medium,33509,33449,0.9982094362708526,65;65;75;75;75;75;75;65;75;65;65;65;65;65;65;65;75;95;65;65;65;65;75;65;65;65;75;75;65;75;75;75;65;65;75;65;65;65;65;65;65;65;65;65;65;65;75;75,48,0.3541666666666667,1,1,28,28,1.0,1.0,28,22,0.7857142857142857,4920,1.9157181571815718,45.30748745365671,12.33185763888889,37.22051858355595,0.9544274995592471,f2ceb93bed29e2bea4bde2892475135390b99977919a76330197b4356fc1622c
m7_v1_development_m7c2_seed710200,m7v1d-m7c2-710200,M7C2,710200,1,v2_visible_edges,medium,33509,33450,0.9982392789996717,65;65;75;75;75;65;65;65;65;65;75;65;65;65;65;65;65;65;75;65;65;65;75;65;65;65;65;65;65;65;75;75;65;65;75;65;65;65;75;65;65;65;65;65;65;75;75;65,48,0.25,1,1,28,28,1.0,1.0,28,19,0.6785714285714286,4920,1.9523712737127372,45.2251795184441,12.707118055555556,37.09033296111702,0.953103650801915,2439d43cc8163615dd9bb74852608c1aaa1fd70eaaaccca301b6d4e6ea6b3aff
m7_v1_development_m7c2_seed710200,m7v1d-m7c2-710200,M7C2,710200,1,v2_corridor_edges,medium,33509,33450,0.9982392789996717,65;65;65;75;75;75;75;65;65;65;65;65;65;65;65;65;75;65;65;65;65;65;75;65;65;65;75;75;65;75;75;75;65;65;75;65;65;65;65;65;65;65;65;65;75;65;75;75,48,0.3125,1,1,28,28,1.0,1.0,28,12,0.42857142857142855,4920,2.4438346883468833,44.250085358796014,12.396006944444444,37.19798550001774,0.9552501995520095,3daabb62de41b160aab1f3a44f8cf3aea4f9f660fbbc6109b9eb91f5a64f6ebf
m7_v1_development_m7c2_seed710200,m7v1d-m7c2-710200,M7C2,710200,1,state_only_risk_roi,high,34871,33445,0.9591064208081214,65;65;65;65;65;65;65;65;65;65;65;65;65;65;65;65;65;65;65;65;65;65;65;65;65;65;65;65;65;65;65;65;65;65;65;65;65;65;65;65;65;65;65;65;95;65;65;65,48,0.020833333333333332,1,1,28,28,1.0,1.0,28,0,0.0,4920,2.796747967479675,43.66427029735778,13.871753472222222,36.709489989166364,0.9533982164470136,4a68cff8c7d0d8e45fc2698e4e487bf1342362542a94137c947428a1abaa391a
m7_v1_development_m7c2_seed710200,m7v1d-m7c2-710200,M7C2,710200,1,command_conditioned_risk_roi,high,34871,33456,0.9594218691749591,65;65;65;65;65;65;65;65;65;65;65;65;65;65;65;65;65;65;65;65;65;65;65;65;65;65;65;65;65;65;65;65;65;65;65;65;65;65;65;65;65;65;65;65;95;65;65;65,48,0.020833333333333332,1,1,28,28,1.0,1.0,28,0,0.0,4920,2.796747967479675,43.66427029735778,13.871753472222222,36.709489989166364,0.9533982164470136,a6aaf3153b4a8dc6803ea2c7e32b216687cad128fabc7700b30225b249978f6b
m7_v1_development_m7c2_seed710200,m7v1d-m7c2-710200,M7C2,710200,1,v2_global_only,high,34871,33449,0.9592211293051532,65;65;75;75;75;75;75;65;75;65;65;65;65;65;65;65;75;95;65;65;65;65;75;65;65;65;75;75;65;75;75;75;65;65;75;65;65;65;65;65;65;65;65;65;65;65;75;75,48,0.3541666666666667,1,1,28,28,1.0,1.0,28,22,0.7857142857142857,4920,1.9157181571815718,45.30748745365671,12.33185763888889,37.22051858355595,0.9544274995592471,8b2d35bbd8fe182dfe4ea596557f9cdd6ed9ca4ef4b15fdc019767fccc335e13
m7_v1_development_m7c2_seed710200,m7v1d-m7c2-710200,M7C2,710200,1,v2_visible_edges,high,34871,33450,0.9592498064294113,65;65;75;75;75;65;65;65;65;65;75;65;65;65;65;65;65;65;75;65;65;65;75;65;65;65;65;65;65;65;75;75;65;65;75;65;65;65;75;65;65;65;65;65;65;75;75;65,48,0.25,1,1,28,28,1.0,1.0,28,19,0.6785714285714286,4920,1.9523712737127372,45.2251795184441,12.707118055555556,37.09033296111702,0.953103650801915,2292371e8da166f7287face4a759fe2a3340aa85ee8948b585b2895ada31709c
m7_v1_development_m7c2_seed710200,m7v1d-m7c2-710200,M7C2,710200,1,v2_corridor_edges,high,34871,33450,0.9592498064294113,65;65;65;75;75;75;75;65;65;65;65;65;65;65;65;65;75;65;65;65;65;65;75;65;65;65;75;75;65;75;75;75;65;65;75;65;65;65;65;65;65;65;65;65;75;65;75;75,48,0.3125,1,1,28,28,1.0,1.0,28,12,0.42857142857142855,4920,2.4438346883468833,44.250085358796014,12.396006944444444,37.19798550001774,0.9552501995520095,11b2026cdd6234cd74ccaaf8541062daeef73bbb10f079cce41e5f8103542831
m7_v1_development_m7c2_seed710200,m7v1d-m7c2-710200,M7C2,710200,2,state_only_risk_roi,severe,31466,31268,0.9937074938028349,5;5;5;5;5;5;5;5;5;5;5;5;5;5;5;5;5;5;5;5;5;5;5;5;5;5;5;5;5;5;5;5;5;5;5;5;5;5;5;5;5;5;5;5;35;5;5;5,48,0.020833333333333332,1,1,44,44,1.0,1.0,44,0,0.0,12027,46.66564119619744,31.440831233606083,98.00611111111111,28.218272041643218,0.8966130382562735,03bf5df07571f3b34b75060ef94c450807b880153b008ce78e7f70e3114109ae
m7_v1_development_m7c2_seed710200,m7v1d-m7c2-710200,M7C2,710200,2,command_conditioned_risk_roi,severe,31466,31283,0.9941841988177715,5;5;5;5;5;5;5;5;5;5;5;5;5;5;5;5;5;5;5;5;5;5;5;5;5;5;5;5;5;5;5;5;5;5;5;5;5;5;5;5;5;5;5;5;35;5;5;5,48,0.020833333333333332,1,1,44,44,1.0,1.0,44,0,0.0,12027,46.66564119619744,31.440831233606083,98.00611111111111,28.218272041643218,0.8966130382562735,518f3536c2c840c1b721aa2ac5cb4d886bdda703520c3257c8d22ba1fb7fa37d
m7_v1_development_m7c2_seed710200,m7v1d-m7c2-710200,M7C2,710200,2,v2_global_only,severe,31466,31275,0.9939299561431386,5;5;5;5;5;15;15;15;5;5;5;5;5;15;5;15;5;5;5;5;5;5;5;5;5;5;5;5;5;5;5;5;5;5;5;5;5;15;5;5;5;5;5;5;5;5;5;5,48,0.125,1,1,44,44,1.0,1.0,44,5,0.11363636363636363,12027,48.306837393642084,31.290717553302564,90.67055555555555,28.55614084125814,0.8920235942649408,7bdcea31f520e77218b251f2df08d65f1116f2cdccdceb5d95194ceaeb8b3a87
m7_v1_development_m7c2_seed710200,m7v1d-m7c2-710200,M7C2,710200,2,v2_visible_edges,severe,31466,31275,0.9939299561431386,5;5;5;5;5;15;15;15;5;5;5;5;5;5;5;15;5;5;5;5;5;5;5;5;5;5;5;5;5;5;5;5;5;5;5;5;5;15;15;5;5;5;5;5;5;5;5;5,48,0.125,1,1,44,44,1.0,1.0,44,5,0.11363636363636363,12027,48.306837393642084,31.290717553302564,92.92809027777778,28.44933348611356,0.8867670868104707,6d0a7409dcc87c5b4f80aea0ff781a350dd9a17073aba1e6c2158df96e96ac35
m7_v1_development_m7c2_seed710200,m7v1d-m7c2-710200,M7C2,710200,2,v2_corridor_edges,severe,31466,31275,0.9939299561431386,5;5;5;5;5;15;15;15;5;5;5;5;5;15;5;5;5;5;5;5;5;5;5;5;5;5;5;5;5;5;5;5;5;5;5;5;5;15;5;5;5;5;5;5;5;5;5;5,48,0.10416666666666667,1,1,44,44,1.0,1.0,44,5,0.11363636363636363,12027,48.306837393642084,31.290717553302564,92.95649305555555,28.44800630022924,0.890359555971644,a11f4d35dddd12ebd78c8bc608bda686d875066dab13c59ae892f388a1070e6b
m7_v1_development_m7c2_seed710200,m7v1d-m7c2-710200,M7C2,710200,2,state_only_risk_roi,low,32374,32094,0.991351084203373,65;65;65;65;65;65;65;65;65;65;65;65;65;65;65;65;65;65;65;65;65;65;65;65;65;65;65;65;65;65;65;65;65;65;65;65;65;65;65;65;65;65;65;65;95;65;65;65,48,0.020833333333333332,1,1,44,44,1.0,1.0,44,0,0.0,12027,0.8826252044012084,48.67304035789738,5.926579861111111,40.40276219940418,0.9813809403624264,f87d8c1f646246a584cb8af25e7d73442c8a5447c24d77ff445cf4db0e317db5
m7_v1_development_m7c2_seed710200,m7v1d-m7c2-710200,M7C2,710200,2,command_conditioned_risk_roi,low,32374,32109,0.9918144189781923,65;65;65;65;65;65;65;65;65;65;65;65;65;65;65;65;65;65;65;65;65;65;65;65;65;65;65;65;65;65;65;65;65;65;65;65;65;65;65;65;65;65;65;65;95;65;65;65,48,0.020833333333333332,1,1,44,44,1.0,1.0,44,0,0.0,12027,0.8826252044012084,48.67304035789738,5.926579861111111,40.40276219940418,0.9813809403624264,913c3e49ca1130a72b63e5e73871b6a1be2707b602dd28217c56564c110ec2c1
m7_v1_development_m7c2_seed710200,m7v1d-m7c2-710200,M7C2,710200,2,v2_global_only,low,32374,32101,0.9915673070982888,65;65;65;65;65;65;65;65;65;65;65;65;65;75;75;65;65;65;65;65;65;65;65;65;65;65;65;65;65;65;65;75;65;65;65;65;65;65;65;65;65;65;65;75;65;65;65;65,48,0.08333333333333333,1,1,44,44,1.0,1.0,44,0,0.0,12027,0.8809899947340706,48.681093846425334,5.713975694444445,40.56141972176998,0.981514386405293,f1a9d290bb035d87e4672792a1f73e0a55bd38a1d44f336ecf09860f1a017c71
m7_v1_development_m7c2_seed710200,m7v1d-m7c2-710200,M7C2,710200,2,v2_visible_edges,low,32374,32101,0.9915673070982888,65;65;65;65;75;65;65;65;65;65;65;65;65;75;65;65;65;65;65;75;65;65;65;65;65;65;65;65;65;65;75;65;65;65;65;65;65;65;65;65;65;65;65;75;65;65;65;65,48,0.10416666666666667,1,1,44,44,1.0,1.0,44,8,0.18181818181818182,12027,0.8743937252293451,48.71373328472522,5.767690972222222,40.52078377647172,0.9813774739191016,3b5c22c85ad4e6fe649d5cb3fcce491f9c3f693e059eeea9035a18c0070b9a2c
m7_v1_development_m7c2_seed710200,m7v1d-m7c2-710200,M7C2,710200,2,v2_corridor_edges,low,32374,32101,0.9915673070982888,65;65;65;65;65;65;65;65;65;65;65;65;65;75;65;65;65;65;65;65;65;65;65;65;65;65;65;65;65;65;65;75;65;65;65;65;65;65;65;65;65;65;65;75;65;65;65;65,48,0.0625,1,1,44,44,1.0,1.0,44,0,0.0,12027,0.8809899947340706,48.681093846425334,5.721024305555556,40.55606568014629,0.981501787134623,024f8535e858a0dbeb934e137d4b7d590dced058dd27ccaa2e39532930dba865
m7_v1_development_m7c2_seed710200,m7v1d-m7c2-710200,M7C2,710200,2,state_only_risk_roi,medium,33509,32094,0.9577725387209406,65;65;65;65;65;65;65;65;65;65;65;65;65;65;65;65;65;65;65;65;65;65;65;65;65;65;65;65;65;65;65;65;65;65;65;65;65;65;65;65;65;65;65;65;95;65;65;65,48,0.020833333333333332,1,1,44,44,1.0,1.0,44,0,0.0,12027,0.8826252044012084,48.67304035789738,5.926579861111111,40.40276219940418,0.9813809403624264,7f80f6c55e3d7a27b1430c9bbd61924ad3677cbfe26f7e452fc133cc7b99a897
m7_v1_development_m7c2_seed710200,m7v1d-m7c2-710200,M7C2,710200,2,command_conditioned_risk_roi,medium,33509,32109,0.9582201796532275,65;65;65;65;65;65;65;65;65;65;65;65;65;65;65;65;65;65;65;65;65;65;65;65;65;65;65;65;65;65;65;65;65;65;65;65;65;65;65;65;65;65;65;65;95;65;65;65,48,0.020833333333333332,1,1,44,44,1.0,1.0,44,0,0.0,12027,0.8826252044012084,48.67304035789738,5.926579861111111,40.40276219940418,0.9813809403624264,bd062f8d344dc16e144de45206e91a6db85351dea5ab93c77fd4a8141797b071
m7_v1_development_m7c2_seed710200,m7v1d-m7c2-710200,M7C2,710200,2,v2_global_only,medium,33509,32101,0.9579814378226745,65;65;65;65;65;65;65;65;65;65;65;65;65;75;75;65;65;65;65;65;65;65;65;65;65;65;65;65;65;65;65;75;65;65;65;65;65;65;65;65;65;65;65;75;65;65;65;65,48,0.08333333333333333,1,1,44,44,1.0,1.0,44,0,0.0,12027,0.8809899947340706,48.681093846425334,5.713975694444445,40.56141972176998,0.981514386405293,b26c3356dda2d6edf9ed3afec42c3bef290bcc8a65a826883cb96b51edecba45
m7_v1_development_m7c2_seed710200,m7v1d-m7c2-710200,M7C2,710200,2,v2_visible_edges,medium,33509,32101,0.9579814378226745,65;65;65;65;75;65;65;65;65;65;65;65;65;75;65;65;65;65;65;75;65;65;65;65;65;65;65;65;65;65;75;65;65;65;65;65;65;65;65;65;65;65;65;75;65;65;65;65,48,0.10416666666666667,1,1,44,44,1.0,1.0,44,8,0.18181818181818182,12027,0.8743937252293451,48.71373328472522,5.767690972222222,40.52078377647172,0.9813774739191016,b5b4ddab5eea3995cf3694c57fc957a54e6c13cf559e1b7c8e1f187b393fddd3
m7_v1_development_m7c2_seed710200,m7v1d-m7c2-710200,M7C2,710200,2,v2_corridor_edges,medium,33509,32101,0.9579814378226745,65;65;65;65;65;65;65;65;65;65;65;65;65;75;65;65;65;65;65;65;65;65;65;65;65;65;65;65;65;65;65;75;65;65;65;65;65;65;65;65;65;65;65;75;65;65;65;65,48,0.0625,1,1,44,44,1.0,1.0,44,0,0.0,12027,0.8809899947340706,48.681093846425334,5.721024305555556,40.55606568014629,0.981501787134623,2d573ef99a59dc12493f963bf1724b16c08f6ed3e3f0930ba2148be5e51cf031
m7_v1_development_m7c2_seed710200,m7v1d-m7c2-710200,M7C2,710200,2,state_only_risk_roi,high,34871,32094,0.9203636259355912,65;65;65;65;65;65;65;65;65;65;65;65;65;65;65;65;65;65;65;65;65;65;65;65;65;65;65;65;65;65;65;65;65;65;65;65;65;65;65;65;65;65;65;65;95;65;65;65,48,0.020833333333333332,1,1,44,44,1.0,1.0,44,0,0.0,12027,0.8826252044012084,48.67304035789738,5.926579861111111,40.40276219940418,0.9813809403624264,db1604aaaecc47e5b9b2c541b029354914e8d3d92a93d121df1122286f5991d2
m7_v1_development_m7c2_seed710200,m7v1d-m7c2-710200,M7C2,710200,2,command_conditioned_risk_roi,high,34871,32109,0.9207937827994609,65;65;65;65;65;65;65;65;65;65;65;65;65;65;65;65;65;65;65;65;65;65;65;65;65;65;65;65;65;65;65;65;65;65;65;65;65;65;65;65;65;65;65;65;95;65;65;65,48,0.020833333333333332,1,1,44,44,1.0,1.0,44,0,0.0,12027,0.8826252044012084,48.67304035789738,5.926579861111111,40.40276219940418,0.9813809403624264,a04ae6044cd49639fe2f2c57a4dd915798abcc4e6438cc53a7524ccaf4de3abf
m7_v1_development_m7c2_seed710200,m7v1d-m7c2-710200,M7C2,710200,2,v2_global_only,high,34871,32101,0.920564365805397,65;65;65;65;65;65;65;65;65;65;65;65;65;75;75;65;65;65;65;65;65;65;65;65;65;65;65;65;65;65;65;75;65;65;65;65;65;65;65;65;65;65;65;75;65;65;65;65,48,0.08333333333333333,1,1,44,44,1.0,1.0,44,0,0.0,12027,0.8809899947340706,48.681093846425334,5.713975694444445,40.56141972176998,0.981514386405293,bbb23bfd2e0c4dfcf8cc48d4eae461d65ca82eccfe6a0fc2ffa41812a8274e40
m7_v1_development_m7c2_seed710200,m7v1d-m7c2-710200,M7C2,710200,2,v2_visible_edges,high,34871,32101,0.920564365805397,65;65;65;65;75;65;65;65;65;65;65;65;65;75;65;65;65;65;65;75;65;65;65;65;65;65;65;65;65;65;75;65;65;65;65;65;65;65;65;65;65;65;65;75;65;65;65;65,48,0.10416666666666667,1,1,44,44,1.0,1.0,44,8,0.18181818181818182,12027,0.8743937252293451,48.71373328472522,5.767690972222222,40.52078377647172,0.9813774739191016,6b20578b142f5b0bf3e4c8f21c8671fc60fd4b048b8cde9fcecf4ed221f693de
m7_v1_development_m7c2_seed710200,m7v1d-m7c2-710200,M7C2,710200,2,v2_corridor_edges,high,34871,32101,0.920564365805397,65;65;65;65;65;65;65;65;65;65;65;65;65;75;65;65;65;65;65;65;65;65;65;65;65;65;65;65;65;65;65;75;65;65;65;65;65;65;65;65;65;65;65;75;65;65;65;65,48,0.0625,1,1,44,44,1.0,1.0,44,0,0.0,12027,0.8809899947340706,48.681093846425334,5.721024305555556,40.55606568014629,0.981501787134623,b0df9d5737de1205efe0caf07ccedbf7315d0773b7fd0917af4df6718cf88a4e
m7_v1_development_m7c2_seed710200,m7v1d-m7c2-710200,M7C2,710200,3,state_only_risk_roi,severe,31466,31302,0.9947880251700247,65;65;65;65;65;65;65;65;65;65;65;65;65;65;65;65;65;65;65;65;65;65;65;65;65;65;65;65;65;65;65;65;65;65;65;65;65;65;65;65;65;65;65;65;95;65;65;65,48,0.020833333333333332,0,0,0,0,,,0,0,,19200,0.8518055555555556,48.82739892611686,0.8518055555555556,48.82739892611686,0.9980447354514769,4f4ee3027614cdefe3274d3a604fab5ae4977c55418b53402b5091c8e98b4dba
m7_v1_development_m7c2_seed710200,m7v1d-m7c2-710200,M7C2,710200,3,command_conditioned_risk_roi,severe,31466,31319,0.9953282908536197,65;65;65;65;65;65;65;65;65;65;65;65;65;65;65;65;65;65;65;65;65;65;65;65;65;65;65;65;65;65;65;65;65;65;65;65;65;65;65;65;65;65;65;65;95;65;65;65,48,0.020833333333333332,0,0,0,0,,,0,0,,19200,0.8518055555555556,48.82739892611686,0.8518055555555556,48.82739892611686,0.9980447354514769,45dbdc83ebd102f40213cecfcd64fb92e4bff2df603a49de925a7688b1499252
m7_v1_development_m7c2_seed710200,m7v1d-m7c2-710200,M7C2,710200,3,v2_global_only,severe,31466,31310,0.9950422678446578,95;75;65;65;65;65;65;65;65;65;65;65;65;65;65;65;65;65;65;75;65;65;65;65;65;65;65;65;65;65;65;65;65;65;65;65;65;65;65;65;75;65;75;75;65;65;75;75,48,0.16666666666666666,0,0,0,0,,,0,0,,19200,0.8210243055555555,48.987243467297006,0.8210243055555555,48.987243467297006,0.997930440978462,cafc3ecbeaeb62e8d23ba693271f051a157770984acf3d4beefa0f0ec0bc1217
m7_v1_development_m7c2_seed710200,m7v1d-m7c2-710200,M7C2,710200,3,v2_visible_edges,severe,31466,31310,0.9950422678446578,95;75;65;65;65;65;65;65;65;65;65;65;65;65;65;65;65;65;65;75;65;65;65;65;65;65;65;65;65;65;65;65;65;65;65;65;65;65;65;65;75;65;75;65;65;65;75;75,48,0.14583333333333334,0,0,0,0,,,0,0,,19200,0.8216145833333334,48.98412221655288,0.8216145833333334,48.98412221655288,0.9979670151194333,4ead22a5eb469e12eca1b433efc42ff9ad75295b47a94c988a6f7c1ba7e0ea2f
m7_v1_development_m7c2_seed710200,m7v1d-m7c2-710200,M7C2,710200,3,v2_corridor_edges,severe,31466,31310,0.9950422678446578,95;65;65;65;65;65;65;65;65;65;65;65;65;65;65;65;65;65;65;75;65;65;65;65;65;65;65;65;65;65;65;65;65;65;65;65;65;65;65;65;75;65;75;65;65;65;75;75,48,0.125,0,0,0,0,,,0,0,,19200,0.8229340277777778,48.97715340382844,0.8229340277777778,48.97715340382844,0.9979643391784799,6b861b795bfbce136d1d2573387b679dad8f8fa37c6a2fe787dc9658ec6a74b9
m7_v1_development_m7c2_seed710200,m7v1d-m7c2-710200,M7C2,710200,3,state_only_risk_roi,low,32374,31302,0.9668870080929141,65;65;65;65;65;65;65;65;65;65;65;65;65;65;65;65;65;65;65;65;65;65;65;65;65;65;65;65;65;65;65;65;65;65;65;65;65;65;65;65;65;65;65;65;95;65;65;65,48,0.020833333333333332,0,0,0,0,,,0,0,,19200,0.8518055555555556,48.82739892611686,0.8518055555555556,48.82739892611686,0.9980447354514769,e7be792593745687b8ecba34c33cefd1fb49b3292578ca22765937a74280b3e3
m7_v1_development_m7c2_seed710200,m7v1d-m7c2-710200,M7C2,710200,3,command_conditioned_risk_roi,low,32374,31319,0.9674121208377092,65;65;65;65;65;65;65;65;65;65;65;65;65;65;65;65;65;65;65;65;65;65;65;65;65;65;65;65;65;65;65;65;65;65;65;65;65;65;65;65;65;65;65;65;95;65;65;65,48,0.020833333333333332,0,0,0,0,,,0,0,,19200,0.8518055555555556,48.82739892611686,0.8518055555555556,48.82739892611686,0.9980447354514769,038ff25f1a80de9cff372c97e3bbc6d1e62129b7cb77d883220e0336b7ca4b4b
m7_v1_development_m7c2_seed710200,m7v1d-m7c2-710200,M7C2,710200,3,v2_global_only,low,32374,31310,0.9671341199728177,95;75;65;65;65;65;65;65;65;65;65;65;65;65;65;65;65;65;65;75;65;65;65;65;65;65;65;65;65;65;65;65;65;65;65;65;65;65;65;65;75;65;75;75;65;65;75;75,48,0.16666666666666666,0,0,0,0,,,0,0,,19200,0.8210243055555555,48.987243467297006,0.8210243055555555,48.987243467297006,0.997930440978462,9da840c0f0fc7329f0928ffc15592cd9b309de93c2fc58ec2c7e763acaf4bf75
m7_v1_development_m7c2_seed710200,m7v1d-m7c2-710200,M7C2,710200,3,v2_visible_edges,low,32374,31310,0.9671341199728177,95;75;65;65;65;65;65;65;65;65;65;65;65;65;65;65;65;65;65;75;65;65;65;65;65;65;65;65;65;65;65;65;65;65;65;65;65;65;65;65;75;65;75;65;65;65;75;75,48,0.14583333333333334,0,0,0,0,,,0,0,,19200,0.8216145833333334,48.98412221655288,0.8216145833333334,48.98412221655288,0.9979670151194333,2c2906d01be1bc8a6701ad820022453fd342fdc737d9ad7e1a3e8238b0d6bf9a
m7_v1_development_m7c2_seed710200,m7v1d-m7c2-710200,M7C2,710200,3,v2_corridor_edges,low,32374,31310,0.9671341199728177,95;65;65;65;65;65;65;65;65;65;65;65;65;65;65;65;65;65;65;75;65;65;65;65;65;65;65;65;65;65;65;65;65;65;65;65;65;65;65;65;75;65;75;65;65;65;75;75,48,0.125,0,0,0,0,,,0,0,,19200,0.8229340277777778,48.97715340382844,0.8229340277777778,48.97715340382844,0.9979643391784799,6f9519e06dbe6aa986bfac36c8fe8a439fff580877a14d240124ad14d4437e6b
m7_v1_development_m7c2_seed710200,m7v1d-m7c2-710200,M7C2,710200,3,state_only_risk_roi,medium,33509,31302,0.934137097496195,65;65;65;65;65;65;65;65;65;65;65;65;65;65;65;65;65;65;65;65;65;65;65;65;65;65;65;65;65;65;65;65;65;65;65;65;65;65;65;65;65;65;65;65;95;65;65;65,48,0.020833333333333332,0,0,0,0,,,0,0,,19200,0.8518055555555556,48.82739892611686,0.8518055555555556,48.82739892611686,0.9980447354514769,e2f121b41836469095ae33fef5067a10767a8bc39ddb1a3f0a9ea67ea9f24070
m7_v1_development_m7c2_seed710200,m7v1d-m7c2-710200,M7C2,710200,3,command_conditioned_risk_roi,medium,33509,31319,0.9346444238861201,65;65;65;65;65;65;65;65;65;65;65;65;65;65;65;65;65;65;65;65;65;65;65;65;65;65;65;65;65;65;65;65;65;65;65;65;65;65;65;65;65;65;65;65;95;65;65;65,48,0.020833333333333332,0,0,0,0,,,0,0,,19200,0.8518055555555556,48.82739892611686,0.8518055555555556,48.82739892611686,0.9980447354514769,38cf54024314ab016f1993d3c7b5e847ba949170bb9ba12a1af511a7dfbb4c02
m7_v1_development_m7c2_seed710200,m7v1d-m7c2-710200,M7C2,710200,3,v2_global_only,medium,33509,31310,0.9343758393267481,95;75;65;65;65;65;65;65;65;65;65;65;65;65;65;65;65;65;65;75;65;65;65;65;65;65;65;65;65;65;65;65;65;65;65;65;65;65;65;65;75;65;75;75;65;65;75;75,48,0.16666666666666666,0,0,0,0,,,0,0,,19200,0.8210243055555555,48.987243467297006,0.8210243055555555,48.987243467297006,0.997930440978462,739176f8e23a9f26a8f05ca6d4066424a5370052c32a299512e731dc9aa74ba5
m7_v1_development_m7c2_seed710200,m7v1d-m7c2-710200,M7C2,710200,3,v2_visible_edges,medium,33509,31310,0.9343758393267481,95;75;65;65;65;65;65;65;65;65;65;65;65;65;65;65;65;65;65;75;65;65;65;65;65;65;65;65;65;65;65;65;65;65;65;65;65;65;65;65;75;65;75;65;65;65;75;75,48,0.14583333333333334,0,0,0,0,,,0,0,,19200,0.8216145833333334,48.98412221655288,0.8216145833333334,48.98412221655288,0.9979670151194333,cf03b1a045a121f69fc70327b68ce66f1cbd033ef0838f0544ca7cbfb7318534
m7_v1_development_m7c2_seed710200,m7v1d-m7c2-710200,M7C2,710200,3,v2_corridor_edges,medium,33509,31310,0.9343758393267481,95;65;65;65;65;65;65;65;65;65;65;65;65;65;65;65;65;65;65;75;65;65;65;65;65;65;65;65;65;65;65;65;65;65;65;65;65;65;65;65;75;65;75;65;65;65;75;75,48,0.125,0,0,0,0,,,0,0,,19200,0.8229340277777778,48.97715340382844,0.8229340277777778,48.97715340382844,0.9979643391784799,dcc961292d43161d4c5ccb47ec6e28f57ad6b1ddd1a1cb285443cc600be08a4f
m7_v1_development_m7c2_seed710200,m7v1d-m7c2-710200,M7C2,710200,3,state_only_risk_roi,high,34871,31302,0.8976513435232715,65;65;65;65;65;65;65;65;65;65;65;65;65;65;65;65;65;65;65;65;65;65;65;65;65;65;65;65;65;65;65;65;65;65;65;65;65;65;65;65;65;65;65;65;95;65;65;65,48,0.020833333333333332,0,0,0,0,,,0,0,,19200,0.8518055555555556,48.82739892611686,0.8518055555555556,48.82739892611686,0.9980447354514769,fa0fbcd234039c081dfcf96e95b284efee3166d73c813a9a82ff773172bfc101
m7_v1_development_m7c2_seed710200,m7v1d-m7c2-710200,M7C2,710200,3,command_conditioned_risk_roi,high,34871,31319,0.8981388546356571,65;65;65;65;65;65;65;65;65;65;65;65;65;65;65;65;65;65;65;65;65;65;65;65;65;65;65;65;65;65;65;65;65;65;65;65;65;65;65;65;65;65;65;65;95;65;65;65,48,0.020833333333333332,0,0,0,0,,,0,0,,19200,0.8518055555555556,48.82739892611686,0.8518055555555556,48.82739892611686,0.9980447354514769,2cec770a0450e25fb9336523ab81ff46be0f9b7107c1620c4d71764d01af5c55
m7_v1_development_m7c2_seed710200,m7v1d-m7c2-710200,M7C2,710200,3,v2_global_only,high,34871,31310,0.8978807605173353,95;75;65;65;65;65;65;65;65;65;65;65;65;65;65;65;65;65;65;75;65;65;65;65;65;65;65;65;65;65;65;65;65;65;65;65;65;65;65;65;75;65;75;75;65;65;75;75,48,0.16666666666666666,0,0,0,0,,,0,0,,19200,0.8210243055555555,48.987243467297006,0.8210243055555555,48.987243467297006,0.997930440978462,860424cc5f1526aeef581a3352a8a50f09323a039e223e9ed3c7d0c4a58aa34c
m7_v1_development_m7c2_seed710200,m7v1d-m7c2-710200,M7C2,710200,3,v2_visible_edges,high,34871,31310,0.8978807605173353,95;75;65;65;65;65;65;65;65;65;65;65;65;65;65;65;65;65;65;75;65;65;65;65;65;65;65;65;65;65;65;65;65;65;65;65;65;65;65;65;75;65;75;65;65;65;75;75,48,0.14583333333333334,0,0,0,0,,,0,0,,19200,0.8216145833333334,48.98412221655288,0.8216145833333334,48.98412221655288,0.9979670151194333,f19e122175da757b1b9c504f7bcb5366bba03036a81d69448f7f6ddc3b021a66
m7_v1_development_m7c2_seed710200,m7v1d-m7c2-710200,M7C2,710200,3,v2_corridor_edges,high,34871,31310,0.8978807605173353,95;65;65;65;65;65;65;65;65;65;65;65;65;65;65;65;65;65;65;75;65;65;65;65;65;65;65;65;65;65;65;65;65;65;65;65;65;65;65;65;75;65;75;65;65;65;75;75,48,0.125,0,0,0,0,,,0,0,,19200,0.8229340277777778,48.97715340382844,0.8229340277777778,48.97715340382844,0.9979643391784799,43185a568758b6dba060a3addf7347f95ae4346ccb20f06f2a8f2c998a56d522
m7_v1_development_m7c2_seed710201,m7v1d-m7c2-710201,M7C2,710201,0,state_only_risk_roi,severe,31466,31417,0.9984427636178732,5;5;5;5;5;5;5;5;5;5;5;5;5;5;5;5;5;5;5;5;5;5;5;5;5;5;5;5;5;5;5;5;5;5;5;5;5;5;5;5;5;5;5;5;35;5;5;5,48,0.020833333333333332,1,1,21,20,1.0,0.9523809523809523,21,0,0.0,2400,122.63319444444444,27.24472319618736,217.3840972222222,24.758525908566064,0.7531710684879291,c0c442077b01e25a1c736560f2d29dc14af9d7691706401ae68c43be776f1836
m7_v1_development_m7c2_seed710201,m7v1d-m7c2-710201,M7C2,710201,0,command_conditioned_risk_roi,severe,31466,31426,0.9987287866268353,5;5;5;5;5;5;5;5;5;5;5;5;5;5;5;5;5;5;5;5;5;5;5;5;5;5;5;5;5;5;5;5;5;5;5;5;5;5;5;5;5;5;5;5;35;5;5;5,48,0.020833333333333332,1,1,21,20,1.0,0.9523809523809523,21,0,0.0,2400,122.63319444444444,27.24472319618736,217.3840972222222,24.758525908566064,0.7531710684879291,f3e368a14e5a97e53d99ae9aba371f635b1f74707aa271ec6cbe643efcbc1b98
m7_v1_development_m7c2_seed710201,m7v1d-m7c2-710201,M7C2,710201,0,v2_global_only,severe,31466,31420,0.9985381046208606,15;5;15;15;15;15;25;15;5;5;15;5;15;5;5;5;5;5;5;5;5;5;5;15;5;5;5;5;5;5;5;5;5;5;5;5;5;5;5;5;5;5;15;5;15;5;15;5,48,0.2708333333333333,1,1,21,15,1.0,0.7142857142857143,21,0,0.0,2400,113.79569444444445,27.569545303940345,195.1107986111111,25.227990543261086,0.7441294783765809,4b6066c5f86d7f2a169edada37e15976f330cb800178a0a28492b3a1b1f9050e
m7_v1_development_m7c2_seed710201,m7v1d-m7c2-710201,M7C2,710201,0,v2_visible_edges,severe,31466,31421,0.9985698849551897,15;5;15;15;15;15;15;15;5;5;15;5;15;5;5;5;5;5;5;5;5;5;5;15;5;5;5;5;5;5;5;5;5;5;5;5;5;5;5;5;5;5;15;5;15;5;15;5,48,0.2708333333333333,1,1,21,15,1.0,0.7142857142857143,21,0,0.0,2400,113.79569444444445,27.569545303940345,195.5157638888889,25.218985817756327,0.7431382090090871,1503758a0d00fd6ae3a0db3b1c58c1f608762fa57cceb3a083b5654d17e1c276
m7_v1_development_m7c2_seed710201,m7v1d-m7c2-710201,M7C2,710201,0,v2_corridor_edges,severe,31466,31420,0.9985381046208606,15;5;15;15;15;15;25;15;5;5;5;5;15;5;5;5;5;5;5;5;5;5;5;15;5;5;5;5;5;5;5;5;5;5;5;5;5;5;5;5;5;5;15;5;15;5;15;5,48,0.25,1,1,21,15,1.0,0.7142857142857143,21,0,0.0,2400,113.79569444444445,27.569545303940345,197.45322916666666,25.176161202488956,0.7426870658809462,b8e3c72092e275b16056f08951cc2d2719854e3461ce5ee9e902a1af81675227
m7_v1_development_m7c2_seed710201,m7v1d-m7c2-710201,M7C2,710201,0,state_only_risk_roi,low,32374,32252,0.9962315438314697,25;25;25;25;25;25;25;25;25;25;25;25;25;25;25;25;25;25;25;25;25;25;25;25;25;25;25;25;25;25;25;25;25;25;25;25;25;25;25;25;25;25;25;25;55;25;25;25,48,0.020833333333333332,1,1,21,21,1.0,1.0,21,0,0.0,2400,17.48472222222222,35.70421623754494,39.31407986111111,32.185322453300415,0.8943319658796701,762b05d9c05b7d6c08aea2e29ee381c15c337028c1a235c4b2a961a708e9ee47
m7_v1_development_m7c2_seed710201,m7v1d-m7c2-710201,M7C2,710201,0,command_conditioned_risk_roi,low,32374,32261,0.9965095446963613,25;25;25;25;25;25;25;25;25;25;25;25;25;25;25;25;25;25;25;25;25;25;25;25;25;25;25;25;25;25;25;25;25;25;25;25;25;25;25;25;25;25;25;25;55;25;25;25,48,0.020833333333333332,1,1,21,21,1.0,1.0,21,0,0.0,2400,17.48472222222222,35.70421623754494,39.31407986111111,32.185322453300415,0.8943319658796701,434ce95abf5f3cd62a7069ebf3f9628be9dda08dff9e4691b78ab494c2a2a4c8
m7_v1_development_m7c2_seed710201,m7v1d-m7c2-710201,M7C2,710201,0,v2_global_only,low,32374,32256,0.9963550997714216,25;25;35;35;35;25;25;25;25;25;25;25;25;25;25;25;25;25;25;25;25;25;25;35;25;25;25;35;25;25;25;25;35;25;25;25;25;25;25;25;25;25;25;25;25;25;25;35,48,0.14583333333333334,1,1,21,21,1.0,1.0,21,0,0.0,2400,17.162222222222223,35.78506839804882,38.11213541666667,32.32017077965767,0.8953483023518972,ab84b187dd8b769740a1117ecb75bb2218e9e28445e0df22525ffefb08e6c404
m7_v1_development_m7c2_seed710201,m7v1d-m7c2-710201,M7C2,710201,0,v2_visible_edges,low,32374,32256,0.9963550997714216,25;35;25;35;25;25;25;25;25;25;25;25;25;25;25;25;25;25;25;25;25;25;25;35;25;25;25;25;25;25;25;25;35;25;25;25;25;25;25;25;25;35;25;25;25;25;25;25,48,0.10416666666666667,1,1,21,21,1.0,1.0,21,7,0.3333333333333333,2400,17.086111111111112,35.8043713461145,38.72682291666667,32.25068491208357,0.8931737926223624,36cc6a955646d0eadbf05084ca16788277012a0db7c4148d19d6e465a38cd5f3
m7_v1_development_m7c2_seed710201,m7v1d-m7c2-710201,M7C2,710201,0,v2_corridor_edges,low,32374,32256,0.9963550997714216,25;25;35;35;25;25;25;25;25;25;25;25;25;25;25;25;25;25;25;25;25;25;25;35;25;25;25;35;25;25;25;25;35;25;25;25;25;25;25;25;25;25;25;25;25;25;25;35,48,0.125,1,1,21,21,1.0,1.0,21,0,0.0,2400,17.162222222222223,35.78506839804882,38.22321180555556,32.307531838834976,0.8951891129457298,bcc2b42aec1e7cf07d9f109061d7a021ae51fd6b25d9ee55a757fd7ef6890564
m7_v1_development_m7c2_seed710201,m7v1d-m7c2-710201,M7C2,710201,0,state_only_risk_roi,medium,33509,32905,0.9819749917932495,45;45;45;45;45;45;45;45;45;45;45;45;45;45;45;45;45;45;45;45;45;45;45;45;45;45;45;45;45;45;45;45;45;45;45;45;45;45;45;45;45;45;45;45;75;45;45;45,48,0.020833333333333332,1,1,21,21,1.0,1.0,21,0,0.0,2400,7.678333333333334,39.278133989988746,24.510086805555556,34.23735511504571,0.924158705229546,0e004ca161622c6dddbdb526b80e01dfd1c0cc338a91e696209eb3ac2145160c
m7_v1_development_m7c2_seed710201,m7v1d-m7c2-710201,M7C2,710201,0,command_conditioned_risk_roi,medium,33509,32914,0.9822435763526217,45;45;45;45;45;45;45;45;45;45;45;45;45;45;45;45;45;45;45;45;45;45;45;45;45;45;45;45;45;45;45;45;45;45;45;45;45;45;45;45;45;45;45;45;75;45;45;45,48,0.020833333333333332,1,1,21,21,1.0,1.0,21,0,0.0,2400,7.678333333333334,39.278133989988746,24.510086805555556,34.23735511504571,0.924158705229546,84accbdf8373374635520a12ce682eab6085b283c8d74c236ac82eb7018563fb
m7_v1_development_m7c2_seed710201,m7v1d-m7c2-710201,M7C2,710201,0,v2_global_only,medium,33509,32909,0.982094362708526,45;45;45;45;45;45;45;55;45;45;55;55;55;45;55;45;45;45;45;45;45;45;45;55;45;45;45;45;45;55;55;45;45;45;45;45;45;55;45;45;45;45;45;45;45;45;45;45,48,0.1875,1,1,21,21,1.0,1.0,21,0,0.0,2400,7.678333333333334,39.278133989988746,23.651649305555555,34.39218929987452,0.9250816220063142,625dcd7f212e9c1e9530417e91d2459b6f172d7a3147ac883fbade03b27c8d43
m7_v1_development_m7c2_seed710201,m7v1d-m7c2-710201,M7C2,710201,0,v2_visible_edges,medium,33509,32909,0.982094362708526,45;45;45;45;45;45;45;45;45;45;45;55;45;45;55;45;45;45;45;45;45;45;45;45;45;45;45;45;45;45;45;65;45;45;45;45;45;45;45;55;55;45;45;45;55;45;45;45,48,0.125,1,1,21,21,1.0,1.0,21,0,0.0,2400,7.6675,39.28426576213387,24.2396875,34.28553344296947,0.9244837834342512,8fc5cd0ddc1c153f86f21d0f047a828f8776a4e742f23a2dd3ed607a49b4f370
m7_v1_development_m7c2_seed710201,m7v1d-m7c2-710201,M7C2,710201,0,v2_corridor_edges,medium,33509,32909,0.982094362708526,45;45;45;45;45;45;45;45;45;45;45;55;55;45;55;45;45;45;45;45;45;45;45;55;45;45;45;45;45;55;55;45;45;45;45;45;45;45;45;45;45;45;45;45;55;45;45;45,48,0.14583333333333334,1,1,21,21,1.0,1.0,21,0,0.0,2400,7.678333333333334,39.278133989988746,23.745677083333334,34.37495803316978,0.9246731601085738,a96a4b435525a75d77fad8f72dd502103195a46c7a823b21fa19edf466776e3c
m7_v1_development_m7c2_seed710201,m7v1d-m7c2-710201,M7C2,710201,0,state_only_risk_roi,high,34871,33640,0.9646984600384273,65;65;65;65;65;65;65;65;65;65;65;65;65;65;65;65;65;65;65;65;65;65;65;65;65;65;65;65;65;65;65;65;65;65;65;65;65;65;65;65;65;65;65;65;95;65;65;65,48,0.020833333333333332,1,1,21,21,1.0,1.0,21,0,0.0,2400,6.920694444444444,39.729306857379896,16.73967013888889,35.893334650524736,0.9425211506107777,ae5e4799cb63d55b80a2682a9af47d65e9737ebc63618975c1f6105b19ff8fec
m7_v1_development_m7c2_seed710201,m7v1d-m7c2-710201,M7C2,710201,0,command_conditioned_risk_roi,high,34871,33649,0.9649565541567492,65;65;65;65;65;65;65;65;65;65;65;65;65;65;65;65;65;65;65;65;65;65;65;65;65;65;65;65;65;65;65;65;65;65;65;65;65;65;65;65;65;65;65;65;95;65;65;65,48,0.020833333333333332,1,1,21,21,1.0,1.0,21,0,0.0,2400,6.920694444444444,39.729306857379896,16.73967013888889,35.893334650524736,0.9425211506107777,7ac8977255a86c96eeb98bdbe9ec0d1f82b547e4955f56bb2ddb784fa4615ecc
m7_v1_development_m7c2_seed710201,m7v1d-m7c2-710201,M7C2,710201,0,v2_global_only,high,34871,33644,0.9648131685354593,75;65;65;75;75;65;75;65;75;65;65;65;65;65;65;65;75;65;65;65;65;65;75;65;75;75;65;65;65;65;75;75;75;65;65;65;65;65;65;65;65;75;65;65;65;65;65;65,48,0.2708333333333333,1,1,21,21,1.0,1.0,21,3,0.14285714285714285,2400,5.1322222222222225,41.02774908060688,14.959340277777779,36.3816791974845,0.9444369771768054,51daae670c86ead2667bfabc1db601a80086e586c0e5ab7bba2c61bf0a2406db
m7_v1_development_m7c2_seed710201,m7v1d-m7c2-710201,M7C2,710201,0,v2_visible_edges,high,34871,33644,0.9648131685354593,75;75;65;65;65;65;65;65;65;75;65;65;65;65;75;75;65;65;65;65;65;65;65;65;75;65;65;65;65;65;75;75;65;65;65;65;65;65;65;75;65;65;65;65;65;65;65;65,48,0.1875,1,1,21,21,1.0,1.0,21,8,0.38095238095238093,2400,4.789305555555556,41.32807815147402,15.59609375,36.20064523747621,0.9413727292247868,07ed58fbb0be66ba3f96b7c90197b34634a1c9ab1874b25b8ebf7431bcfb8ba0
m7_v1_development_m7c2_seed710201,m7v1d-m7c2-710201,M7C2,710201,0,v2_corridor_edges,high,34871,33644,0.9648131685354593,75;65;65;75;65;65;65;65;75;65;65;65;65;65;65;65;65;65;65;65;65;65;65;65;75;75;65;65;65;65;75;75;75;65;65;65;65;65;65;65;65;75;65;75;75;65;65;65,48,0.22916666666666666,1,1,21,21,1.0,1.0,21,3,0.14285714285714285,2400,5.324166666666667,40.86828718783395,15.18170138888889,36.317599158960256,0.9441678771007872,4fd81f2ab62f575c854f4d9bd5c9b59836997711f8cd7699380ea74dc55c75fa
m7_v1_development_m7c2_seed710201,m7v1d-m7c2-710201,M7C2,710201,1,state_only_risk_roi,severe,31466,31399,0.9978707175999492,5;5;5;5;5;5;5;5;5;5;5;5;5;5;5;5;5;5;5;5;5;5;5;5;5;5;5;5;5;5;5;5;5;5;5;5;5;5;5;5;5;5;5;5;35;5;5;5,48,0.020833333333333332,1,1,35,35,1.0,1.0,35,0,0.0,5040,97.5614417989418,28.23802151014885,183.4948263888889,25.494565369797037,0.7914130143749619,6995fb1169dfb159f87aa43e753f2934178597d5f95ef9ca83344763b29a93e8
m7_v1_development_m7c2_seed710201,m7v1d-m7c2-710201,M7C2,710201,1,command_conditioned_risk_roi,severe,31466,31410,0.9982203012775694,5;5;5;5;5;5;5;5;5;5;5;5;5;5;5;5;5;5;5;5;5;5;5;5;5;5;5;5;5;5;5;5;5;5;5;5;5;5;5;5;5;5;5;5;35;5;5;5,48,0.020833333333333332,1,1,35,35,1.0,1.0,35,0,0.0,5040,97.5614417989418,28.23802151014885,183.4948263888889,25.494565369797037,0.7914130143749619,3f09c6239ef301b6254938d3af61157a7cf4437b0e5f5b4a04045163cc6900d1
m7_v1_development_m7c2_seed710201,m7v1d-m7c2-710201,M7C2,710201,1,v2_global_only,severe,31466,31404,0.9980296192715947,5;5;15;15;25;25;15;25;5;5;5;15;15;15;15;15;5;5;5;5;5;5;5;5;5;5;5;5;5;5;5;5;5;5;5;5;5;5;5;5;5;5;5;5;5;5;5;5,48,0.22916666666666666,1,1,35,35,1.0,1.0,35,16,0.45714285714285713,5040,90.4135582010582,28.568467997466627,163.5494965277778,25.99431149340841,0.7976868096157275,83b70a7bd26cbf0eb06bd257b87aeaca3da16c81e369bc3a3f4774a5a5d1de0e
m7_v1_development_m7c2_seed710201,m7v1d-m7c2-710201,M7C2,710201,1,v2_visible_edges,severe,31466,31404,0.9980296192715947,5;5;15;15;15;25;15;25;5;5;5;5;5;5;15;15;5;5;5;5;5;5;5;5;5;5;5;5;5;5;5;5;5;5;5;5;15;5;5;5;5;5;5;5;15;5;5;5,48,0.20833333333333334,1,1,35,35,1.0,1.0,35,16,0.45714285714285713,5040,90.4135582010582,28.568467997466627,168.22213541666667,25.8719721924665,0.7863749103494757,dba9bdeb8b5e0c8ee8deffe09ce1e24091d6f0e45e2f9153a461859c61551a15
m7_v1_development_m7c2_seed710201,m7v1d-m7c2-710201,M7C2,710201,1,v2_corridor_edges,severe,31466,31404,0.9980296192715947,5;5;5;15;25;25;15;25;5;5;5;25;15;25;15;25;5;5;5;5;5;5;5;5;5;5;5;5;5;5;5;5;5;5;5;5;5;5;5;5;5;5;5;15;5;5;5;5,48,0.22916666666666666,1,1,35,35,1.0,1.0,35,0,0.0,5040,97.5614417989418,28.23802151014885,164.87387152777777,25.95928524813481,0.797623062373965,e00079ef3a5039fcb6177a5c996e1f5c1830300fe9e162dc40daed74eb962166
m7_v1_development_m7c2_seed710201,m7v1d-m7c2-710201,M7C2,710201,1,state_only_risk_roi,low,32374,32156,0.9932662012726262,25;25;25;25;25;25;25;25;25;25;25;25;25;25;25;25;25;25;25;25;25;25;25;25;25;25;25;25;25;25;25;25;25;25;25;25;25;25;25;25;25;25;25;25;55;25;25;25,48,0.020833333333333332,1,1,35,35,1.0,1.0,35,0,0.0,5040,10.569907407407408,37.89009177971852,33.65576388888889,32.86020908629602,0.9155067828595697,905c54038d7c6fb36eb4cb78234449bdd8c9978db8b479ea361d1361b6b26026
m7_v1_development_m7c2_seed710201,m7v1d-m7c2-710201,M7C2,710201,1,command_conditioned_risk_roi,low,32374,32167,0.9936059801074937,25;25;25;25;25;25;25;25;25;25;25;25;25;25;25;25;25;25;25;25;25;25;25;25;25;25;25;25;25;25;25;25;25;25;25;25;25;25;25;25;25;25;25;25;55;25;25;25,48,0.020833333333333332,1,1,35,35,1.0,1.0,35,0,0.0,5040,10.569907407407408,37.89009177971852,33.65576388888889,32.86020908629602,0.9155067828595697,ea85f26f205635d2d977aa40b5c0fa4d668e4eda5cee9c1a29933c98a99925bf
m7_v1_development_m7c2_seed710201,m7v1d-m7c2-710201,M7C2,710201,1,v2_global_only,low,32374,32161,0.993420646197566,25;25;25;35;35;35;25;25;25;25;35;25;25;25;25;25;25;25;25;25;25;25;25;25;25;25;35;25;25;25;25;25;25;25;25;25;25;25;25;25;25;25;25;25;35;25;25;25,48,0.125,1,1,35,35,1.0,1.0,35,6,0.17142857142857143,5040,9.109126984126984,38.53603604547415,32.23565972222222,33.04743798131276,0.9168768063314133,566a4bd1954d7ce709c821edeb4d08b6059bfa75576a5a0ca3237674820d4f4b
m7_v1_development_m7c2_seed710201,m7v1d-m7c2-710201,M7C2,710201,1,v2_visible_edges,low,32374,32161,0.993420646197566,25;25;35;25;25;25;25;25;25;25;55;25;25;25;25;25;25;25;25;25;25;25;25;25;25;25;25;25;25;25;25;25;25;25;25;25;25;25;25;25;25;25;25;25;25;25;25;25,48,0.041666666666666664,1,1,35,35,1.0,1.0,35,20,0.5714285714285714,5040,8.715806878306879,38.7277276212697,33.06027777777778,32.93773862604978,0.9139007694765885,0f14265c70af0b5d54ef7104abcd51d600c65bd90a7301d028690e018fdafa9b
m7_v1_development_m7c2_seed710201,m7v1d-m7c2-710201,M7C2,710201,1,v2_corridor_edges,low,32374,32161,0.993420646197566,25;25;25;35;35;35;25;25;25;25;35;25;35;25;25;25;25;25;25;25;25;25;25;25;25;25;35;25;25;25;25;25;25;25;25;25;25;35;25;25;25;25;25;25;25;25;25;25,48,0.14583333333333334,1,1,35,35,1.0,1.0,35,6,0.17142857142857143,5040,9.109126984126984,38.53603604547415,32.39661458333333,33.025807316673294,0.9162390427422992,fe61f0263b809049a75ca720c18d2ba74e226415f3b51b4686439a6b7d328b47
m7_v1_development_m7c2_seed710201,m7v1d-m7c2-710201,M7C2,710201,1,state_only_risk_roi,medium,33509,33472,0.9988958190336924,65;65;65;65;65;65;65;65;65;65;65;65;65;65;65;65;65;65;65;65;65;65;65;65;65;65;65;65;65;65;65;65;65;65;65;65;65;65;65;65;65;65;65;65;95;65;65;65,48,0.020833333333333332,1,1,35,35,1.0,1.0,35,0,0.0,5040,3.9607804232804233,42.15299594101314,13.623524305555556,36.78790889967905,0.9548564231059302,5923f75a7296c02bb2dbce0bd2114ab1e03a471fe0ec6b2c64dfed488b2bd8f8
m7_v1_development_m7c2_seed710201,m7v1d-m7c2-710201,M7C2,710201,1,command_conditioned_risk_roi,medium,33509,33483,0.9992240890507028,65;65;65;65;65;65;65;65;65;65;65;65;65;65;65;65;65;65;65;65;65;65;65;65;65;65;65;65;65;65;65;65;65;65;65;65;65;65;65;65;65;65;65;65;95;65;65;65,48,0.020833333333333332,1,1,35,35,1.0,1.0,35,0,0.0,5040,3.9607804232804233,42.15299594101314,13.623524305555556,36.78790889967905,0.9548564231059302,df7fb1707437c91bd0647196d4fcd89e8dab124d7d23ef5348643c9104de0aa1
m7_v1_development_m7c2_seed710201,m7v1d-m7c2-710201,M7C2,710201,1,v2_global_only,medium,33509,33477,0.9990450326777881,65;65;65;75;75;65;75;65;75;65;65;65;65;65;65;65;75;75;65;65;65;65;75;65;65;65;75;75;65;75;75;75;65;65;65;65;65;65;65;65;65;65;65;65;65;75;75;75,48,0.3125,1,1,35,35,1.0,1.0,35,2,0.05714285714285714,5040,3.5216931216931218,42.663288517584874,12.135069444444444,37.29038094888649,0.9559998328936675,f899d85d57c8d505af94641dc8a9a97e83bc234216ca05e62d92d8761fa819b1
m7_v1_development_m7c2_seed710201,m7v1d-m7c2-710201,M7C2,710201,1,v2_visible_edges,medium,33509,33477,0.9990450326777881,65;65;65;75;75;65;75;65;65;65;75;65;65;65;65;65;75;65;75;65;65;65;75;65;65;65;65;65;65;75;75;75;65;65;65;65;65;65;75;65;65;65;65;65;65;75;75;65,48,0.2708333333333333,1,1,35,35,1.0,1.0,35,7,0.2,5040,3.4506613756613755,42.751780181795326,12.416614583333333,37.19077160212124,0.9555530522915828,981d679afb0d471eb1713fbcf77b698186141631928f08031732cbe1068de195
m7_v1_development_m7c2_seed710201,m7v1d-m7c2-710201,M7C2,710201,1,v2_corridor_edges,medium,33509,33476,0.999015189948969,65;65;65;75;75;75;75;65;75;65;65;65;65;65;65;65;75;75;65;65;65;65;75;65;65;65;65;75;65;75;75;75;65;65;65;65;65;65;65;65;65;65;65;65;75;75;75;75,48,0.3333333333333333,1,1,35,35,1.0,1.0,35,0,0.0,5040,3.915410052910053,42.203031093167,12.209131944444444,37.26395573674813,0.9564262142558686,bad2627ee77b0602bd22663bcfdcedda8a15df931a2c4680512b4e4eb7322647
m7_v1_development_m7c2_seed710201,m7v1d-m7c2-710201,M7C2,710201,1,state_only_risk_roi,high,34871,33472,0.9598807031630868,65;65;65;65;65;65;65;65;65;65;65;65;65;65;65;65;65;65;65;65;65;65;65;65;65;65;65;65;65;65;65;65;65;65;65;65;65;65;65;65;65;65;65;65;95;65;65;65,48,0.020833333333333332,1,1,35,35,1.0,1.0,35,0,0.0,5040,3.9607804232804233,42.15299594101314,13.623524305555556,36.78790889967905,0.9548564231059302,f07e3a5763bc0fba498fc91177aea2cb835d32cc9dccbf3584b9fee29ee47370
m7_v1_development_m7c2_seed710201,m7v1d-m7c2-710201,M7C2,710201,1,command_conditioned_risk_roi,high,34871,33483,0.9601961515299245,65;65;65;65;65;65;65;65;65;65;65;65;65;65;65;65;65;65;65;65;65;65;65;65;65;65;65;65;65;65;65;65;65;65;65;65;65;65;65;65;65;65;65;65;95;65;65;65,48,0.020833333333333332,1,1,35,35,1.0,1.0,35,0,0.0,5040,3.9607804232804233,42.15299594101314,13.623524305555556,36.78790889967905,0.9548564231059302,f579d8336a737dc8460ea065272147b2c26f65ecedce9a39409cdbd041cbe4fd
m7_v1_development_m7c2_seed710201,m7v1d-m7c2-710201,M7C2,710201,1,v2_global_only,high,34871,33477,0.9600240887843767,65;65;65;75;75;65;75;65;75;65;65;65;65;65;65;65;75;75;65;65;65;65;75;65;65;65;75;75;65;75;75;75;65;65;65;65;65;65;65;65;65;65;65;65;65;75;75;75,48,0.3125,1,1,35,35,1.0,1.0,35,2,0.05714285714285714,5040,3.5216931216931218,42.663288517584874,12.135069444444444,37.29038094888649,0.9559998328936675,f2ba14bc5e634a8596456124670881badc16366ff2029fece52d7efd4bf4a92e
m7_v1_development_m7c2_seed710201,m7v1d-m7c2-710201,M7C2,710201,1,v2_visible_edges,high,34871,33477,0.9600240887843767,65;65;65;75;75;65;75;65;65;65;75;65;65;65;65;65;75;65;75;65;65;65;75;65;65;65;65;65;65;75;75;75;65;65;65;65;65;65;75;65;65;65;65;65;65;75;75;65,48,0.2708333333333333,1,1,35,35,1.0,1.0,35,7,0.2,5040,3.4506613756613755,42.751780181795326,12.416614583333333,37.19077160212124,0.9555530522915828,ce59c0e25b19cf68ff0938f71e09db5e465685b82982b78e051cd5e533cc2bfc
m7_v1_development_m7c2_seed710201,m7v1d-m7c2-710201,M7C2,710201,1,v2_corridor_edges,high,34871,33476,0.9599954116601187,65;65;65;75;75;75;75;65;75;65;65;65;65;65;65;65;75;75;65;65;65;65;75;65;65;65;65;75;65;75;75;75;65;65;65;65;65;65;65;65;65;65;65;65;75;75;75;75,48,0.3333333333333333,1,1,35,35,1.0,1.0,35,0,0.0,5040,3.915410052910053,42.203031093167,12.209131944444444,37.26395573674813,0.9564262142558686,84f682278fc7768d44db2d42f139388de5cc7a828ba17f1e4173558642d9a0c5
m7_v1_development_m7c2_seed710201,m7v1d-m7c2-710201,M7C2,710201,2,state_only_risk_roi,severe,31466,31297,0.9946291234983792,5;5;5;5;5;5;5;5;5;5;5;5;5;5;5;5;5;5;5;5;5;5;5;5;5;5;5;5;5;5;5;5;5;5;5;5;5;5;5;5;5;5;5;5;35;5;5;5,48,0.020833333333333332,1,1,26,26,1.0,1.0,26,0,0.0,12120,56.16974697469747,30.635778933339466,116.18815972222222,27.47918487798996,0.8763290218044325,69f141110fb11c6be1eb456a5fddd484c7b87a1e06cf7bff07736e2104effd82
m7_v1_development_m7c2_seed710201,m7v1d-m7c2-710201,M7C2,710201,2,command_conditioned_risk_roi,severe,31466,31314,0.9951693891819742,5;5;5;5;5;5;5;5;5;5;5;5;5;5;5;5;5;5;5;5;5;5;5;5;5;5;5;5;5;5;5;5;5;5;5;5;5;5;5;5;5;5;5;5;35;5;5;5,48,0.020833333333333332,1,1,26,26,1.0,1.0,26,0,0.0,12120,56.16974697469747,30.635778933339466,116.18815972222222,27.47918487798996,0.8763290218044325,0fe7edb409a1322bf12a837c33fbb620c473f997fbaf381872d3285c1cbb1fef
m7_v1_development_m7c2_seed710201,m7v1d-m7c2-710201,M7C2,710201,2,v2_global_only,severe,31466,31305,0.9948833661730121,5;5;5;5;5;5;15;15;5;5;5;5;5;5;25;15;5;5;5;5;5;5;5;5;5;5;5;5;5;5;5;5;5;5;5;5;5;5;15;5;5;5;5;5;5;5;5;5,48,0.10416666666666667,1,1,26,26,1.0,1.0,26,0,0.0,12120,57.805720572057204,30.511095416525293,110.11024305555556,27.71252639574749,0.8738291170596623,26428a80ae37f8400952fb507187f4d4422fdd1164c6eaaa8a4c6e8bff5f2d03
m7_v1_development_m7c2_seed710201,m7v1d-m7c2-710201,M7C2,710201,2,v2_visible_edges,severe,31466,31305,0.9948833661730121,5;5;5;5;5;5;15;15;5;5;5;5;5;5;15;15;5;5;5;5;5;5;5;5;5;5;5;5;5;5;5;5;5;5;5;5;5;5;15;5;5;5;5;5;5;5;5;5,48,0.10416666666666667,1,1,26,26,1.0,1.0,26,0,0.0,12120,57.805720572057204,30.511095416525293,110.50732638888888,27.69689289138266,0.8737470267124289,4d2d903eb1fcd2e8098e494d698ce99c63e09974e4e2ce37f83bbd9cafcdb64f
m7_v1_development_m7c2_seed710201,m7v1d-m7c2-710201,M7C2,710201,2,v2_corridor_edges,severe,31466,31305,0.9948833661730121,5;5;5;5;5;5;15;15;5;5;5;5;5;5;15;15;5;5;5;5;5;5;5;5;5;5;5;5;5;5;5;5;5;5;5;5;5;5;5;5;5;5;5;5;5;5;5;5,48,0.08333333333333333,1,1,26,26,1.0,1.0,26,0,0.0,12120,57.805720572057204,30.511095416525293,110.54451388888889,27.69543166616256,0.8761595464108423,79a39d98cae146b49ae8386f49dcb3b22f3e7a9c30b33d90f4b036602906b344
m7_v1_development_m7c2_seed710201,m7v1d-m7c2-710201,M7C2,710201,2,state_only_risk_roi,low,32374,32270,0.9967875455612528,65;65;65;65;65;65;65;65;65;65;65;65;65;65;65;65;65;65;65;65;65;65;65;65;65;65;65;65;65;65;65;65;65;65;65;65;65;65;65;65;65;65;65;65;95;65;65;65,48,0.020833333333333332,1,1,26,26,1.0,1.0,26,0,0.0,12120,1.8108085808580858,45.55207817053484,7.9629513888888885,39.12006296353731,0.9761387248759625,08a5671fd5b6324d0ecd5035ee89e8e13d5bf25de6fd61ce8c91530af24a2b47
m7_v1_development_m7c2_seed710201,m7v1d-m7c2-710201,M7C2,710201,2,command_conditioned_risk_roi,low,32374,32287,0.9973126583060481,65;65;65;65;65;65;65;65;65;65;65;65;65;65;65;65;65;65;65;65;65;65;65;65;65;65;65;65;65;65;65;65;65;65;65;65;65;65;65;65;65;65;65;65;95;65;65;65,48,0.020833333333333332,1,1,26,26,1.0,1.0,26,0,0.0,12120,1.8108085808580858,45.55207817053484,7.9629513888888885,39.12006296353731,0.9761387248759625,2e28e27b84fbaae97bd9b500c5364b67367dea974979045fca5c0321cd23fcf2
m7_v1_development_m7c2_seed710201,m7v1d-m7c2-710201,M7C2,710201,2,v2_global_only,low,32374,32278,0.9970346574411565,65;65;65;65;65;65;75;65;65;65;65;65;65;65;75;65;65;65;65;75;65;65;65;65;65;65;65;65;65;65;75;65;65;65;65;65;65;65;65;65;65;65;65;75;75;65;65;65,48,0.125,1,1,26,26,1.0,1.0,26,0,0.0,12120,1.800137513751375,45.57774678441122,7.788767361111111,39.21611628564476,0.9762128678076815,c448caaae9f117bec7b69259d45c3ff98e425385fac3682d3d23345510b1e531
m7_v1_development_m7c2_seed710201,m7v1d-m7c2-710201,M7C2,710201,2,v2_visible_edges,low,32374,32278,0.9970346574411565,65;65;65;65;65;65;75;65;65;65;65;65;65;65;65;65;65;65;65;75;75;65;65;65;65;65;65;65;65;65;75;65;65;65;65;65;65;65;65;65;65;65;65;75;65;65;65;65,48,0.10416666666666667,1,1,26,26,1.0,1.0,26,0,0.0,12120,1.7957920792079207,45.588243092047605,7.793697916666667,39.21336792316965,0.9762135618394036,e7d48c4bf0385563a6565c4e982c2ee6a3ae92a88457deed6ee03e06822ff3d7
m7_v1_development_m7c2_seed710201,m7v1d-m7c2-710201,M7C2,710201,2,v2_corridor_edges,low,32374,32278,0.9970346574411565,65;65;65;65;75;65;75;65;65;65;65;65;65;65;65;65;65;65;65;75;65;65;65;65;65;65;65;65;65;65;75;65;65;65;65;65;65;65;65;65;65;65;65;75;65;65;65;65,48,0.10416666666666667,1,1,26,26,1.0,1.0,26,0,0.0,12120,1.8002475247524752,45.577481384070815,7.796510416666667,39.21180097394423,0.9762174762143756,8c99a695c38198f2ea096b3f45c834bda63c854d4279b817ce360c7a88d4c9c9
m7_v1_development_m7c2_seed710201,m7v1d-m7c2-710201,M7C2,710201,2,state_only_risk_roi,medium,33509,32270,0.9630248589931063,65;65;65;65;65;65;65;65;65;65;65;65;65;65;65;65;65;65;65;65;65;65;65;65;65;65;65;65;65;65;65;65;65;65;65;65;65;65;65;65;65;65;65;65;95;65;65;65,48,0.020833333333333332,1,1,26,26,1.0,1.0,26,0,0.0,12120,1.8108085808580858,45.55207817053484,7.9629513888888885,39.12006296353731,0.9761387248759625,8840858e6f757ba748f9f0e05fba16b89b7cbbeb407c57cc150900fc4dcc99bf
m7_v1_development_m7c2_seed710201,m7v1d-m7c2-710201,M7C2,710201,2,command_conditioned_risk_roi,medium,33509,32287,0.9635321853830314,65;65;65;65;65;65;65;65;65;65;65;65;65;65;65;65;65;65;65;65;65;65;65;65;65;65;65;65;65;65;65;65;65;65;65;65;65;65;65;65;65;65;65;65;95;65;65;65,48,0.020833333333333332,1,1,26,26,1.0,1.0,26,0,0.0,12120,1.8108085808580858,45.55207817053484,7.9629513888888885,39.12006296353731,0.9761387248759625,f0b4aad4993544e1b1b88f158b752226213227ac7e5173e427d553883d1ae5d1
m7_v1_development_m7c2_seed710201,m7v1d-m7c2-710201,M7C2,710201,2,v2_global_only,medium,33509,32278,0.9632636008236594,65;65;65;65;65;65;75;65;65;65;65;65;65;65;75;65;65;65;65;75;65;65;65;65;65;65;65;65;65;65;75;65;65;65;65;65;65;65;65;65;65;65;65;75;75;65;65;65,48,0.125,1,1,26,26,1.0,1.0,26,0,0.0,12120,1.800137513751375,45.57774678441122,7.788767361111111,39.21611628564476,0.9762128678076815,c6e6ea3bcc56c2a0390ba8ba56769a96bf9b67913ac15ce285cb7d772071d8e6
m7_v1_development_m7c2_seed710201,m7v1d-m7c2-710201,M7C2,710201,2,v2_visible_edges,medium,33509,32278,0.9632636008236594,65;65;65;65;65;65;75;65;65;65;65;65;65;65;65;65;65;65;65;75;75;65;65;65;65;65;65;65;65;65;75;65;65;65;65;65;65;65;65;65;65;65;65;75;65;65;65;65,48,0.10416666666666667,1,1,26,26,1.0,1.0,26,0,0.0,12120,1.7957920792079207,45.588243092047605,7.793697916666667,39.21336792316965,0.9762135618394036,002db40da2ad3d03901060fad4eabc170a664e04042a4590c8e872fec3192e5b
m7_v1_development_m7c2_seed710201,m7v1d-m7c2-710201,M7C2,710201,2,v2_corridor_edges,medium,33509,32278,0.9632636008236594,65;65;65;65;75;65;75;65;65;65;65;65;65;65;65;65;65;65;65;75;65;65;65;65;65;65;65;65;65;65;75;65;65;65;65;65;65;65;65;65;65;65;65;75;65;65;65;65,48,0.10416666666666667,1,1,26,26,1.0,1.0,26,0,0.0,12120,1.8002475247524752,45.577481384070815,7.796510416666667,39.21180097394423,0.9762174762143756,1a63f309cfb34b0a7590e9959c8e515efcb2801d7e2135360ed422cab8d6e769
m7_v1_development_m7c2_seed710201,m7v1d-m7c2-710201,M7C2,710201,2,state_only_risk_roi,high,34871,32270,0.9254107998049955,65;65;65;65;65;65;65;65;65;65;65;65;65;65;65;65;65;65;65;65;65;65;65;65;65;65;65;65;65;65;65;65;65;65;65;65;65;65;65;65;65;65;65;65;95;65;65;65,48,0.020833333333333332,1,1,26,26,1.0,1.0,26,0,0.0,12120,1.8108085808580858,45.55207817053484,7.9629513888888885,39.12006296353731,0.9761387248759625,2c744cc827c55116d86c8eb89499ea493f361b1f12c4411be068e35245470f3d
m7_v1_development_m7c2_seed710201,m7v1d-m7c2-710201,M7C2,710201,2,command_conditioned_risk_roi,high,34871,32287,0.9258983109173812,65;65;65;65;65;65;65;65;65;65;65;65;65;65;65;65;65;65;65;65;65;65;65;65;65;65;65;65;65;65;65;65;65;65;65;65;65;65;65;65;65;65;65;65;95;65;65;65,48,0.020833333333333332,1,1,26,26,1.0,1.0,26,0,0.0,12120,1.8108085808580858,45.55207817053484,7.9629513888888885,39.12006296353731,0.9761387248759625,1ddf12ac483689842908145c007a06b32c1e72364ef8580d9b7ade7e1232f6be
m7_v1_development_m7c2_seed710201,m7v1d-m7c2-710201,M7C2,710201,2,v2_global_only,high,34871,32278,0.9256402167990594,65;65;65;65;65;65;75;65;65;65;65;65;65;65;75;65;65;65;65;75;65;65;65;65;65;65;65;65;65;65;75;65;65;65;65;65;65;65;65;65;65;65;65;75;75;65;65;65,48,0.125,1,1,26,26,1.0,1.0,26,0,0.0,12120,1.800137513751375,45.57774678441122,7.788767361111111,39.21611628564476,0.9762128678076815,d0854d9d4bee9a179c3633dc8339e7bba6c1f5b25ed14aa2d5b6811fadc59989
m7_v1_development_m7c2_seed710201,m7v1d-m7c2-710201,M7C2,710201,2,v2_visible_edges,high,34871,32278,0.9256402167990594,65;65;65;65;65;65;75;65;65;65;65;65;65;65;65;65;65;65;65;75;75;65;65;65;65;65;65;65;65;65;75;65;65;65;65;65;65;65;65;65;65;65;65;75;65;65;65;65,48,0.10416666666666667,1,1,26,26,1.0,1.0,26,0,0.0,12120,1.7957920792079207,45.588243092047605,7.793697916666667,39.21336792316965,0.9762135618394036,0d910a4b8b618a7fe4ea7e3079ff7956c8b7a39a8f791268c134ef5a8af8a727
m7_v1_development_m7c2_seed710201,m7v1d-m7c2-710201,M7C2,710201,2,v2_corridor_edges,high,34871,32278,0.9256402167990594,65;65;65;65;75;65;75;65;65;65;65;65;65;65;65;65;65;65;65;75;65;65;65;65;65;65;65;65;65;65;75;65;65;65;65;65;65;65;65;65;65;65;65;75;65;65;65;65,48,0.10416666666666667,1,1,26,26,1.0,1.0,26,0,0.0,12120,1.8002475247524752,45.577481384070815,7.796510416666667,39.21180097394423,0.9762174762143756,ba01c8e1445bae919d32bbd3f5640fd73580c55b4e99adb80eb31cbaec8100f9
m7_v1_development_m7c2_seed710201,m7v1d-m7c2-710201,M7C2,710201,3,state_only_risk_roi,severe,31466,31302,0.9947880251700247,65;65;65;65;65;65;65;65;65;65;65;65;65;65;65;65;65;65;65;65;65;65;65;65;65;65;65;65;65;65;65;65;65;65;65;65;65;65;65;65;65;65;65;65;95;65;65;65,48,0.020833333333333332,0,0,0,0,,,0,0,,19200,0.8362847222222223,48.907261979766886,0.8362847222222223,48.907261979766886,0.9980979446163486,81c340916b06831d2f22fdbf83c4d4215207a09cdc864e025e044c0686ca4b78
m7_v1_development_m7c2_seed710201,m7v1d-m7c2-710201,M7C2,710201,3,command_conditioned_risk_roi,severe,31466,31319,0.9953282908536197,65;65;65;65;65;65;65;65;65;65;65;65;65;65;65;65;65;65;65;65;65;65;65;65;65;65;65;65;65;65;65;65;65;65;65;65;65;65;65;65;65;65;65;65;95;65;65;65,48,0.020833333333333332,0,0,0,0,,,0,0,,19200,0.8362847222222223,48.907261979766886,0.8362847222222223,48.907261979766886,0.9980979446163486,0bcd86458ab543be35b7f76ead1bc768aba379491133046df52d1cd65ada6119
m7_v1_development_m7c2_seed710201,m7v1d-m7c2-710201,M7C2,710201,3,v2_global_only,severe,31466,31310,0.9950422678446578,95;75;65;65;65;65;65;65;65;65;65;65;65;65;65;65;65;65;65;75;65;65;65;65;65;65;65;65;65;65;65;65;65;65;65;65;65;65;65;65;75;65;75;75;65;65;75;75,48,0.16666666666666666,0,0,0,0,,,0,0,,19200,0.80578125,49.06863203445083,0.80578125,49.06863203445083,0.9979808248183973,466b5ba80bc5ecb78f1b2a3660d28155412e42a1bc8df66e5c372542595b8fe2
m7_v1_development_m7c2_seed710201,m7v1d-m7c2-710201,M7C2,710201,3,v2_visible_edges,severe,31466,31310,0.9950422678446578,95;75;65;65;65;65;65;65;65;65;65;65;65;65;65;65;65;65;65;75;65;65;65;65;65;65;65;65;65;65;65;65;65;65;65;65;65;65;65;65;75;65;75;65;65;65;75;75,48,0.14583333333333334,0,0,0,0,,,0,0,,19200,0.8063715277777778,49.06545176026505,0.8063715277777778,49.06545176026505,0.9980173989593606,bd396533dcc0a914a0fa2a7c96976020589bd35297e48add22f3a9d12e2dce23
m7_v1_development_m7c2_seed710201,m7v1d-m7c2-710201,M7C2,710201,3,v2_corridor_edges,severe,31466,31310,0.9950422678446578,95;65;65;65;65;65;65;65;65;65;65;65;65;65;65;65;65;65;65;75;65;65;65;65;65;65;65;65;65;65;65;65;65;65;65;65;65;65;65;65;75;65;75;65;65;65;75;75,48,0.125,0,0,0,0,,,0,0,,19200,0.8076909722222222,49.05835132184903,0.8076909722222222,49.05835132184903,0.9980147230184072,93aa895a78a3e41418db2ceb8d3fb26ada79514ad8bcbb120d1e9953841e581d
m7_v1_development_m7c2_seed710201,m7v1d-m7c2-710201,M7C2,710201,3,state_only_risk_roi,low,32374,31302,0.9668870080929141,65;65;65;65;65;65;65;65;65;65;65;65;65;65;65;65;65;65;65;65;65;65;65;65;65;65;65;65;65;65;65;65;65;65;65;65;65;65;65;65;65;65;65;65;95;65;65;65,48,0.020833333333333332,0,0,0,0,,,0,0,,19200,0.8362847222222223,48.907261979766886,0.8362847222222223,48.907261979766886,0.9980979446163486,67dbc4bca9b09584e45c68deb3bd49ba947e6ededb6f434048f17b89a4cde4de
m7_v1_development_m7c2_seed710201,m7v1d-m7c2-710201,M7C2,710201,3,command_conditioned_risk_roi,low,32374,31319,0.9674121208377092,65;65;65;65;65;65;65;65;65;65;65;65;65;65;65;65;65;65;65;65;65;65;65;65;65;65;65;65;65;65;65;65;65;65;65;65;65;65;65;65;65;65;65;65;95;65;65;65,48,0.020833333333333332,0,0,0,0,,,0,0,,19200,0.8362847222222223,48.907261979766886,0.8362847222222223,48.907261979766886,0.9980979446163486,71404bcdd554a7970696ccf940a1dbb4f10f4fff6be39ab97b0bd50edabfa77a
m7_v1_development_m7c2_seed710201,m7v1d-m7c2-710201,M7C2,710201,3,v2_global_only,low,32374,31310,0.9671341199728177,95;75;65;65;65;65;65;65;65;65;65;65;65;65;65;65;65;65;65;75;65;65;65;65;65;65;65;65;65;65;65;65;65;65;65;65;65;65;65;65;75;65;75;75;65;65;75;75,48,0.16666666666666666,0,0,0,0,,,0,0,,19200,0.80578125,49.06863203445083,0.80578125,49.06863203445083,0.9979808248183973,0767edadb7a9aa580749fc4e824ad1b41c59755684dae478464fb21af4c27548
m7_v1_development_m7c2_seed710201,m7v1d-m7c2-710201,M7C2,710201,3,v2_visible_edges,low,32374,31310,0.9671341199728177,95;75;65;65;65;65;65;65;65;65;65;65;65;65;65;65;65;65;65;75;65;65;65;65;65;65;65;65;65;65;65;65;65;65;65;65;65;65;65;65;75;65;75;65;65;65;75;75,48,0.14583333333333334,0,0,0,0,,,0,0,,19200,0.8063715277777778,49.06545176026505,0.8063715277777778,49.06545176026505,0.9980173989593606,563d83c9ef86b1debaad805c62878bfdc05cbc061c6637b7fba8e4e278cd0f44
m7_v1_development_m7c2_seed710201,m7v1d-m7c2-710201,M7C2,710201,3,v2_corridor_edges,low,32374,31310,0.9671341199728177,95;65;65;65;65;65;65;65;65;65;65;65;65;65;65;65;65;65;65;75;65;65;65;65;65;65;65;65;65;65;65;65;65;65;65;65;65;65;65;65;75;65;75;65;65;65;75;75,48,0.125,0,0,0,0,,,0,0,,19200,0.8076909722222222,49.05835132184903,0.8076909722222222,49.05835132184903,0.9980147230184072,dc8e357b200652e6ac5e3a43d5a3264d74912411ad22e04c55db31f3c77c76a7
m7_v1_development_m7c2_seed710201,m7v1d-m7c2-710201,M7C2,710201,3,state_only_risk_roi,medium,33509,31302,0.934137097496195,65;65;65;65;65;65;65;65;65;65;65;65;65;65;65;65;65;65;65;65;65;65;65;65;65;65;65;65;65;65;65;65;65;65;65;65;65;65;65;65;65;65;65;65;95;65;65;65,48,0.020833333333333332,0,0,0,0,,,0,0,,19200,0.8362847222222223,48.907261979766886,0.8362847222222223,48.907261979766886,0.9980979446163486,bbb147be40470f82d0a6df784ed1e591fc49bc9489d6e48c61122def906b97b7
m7_v1_development_m7c2_seed710201,m7v1d-m7c2-710201,M7C2,710201,3,command_conditioned_risk_roi,medium,33509,31319,0.9346444238861201,65;65;65;65;65;65;65;65;65;65;65;65;65;65;65;65;65;65;65;65;65;65;65;65;65;65;65;65;65;65;65;65;65;65;65;65;65;65;65;65;65;65;65;65;95;65;65;65,48,0.020833333333333332,0,0,0,0,,,0,0,,19200,0.8362847222222223,48.907261979766886,0.8362847222222223,48.907261979766886,0.9980979446163486,146231576c9f648a9e6f124bfd280234ea5c2a9b7778e19b48a59b40f780df3a
m7_v1_development_m7c2_seed710201,m7v1d-m7c2-710201,M7C2,710201,3,v2_global_only,medium,33509,31310,0.9343758393267481,95;75;65;65;65;65;65;65;65;65;65;65;65;65;65;65;65;65;65;75;65;65;65;65;65;65;65;65;65;65;65;65;65;65;65;65;65;65;65;65;75;65;75;75;65;65;75;75,48,0.16666666666666666,0,0,0,0,,,0,0,,19200,0.80578125,49.06863203445083,0.80578125,49.06863203445083,0.9979808248183973,6afa5ee7c47f664d02eec11aef1a301467ae06b74e928c3ce990a8bf976be410
m7_v1_development_m7c2_seed710201,m7v1d-m7c2-710201,M7C2,710201,3,v2_visible_edges,medium,33509,31310,0.9343758393267481,95;75;65;65;65;65;65;65;65;65;65;65;65;65;65;65;65;65;65;75;65;65;65;65;65;65;65;65;65;65;65;65;65;65;65;65;65;65;65;65;75;65;75;65;65;65;75;75,48,0.14583333333333334,0,0,0,0,,,0,0,,19200,0.8063715277777778,49.06545176026505,0.8063715277777778,49.06545176026505,0.9980173989593606,e1a903cc16e5d8cb08402912ee4716966f232a03e7dbe6e396b0afb4f969f7e1
m7_v1_development_m7c2_seed710201,m7v1d-m7c2-710201,M7C2,710201,3,v2_corridor_edges,medium,33509,31310,0.9343758393267481,95;65;65;65;65;65;65;65;65;65;65;65;65;65;65;65;65;65;65;75;65;65;65;65;65;65;65;65;65;65;65;65;65;65;65;65;65;65;65;65;75;65;75;65;65;65;75;75,48,0.125,0,0,0,0,,,0,0,,19200,0.8076909722222222,49.05835132184903,0.8076909722222222,49.05835132184903,0.9980147230184072,40b9c45790460aafd786ee0573576541343bcbe2cd06c72f8d2d186c964b1c04
m7_v1_development_m7c2_seed710201,m7v1d-m7c2-710201,M7C2,710201,3,state_only_risk_roi,high,34871,31302,0.8976513435232715,65;65;65;65;65;65;65;65;65;65;65;65;65;65;65;65;65;65;65;65;65;65;65;65;65;65;65;65;65;65;65;65;65;65;65;65;65;65;65;65;65;65;65;65;95;65;65;65,48,0.020833333333333332,0,0,0,0,,,0,0,,19200,0.8362847222222223,48.907261979766886,0.8362847222222223,48.907261979766886,0.9980979446163486,105575d9992497f150917624205323180890dce9bf8cb16e2a164a3450e64fd8
m7_v1_development_m7c2_seed710201,m7v1d-m7c2-710201,M7C2,710201,3,command_conditioned_risk_roi,high,34871,31319,0.8981388546356571,65;65;65;65;65;65;65;65;65;65;65;65;65;65;65;65;65;65;65;65;65;65;65;65;65;65;65;65;65;65;65;65;65;65;65;65;65;65;65;65;65;65;65;65;95;65;65;65,48,0.020833333333333332,0,0,0,0,,,0,0,,19200,0.8362847222222223,48.907261979766886,0.8362847222222223,48.907261979766886,0.9980979446163486,bb209255327b3e1569bde2e57b60c8f0193e6e8239f2ef351733fca944994df5
m7_v1_development_m7c2_seed710201,m7v1d-m7c2-710201,M7C2,710201,3,v2_global_only,high,34871,31310,0.8978807605173353,95;75;65;65;65;65;65;65;65;65;65;65;65;65;65;65;65;65;65;75;65;65;65;65;65;65;65;65;65;65;65;65;65;65;65;65;65;65;65;65;75;65;75;75;65;65;75;75,48,0.16666666666666666,0,0,0,0,,,0,0,,19200,0.80578125,49.06863203445083,0.80578125,49.06863203445083,0.9979808248183973,09cf55510ee80fcccc59ec02f88f825cf53dea5df90b54c35c78ea6f4b1d4b33
m7_v1_development_m7c2_seed710201,m7v1d-m7c2-710201,M7C2,710201,3,v2_visible_edges,high,34871,31310,0.8978807605173353,95;75;65;65;65;65;65;65;65;65;65;65;65;65;65;65;65;65;65;75;65;65;65;65;65;65;65;65;65;65;65;65;65;65;65;65;65;65;65;65;75;65;75;65;65;65;75;75,48,0.14583333333333334,0,0,0,0,,,0,0,,19200,0.8063715277777778,49.06545176026505,0.8063715277777778,49.06545176026505,0.9980173989593606,23e257ff37d406822d90ff2d75e18e53507536cf5942e89e0b7f5a347ccaadf5
m7_v1_development_m7c2_seed710201,m7v1d-m7c2-710201,M7C2,710201,3,v2_corridor_edges,high,34871,31310,0.8978807605173353,95;65;65;65;65;65;65;65;65;65;65;65;65;65;65;65;65;65;65;75;65;65;65;65;65;65;65;65;65;65;65;65;65;65;65;65;65;65;65;65;75;65;75;65;65;65;75;75,48,0.125,0,0,0,0,,,0,0,,19200,0.8076909722222222,49.05835132184903,0.8076909722222222,49.05835132184903,0.9980147230184072,a9256354e73c7f9aece12b9adf666c00030a22bd075d0e23aede9c161de65af1
m7_v1_development_m7c3_seed710300,m7v1d-m7c3-710300,M7C3,710300,0,state_only_risk_roi,severe,31466,31443,0.9992690523104303,5;5;5;5;5;5;5;5;5;5;5;5;5;5;5;5;5;5;5;5;5;5;5;5;5;5;5;5;5;5;5;5;5;5;5;5;5;5;5;5;5;5;5;5;35;5;5;5,48,0.020833333333333332,1,1,33,31,1.0,0.9393939393939394,33,0,0.0,2631,152.3408083111618,26.302641052640436,208.4076215277778,24.941667636735655,0.7577214309140444,8577e683ced2d0e734b3dfea1115add6fe4646ad52e0260f1844f4aca0a2ec33
m7_v1_development_m7c3_seed710300,m7v1d-m7c3-710300,M7C3,710300,0,command_conditioned_risk_roi,severe,31466,31452,0.9995550753193924,5;5;5;5;5;5;5;5;5;5;5;5;5;5;5;5;5;5;5;5;5;5;5;5;5;5;5;5;5;5;5;5;5;5;5;5;5;5;5;5;5;5;5;5;35;5;5;5,48,0.020833333333333332,1,1,33,31,1.0,0.9393939393939394,33,0,0.0,2631,152.3408083111618,26.302641052640436,208.4076215277778,24.941667636735655,0.7577214309140444,ac61d599a8bcb05ef3bc2eb7292a0339f41b26bbb554a059ea8b5f35393ac77f
m7_v1_development_m7c3_seed710300,m7v1d-m7c3-710300,M7C3,710300,0,v2_global_only,severe,31466,31447,0.9993961736477468,15;5;15;15;15;15;25;25;5;5;15;5;15;5;5;5;5;5;5;5;5;5;5;5;5;5;5;5;5;5;5;5;5;5;5;5;5;5;5;5;5;5;15;5;15;5;15;5,48,0.25,1,1,33,31,1.0,0.9393939393939394,33,0,0.0,2631,144.27923476498162,26.538765306470573,188.6443576388889,25.374365409038703,0.7494091328241158,7ae1e0d5394c291a801c66a9383749f47d91dd4c8b906cf5d0a15c04811c4482
m7_v1_development_m7c3_seed710300,m7v1d-m7c3-710300,M7C3,710300,0,v2_visible_edges,severe,31466,31447,0.9993961736477468,15;5;15;15;15;15;25;15;5;5;15;5;15;5;5;5;5;5;5;5;5;5;5;5;5;5;5;5;5;5;5;5;5;5;5;5;5;5;5;5;5;5;15;5;15;5;15;5,48,0.25,1,1,33,31,1.0,0.9393939393939394,33,0,0.0,2631,144.27923476498162,26.538765306470573,189.0430034722222,25.3651975221688,0.7483295271109188,4416178974c29d70dd70aef1176251b6b0d7a35ae46b3a47a571a26982f86072
m7_v1_development_m7c3_seed710300,m7v1d-m7c3-710300,M7C3,710300,0,v2_corridor_edges,severe,31466,31447,0.9993961736477468,15;5;15;15;15;15;15;15;5;5;15;5;15;5;5;5;5;5;5;5;5;5;5;5;5;5;5;5;5;5;5;5;5;5;5;5;5;5;5;5;5;5;15;5;15;5;15;5,48,0.25,1,1,33,31,1.0,0.9393939393939394,33,0,0.0,2631,144.27923476498162,26.538765306470573,189.44796875,25.355904077118762,0.7473382577434252,f079a2f512e39c83e6872402d229a00e8d99f42ee2758216bf3ca6b012bcc478
m7_v1_development_m7c3_seed710300,m7v1d-m7c3-710300,M7C3,710300,0,state_only_risk_roi,low,32374,32302,0.9977759930808674,25;25;25;25;25;25;25;25;25;25;25;25;25;25;25;25;25;25;25;25;25;25;25;25;25;25;25;25;25;25;25;25;25;25;25;25;25;25;25;25;25;25;25;25;55;25;25;25,48,0.020833333333333332,1,1,33,33,1.0,1.0,33,0,0.0,2631,25.344102369187887,34.0920344676487,37.355243055555555,32.40728794333882,0.8990526719364454,63fea108666aa2150ee2398d0367bf63954944975932f48103714837149b4682
m7_v1_development_m7c3_seed710300,m7v1d-m7c3-710300,M7C3,710300,0,command_conditioned_risk_roi,low,32374,32311,0.9980539939457589,25;25;25;25;25;25;25;25;25;25;25;25;25;25;25;25;25;25;25;25;25;25;25;25;25;25;25;25;25;25;25;25;25;25;25;25;25;25;25;25;25;25;25;25;55;25;25;25,48,0.020833333333333332,1,1,33,33,1.0,1.0,33,0,0.0,2631,25.344102369187887,34.0920344676487,37.355243055555555,32.40728794333882,0.8990526719364454,051b67853d388069e3bb0ed52dbc6daf82f9c261a27e81d65e03e1f822e5d2be
m7_v1_development_m7c3_seed710300,m7v1d-m7c3-710300,M7C3,710300,0,v2_global_only,low,32374,32306,0.9978995490208191,25;25;35;35;25;25;25;25;25;25;25;25;25;25;25;25;25;25;25;25;25;25;25;25;25;25;25;35;25;25;25;25;35;25;25;25;35;25;25;25;25;25;25;25;25;25;25;25,48,0.10416666666666667,1,1,33,33,1.0,1.0,33,0,0.0,2631,25.049917648549346,34.14274058402745,35.94796875,32.57406005386541,0.9007782505669972,4b7e966efa33585f308cc8f60dd8e36d1f46ce9b0da1593bceafe65936036a42
m7_v1_development_m7c3_seed710300,m7v1d-m7c3-710300,M7C3,710300,0,v2_visible_edges,low,32374,32306,0.9978995490208191,25;25;25;25;25;25;25;25;25;25;25;25;25;25;25;25;25;25;25;25;25;25;25;25;25;25;25;25;25;25;25;25;25;35;25;25;25;25;25;25;25;35;25;25;25;25;25;25,48,0.041666666666666664,1,1,33,33,1.0,1.0,33,12,0.36363636363636365,2631,23.345622703661473,34.44874898400731,36.59925347222222,32.49608133839647,0.899401187754314,38edd12a68818b700ad767b7418be829fb1092bd8b5219537edb4c2f60939f69
m7_v1_development_m7c3_seed710300,m7v1d-m7c3-710300,M7C3,710300,0,v2_corridor_edges,low,32374,32306,0.9978995490208191,25;25;25;35;25;25;25;25;25;25;25;25;25;25;25;25;25;25;25;25;25;25;25;25;25;25;25;35;25;25;25;25;25;25;25;25;35;25;25;25;25;25;25;25;25;25;25;25,48,0.0625,1,1,33,33,1.0,1.0,33,0,0.0,2631,25.344102369187887,34.0920344676487,36.08328125,32.557743374311,0.9003448454168798,6f2ac1090ae66c22f82f7d9770f373f572a722ca5b77f90b5bb601d148fc9226
m7_v1_development_m7c3_seed710300,m7v1d-m7c3-710300,M7C3,710300,0,state_only_risk_roi,medium,33509,32983,0.9843027246411412,45;45;45;45;45;45;45;45;45;45;45;45;45;45;45;45;45;45;45;45;45;45;45;45;45;45;45;45;45;45;45;45;45;45;45;45;45;45;45;45;45;45;45;45;75;45;45;45,48,0.020833333333333332,1,1,33,33,1.0,1.0,33,0,0.0,2631,15.873432155074116,36.1240952076379,23.12592013888889,34.48981339314483,0.9275490723765887,526e22f9ad511618ce3854dda401db26311c38fe86e85a4b9a1b9e7cdef6aee5
m7_v1_development_m7c3_seed710300,m7v1d-m7c3-710300,M7C3,710300,0,command_conditioned_risk_roi,medium,33509,32992,0.9845713092005133,45;45;45;45;45;45;45;45;45;45;45;45;45;45;45;45;45;45;45;45;45;45;45;45;45;45;45;45;45;45;45;45;45;45;45;45;45;45;45;45;45;45;45;45;75;45;45;45,48,0.020833333333333332,1,1,33,33,1.0,1.0,33,0,0.0,2631,15.873432155074116,36.1240952076379,23.12592013888889,34.48981339314483,0.9275490723765887,145b40954c227181e319630183b18af02916e26f4f0f830f4321752fa06e09a0
m7_v1_development_m7c3_seed710300,m7v1d-m7c3-710300,M7C3,710300,0,v2_global_only,medium,33509,32987,0.9844220955564177,45;45;45;45;45;45;45;45;45;55;45;55;55;45;45;45;45;45;45;45;45;45;45;45;45;55;45;45;45;55;45;45;45;45;55;45;45;45;45;45;45;45;45;45;45;45;45;45,48,0.125,1,1,33,33,1.0,1.0,33,5,0.15151515151515152,2631,15.39528696313189,36.25692572445635,22.03013888888889,34.700631257013505,0.9286512627246678,91a10e7de39f114c3da480e90407def3acda5c6b8a496229d1d13f5b86ef9b1b
m7_v1_development_m7c3_seed710300,m7v1d-m7c3-710300,M7C3,710300,0,v2_visible_edges,medium,33509,32987,0.9844220955564177,45;55;45;45;45;45;45;45;45;55;45;45;45;45;45;45;45;45;45;45;45;45;45;45;45;45;45;45;45;45;45;45;45;45;45;45;45;55;45;55;45;55;45;45;55;45;45;45,48,0.125,1,1,33,33,1.0,1.0,33,21,0.6363636363636364,2631,15.338654503990877,36.27293095591353,22.339895833333333,34.63999217115805,0.9288793793060576,953ad1cb54611a79d110265e2a2d0a0c20b992791df5e3a3a1ba23fad202d910
m7_v1_development_m7c3_seed710300,m7v1d-m7c3-710300,M7C3,710300,0,v2_corridor_edges,medium,33509,32987,0.9844220955564177,45;45;45;45;45;45;45;45;45;55;45;55;55;45;45;45;45;45;45;45;45;45;45;45;45;55;45;45;45;45;45;45;45;45;55;45;45;45;45;45;45;45;45;45;55;45;45;45,48,0.125,1,1,33,33,1.0,1.0,33,5,0.15151515151515152,2631,15.39528696313189,36.25692572445635,22.20269097222222,34.66674746617165,0.9286563881726186,de0765cac1a3541299f8066a547ce5b61af609b11bd290baffc5f7ecaff3ad21
m7_v1_development_m7c3_seed710300,m7v1d-m7c3-710300,M7C3,710300,0,state_only_risk_roi,high,34871,33703,0.96650511886668,65;65;65;65;65;65;65;65;65;65;65;65;65;65;65;65;65;65;65;65;65;65;65;65;65;65;65;65;65;65;65;65;65;65;65;65;65;65;65;65;65;65;65;65;95;65;65;65,48,0.020833333333333332,1,1,33,33,1.0,1.0,33,0,0.0,2631,10.91118712783479,37.75208356840473,15.25204861111111,36.29752180086913,0.9461970505196787,3c6db765c92638543b81dbac85e420348c0f8a4aef575dee18b8c76a691a756e
m7_v1_development_m7c3_seed710300,m7v1d-m7c3-710300,M7C3,710300,0,command_conditioned_risk_roi,high,34871,33712,0.9667632129850019,65;65;65;65;65;65;65;65;65;65;65;65;65;65;65;65;65;65;65;65;65;65;65;65;65;65;65;65;65;65;65;65;65;65;65;65;65;65;65;65;65;65;65;65;95;65;65;65,48,0.020833333333333332,1,1,33,33,1.0,1.0,33,0,0.0,2631,10.91118712783479,37.75208356840473,15.25204861111111,36.29752180086913,0.9461970505196787,89e680e56f248073f98ac41d44df5dda770d19e8a2d57cb88d58794a56721481
m7_v1_development_m7c3_seed710300,m7v1d-m7c3-710300,M7C3,710300,0,v2_global_only,high,34871,33706,0.966591150239454,75;75;65;75;65;65;75;65;75;65;65;65;65;65;65;65;75;65;65;65;65;65;65;65;75;75;65;65;65;65;75;65;75;65;65;75;65;65;65;65;65;75;65;65;65;65;65;65,48,0.25,1,1,33,33,1.0,1.0,33,26,0.7878787878787878,2631,7.767135436462689,39.228194828029125,14.069878472222221,36.64790014610935,0.9463350472149673,eba1f782967a1b11cab42aa2edd3e8bc5dd44371432dcaf2b8e3d5a33ced8e51
m7_v1_development_m7c3_seed710300,m7v1d-m7c3-710300,M7C3,710300,0,v2_visible_edges,high,34871,33707,0.966619827363712,75;75;65;65;65;65;65;65;65;75;65;65;65;65;65;65;65;65;65;65;65;65;65;65;75;65;65;65;65;65;65;65;65;65;65;75;65;65;75;75;75;75;65;65;65;65;65;65,48,0.1875,1,1,33,33,1.0,1.0,33,21,0.6363636363636364,2631,7.916761687571266,39.145327889773974,14.490121527777777,36.520083329797615,0.9448594343897115,a868d3aee212562fb000892c4267955e7f1390e40a887c952748f79ff7a18c44
m7_v1_development_m7c3_seed710300,m7v1d-m7c3-710300,M7C3,710300,0,v2_corridor_edges,high,34871,33707,0.966619827363712,75;75;65;75;65;65;75;65;75;65;65;65;65;65;65;65;75;65;65;65;65;65;65;65;75;75;65;65;65;65;75;65;65;65;65;65;65;65;65;65;65;75;65;75;75;65;65;65,48,0.25,1,1,33,33,1.0,1.0,33,26,0.7878787878787878,2631,7.79298112251362,39.21376736649528,14.23390625,36.59756259798654,0.9468662198537503,1e20ffa810b60e235f8d1a4594840c85edb061f489596c2056d09fca29c60d5d
m7_v1_development_m7c3_seed710300,m7v1d-m7c3-710300,M7C3,710300,1,state_only_risk_roi,severe,31466,31432,0.99891946863281,5;5;5;5;5;5;5;5;5;5;5;5;5;5;5;5;5;5;5;5;5;5;5;5;5;5;5;5;5;5;5;5;5;5;5;5;5;5;5;5;5;5;5;35;35;5;5;5,48,0.041666666666666664,0,0,0,0,,,0,0,,0,,,197.82652777777778,25.1679583247925,0.752011429400074,f824a4c8d01086ad930c4de6ddbd0fb7bf0694f91716e945a9766ca4bdecbd49
m7_v1_development_m7c3_seed710300,m7v1d-m7c3-710300,M7C3,710300,1,command_conditioned_risk_roi,severe,31466,31443,0.9992690523104303,5;5;5;5;5;5;5;5;5;5;5;5;5;5;5;5;5;5;5;5;5;5;5;5;5;5;5;5;5;5;5;5;5;5;5;5;5;5;5;5;5;5;5;35;35;5;5;5,48,0.041666666666666664,0,0,0,0,,,0,0,,0,,,197.82652777777778,25.1679583247925,0.752011429400074,d97f0685e715ae1aa856ef58055bdcbb6a9590709f258d4bfcd27c0d81d7984c
m7_v1_development_m7c3_seed710300,m7v1d-m7c3-710300,M7C3,710300,1,v2_global_only,severe,31466,31437,0.9990783703044556,25;15;15;15;15;15;25;25;15;15;25;15;25;5;5;15;5;5;5;5;5;5;5;5;5;5;5;5;5;5;5;5;5;5;15;15;5;5;5;5;5;5;5;5;15;15;15;15,48,0.4166666666666667,0,0,0,0,,,0,0,,0,,,162.5570138888889,26.020746480168484,0.758237593646951,3aaa652bf6e05baaa7c3bc61923f9ab9556e4c9933c3a6b1b22fc20742113ac3
m7_v1_development_m7c3_seed710300,m7v1d-m7c3-710300,M7C3,710300,1,v2_visible_edges,severe,31466,31437,0.9990783703044556,15;15;15;15;15;15;15;15;15;15;15;15;15;5;5;5;5;5;5;5;5;5;5;5;5;5;5;5;5;5;5;5;5;5;5;15;5;5;15;15;5;5;5;5;15;15;15;15,48,0.4166666666666667,0,0,0,0,,,0,0,,0,,,166.75895833333334,25.909911872434552,0.7504273745793762,11d9b71a8c61e74c0ac5c30eaeaf775b3e34b22d1bfc7a8d4704ef83037fab6b
m7_v1_development_m7c3_seed710300,m7v1d-m7c3-710300,M7C3,710300,1,v2_corridor_edges,severe,31466,31436,0.9990465899701265,25;15;15;15;15;15;25;15;15;15;15;15;25;5;5;15;5;5;5;5;5;5;5;5;5;5;5;5;5;5;5;5;5;5;15;15;5;5;5;5;5;5;5;5;15;15;15;15,48,0.4166666666666667,0,0,0,0,,,0,0,,0,,,163.02628472222221,26.00822729534351,0.7566763917532685,ce2b646b57dab0612381c205c95e67f456a12b42174b4927c69a7d8f6fd2b8da
m7_v1_development_m7c3_seed710300,m7v1d-m7c3-710300,M7C3,710300,1,state_only_risk_roi,low,32374,32328,0.9985791066905542,25;25;25;25;25;25;25;25;25;25;25;25;25;25;25;25;25;25;25;25;25;25;25;25;25;25;25;25;25;25;25;25;25;25;25;25;25;25;25;25;25;25;25;55;55;25;25;25,48,0.041666666666666664,0,0,0,0,,,0,0,,0,,,36.558055555555555,32.50097272382422,0.8879633023117915,ce35cb3d91277b83e9d4a901fac6ed002b04ff5909c9e281ce07aa8e3ff1679a
m7_v1_development_m7c3_seed710300,m7v1d-m7c3-710300,M7C3,710300,1,command_conditioned_risk_roi,low,32374,32339,0.9989188855254216,25;25;25;25;25;25;25;25;25;25;25;25;25;25;25;25;25;25;25;25;25;25;25;25;25;25;25;25;25;25;25;25;25;25;25;25;25;25;25;25;25;25;25;55;55;25;25;25,48,0.041666666666666664,0,0,0,0,,,0,0,,0,,,36.558055555555555,32.50097272382422,0.8879633023117915,8663421c2fdf70c656f2234280ba85fa1ef295d486810ffb0b97ad9e7af3152b
m7_v1_development_m7c3_seed710300,m7v1d-m7c3-710300,M7C3,710300,1,v2_global_only,low,32374,32332,0.998702662630506,25;25;25;35;25;25;25;25;35;25;25;25;25;25;25;25;25;25;25;25;25;25;25;25;45;25;25;25;25;35;35;35;25;25;25;25;25;25;25;25;25;25;25;25;25;25;25;25,48,0.125,0,0,0,0,,,0,0,,0,,,33.82184027777778,32.83883126596712,0.8886440630923321,3d33ad6f2ef83d68a038fe5e19f66625f4dd594e04d980528ddcae8aa0d3a9a0
m7_v1_development_m7c3_seed710300,m7v1d-m7c3-710300,M7C3,710300,1,v2_visible_edges,low,32374,32333,0.9987335516154939,25;25;25;35;25;25;25;25;25;25;25;25;25;25;35;25;25;25;25;25;25;25;25;25;45;25;25;25;25;25;25;25;25;25;25;25;25;35;25;25;25;25;25;35;35;25;25;25,48,0.125,0,0,0,0,,,0,0,,0,,,35.04701388888889,32.68429340186464,0.888767706070062,d870ac9b1697760715a5850f8a66227a323a883e2d6ffba92867283df3f792af
m7_v1_development_m7c3_seed710300,m7v1d-m7c3-710300,M7C3,710300,1,v2_corridor_edges,low,32374,32332,0.998702662630506,25;25;25;35;25;25;25;25;35;25;25;25;25;25;25;25;25;25;25;25;25;25;25;25;45;25;25;25;25;25;35;35;25;25;25;25;25;25;25;25;25;25;25;25;35;25;25;25,48,0.125,0,0,0,0,,,0,0,,0,,,34.132100694444446,32.79917342676292,0.8887271664616078,4c6c3fd8f32312705e8396281153848dc1e3da7a264f807357582f15dcdb98fb
m7_v1_development_m7c3_seed710300,m7v1d-m7c3-710300,M7C3,710300,1,state_only_risk_roi,medium,33509,33033,0.9857948610820974,45;45;45;45;45;45;45;45;45;45;45;45;45;45;45;45;45;45;45;45;45;45;45;45;45;45;45;45;45;45;45;45;45;45;45;45;45;45;45;45;45;45;45;75;75;45;45;45,48,0.041666666666666664,0,0,0,0,,,0,0,,0,,,21.993836805555556,34.70779362606262,0.9189015536789281,21b787a604b528e22962015dcf487741d48cbb66f4de9575061748b0e7994bda
m7_v1_development_m7c3_seed710300,m7v1d-m7c3-710300,M7C3,710300,1,command_conditioned_risk_roi,medium,33509,33044,0.9861231310991077,45;45;45;45;45;45;45;45;45;45;45;45;45;45;45;45;45;45;45;45;45;45;45;45;45;45;45;45;45;45;45;45;45;45;45;45;45;45;45;45;45;45;45;75;75;45;45;45,48,0.041666666666666664,0,0,0,0,,,0,0,,0,,,21.993836805555556,34.70779362606262,0.9189015536789281,6b8d269724b1071c42cecdfdeef31d4d5686fc17771a8692595ec875bde8681f
m7_v1_development_m7c3_seed710300,m7v1d-m7c3-710300,M7C3,710300,1,v2_global_only,medium,33509,33038,0.9859440747261929,45;45;45;45;45;45;45;45;55;55;45;45;55;45;55;55;55;45;45;45;45;45;45;45;45;45;45;65;55;55;45;55;45;45;45;45;45;45;45;45;45;55;45;45;45;45;45;55,48,0.25,0,0,0,0,,,0,0,,0,,,20.401302083333334,35.03422474345906,0.9205711081028913,106f70f70c9d61a648288413acc0acdc224213e689bf871403628720a3ef1119
m7_v1_development_m7c3_seed710300,m7v1d-m7c3-710300,M7C3,710300,1,v2_visible_edges,medium,33509,33038,0.9859440747261929,45;45;45;45;45;45;55;45;55;55;45;45;55;45;55;45;45;45;45;45;45;55;45;45;45;55;45;55;45;55;45;55;45;45;45;45;55;55;45;45;45;55;55;45;45;45;45;45,48,0.2916666666666667,0,0,0,0,,,0,0,,0,,,20.74296875,34.962094477987314,0.9199682031984824,32d74733b65c845c6efd4fd041c8fdaf7cb987d97bcce29f032c0b4ee9a25971
m7_v1_development_m7c3_seed710300,m7v1d-m7c3-710300,M7C3,710300,1,v2_corridor_edges,medium,33509,33038,0.9859440747261929,45;45;55;45;45;45;55;45;55;55;45;45;55;45;55;55;55;45;45;45;45;45;45;45;45;45;45;65;55;55;45;55;45;45;45;45;45;45;45;45;45;55;45;45;45;45;45;45,48,0.2708333333333333,0,0,0,0,,,0,0,,0,,,20.450659722222223,35.023730382996455,0.9205056830551565,cf513026065cc86cf1e8e50f09514b0901ec82913e0fdd806b0d292ebfa2112c
m7_v1_development_m7c3_seed710300,m7v1d-m7c3-710300,M7C3,710300,1,state_only_risk_roi,high,34871,34071,0.9770583005936164,65;65;65;65;65;65;65;65;65;65;65;65;65;65;65;65;65;65;65;65;65;65;65;65;65;65;65;65;65;65;65;65;65;65;65;65;65;65;65;65;65;65;65;95;95;65;65;65,48,0.041666666666666664,0,0,0,0,,,0,0,,0,,,15.347048611111111,36.270554921393426,0.9373039096911411,17586f2bd9f958c82607a3191ed3665971129a84ec4f01ba70e5ff50dcb933f3
m7_v1_development_m7c3_seed710300,m7v1d-m7c3-710300,M7C3,710300,1,command_conditioned_risk_roi,high,34871,34082,0.9773737489604543,65;65;65;65;65;65;65;65;65;65;65;65;65;65;65;65;65;65;65;65;65;65;65;65;65;65;65;65;65;65;65;65;65;65;65;65;65;65;65;65;65;65;65;95;95;65;65;65,48,0.041666666666666664,0,0,0,0,,,0,0,,0,,,15.347048611111111,36.270554921393426,0.9373039096911411,2f9b8ff0474fa396cb8b247e7f201d7f581bb52b4a5ccca38cd751f6cbd6474a
m7_v1_development_m7c3_seed710300,m7v1d-m7c3-710300,M7C3,710300,1,v2_global_only,high,34871,34074,0.9771443319663904,75;75;75;75;75;75;75;65;65;65;65;65;75;65;65;65;75;75;65;75;65;75;75;75;65;75;75;75;65;75;75;75;65;75;65;65;65;65;65;65;75;75;75;75;65;65;65;65,48,0.5208333333333334,0,0,0,0,,,0,0,,0,,,13.429461805555556,36.850217524851885,0.9401145976521658,362ca2db57b00bd9287d6a8762dae040813d2acc5fd7e2c8cee63a6d6501d21f
m7_v1_development_m7c3_seed710300,m7v1d-m7c3-710300,M7C3,710300,1,v2_visible_edges,high,34871,34075,0.9771730090906484,75;75;75;75;75;75;75;65;65;65;65;65;65;75;75;65;75;75;75;65;65;75;75;65;75;75;75;65;65;75;65;75;65;65;65;75;75;75;65;65;75;75;75;65;65;65;65;65,48,0.5208333333333334,0,0,0,0,,,0,0,,0,,,13.673784722222223,36.77191622709693,0.9392291702198307,553e68bf8c13963f2e3f88ca470138ec3f87ea2e71f531b64dcdf4d327698c72
m7_v1_development_m7c3_seed710300,m7v1d-m7c3-710300,M7C3,710300,1,v2_corridor_edges,high,34871,34074,0.9771443319663904,75;75;75;75;75;75;75;65;65;65;65;65;75;65;65;65;75;75;65;75;65;75;75;75;65;75;75;75;65;75;75;75;65;75;65;65;75;65;65;65;75;75;75;65;65;65;65;65,48,0.5208333333333334,0,0,0,0,,,0,0,,0,,,13.446197916666666,36.844808614545144,0.9400281781057149,527dcd5145c1c88775b7d49a4ad531377b095096b0ad22bff4b0d50040abf810
m7_v1_development_m7c3_seed710300,m7v1d-m7c3-710300,M7C3,710300,2,state_only_risk_roi,severe,31466,31435,0.9990148096357974,5;5;5;5;5;5;5;5;5;5;5;5;5;5;5;5;5;5;5;5;5;5;5;5;5;5;5;5;5;5;5;5;5;5;5;5;5;5;5;5;5;5;5;35;5;5;5;5,48,0.020833333333333332,0,0,0,0,,,0,0,,0,,,216.6404861111111,24.7734073936537,0.6963967367514842,30a0cf2dded5302b718aa3e73de079d84bd8da4809e70799428018ff49f4d464
m7_v1_development_m7c3_seed710300,m7v1d-m7c3-710300,M7C3,710300,2,command_conditioned_risk_roi,severe,31466,31327,0.9955825335282528,1;1;1;1;1;1;1;1;1;1;1;1;1;1;1;1;1;1;1;1;1;1;1;1;1;1;1;1;1;1;1;1;1;1;1;15;1;1;1;1;1;1;1;15;1;1;1;1,2,0.041666666666666664,0,0,0,0,,,0,0,,0,,,485.6284895833333,21.26776203999439,0.6745087852325288,0ba1feed71f417b3bf1936e2ef8e219d703d2a3e14245f80970e14c68560dc20
m7_v1_development_m7c3_seed710300,m7v1d-m7c3-710300,M7C3,710300,2,v2_global_only,severe,31466,31380,0.997266891247696,1;1;1;1;1;1;1;1;1;5;1;5;1;5;5;5;1;1;1;1;1;5;5;5;5;5;5;5;5;5;5;5;1;1;1;1;5;5;5;5;5;5;5;5;1;1;1;1,24,0.5,0,0,0,0,,,0,0,,0,,,336.83026041666665,22.856692598050454,0.6611144816899602,ddd529dbac35b3f8570f2a89205c67f5af96811f3328bafdca7033c98a256094
m7_v1_development_m7c3_seed710300,m7v1d-m7c3-710300,M7C3,710300,2,v2_visible_edges,severe,31466,31381,0.997298671582025,1;1;1;1;1;1;1;1;1;5;1;5;1;1;1;1;1;1;1;1;1;5;5;5;5;5;5;5;1;1;5;5;1;1;1;1;5;5;5;5;5;5;15;15;1;1;1;1,19,0.3958333333333333,0,0,0,0,,,0,0,,0,,,357.3477256944444,22.599893384477838,0.6701616618247671,c1fca18bb61f67c97a3b1fbbb7ae09773e51fa245bb4988eba2e41cde14123e5
m7_v1_development_m7c3_seed710300,m7v1d-m7c3-710300,M7C3,710300,2,v2_corridor_edges,severe,31466,31381,0.997298671582025,1;1;1;1;1;1;1;1;1;5;1;5;1;5;5;5;1;1;1;5;1;5;5;5;5;5;5;5;5;5;5;5;1;1;1;1;5;5;5;5;5;5;1;5;1;1;1;1,24,0.5,0,0,0,0,,,0,0,,0,,,339.3822916666667,22.82391182969012,0.6600455961881982,8feca42988f6bb2b2736047f646c5ffd15f7b0daff1213727c6f9541e5b02e4f
m7_v1_development_m7c3_seed710300,m7v1d-m7c3-710300,M7C3,710300,2,state_only_risk_roi,low,32374,31435,0.9709952430963118,5;5;5;5;5;5;5;5;5;5;5;5;5;5;5;5;5;5;5;5;5;5;5;5;5;5;5;5;5;5;5;5;5;5;5;5;5;5;5;5;5;5;5;35;5;5;5;5,48,0.020833333333333332,0,0,0,0,,,0,0,,0,,,216.6404861111111,24.7734073936537,0.6963967367514842,450b52f33a3340c0025969fc7166256aa84d67741fba192d2ef3ac9730b5ce1e
m7_v1_development_m7c3_seed710300,m7v1d-m7c3-710300,M7C3,710300,2,command_conditioned_risk_roi,low,32374,31473,0.9721690245258541,5;5;5;5;5;5;5;5;5;5;5;5;5;5;5;5;5;5;5;5;5;5;5;5;5;5;5;5;5;5;5;5;5;5;5;35;5;5;5;5;5;5;5;35;5;5;5;5,48,0.041666666666666664,0,0,0,0,,,0,0,,0,,,215.03225694444444,24.805767476398483,0.6985861698113819,63370fa21663906bc6be8b944f3f445b5344352f5dc9ce69d88d8ad6d902eb3a
m7_v1_development_m7c3_seed710300,m7v1d-m7c3-710300,M7C3,710300,2,v2_global_only,low,32374,31454,0.9715821338110829,15;15;25;15;15;15;15;15;5;5;15;5;15;5;5;5;5;5;5;5;5;5;5;5;5;5;5;5;5;5;5;5;5;15;5;15;5;5;5;5;5;5;15;15;15;5;15;5,48,0.3333333333333333,0,0,0,0,,,0,0,,0,,,186.49359375,25.42416442936662,0.7075388534707362,35a63dc5380ee122c39a0c3d706c22f85f2e5d182f3c9f859d7f6f768a557fe2
m7_v1_development_m7c3_seed710300,m7v1d-m7c3-710300,M7C3,710300,2,v2_visible_edges,low,32374,31454,0.9715821338110829,15;25;25;15;15;15;15;15;5;5;5;5;5;5;5;5;5;5;5;5;5;5;5;5;5;5;5;5;5;5;5;5;5;5;5;5;5;5;5;5;15;5;15;15;15;5;15;5,48,0.2708333333333333,0,0,0,0,,,0,0,,0,,,192.17897569444443,25.293744865849163,0.7024301257819087,5903b1068ac557bc0d52cf86bb2e2f35255cbaa5140c9fd5e3b3ad034789880f
m7_v1_development_m7c3_seed710300,m7v1d-m7c3-710300,M7C3,710300,2,v2_corridor_edges,low,32374,31454,0.9715821338110829,15;15;25;15;15;15;15;15;5;5;15;5;15;5;5;5;5;5;5;5;5;5;5;5;5;5;5;5;5;5;5;5;5;5;5;15;5;5;5;5;5;5;15;15;15;5;15;5,48,0.3125,0,0,0,0,,,0,0,,0,,,187.18050347222223,25.408197497744993,0.7078760301548312,b99d70defba0c170ea0161d92fc73985e589c5e13c433599fda39d2516189f33
m7_v1_development_m7c3_seed710300,m7v1d-m7c3-710300,M7C3,710300,2,state_only_risk_roi,medium,33509,33191,0.9905100122355188,45;45;45;45;45;45;45;45;45;45;45;45;45;45;45;45;45;45;45;45;45;45;45;45;45;45;45;45;45;45;45;45;45;45;45;45;45;45;45;45;45;45;45;75;45;45;45;45,48,0.020833333333333332,0,0,0,0,,,0,0,,0,,,27.3846875,33.75572571520578,0.8993802230309017,afdbae79294eb191f5d693051eb7305e513ad6b6439361093151d72b993fac9a
m7_v1_development_m7c3_seed710300,m7v1d-m7c3-710300,M7C3,710300,2,command_conditioned_risk_roi,medium,33509,33235,0.9918230923035602,45;45;45;45;45;45;45;45;45;45;45;45;45;45;45;45;45;45;45;45;45;45;45;45;45;45;45;45;45;45;45;45;45;45;45;75;45;45;45;45;45;45;45;75;45;45;45;45,48,0.041666666666666664,0,0,0,0,,,0,0,,0,,,27.29953125,33.76925170870602,0.9001591216769674,e382d6896b05cf640a62892c5ec6e00af6b681280328b00775c331e8fcb70dc3
m7_v1_development_m7c3_seed710300,m7v1d-m7c3-710300,M7C3,710300,2,v2_global_only,medium,33509,33213,0.9911665522695395,45;45;45;45;45;45;55;45;45;45;55;45;55;45;45;45;45;45;45;45;45;45;45;45;45;65;45;55;45;45;65;45;45;45;45;45;55;45;45;55;45;45;45;45;45;45;45;45,48,0.16666666666666666,0,0,0,0,,,0,0,,0,,,26.100729166666667,33.96427720631687,0.9008508616524216,71feb93162903acae1bd0b27606a5245f28f27c620e041dde5512b0b7a54f0a9
m7_v1_development_m7c3_seed710300,m7v1d-m7c3-710300,M7C3,710300,2,v2_visible_edges,medium,33509,33213,0.9911665522695395,45;45;45;45;45;45;45;45;45;45;45;45;65;45;45;45;55;45;45;45;45;45;45;45;45;45;45;45;45;45;45;45;45;45;45;55;55;55;45;45;45;65;55;45;45;45;45;45,48,0.14583333333333334,0,0,0,0,,,0,0,,0,,,26.96967013888889,33.82204726159046,0.8999170651484603,d6aa8b28e051b053190749ea1c5853a8cfda2da209e0158bccd29b7166be8486
m7_v1_development_m7c3_seed710300,m7v1d-m7c3-710300,M7C3,710300,2,v2_corridor_edges,medium,33509,33212,0.9911367095407204,45;45;45;45;45;45;55;45;45;45;45;45;55;45;45;45;45;45;45;45;45;45;45;45;45;65;45;55;45;45;65;45;45;45;45;45;55;45;45;55;45;45;45;45;45;45;45;45,48,0.14583333333333334,0,0,0,0,,,0,0,,0,,,26.15644097222222,33.955017103317786,0.9004690211972427,77595de01dfc68e8bb55d03f07d6df56dee3ddae06acc454b04f64f69b4c7637
m7_v1_development_m7c3_seed710300,m7v1d-m7c3-710300,M7C3,710300,2,state_only_risk_roi,high,34871,34235,0.9817613489719251,65;65;65;65;65;65;65;65;65;65;65;65;65;65;65;65;65;65;65;65;65;65;65;65;65;65;65;65;65;65;65;65;65;65;65;65;65;65;65;65;65;65;65;95;65;65;65;65,48,0.020833333333333332,0,0,0,0,,,0,0,,0,,,18.876475694444444,35.37159447671189,0.9224898560832503,e6c64f387d656c5edcaed34cd4302d700af0e77f508679b07f7c0d1a3fd610a2
m7_v1_development_m7c3_seed710300,m7v1d-m7c3-710300,M7C3,710300,2,command_conditioned_risk_roi,high,34871,34421,0.9870952940839093,65;65;65;65;65;65;65;65;65;65;65;65;65;65;65;65;65;65;65;65;65;65;65;65;65;65;65;65;65;65;65;65;65;65;65;95;65;65;65;65;65;65;65;95;65;65;65;65,48,0.041666666666666664,0,0,0,0,,,0,0,,0,,,18.65996527777778,35.421695295862364,0.9243291074883033,207e43973525ba65b492e9f1ed3b697936ef4fe587f083bc00ad2c1d6847e09d
m7_v1_development_m7c3_seed710300,m7v1d-m7c3-710300,M7C3,710300,2,v2_global_only,high,34871,34328,0.9844283215279171,75;65;65;65;65;75;75;65;65;65;75;65;65;75;75;65;65;65;65;75;75;75;75;75;75;75;75;75;75;65;65;75;65;65;65;65;75;65;75;65;65;75;75;65;65;65;65;65,48,0.4375,0,0,0,0,,,0,0,,0,,,16.56142361111111,35.93982695093189,0.9269836473742824,f3f731b0e8b4b5e304fdbd9b10db5420b1ff3c992d1586bb2e6c7d9c26cc3076
m7_v1_development_m7c3_seed710300,m7v1d-m7c3-710300,M7C3,710300,2,v2_visible_edges,high,34871,34328,0.9844283215279171,75;65;65;65;65;75;75;65;75;75;75;75;65;75;75;65;65;65;65;75;75;75;65;75;75;65;75;75;65;65;65;65;65;65;65;65;75;75;75;75;65;75;75;65;65;65;65;65,48,0.4583333333333333,0,0,0,0,,,0,0,,0,,,16.800677083333333,35.87753576306925,0.9263737666380337,b06743adf7c11a0ccf098ede982cf081ac7ef37a2724e1cbb1e0ef276e54e278
m7_v1_development_m7c3_seed710300,m7v1d-m7c3-710300,M7C3,710300,2,v2_corridor_edges,high,34871,34328,0.9844283215279171,65;65;65;65;65;75;75;65;65;65;75;65;65;75;75;65;65;65;65;75;75;75;75;75;75;75;75;75;75;65;65;75;65;65;65;65;75;65;75;65;65;75;75;65;65;65;65;65,48,0.4166666666666667,0,0,0,0,,,0,0,,0,,,16.570868055555554,35.937351015817455,0.9269553485807328,a256b4c745c730fe2767e408fa3db73e064ea893166f7103736a41c9cb38c04a
m7_v1_development_m7c3_seed710300,m7v1d-m7c3-710300,M7C3,710300,3,state_only_risk_roi,severe,31466,31415,0.998379202949215,5;5;5;5;5;5;5;5;5;5;5;5;5;5;5;5;5;5;5;5;5;5;5;5;5;5;5;5;5;5;5;5;5;5;5;5;5;5;5;5;5;5;5;35;5;5;5;5,48,0.020833333333333332,0,0,0,0,,,0,0,,0,,,216.45994791666666,24.777028112544798,0.718824997613527,76c73c7616ae2b286ce30d5ab6de288dc8741ebbd11742d4281305bf3371c7ce
m7_v1_development_m7c3_seed710300,m7v1d-m7c3-710300,M7C3,710300,3,command_conditioned_risk_roi,severe,31466,31432,0.99891946863281,5;5;5;5;5;5;5;5;5;5;5;5;5;5;5;5;5;5;5;5;5;5;5;5;5;5;5;5;5;5;5;5;5;5;5;5;5;5;5;5;5;5;5;35;5;5;5;5,48,0.020833333333333332,0,0,0,0,,,0,0,,0,,,216.45994791666666,24.777028112544798,0.718824997613527,db56460d844c88a3ff551354448bb638711c071c1992f6dd654c860a1359bf10
m7_v1_development_m7c3_seed710300,m7v1d-m7c3-710300,M7C3,710300,3,v2_global_only,severe,31466,31423,0.9986334456238479,15;15;25;25;25;15;15;15;5;5;5;5;5;5;15;15;5;5;5;5;5;5;5;5;5;5;5;5;5;5;5;5;5;5;5;5;5;5;5;5;5;15;15;15;15;15;15;5,48,0.3333333333333333,0,0,0,0,,,0,0,,0,,,188.88427083333335,25.368845669201733,0.722743001855025,45ccfd5122c41171def24e4df1e2c92798f7b203a171e667b75c1ddf35da941f
m7_v1_development_m7c3_seed710300,m7v1d-m7c3-710300,M7C3,710300,3,v2_visible_edges,severe,31466,31423,0.9986334456238479,15;15;15;15;15;15;15;15;5;5;5;5;5;5;15;5;5;5;5;5;5;5;5;5;5;5;5;5;5;5;5;5;5;5;5;15;5;5;5;5;5;15;15;5;5;15;15;5,48,0.2916666666666667,0,0,0,0,,,0,0,,0,,,192.20105902777777,25.293245845663257,0.7193646687641365,fc5e7cbe8f64bb91c820e96626d87e850b87ce1ce24d7f6f9146abe7911ce565
m7_v1_development_m7c3_seed710300,m7v1d-m7c3-710300,M7C3,710300,3,v2_corridor_edges,severe,31466,31423,0.9986334456238479,15;15;15;15;25;15;15;15;5;5;5;5;5;5;15;15;5;5;5;5;5;5;5;5;5;5;5;5;5;5;5;5;5;5;5;5;5;5;5;5;5;15;15;15;15;15;15;5,48,0.3333333333333333,0,0,0,0,,,0,0,,0,,,189.74989583333334,25.34898814714205,0.7205087985912061,72a7204433797764f2626ccec274b35a66685576a2704ed63f9ae6abbed9b84f
m7_v1_development_m7c3_seed710300,m7v1d-m7c3-710300,M7C3,710300,3,state_only_risk_roi,low,32374,31415,0.9703774633965528,5;5;5;5;5;5;5;5;5;5;5;5;5;5;5;5;5;5;5;5;5;5;5;5;5;5;5;5;5;5;5;5;5;5;5;5;5;5;5;5;5;5;5;35;5;5;5;5,48,0.020833333333333332,0,0,0,0,,,0,0,,0,,,216.45994791666666,24.777028112544798,0.718824997613527,85196bd0e8dc7937e030fce4e8716e35c99b68cb856d49aedeadd745dccd447a
m7_v1_development_m7c3_seed710300,m7v1d-m7c3-710300,M7C3,710300,3,command_conditioned_risk_roi,low,32374,31432,0.970902576141348,5;5;5;5;5;5;5;5;5;5;5;5;5;5;5;5;5;5;5;5;5;5;5;5;5;5;5;5;5;5;5;5;5;5;5;5;5;5;5;5;5;5;5;35;5;5;5;5,48,0.020833333333333332,0,0,0,0,,,0,0,,0,,,216.45994791666666,24.777028112544798,0.718824997613527,b3ad3b68d065f79cc8f3133f0e8714dd171acc2d6627b69c7fb58f650936f56d
m7_v1_development_m7c3_seed710300,m7v1d-m7c3-710300,M7C3,710300,3,v2_global_only,low,32374,31423,0.9706245752764564,15;15;25;25;25;15;15;15;5;5;5;5;5;5;15;15;5;5;5;5;5;5;5;5;5;5;5;5;5;5;5;5;5;5;5;5;5;5;5;5;5;15;15;15;15;15;15;5,48,0.3333333333333333,0,0,0,0,,,0,0,,0,,,188.88427083333335,25.368845669201733,0.722743001855025,55207c5b19f1e386712c3eb990708ccb49c94cdbd9594447b932c06c7cb75a5b
m7_v1_development_m7c3_seed710300,m7v1d-m7c3-710300,M7C3,710300,3,v2_visible_edges,low,32374,31423,0.9706245752764564,15;15;15;15;15;15;15;15;5;5;5;5;5;5;15;5;5;5;5;5;5;5;5;5;5;5;5;5;5;5;5;5;5;5;5;15;5;5;5;5;5;15;15;5;5;15;15;5,48,0.2916666666666667,0,0,0,0,,,0,0,,0,,,192.20105902777777,25.293245845663257,0.7193646687641365,9e91b0659bfd8dfa095ff644fdb1640ade8456fa671957e8b91a384cf354a047
m7_v1_development_m7c3_seed710300,m7v1d-m7c3-710300,M7C3,710300,3,v2_corridor_edges,low,32374,31423,0.9706245752764564,15;15;15;15;25;15;15;15;5;5;5;5;5;5;15;15;5;5;5;5;5;5;5;5;5;5;5;5;5;5;5;5;5;5;5;5;5;5;5;5;5;15;15;15;15;15;15;5,48,0.3333333333333333,0,0,0,0,,,0,0,,0,,,189.74989583333334,25.34898814714205,0.7205087985912061,d2249e4d0177a02ff25c6d21ab059be7da0b8ae33ab4761a7a411a35c6fff76d
m7_v1_development_m7c3_seed710300,m7v1d-m7c3-710300,M7C3,710300,3,state_only_risk_roi,medium,33509,33145,0.9891372467098392,45;45;45;45;45;45;45;45;45;45;45;45;45;45;45;45;45;45;45;45;45;45;45;45;45;45;45;45;45;45;45;45;45;45;45;45;45;45;45;45;45;45;45;75;45;45;45;45,48,0.020833333333333332,0,0,0,0,,,0,0,,0,,,25.7196875,34.02814673359509,0.9127169302737311,7b096baef62e8284d06d20e9d77ac81131d288c3c16d91edaf4a6abec120f3f6
m7_v1_development_m7c3_seed710300,m7v1d-m7c3-710300,M7C3,710300,3,command_conditioned_risk_roi,medium,33509,33162,0.9896445730997643,45;45;45;45;45;45;45;45;45;45;45;45;45;45;45;45;45;45;45;45;45;45;45;45;45;45;45;45;45;45;45;45;45;45;45;45;45;45;45;45;45;45;45;75;45;45;45;45,48,0.020833333333333332,0,0,0,0,,,0,0,,0,,,25.7196875,34.02814673359509,0.9127169302737311,f75d8d9dd0efbfeb8d7142453e2870c51f52303cd8c5fe88bdc48d6c5f8c9e48
m7_v1_development_m7c3_seed710300,m7v1d-m7c3-710300,M7C3,710300,3,v2_global_only,medium,33509,33153,0.9893759885403921,45;45;45;45;45;45;55;45;55;45;45;45;45;45;55;45;45;45;45;45;45;45;45;45;45;55;55;45;45;45;55;45;55;55;45;45;45;45;45;55;45;45;45;45;45;45;45;45,48,0.1875,0,0,0,0,,,0,0,,0,,,24.685885416666668,34.20631652051823,0.9139060076841151,2652aac4a487afa17cdf7dc068b0445deb9817aeebef4d26deccbd1741b2f3a9
m7_v1_development_m7c3_seed710300,m7v1d-m7c3-710300,M7C3,710300,3,v2_visible_edges,medium,33509,33153,0.9893759885403921,45;45;45;45;45;45;55;45;55;45;45;45;45;45;55;45;45;45;45;45;45;45;45;45;45;45;45;45;45;45;45;55;55;45;45;45;45;55;45;55;55;55;45;45;45;45;45;45,48,0.1875,0,0,0,0,,,0,0,,0,,,25.25192708333333,34.107858342658055,0.9127210135977207,cd590f0e30b4b81db8fa612829e459cbf04d89ca5bfc87516febd52ea720579a
m7_v1_development_m7c3_seed710300,m7v1d-m7c3-710300,M7C3,710300,3,v2_corridor_edges,medium,33509,33153,0.9893759885403921,45;45;45;45;45;45;55;55;45;45;45;45;45;45;55;45;45;45;45;45;45;45;45;45;45;55;55;45;45;45;55;45;55;55;45;45;45;45;45;55;45;45;45;45;45;45;45;45,48,0.1875,0,0,0,0,,,0,0,,0,,,24.719878472222224,34.200340295228564,0.9136526681932852,08dc4238da13575c8e0136ced74ae98f05866d365dcf6f75f72081844d00db72
m7_v1_development_m7c3_seed710300,m7v1d-m7c3-710300,M7C3,710300,3,state_only_risk_roi,high,34871,34103,0.9779759685698718,65;65;65;65;65;65;65;65;65;65;65;65;65;65;65;65;65;65;65;65;65;65;65;65;65;65;65;65;65;65;65;65;65;65;65;65;65;65;65;65;65;65;65;95;65;65;65;65,48,0.020833333333333332,0,0,0,0,,,0,0,,0,,,18.05027777777778,35.56596471167628,0.932278258346599,f5556dddb043e2b345f8cbb100aaa855b1d2f8f45dc62604a74348e777a77042
m7_v1_development_m7c3_seed710300,m7v1d-m7c3-710300,M7C3,710300,3,command_conditioned_risk_roi,high,34871,34120,0.9784634796822574,65;65;65;65;65;65;65;65;65;65;65;65;65;65;65;65;65;65;65;65;65;65;65;65;65;65;65;65;65;65;65;65;65;65;65;65;65;65;65;65;65;65;65;95;65;65;65;65,48,0.020833333333333332,0,0,0,0,,,0,0,,0,,,18.05027777777778,35.56596471167628,0.932278258346599,a4b67b8c339583e7baf517b6131f7190ffd8abf55f1f824d39d5ac7ea9c5840f
m7_v1_development_m7c3_seed710300,m7v1d-m7c3-710300,M7C3,710300,3,v2_global_only,high,34871,34111,0.9782053855639357,65;65;75;65;65;75;65;65;65;65;65;65;65;65;65;65;65;65;75;75;75;65;65;65;75;75;75;65;65;65;65;65;65;65;75;75;75;65;65;65;75;65;65;65;65;65;65;65,48,0.25,0,0,0,0,,,0,0,,0,,,16.515729166666667,35.95182608388822,0.9349063548774271,d598813adfe3afa31366ef41b2ed2eab2ac5d60278e25dea4bcb307ec81c8a4e
m7_v1_development_m7c3_seed710300,m7v1d-m7c3-710300,M7C3,710300,3,v2_visible_edges,high,34871,34110,0.9781767084396776,65;65;65;65;65;65;65;65;75;75;65;65;65;65;65;65;65;65;65;65;65;65;65;65;65;65;75;65;65;65;65;75;65;75;75;75;75;65;75;65;75;75;65;65;65;65;65;65,48,0.22916666666666666,0,0,0,0,,,0,0,,0,,,16.914392361111112,35.84823960219317,0.9335467781346575,e5432885b1f3e94c1411dc1e6c4bb09823a7097c302f7a4d435e22dbe4060450
m7_v1_development_m7c3_seed710300,m7v1d-m7c3-710300,M7C3,710300,3,v2_corridor_edges,high,34871,34111,0.9782053855639357,65;65;75;65;65;65;65;65;65;65;65;65;65;65;65;65;65;65;75;75;75;65;65;65;75;75;75;65;65;65;65;65;65;65;75;75;75;65;65;65;75;65;65;65;65;65;65;65,48,0.22916666666666666,0,0,0,0,,,0,0,,0,,,16.528680555555557,35.94842174586994,0.9347990865436276,57d7eb816328949e394f3bab96cc607d2c3c6ebefb3356c88c4bfbefced8dec0
m7_v1_development_m7c3_seed710301,m7v1d-m7c3-710301,M7C3,710301,0,state_only_risk_roi,severe,31466,31420,0.9985381046208606,5;5;5;5;5;5;5;5;5;5;5;5;5;5;5;5;5;5;5;5;5;5;5;5;5;5;5;5;5;5;5;5;5;5;5;5;5;5;5;5;5;5;5;5;35;5;5;5,48,0.020833333333333332,1,1,23,23,1.0,1.0,23,0,0.0,2291,84.06634657354867,28.884581869778636,199.89598958333335,25.12276279702769,0.7689522819311234,e880b0d490b47a901c0bc72ff4266512bc73247149095d7875e2f2ce2a82440b
m7_v1_development_m7c3_seed710301,m7v1d-m7c3-710301,M7C3,710301,0,command_conditioned_risk_roi,severe,31466,31429,0.9988241276298226,5;5;5;5;5;5;5;5;5;5;5;5;5;5;5;5;5;5;5;5;5;5;5;5;5;5;5;5;5;5;5;5;5;5;5;5;5;5;5;5;5;5;5;5;35;5;5;5,48,0.020833333333333332,1,1,23,23,1.0,1.0,23,0,0.0,2291,84.06634657354867,28.884581869778636,199.89598958333335,25.12276279702769,0.7689522819311234,17d86f1f6472b1fb86e96ebb32072b19a7cbbbd32d8671ace56555188632c776
m7_v1_development_m7c3_seed710301,m7v1d-m7c3-710301,M7C3,710301,0,v2_global_only,severe,31466,31423,0.9986334456238479,15;15;15;15;15;15;25;15;5;5;15;5;15;5;5;5;5;5;5;5;5;5;5;5;5;5;5;5;5;5;5;5;5;5;5;5;5;5;5;5;5;5;15;5;15;5;15;5,48,0.2708333333333333,1,1,23,23,1.0,1.0,23,6,0.2608695652173913,2291,74.80838061981667,29.39130107213846,179.3724826388889,25.593245417512986,0.7575475862870458,2f4f68580dbcf2e4f66d3f128a3b8506be459e2f1a4d82b82f6000a1b70cc74f
m7_v1_development_m7c3_seed710301,m7v1d-m7c3-710301,M7C3,710301,0,v2_visible_edges,severe,31466,31424,0.9986652259581771,15;15;15;15;15;15;15;15;5;5;15;5;15;5;5;5;5;5;5;5;5;5;5;5;5;5;5;5;5;5;5;5;5;5;5;5;5;5;5;5;5;5;15;5;15;5;15;5,48,0.2708333333333333,1,1,23,23,1.0,1.0,23,6,0.2608695652173913,2291,74.80838061981667,29.39130107213846,179.77744791666666,25.58345149886931,0.756556316919552,bbd9d84628929017739de3edf6a67e4233d993d6767bd4c0bc3bee4c0d6fa500
m7_v1_development_m7c3_seed710301,m7v1d-m7c3-710301,M7C3,710301,0,v2_corridor_edges,severe,31466,31423,0.9986334456238479,15;15;15;15;15;15;25;15;5;5;5;5;15;5;5;5;5;5;5;5;5;5;5;5;5;5;5;5;5;5;5;5;5;5;5;5;5;5;5;5;5;5;15;5;15;5;15;5,48,0.25,1,1,23,23,1.0,1.0,23,6,0.2608695652173913,2291,74.80838061981667,29.39130107213846,181.71491319444445,25.536897899039705,0.7560144944960431,425add943025cd4ba09dcb8e64fefe0ed175a6289ee1646abc03d83f7e8bbfca
m7_v1_development_m7c3_seed710301,m7v1d-m7c3-710301,M7C3,710301,0,state_only_risk_roi,low,32374,32220,0.9952430963118551,25;25;25;25;25;25;25;25;25;25;25;25;25;25;25;25;25;25;25;25;25;25;25;25;25;25;25;25;25;25;25;25;25;25;25;25;25;25;25;25;25;25;25;25;55;25;25;25,48,0.020833333333333332,1,1,23,23,1.0,1.0,23,0,0.0,2291,7.0136767059508225,39.67134617579841,35.344461805555554,32.64758987875458,0.9040752382680838,6f1bd17c1bb65f32ec57873c208e19f4191c923b32ae1284f8c43c18f0a8a08f
m7_v1_development_m7c3_seed710301,m7v1d-m7c3-710301,M7C3,710301,0,command_conditioned_risk_roi,low,32374,32229,0.9955210971767467,25;25;25;25;25;25;25;25;25;25;25;25;25;25;25;25;25;25;25;25;25;25;25;25;25;25;25;25;25;25;25;25;25;25;25;25;25;25;25;25;25;25;25;25;55;25;25;25,48,0.020833333333333332,1,1,23,23,1.0,1.0,23,0,0.0,2291,7.0136767059508225,39.67134617579841,35.344461805555554,32.64758987875458,0.9040752382680838,49fc2ce879316192b43e3b7d4fec4f21ae81aa9d11c083d479200956addebeb0
m7_v1_development_m7c3_seed710301,m7v1d-m7c3-710301,M7C3,710301,0,v2_global_only,low,32374,32224,0.995366652251807,25;25;35;35;35;25;25;25;25;25;25;25;25;25;25;25;35;25;25;25;25;25;25;25;25;25;25;35;25;25;25;25;35;25;25;25;25;25;25;25;25;25;25;25;25;25;25;35,48,0.14583333333333334,1,1,23,23,1.0,1.0,23,5,0.21739130434782608,2291,6.408409719191037,40.06330090454736,34.17369791666667,32.79388384764249,0.9051933570663294,f2296843e524d92a430cb8ce116adc5c35b1a6fbe7c0b6fca365394c4d77147d
m7_v1_development_m7c3_seed710301,m7v1d-m7c3-710301,M7C3,710301,0,v2_visible_edges,low,32374,32224,0.995366652251807,25;25;25;35;25;25;25;25;25;35;25;25;25;25;25;35;35;25;25;25;25;25;25;25;25;25;25;25;25;25;25;25;35;25;25;25;25;25;25;25;25;35;25;25;25;25;25;25,48,0.125,1,1,23,23,1.0,1.0,23,5,0.21739130434782608,2291,6.408409719191037,40.06330090454736,34.750538194444445,32.72118825810341,0.9039679161314144,0fd3199c9103f5391f25db393fa9b40c9f8aec6b04f7169ccfbb2e7863f969b4
m7_v1_development_m7c3_seed710301,m7v1d-m7c3-710301,M7C3,710301,0,v2_corridor_edges,low,32374,32224,0.995366652251807,25;25;35;35;25;25;25;25;25;25;25;25;25;25;25;25;35;25;25;25;25;25;25;25;25;25;25;35;25;25;25;25;35;25;25;25;25;25;25;25;25;25;25;25;25;25;25;35,48,0.125,1,1,23,23,1.0,1.0,23,5,0.21739130434782608,2291,6.408409719191037,40.06330090454736,34.28477430555556,32.77979065989499,0.905034167660162,1a0c1a55460521d751802904473099a0c6547cc9ac783eb9a14e0413ff2ecf35
m7_v1_development_m7c3_seed710301,m7v1d-m7c3-710301,M7C3,710301,0,state_only_risk_roi,medium,33509,32878,0.9811692381151332,45;45;45;45;45;45;45;45;45;45;45;45;45;45;45;45;45;45;45;45;45;45;45;45;45;45;45;45;45;45;45;45;45;45;45;45;45;45;45;45;45;45;45;45;75;45;45;45,48,0.020833333333333332,1,1,23,23,1.0,1.0,23,0,0.0,2291,1.6841262912847375,45.86705705086979,21.876666666666665,34.7309921133065,0.9327573552995125,d58dc8bec443f4451647c276559d6de5fd0873076cf8370059f6dec3edcb2ebe
m7_v1_development_m7c3_seed710301,m7v1d-m7c3-710301,M7C3,710301,0,command_conditioned_risk_roi,medium,33509,32887,0.9814378226745054,45;45;45;45;45;45;45;45;45;45;45;45;45;45;45;45;45;45;45;45;45;45;45;45;45;45;45;45;45;45;45;45;45;45;45;45;45;45;45;45;45;45;45;45;75;45;45;45,48,0.020833333333333332,1,1,23,23,1.0,1.0,23,0,0.0,2291,1.6841262912847375,45.86705705086979,21.876666666666665,34.7309921133065,0.9327573552995125,b7c3c4fd8dd83c1c42872a20900cd524013921719b55b6d0497f580c0ec43544
m7_v1_development_m7c3_seed710301,m7v1d-m7c3-710301,M7C3,710301,0,v2_global_only,medium,33509,32882,0.9812886090304097,45;55;45;45;45;45;45;45;45;55;55;55;55;45;45;45;45;45;45;45;45;45;45;45;45;55;45;45;45;55;45;45;45;45;45;45;45;55;45;45;45;55;45;45;45;45;45;45,48,0.1875,1,1,23,23,1.0,1.0,23,0,0.0,2291,1.6841262912847375,45.86705705086979,20.705277777777777,34.969992995843626,0.9342315658604177,6d4201d580a1874bac12e90d2c303f52f54cb6148d276f580d9b8d0972a89c67
m7_v1_development_m7c3_seed710301,m7v1d-m7c3-710301,M7C3,710301,0,v2_visible_edges,medium,33509,32882,0.9812886090304097,45;45;45;45;45;45;45;45;55;45;55;55;55;45;45;45;45;45;45;45;45;45;45;45;45;45;45;45;45;45;45;45;45;45;55;45;45;55;45;55;45;55;45;45;55;45;45;45,48,0.1875,1,1,23,23,1.0,1.0,23,6,0.2608695652173913,2291,1.7280663465735486,45.75519948305103,21.17314236111111,34.87295043291786,0.933844677479303,5e8f79dcd130b7cdd7e5781c88cfb7a05dcd7f9d7a0512a517c1682ac9504d9c
m7_v1_development_m7c3_seed710301,m7v1d-m7c3-710301,M7C3,710301,0,v2_corridor_edges,medium,33509,32882,0.9812886090304097,45;55;45;45;45;45;45;45;45;55;55;55;55;45;45;45;45;45;45;45;45;45;45;45;45;55;45;45;45;45;45;45;45;45;45;45;45;55;45;45;45;55;45;45;55;45;45;45,48,0.1875,1,1,23,23,1.0,1.0,23,0,0.0,2291,1.6841262912847375,45.86705705086979,20.87782986111111,34.933950067831624,0.9342399147696536,1c79d505ce85bf938bd730cd5b0f07ac738f4c8eb8bece1153ed396d6a7e55ef
m7_v1_development_m7c3_seed710301,m7v1d-m7c3-710301,M7C3,710301,0,state_only_risk_roi,high,34871,33588,0.9632072495770124,65;65;65;65;65;65;65;65;65;65;65;65;65;65;65;65;65;65;65;65;65;65;65;65;65;65;65;65;65;65;65;65;65;65;65;65;65;65;65;65;65;65;65;65;95;65;65;65,48,0.020833333333333332,1,1,23,23,1.0,1.0,23,0,0.0,2291,2.0587807362141715,44.99470264916661,14.832222222222223,36.41874137246973,0.9481852942789626,e2b60a347c76972066abc680344d3e8b9b186fc4d7650c755d6d2cf885cb326e
m7_v1_development_m7c3_seed710301,m7v1d-m7c3-710301,M7C3,710301,0,command_conditioned_risk_roi,high,34871,33597,0.9634653436953342,65;65;65;65;65;65;65;65;65;65;65;65;65;65;65;65;65;65;65;65;65;65;65;65;65;65;65;65;65;65;65;65;65;65;65;65;65;65;65;65;65;65;65;65;95;65;65;65,48,0.020833333333333332,1,1,23,23,1.0,1.0,23,0,0.0,2291,2.0587807362141715,44.99470264916661,14.832222222222223,36.41874137246973,0.9481852942789626,ac3639dd383ed90f39248c64cf4f35358c3e3f28bbbbeb29c217db8ef4cfb106
m7_v1_development_m7c3_seed710301,m7v1d-m7c3-710301,M7C3,710301,0,v2_global_only,high,34871,33592,0.9633219580740443,75;65;65;75;75;65;75;65;75;65;65;65;65;65;65;65;75;65;65;65;65;65;65;65;75;75;65;65;65;65;75;65;65;65;75;75;65;65;65;65;65;75;65;65;65;65;65;65,48,0.25,1,1,23,23,1.0,1.0,23,14,0.6086956521739131,2291,1.1459333624327077,47.539209973108896,13.704097222222222,36.762299298447196,0.9486827888116228,a12cc767b76276f7708560d3ba09eb08bd3b428cebc834a8245cc042ba8af1a0
m7_v1_development_m7c3_seed710301,m7v1d-m7c3-710301,M7C3,710301,0,v2_visible_edges,high,34871,33592,0.9633219580740443,75;65;65;75;65;65;65;65;65;65;65;65;65;65;65;65;75;75;65;65;65;65;65;65;75;65;65;65;65;65;65;65;65;65;65;65;65;65;75;75;75;75;65;65;75;75;65;65,48,0.22916666666666666,1,1,23,23,1.0,1.0,23,12,0.5217391304347826,2291,1.2816819438382074,47.05300094790755,14.258472222222222,36.59007366979279,0.9482358396817895,0d28d2b847e0382374e24f04c8371bce084fe30f2d73854a7e68f1796caca931
m7_v1_development_m7c3_seed710301,m7v1d-m7c3-710301,M7C3,710301,0,v2_corridor_edges,high,34871,33592,0.9633219580740443,75;75;65;75;65;65;75;65;75;75;65;65;65;65;65;65;75;65;65;65;65;65;65;65;75;75;65;65;65;65;75;65;75;65;65;75;65;65;65;65;65;75;65;75;75;65;65;65,48,0.3125,1,1,23,23,1.0,1.0,23,19,0.8260869565217391,2291,1.1162520005819876,47.65318110614363,13.881579861111112,36.7064146492794,0.9493733547102331,3e39926f23765df8ea6d7b1fd7fb841a6abcb02d14734a0905f3183d8fa47469
m7_v1_development_m7c3_seed710301,m7v1d-m7c3-710301,M7C3,710301,1,state_only_risk_roi,severe,31466,31432,0.99891946863281,5;5;5;5;5;5;5;5;5;5;5;5;5;5;5;5;5;5;5;5;5;5;5;5;5;5;5;5;5;5;5;5;5;5;5;5;5;5;5;5;5;5;5;35;35;5;5;5,48,0.041666666666666664,0,0,0,0,,,0,0,,0,,,197.32973958333332,25.178878181214415,0.7527177487860207,ca23b67ff60366e5abcf5cbad616b2d8ee041fc5bb07c3c0b2d5d7deaa83b25f
m7_v1_development_m7c3_seed710301,m7v1d-m7c3-710301,M7C3,710301,1,command_conditioned_risk_roi,severe,31466,31443,0.9992690523104303,5;5;5;5;5;5;5;5;5;5;5;5;5;5;5;5;5;5;5;5;5;5;5;5;5;5;5;5;5;5;5;5;5;5;5;5;5;5;5;5;5;5;5;35;35;5;5;5,48,0.041666666666666664,0,0,0,0,,,0,0,,0,,,197.32973958333332,25.178878181214415,0.7527177487860207,fa7e5a32656829fcae2ea7b13a808627795339a19ab63d3b5d42e715a50bbca0
m7_v1_development_m7c3_seed710301,m7v1d-m7c3-710301,M7C3,710301,1,v2_global_only,severe,31466,31437,0.9990783703044556,25;15;15;15;15;15;25;25;15;15;25;15;25;5;5;15;5;5;5;5;5;5;5;5;5;5;5;5;5;5;5;5;5;5;15;15;5;5;5;5;5;5;5;5;15;15;15;15,48,0.4166666666666667,0,0,0,0,,,0,0,,0,,,162.06022569444445,26.034039214727777,0.7589718039618271,8235713dbe00435c81a83b3c91b679d5c324b76b3e36fb50815dd2199fc80265
m7_v1_development_m7c3_seed710301,m7v1d-m7c3-710301,M7C3,710301,1,v2_visible_edges,severe,31466,31437,0.9990783703044556,15;15;15;15;15;15;15;15;15;15;15;15;15;5;5;5;5;5;5;5;5;5;5;5;5;5;5;5;5;5;5;5;5;5;5;15;5;5;15;15;5;5;5;5;15;15;15;15,48,0.4166666666666667,0,0,0,0,,,0,0,,0,,,166.26217013888888,25.922869160313176,0.7511615828404216,7bfc8b0ba193400a1e0a0715b8d349e63bd3d3d6edb351ae8e4e43b4eeaef85a
m7_v1_development_m7c3_seed710301,m7v1d-m7c3-710301,M7C3,710301,1,v2_corridor_edges,severe,31466,31436,0.9990465899701265,25;15;15;15;15;15;25;15;15;15;15;15;25;5;5;15;5;5;5;5;5;5;5;5;5;5;5;5;5;5;5;5;5;5;15;15;5;5;5;5;5;5;5;5;15;15;15;15,48,0.4166666666666667,0,0,0,0,,,0,0,,0,,,162.52949652777778,26.02148170834515,0.7574106020681444,311c0fbaed41fb7a05d5d417aa02f6af731951e5b96c5ed399d57f04c1ab01d8
m7_v1_development_m7c3_seed710301,m7v1d-m7c3-710301,M7C3,710301,1,state_only_risk_roi,low,32374,32324,0.9984555507506023,25;25;25;25;25;25;25;25;25;25;25;25;25;25;25;25;25;25;25;25;25;25;25;25;25;25;25;25;25;25;25;25;25;25;25;25;25;25;25;25;25;25;25;55;55;25;25;25,48,0.041666666666666664,0,0,0,0,,,0,0,,0,,,36.335711805555555,32.527466885583365,0.8880317956322953,9e73274ba8467c56d02ecc0fd68b04164d7ab389f93b66b7dc06b1c12dcebfc9
m7_v1_development_m7c3_seed710301,m7v1d-m7c3-710301,M7C3,710301,1,command_conditioned_risk_roi,low,32374,32335,0.9987953295854698,25;25;25;25;25;25;25;25;25;25;25;25;25;25;25;25;25;25;25;25;25;25;25;25;25;25;25;25;25;25;25;25;25;25;25;25;25;25;25;25;25;25;25;55;55;25;25;25,48,0.041666666666666664,0,0,0,0,,,0,0,,0,,,36.335711805555555,32.527466885583365,0.8880317956322953,d009e7ffece4209fe0f6aaa5e67d3f83925e6d0961d9123dd05681781c1e948d
m7_v1_development_m7c3_seed710301,m7v1d-m7c3-710301,M7C3,710301,1,v2_global_only,low,32374,32328,0.9985791066905542,25;25;25;35;25;25;25;25;35;25;25;25;25;25;25;25;25;25;25;25;25;25;25;25;45;25;25;25;25;25;35;35;25;25;25;25;25;25;25;25;35;25;25;25;25;25;25;25,48,0.125,0,0,0,0,,,0,0,,0,,,33.58258680555556,32.86966214863697,0.888710135448596,2a15b620b055264e5ef23ad9b7566e2e91213e2fcb2a827beaf52dcc2d467947
m7_v1_development_m7c3_seed710301,m7v1d-m7c3-710301,M7C3,710301,1,v2_visible_edges,low,32374,32328,0.9985791066905542,25;25;25;25;25;25;25;25;25;25;25;25;25;25;35;25;25;25;25;25;25;25;25;25;45;25;25;25;25;25;25;25;25;25;25;25;25;35;25;25;25;25;35;35;25;25;25;25,48,0.10416666666666667,0,0,0,0,,,0,0,,0,,,34.80628472222222,32.714226923882656,0.8893398855993007,52cd13c0f292c604eeb77541b13cc743b3c4176c2e9238e5d9d83a0495bc68db
m7_v1_development_m7c3_seed710301,m7v1d-m7c3-710301,M7C3,710301,1,v2_corridor_edges,low,32374,32328,0.9985791066905542,25;25;25;35;25;25;25;25;35;25;25;25;25;25;25;25;25;25;25;25;25;25;25;25;45;25;25;25;25;25;35;35;25;25;25;25;25;25;25;25;25;25;25;25;35;25;25;25,48,0.125,0,0,0,0,,,0,0,,0,,,33.909756944444446,32.82755683978791,0.8887958901375265,96116a7e8f49cca1bec6d6c10ab704c6982d0eef8b1094e1e0650374157e2660
m7_v1_development_m7c3_seed710301,m7v1d-m7c3-710301,M7C3,710301,1,state_only_risk_roi,medium,33509,33023,0.9854964337939062,45;45;45;45;45;45;45;45;45;45;45;45;45;45;45;45;45;45;45;45;45;45;45;45;45;45;45;45;45;45;45;45;45;45;45;45;45;45;45;45;45;45;45;75;75;45;45;45,48,0.041666666666666664,0,0,0,0,,,0,0,,0,,,21.9453125,34.717385913142,0.9188297343161757,fe768a6241ecf9d83da762e6665dedc6468eba2e1dd637b183a31714f14c895f
m7_v1_development_m7c3_seed710301,m7v1d-m7c3-710301,M7C3,710301,1,command_conditioned_risk_roi,medium,33509,33034,0.9858247038109165,45;45;45;45;45;45;45;45;45;45;45;45;45;45;45;45;45;45;45;45;45;45;45;45;45;45;45;45;45;45;45;45;45;45;45;45;45;45;45;45;45;45;45;75;75;45;45;45,48,0.041666666666666664,0,0,0,0,,,0,0,,0,,,21.9453125,34.717385913142,0.9188297343161757,77df3ae871fad2de79a888d78eb2270eae18589d73c7a7a68fc51027ca761816
m7_v1_development_m7c3_seed710301,m7v1d-m7c3-710301,M7C3,710301,1,v2_global_only,medium,33509,33028,0.9856456474380018,45;45;55;45;45;45;55;45;55;55;45;45;55;45;55;55;55;45;45;45;45;45;45;45;45;45;45;55;55;55;45;55;45;45;45;45;45;45;45;45;55;55;45;45;45;45;45;45,48,0.2916666666666667,0,0,0,0,,,0,0,,0,,,20.313159722222224,35.05302877483151,0.9205018149527567,4d8d2c9c3afa182829b00c43f14114fce10bfd7ea0efa2699c8be80b0d9bc6ee
m7_v1_development_m7c3_seed710301,m7v1d-m7c3-710301,M7C3,710301,1,v2_visible_edges,medium,33509,33028,0.9856456474380018,45;45;45;45;45;45;45;45;55;45;45;45;55;45;45;45;55;45;45;45;45;55;45;45;45;55;45;55;45;55;45;55;45;45;45;45;55;55;45;45;45;55;55;45;45;45;45;45,48,0.25,0,0,0,0,,,0,0,,0,,,20.66449652777778,34.97855532323087,0.9195021670015086,d2192479dd5422d61039c2d47deebcd6fd31274541548ca48bf558502b431e61
m7_v1_development_m7c3_seed710301,m7v1d-m7c3-710301,M7C3,710301,1,v2_corridor_edges,medium,33509,33028,0.9856456474380018,45;45;45;45;45;45;55;45;55;55;45;45;55;45;55;45;55;45;45;45;45;45;45;45;45;45;45;55;55;55;45;55;45;45;45;45;45;45;45;45;55;55;45;45;45;45;55;45,48,0.2708333333333333,0,0,0,0,,,0,0,,0,,,20.339774305555554,35.0473423127802,0.9205572323583415,301b06eaaa5d5386db6935606f1a5199c701ce06b794beadd9ff1facc095e781
m7_v1_development_m7c3_seed710301,m7v1d-m7c3-710301,M7C3,710301,1,state_only_risk_roi,high,34871,34065,0.9768862378480686,65;65;65;65;65;65;65;65;65;65;65;65;65;65;65;65;65;65;65;65;65;65;65;65;65;65;65;65;65;65;65;65;65;65;65;65;65;65;65;65;65;65;65;95;95;65;65;65,48,0.041666666666666664,0,0,0,0,,,0,0,,0,,,15.256909722222222,36.2961378442448,0.9370714115477217,635ad4e0cc4b20a28504ef3e1372424ed845bd7596a13ba152d973153c5b19b3
m7_v1_development_m7c3_seed710301,m7v1d-m7c3-710301,M7C3,710301,1,command_conditioned_risk_roi,high,34871,34076,0.9772016862149063,65;65;65;65;65;65;65;65;65;65;65;65;65;65;65;65;65;65;65;65;65;65;65;65;65;65;65;65;65;65;65;65;65;65;65;65;65;65;65;65;65;65;65;95;95;65;65;65,48,0.041666666666666664,0,0,0,0,,,0,0,,0,,,15.256909722222222,36.2961378442448,0.9370714115477217,293103bd276ba1f37a1c03f8ff4f367ec160606a989e9d33a09bc7c5fe795333
m7_v1_development_m7c3_seed710301,m7v1d-m7c3-710301,M7C3,710301,1,v2_global_only,high,34871,34070,0.9770296234693585,75;75;75;75;75;75;75;65;75;65;65;65;75;65;75;65;75;75;65;75;65;75;75;75;65;75;75;75;65;75;75;75;65;75;65;65;75;65;65;65;65;75;75;75;65;65;65;65,48,0.5625,0,0,0,0,,,0,0,,0,,,13.42595486111111,36.85135178141407,0.9405217854462927,9194755a566b1816e187ed82a07e8197154bf34093bb97f4e1895f941c895d3d
m7_v1_development_m7c3_seed710301,m7v1d-m7c3-710301,M7C3,710301,1,v2_visible_edges,high,34871,34070,0.9770296234693585,75;75;75;75;75;65;65;65;65;65;65;65;65;75;75;65;75;75;75;65;65;75;75;65;75;75;75;65;75;75;75;75;65;65;65;75;75;75;65;65;65;75;75;65;65;65;65;65,48,0.5,0,0,0,0,,,0,0,,0,,,13.588871527777778,36.7989696812423,0.9394046106373982,f8c1127b46aea7fbcc28b0174d54231284f82be6314d161bbefac48d2a527d84
m7_v1_development_m7c3_seed710301,m7v1d-m7c3-710301,M7C3,710301,1,v2_corridor_edges,high,34871,34069,0.9770009463451005,75;75;75;75;75;75;75;65;65;65;65;65;75;65;75;65;75;75;65;75;65;75;75;75;65;75;75;75;65;75;75;75;65;75;65;65;75;65;65;65;65;75;75;75;65;65;65;65,48,0.5416666666666666,0,0,0,0,,,0,0,,0,,,13.432864583333334,36.84911724217454,0.9405026030295033,10030cfeb6aa363148f1c309ac3dea2d6ea93d7bc9b17ca525d4fe07fb163bf9
m7_v1_development_m7c3_seed710301,m7v1d-m7c3-710301,M7C3,710301,2,state_only_risk_roi,severe,31466,31435,0.9990148096357974,5;5;5;5;5;5;5;5;5;5;5;5;5;5;5;5;5;5;5;5;5;5;5;5;5;5;5;5;5;5;5;5;5;5;5;5;5;5;5;5;5;5;5;35;5;5;5;5,48,0.020833333333333332,0,0,0,0,,,0,0,,0,,,216.6404861111111,24.7734073936537,0.6963967367514842,30a0cf2dded5302b718aa3e73de079d84bd8da4809e70799428018ff49f4d464
m7_v1_development_m7c3_seed710301,m7v1d-m7c3-710301,M7C3,710301,2,command_conditioned_risk_roi,severe,31466,31327,0.9955825335282528,1;1;1;1;1;1;1;1;1;1;1;1;1;1;1;1;1;1;1;1;1;1;1;1;1;1;1;1;1;1;1;1;1;1;1;15;1;1;1;1;1;1;1;15;1;1;1;1,2,0.041666666666666664,0,0,0,0,,,0,0,,0,,,485.6284895833333,21.26776203999439,0.6745087852325288,0ba1feed71f417b3bf1936e2ef8e219d703d2a3e14245f80970e14c68560dc20
m7_v1_development_m7c3_seed710301,m7v1d-m7c3-710301,M7C3,710301,2,v2_global_only,severe,31466,31380,0.997266891247696,1;1;1;1;1;1;1;1;1;5;1;5;1;5;5;5;1;1;1;1;1;5;5;5;5;5;5;5;5;5;5;5;1;1;1;1;5;5;5;5;5;5;5;5;1;1;1;1,24,0.5,0,0,0,0,,,0,0,,0,,,336.83026041666665,22.856692598050454,0.6611144816899602,ddd529dbac35b3f8570f2a89205c67f5af96811f3328bafdca7033c98a256094
m7_v1_development_m7c3_seed710301,m7v1d-m7c3-710301,M7C3,710301,2,v2_visible_edges,severe,31466,31381,0.997298671582025,1;1;1;1;1;1;1;1;1;5;1;5;1;1;1;1;1;1;1;1;1;5;5;5;5;5;5;5;1;1;5;5;1;1;1;1;5;5;5;5;5;5;15;15;1;1;1;1,19,0.3958333333333333,0,0,0,0,,,0,0,,0,,,357.3477256944444,22.599893384477838,0.6701616618247671,c1fca18bb61f67c97a3b1fbbb7ae09773e51fa245bb4988eba2e41cde14123e5
m7_v1_development_m7c3_seed710301,m7v1d-m7c3-710301,M7C3,710301,2,v2_corridor_edges,severe,31466,31381,0.997298671582025,1;1;1;1;1;1;1;1;1;5;1;5;1;5;5;5;1;1;1;5;1;5;5;5;5;5;5;5;5;5;5;5;1;1;1;1;5;5;5;5;5;5;1;5;1;1;1;1,24,0.5,0,0,0,0,,,0,0,,0,,,339.3822916666667,22.82391182969012,0.6600455961881982,8feca42988f6bb2b2736047f646c5ffd15f7b0daff1213727c6f9541e5b02e4f
m7_v1_development_m7c3_seed710301,m7v1d-m7c3-710301,M7C3,710301,2,state_only_risk_roi,low,32374,31435,0.9709952430963118,5;5;5;5;5;5;5;5;5;5;5;5;5;5;5;5;5;5;5;5;5;5;5;5;5;5;5;5;5;5;5;5;5;5;5;5;5;5;5;5;5;5;5;35;5;5;5;5,48,0.020833333333333332,0,0,0,0,,,0,0,,0,,,216.6404861111111,24.7734073936537,0.6963967367514842,450b52f33a3340c0025969fc7166256aa84d67741fba192d2ef3ac9730b5ce1e
m7_v1_development_m7c3_seed710301,m7v1d-m7c3-710301,M7C3,710301,2,command_conditioned_risk_roi,low,32374,31473,0.9721690245258541,5;5;5;5;5;5;5;5;5;5;5;5;5;5;5;5;5;5;5;5;5;5;5;5;5;5;5;5;5;5;5;5;5;5;5;35;5;5;5;5;5;5;5;35;5;5;5;5,48,0.041666666666666664,0,0,0,0,,,0,0,,0,,,215.03225694444444,24.805767476398483,0.6985861698113819,63370fa21663906bc6be8b944f3f445b5344352f5dc9ce69d88d8ad6d902eb3a
m7_v1_development_m7c3_seed710301,m7v1d-m7c3-710301,M7C3,710301,2,v2_global_only,low,32374,31454,0.9715821338110829,15;15;25;15;15;15;15;15;5;5;15;5;15;5;5;5;5;5;5;5;5;5;5;5;5;5;5;5;5;5;5;5;5;15;5;15;5;5;5;5;5;5;15;15;15;5;15;5,48,0.3333333333333333,0,0,0,0,,,0,0,,0,,,186.49359375,25.42416442936662,0.7075388534707362,35a63dc5380ee122c39a0c3d706c22f85f2e5d182f3c9f859d7f6f768a557fe2
m7_v1_development_m7c3_seed710301,m7v1d-m7c3-710301,M7C3,710301,2,v2_visible_edges,low,32374,31454,0.9715821338110829,15;25;25;15;15;15;15;15;5;5;5;5;5;5;5;5;5;5;5;5;5;5;5;5;5;5;5;5;5;5;5;5;5;5;5;5;5;5;5;5;15;5;15;15;15;5;15;5,48,0.2708333333333333,0,0,0,0,,,0,0,,0,,,192.17897569444443,25.293744865849163,0.7024301257819087,5903b1068ac557bc0d52cf86bb2e2f35255cbaa5140c9fd5e3b3ad034789880f
m7_v1_development_m7c3_seed710301,m7v1d-m7c3-710301,M7C3,710301,2,v2_corridor_edges,low,32374,31454,0.9715821338110829,15;15;25;15;15;15;15;15;5;5;15;5;15;5;5;5;5;5;5;5;5;5;5;5;5;5;5;5;5;5;5;5;5;5;5;15;5;5;5;5;5;5;15;15;15;5;15;5,48,0.3125,0,0,0,0,,,0,0,,0,,,187.18050347222223,25.408197497744993,0.7078760301548312,b99d70defba0c170ea0161d92fc73985e589c5e13c433599fda39d2516189f33
m7_v1_development_m7c3_seed710301,m7v1d-m7c3-710301,M7C3,710301,2,state_only_risk_roi,medium,33509,33191,0.9905100122355188,45;45;45;45;45;45;45;45;45;45;45;45;45;45;45;45;45;45;45;45;45;45;45;45;45;45;45;45;45;45;45;45;45;45;45;45;45;45;45;45;45;45;45;75;45;45;45;45,48,0.020833333333333332,0,0,0,0,,,0,0,,0,,,27.3846875,33.75572571520578,0.8993802230309017,afdbae79294eb191f5d693051eb7305e513ad6b6439361093151d72b993fac9a
m7_v1_development_m7c3_seed710301,m7v1d-m7c3-710301,M7C3,710301,2,command_conditioned_risk_roi,medium,33509,33235,0.9918230923035602,45;45;45;45;45;45;45;45;45;45;45;45;45;45;45;45;45;45;45;45;45;45;45;45;45;45;45;45;45;45;45;45;45;45;45;75;45;45;45;45;45;45;45;75;45;45;45;45,48,0.041666666666666664,0,0,0,0,,,0,0,,0,,,27.29953125,33.76925170870602,0.9001591216769674,e382d6896b05cf640a62892c5ec6e00af6b681280328b00775c331e8fcb70dc3
m7_v1_development_m7c3_seed710301,m7v1d-m7c3-710301,M7C3,710301,2,v2_global_only,medium,33509,33213,0.9911665522695395,45;45;45;45;45;45;55;45;45;45;55;45;55;45;45;45;45;45;45;45;45;45;45;45;45;65;45;55;45;45;65;45;45;45;45;45;55;45;45;55;45;45;45;45;45;45;45;45,48,0.16666666666666666,0,0,0,0,,,0,0,,0,,,26.100729166666667,33.96427720631687,0.9008508616524216,71feb93162903acae1bd0b27606a5245f28f27c620e041dde5512b0b7a54f0a9
m7_v1_development_m7c3_seed710301,m7v1d-m7c3-710301,M7C3,710301,2,v2_visible_edges,medium,33509,33213,0.9911665522695395,45;45;45;45;45;45;45;45;45;45;45;45;65;45;45;45;55;45;45;45;45;45;45;45;45;45;45;45;45;45;45;45;45;45;45;55;55;55;45;45;45;65;55;45;45;45;45;45,48,0.14583333333333334,0,0,0,0,,,0,0,,0,,,26.96967013888889,33.82204726159046,0.8999170651484603,d6aa8b28e051b053190749ea1c5853a8cfda2da209e0158bccd29b7166be8486
m7_v1_development_m7c3_seed710301,m7v1d-m7c3-710301,M7C3,710301,2,v2_corridor_edges,medium,33509,33212,0.9911367095407204,45;45;45;45;45;45;55;45;45;45;45;45;55;45;45;45;45;45;45;45;45;45;45;45;45;65;45;55;45;45;65;45;45;45;45;45;55;45;45;55;45;45;45;45;45;45;45;45,48,0.14583333333333334,0,0,0,0,,,0,0,,0,,,26.15644097222222,33.955017103317786,0.9004690211972427,77595de01dfc68e8bb55d03f07d6df56dee3ddae06acc454b04f64f69b4c7637
m7_v1_development_m7c3_seed710301,m7v1d-m7c3-710301,M7C3,710301,2,state_only_risk_roi,high,34871,34235,0.9817613489719251,65;65;65;65;65;65;65;65;65;65;65;65;65;65;65;65;65;65;65;65;65;65;65;65;65;65;65;65;65;65;65;65;65;65;65;65;65;65;65;65;65;65;65;95;65;65;65;65,48,0.020833333333333332,0,0,0,0,,,0,0,,0,,,18.876475694444444,35.37159447671189,0.9224898560832503,e6c64f387d656c5edcaed34cd4302d700af0e77f508679b07f7c0d1a3fd610a2
m7_v1_development_m7c3_seed710301,m7v1d-m7c3-710301,M7C3,710301,2,command_conditioned_risk_roi,high,34871,34421,0.9870952940839093,65;65;65;65;65;65;65;65;65;65;65;65;65;65;65;65;65;65;65;65;65;65;65;65;65;65;65;65;65;65;65;65;65;65;65;95;65;65;65;65;65;65;65;95;65;65;65;65,48,0.041666666666666664,0,0,0,0,,,0,0,,0,,,18.65996527777778,35.421695295862364,0.9243291074883033,207e43973525ba65b492e9f1ed3b697936ef4fe587f083bc00ad2c1d6847e09d
m7_v1_development_m7c3_seed710301,m7v1d-m7c3-710301,M7C3,710301,2,v2_global_only,high,34871,34328,0.9844283215279171,75;65;65;65;65;75;75;65;65;65;75;65;65;75;75;65;65;65;65;75;75;75;75;75;75;75;75;75;75;65;65;75;65;65;65;65;75;65;75;65;65;75;75;65;65;65;65;65,48,0.4375,0,0,0,0,,,0,0,,0,,,16.56142361111111,35.93982695093189,0.9269836473742824,f3f731b0e8b4b5e304fdbd9b10db5420b1ff3c992d1586bb2e6c7d9c26cc3076
m7_v1_development_m7c3_seed710301,m7v1d-m7c3-710301,M7C3,710301,2,v2_visible_edges,high,34871,34328,0.9844283215279171,75;65;65;65;65;75;75;65;75;75;75;75;65;75;75;65;65;65;65;75;75;75;65;75;75;65;75;75;65;65;65;65;65;65;65;65;75;75;75;75;65;75;75;65;65;65;65;65,48,0.4583333333333333,0,0,0,0,,,0,0,,0,,,16.800677083333333,35.87753576306925,0.9263737666380337,b06743adf7c11a0ccf098ede982cf081ac7ef37a2724e1cbb1e0ef276e54e278
m7_v1_development_m7c3_seed710301,m7v1d-m7c3-710301,M7C3,710301,2,v2_corridor_edges,high,34871,34328,0.9844283215279171,65;65;65;65;65;75;75;65;65;65;75;65;65;75;75;65;65;65;65;75;75;75;75;75;75;75;75;75;75;65;65;75;65;65;65;65;75;65;75;65;65;75;75;65;65;65;65;65,48,0.4166666666666667,0,0,0,0,,,0,0,,0,,,16.570868055555554,35.937351015817455,0.9269553485807328,a256b4c745c730fe2767e408fa3db73e064ea893166f7103736a41c9cb38c04a
m7_v1_development_m7c3_seed710301,m7v1d-m7c3-710301,M7C3,710301,3,state_only_risk_roi,severe,31466,31415,0.998379202949215,5;5;5;5;5;5;5;5;5;5;5;5;5;5;5;5;5;5;5;5;5;5;5;5;5;5;5;5;5;5;5;5;5;5;5;5;5;5;5;5;5;5;5;35;5;5;5;5,48,0.020833333333333332,0,0,0,0,,,0,0,,0,,,216.45994791666666,24.777028112544798,0.718824997613527,76c73c7616ae2b286ce30d5ab6de288dc8741ebbd11742d4281305bf3371c7ce
m7_v1_development_m7c3_seed710301,m7v1d-m7c3-710301,M7C3,710301,3,command_conditioned_risk_roi,severe,31466,31432,0.99891946863281,5;5;5;5;5;5;5;5;5;5;5;5;5;5;5;5;5;5;5;5;5;5;5;5;5;5;5;5;5;5;5;5;5;5;5;5;5;5;5;5;5;5;5;35;5;5;5;5,48,0.020833333333333332,0,0,0,0,,,0,0,,0,,,216.45994791666666,24.777028112544798,0.718824997613527,db56460d844c88a3ff551354448bb638711c071c1992f6dd654c860a1359bf10
m7_v1_development_m7c3_seed710301,m7v1d-m7c3-710301,M7C3,710301,3,v2_global_only,severe,31466,31423,0.9986334456238479,15;15;25;25;25;15;15;15;5;5;5;5;5;5;15;15;5;5;5;5;5;5;5;5;5;5;5;5;5;5;5;5;5;5;5;5;5;5;5;5;5;15;15;15;15;15;15;5,48,0.3333333333333333,0,0,0,0,,,0,0,,0,,,188.88427083333335,25.368845669201733,0.722743001855025,45ccfd5122c41171def24e4df1e2c92798f7b203a171e667b75c1ddf35da941f
m7_v1_development_m7c3_seed710301,m7v1d-m7c3-710301,M7C3,710301,3,v2_visible_edges,severe,31466,31423,0.9986334456238479,15;15;15;15;15;15;15;15;5;5;5;5;5;5;15;5;5;5;5;5;5;5;5;5;5;5;5;5;5;5;5;5;5;5;5;15;5;5;5;5;5;15;15;5;5;15;15;5,48,0.2916666666666667,0,0,0,0,,,0,0,,0,,,192.20105902777777,25.293245845663257,0.7193646687641365,fc5e7cbe8f64bb91c820e96626d87e850b87ce1ce24d7f6f9146abe7911ce565
m7_v1_development_m7c3_seed710301,m7v1d-m7c3-710301,M7C3,710301,3,v2_corridor_edges,severe,31466,31423,0.9986334456238479,15;15;15;15;25;15;15;15;5;5;5;5;5;5;15;15;5;5;5;5;5;5;5;5;5;5;5;5;5;5;5;5;5;5;5;5;5;5;5;5;5;15;15;15;15;15;15;5,48,0.3333333333333333,0,0,0,0,,,0,0,,0,,,189.74989583333334,25.34898814714205,0.7205087985912061,72a7204433797764f2626ccec274b35a66685576a2704ed63f9ae6abbed9b84f
m7_v1_development_m7c3_seed710301,m7v1d-m7c3-710301,M7C3,710301,3,state_only_risk_roi,low,32374,31415,0.9703774633965528,5;5;5;5;5;5;5;5;5;5;5;5;5;5;5;5;5;5;5;5;5;5;5;5;5;5;5;5;5;5;5;5;5;5;5;5;5;5;5;5;5;5;5;35;5;5;5;5,48,0.020833333333333332,0,0,0,0,,,0,0,,0,,,216.45994791666666,24.777028112544798,0.718824997613527,85196bd0e8dc7937e030fce4e8716e35c99b68cb856d49aedeadd745dccd447a
m7_v1_development_m7c3_seed710301,m7v1d-m7c3-710301,M7C3,710301,3,command_conditioned_risk_roi,low,32374,31432,0.970902576141348,5;5;5;5;5;5;5;5;5;5;5;5;5;5;5;5;5;5;5;5;5;5;5;5;5;5;5;5;5;5;5;5;5;5;5;5;5;5;5;5;5;5;5;35;5;5;5;5,48,0.020833333333333332,0,0,0,0,,,0,0,,0,,,216.45994791666666,24.777028112544798,0.718824997613527,b3ad3b68d065f79cc8f3133f0e8714dd171acc2d6627b69c7fb58f650936f56d
m7_v1_development_m7c3_seed710301,m7v1d-m7c3-710301,M7C3,710301,3,v2_global_only,low,32374,31423,0.9706245752764564,15;15;25;25;25;15;15;15;5;5;5;5;5;5;15;15;5;5;5;5;5;5;5;5;5;5;5;5;5;5;5;5;5;5;5;5;5;5;5;5;5;15;15;15;15;15;15;5,48,0.3333333333333333,0,0,0,0,,,0,0,,0,,,188.88427083333335,25.368845669201733,0.722743001855025,55207c5b19f1e386712c3eb990708ccb49c94cdbd9594447b932c06c7cb75a5b
m7_v1_development_m7c3_seed710301,m7v1d-m7c3-710301,M7C3,710301,3,v2_visible_edges,low,32374,31423,0.9706245752764564,15;15;15;15;15;15;15;15;5;5;5;5;5;5;15;5;5;5;5;5;5;5;5;5;5;5;5;5;5;5;5;5;5;5;5;15;5;5;5;5;5;15;15;5;5;15;15;5,48,0.2916666666666667,0,0,0,0,,,0,0,,0,,,192.20105902777777,25.293245845663257,0.7193646687641365,9e91b0659bfd8dfa095ff644fdb1640ade8456fa671957e8b91a384cf354a047
m7_v1_development_m7c3_seed710301,m7v1d-m7c3-710301,M7C3,710301,3,v2_corridor_edges,low,32374,31423,0.9706245752764564,15;15;15;15;25;15;15;15;5;5;5;5;5;5;15;15;5;5;5;5;5;5;5;5;5;5;5;5;5;5;5;5;5;5;5;5;5;5;5;5;5;15;15;15;15;15;15;5,48,0.3333333333333333,0,0,0,0,,,0,0,,0,,,189.74989583333334,25.34898814714205,0.7205087985912061,d2249e4d0177a02ff25c6d21ab059be7da0b8ae33ab4761a7a411a35c6fff76d
m7_v1_development_m7c3_seed710301,m7v1d-m7c3-710301,M7C3,710301,3,state_only_risk_roi,medium,33509,33145,0.9891372467098392,45;45;45;45;45;45;45;45;45;45;45;45;45;45;45;45;45;45;45;45;45;45;45;45;45;45;45;45;45;45;45;45;45;45;45;45;45;45;45;45;45;45;45;75;45;45;45;45,48,0.020833333333333332,0,0,0,0,,,0,0,,0,,,25.7196875,34.02814673359509,0.9127169302737311,7b096baef62e8284d06d20e9d77ac81131d288c3c16d91edaf4a6abec120f3f6
m7_v1_development_m7c3_seed710301,m7v1d-m7c3-710301,M7C3,710301,3,command_conditioned_risk_roi,medium,33509,33162,0.9896445730997643,45;45;45;45;45;45;45;45;45;45;45;45;45;45;45;45;45;45;45;45;45;45;45;45;45;45;45;45;45;45;45;45;45;45;45;45;45;45;45;45;45;45;45;75;45;45;45;45,48,0.020833333333333332,0,0,0,0,,,0,0,,0,,,25.7196875,34.02814673359509,0.9127169302737311,f75d8d9dd0efbfeb8d7142453e2870c51f52303cd8c5fe88bdc48d6c5f8c9e48
m7_v1_development_m7c3_seed710301,m7v1d-m7c3-710301,M7C3,710301,3,v2_global_only,medium,33509,33153,0.9893759885403921,45;45;45;45;45;45;55;45;55;45;45;45;45;45;55;45;45;45;45;45;45;45;45;45;45;55;55;45;45;45;55;45;55;55;45;45;45;45;45;55;45;45;45;45;45;45;45;45,48,0.1875,0,0,0,0,,,0,0,,0,,,24.685885416666668,34.20631652051823,0.9139060076841151,2652aac4a487afa17cdf7dc068b0445deb9817aeebef4d26deccbd1741b2f3a9
m7_v1_development_m7c3_seed710301,m7v1d-m7c3-710301,M7C3,710301,3,v2_visible_edges,medium,33509,33153,0.9893759885403921,45;45;45;45;45;45;55;45;55;45;45;45;45;45;55;45;45;45;45;45;45;45;45;45;45;45;45;45;45;45;45;55;55;45;45;45;45;55;45;55;55;55;45;45;45;45;45;45,48,0.1875,0,0,0,0,,,0,0,,0,,,25.25192708333333,34.107858342658055,0.9127210135977207,cd590f0e30b4b81db8fa612829e459cbf04d89ca5bfc87516febd52ea720579a
m7_v1_development_m7c3_seed710301,m7v1d-m7c3-710301,M7C3,710301,3,v2_corridor_edges,medium,33509,33153,0.9893759885403921,45;45;45;45;45;45;55;55;45;45;45;45;45;45;55;45;45;45;45;45;45;45;45;45;45;55;55;45;45;45;55;45;55;55;45;45;45;45;45;55;45;45;45;45;45;45;45;45,48,0.1875,0,0,0,0,,,0,0,,0,,,24.719878472222224,34.200340295228564,0.9136526681932852,08dc4238da13575c8e0136ced74ae98f05866d365dcf6f75f72081844d00db72
m7_v1_development_m7c3_seed710301,m7v1d-m7c3-710301,M7C3,710301,3,state_only_risk_roi,high,34871,34103,0.9779759685698718,65;65;65;65;65;65;65;65;65;65;65;65;65;65;65;65;65;65;65;65;65;65;65;65;65;65;65;65;65;65;65;65;65;65;65;65;65;65;65;65;65;65;65;95;65;65;65;65,48,0.020833333333333332,0,0,0,0,,,0,0,,0,,,18.05027777777778,35.56596471167628,0.932278258346599,f5556dddb043e2b345f8cbb100aaa855b1d2f8f45dc62604a74348e777a77042
m7_v1_development_m7c3_seed710301,m7v1d-m7c3-710301,M7C3,710301,3,command_conditioned_risk_roi,high,34871,34120,0.9784634796822574,65;65;65;65;65;65;65;65;65;65;65;65;65;65;65;65;65;65;65;65;65;65;65;65;65;65;65;65;65;65;65;65;65;65;65;65;65;65;65;65;65;65;65;95;65;65;65;65,48,0.020833333333333332,0,0,0,0,,,0,0,,0,,,18.05027777777778,35.56596471167628,0.932278258346599,a4b67b8c339583e7baf517b6131f7190ffd8abf55f1f824d39d5ac7ea9c5840f
m7_v1_development_m7c3_seed710301,m7v1d-m7c3-710301,M7C3,710301,3,v2_global_only,high,34871,34111,0.9782053855639357,65;65;75;65;65;75;65;65;65;65;65;65;65;65;65;65;65;65;75;75;75;65;65;65;75;75;75;65;65;65;65;65;65;65;75;75;75;65;65;65;75;65;65;65;65;65;65;65,48,0.25,0,0,0,0,,,0,0,,0,,,16.515729166666667,35.95182608388822,0.9349063548774271,d598813adfe3afa31366ef41b2ed2eab2ac5d60278e25dea4bcb307ec81c8a4e
m7_v1_development_m7c3_seed710301,m7v1d-m7c3-710301,M7C3,710301,3,v2_visible_edges,high,34871,34110,0.9781767084396776,65;65;65;65;65;65;65;65;75;75;65;65;65;65;65;65;65;65;65;65;65;65;65;65;65;65;75;65;65;65;65;75;65;75;75;75;75;65;75;65;75;75;65;65;65;65;65;65,48,0.22916666666666666,0,0,0,0,,,0,0,,0,,,16.914392361111112,35.84823960219317,0.9335467781346575,e5432885b1f3e94c1411dc1e6c4bb09823a7097c302f7a4d435e22dbe4060450
m7_v1_development_m7c3_seed710301,m7v1d-m7c3-710301,M7C3,710301,3,v2_corridor_edges,high,34871,34111,0.9782053855639357,65;65;75;65;65;65;65;65;65;65;65;65;65;65;65;65;65;65;75;75;75;65;65;65;75;75;75;65;65;65;65;65;65;65;75;75;75;65;65;65;75;65;65;65;65;65;65;65,48,0.22916666666666666,0,0,0,0,,,0,0,,0,,,16.528680555555557,35.94842174586994,0.9347990865436276,57d7eb816328949e394f3bab96cc607d2c3c6ebefb3356c88c4bfbefced8dec0
m7_v1_development_m7c4_seed710400,m7v1d-m7c4-710400,M7C4,710400,0,state_only_risk_roi,severe,31466,31377,0.9971715502447086,5;5;5;5;5;5;5;5;5;5;5;5;5;5;5;5;5;5;5;5;5;5;5;5;5;5;5;5;5;5;5;5;5;5;5;5;5;5;5;5;5;5;5;5;35;5;5;5,48,0.020833333333333332,1,1,16,12,1.0,0.75,16,0,0.0,11829,110.206836306253,27.70871825535489,164.3925,25.971983608202912,0.8073314778117112,3fda7406c44203fc35a4f5fb83814601c86fb1410c9b0aef5e9e3620ff6028dc
m7_v1_development_m7c4_seed710400,m7v1d-m7c4-710400,M7C4,710400,0,command_conditioned_risk_roi,severe,31466,31386,0.9974575732536707,5;5;5;5;5;5;5;5;5;5;5;5;5;5;5;5;5;5;5;5;5;5;5;5;5;5;5;5;5;5;5;5;5;5;5;5;5;5;5;5;5;5;5;5;35;5;5;5,48,0.020833333333333332,1,1,16,12,1.0,0.75,16,0,0.0,11829,110.206836306253,27.70871825535489,164.3925,25.971983608202912,0.8073314778117112,2eab48437da6973aa0fa3ecc9d2875d6740abeadd2ac49d580209665c20d35d6
m7_v1_development_m7c4_seed710400,m7v1d-m7c4-710400,M7C4,710400,0,v2_global_only,severe,31466,31381,0.997298671582025,5;5;5;5;15;5;25;15;5;5;5;5;15;5;15;5;5;5;5;5;5;5;5;5;5;5;5;5;5;5;5;5;5;5;5;5;5;5;5;5;5;5;5;5;15;5;15;5,48,0.14583333333333334,1,1,16,12,1.0,0.75,16,0,0.0,11829,105.67878377997576,27.89092554375413,151.17098958333332,26.33611904839682,0.8160149011040634,7be0dd481f130632b7ce9122114a2bb27badf178c55699f6ddfb0ab69effe924
m7_v1_development_m7c4_seed710400,m7v1d-m7c4-710400,M7C4,710400,0,v2_visible_edges,severe,31466,31381,0.997298671582025,5;5;5;5;15;5;15;15;5;5;5;5;15;5;15;5;5;5;5;5;5;5;5;5;5;5;5;5;5;5;5;5;5;5;5;5;5;5;15;15;5;5;5;5;5;5;5;5,48,0.14583333333333334,1,1,16,12,1.0,0.75,16,0,0.0,11829,107.46287372840759,27.818219107537686,153.93298611111112,26.257486666309184,0.8131502968236389,c82d008197a2768e7211cd95a297a219227ee5d2770992756f124fe52958ea6d
m7_v1_development_m7c4_seed710400,m7v1d-m7c4-710400,M7C4,710400,0,v2_corridor_edges,severe,31466,31381,0.997298671582025,5;5;5;5;15;5;35;15;5;5;5;5;15;5;15;5;5;5;5;5;5;5;5;5;5;5;5;5;5;5;5;5;5;5;5;5;5;5;5;5;5;5;5;5;5;5;15;5,48,0.125,1,1,16,12,1.0,0.75,16,0,0.0,11829,107.46287372840759,27.818219107537686,152.85414930555555,26.288031284957086,0.8154325644678657,0eb86c638a56857dfe3e0d3245bd6aa41c480d15b99363e81c02179ef9a4b614
m7_v1_development_m7c4_seed710400,m7v1d-m7c4-710400,M7C4,710400,0,state_only_risk_roi,low,32374,32019,0.9890344103292765,25;25;25;25;25;25;25;25;25;25;25;25;25;25;25;25;25;25;25;25;25;25;25;25;25;25;25;25;25;25;25;25;25;25;25;25;25;25;25;25;25;25;25;25;55;25;25;25,48,0.020833333333333332,1,1,16,16,1.0,1.0,16,0,0.0,11829,18.33206526333587,35.49868966176015,30.844201388888887,33.23906830797193,0.9185489623420766,da5bfe91d781e928750cacc82e84c3f0ab46c90c9bdf753707ba4024fec236d9
m7_v1_development_m7c4_seed710400,m7v1d-m7c4-710400,M7C4,710400,0,command_conditioned_risk_roi,low,32374,32028,0.9893124111941681,25;25;25;25;25;25;25;25;25;25;25;25;25;25;25;25;25;25;25;25;25;25;25;25;25;25;25;25;25;25;25;25;25;25;25;25;25;25;25;25;25;25;25;25;55;25;25;25,48,0.020833333333333332,1,1,16,16,1.0,1.0,16,0,0.0,11829,18.33206526333587,35.49868966176015,30.844201388888887,33.23906830797193,0.9185489623420766,3668902055d9c803f702043e0ae88ff7e2c21d9826758c8882de9cbb0c872b9a
m7_v1_development_m7c4_seed710400,m7v1d-m7c4-710400,M7C4,710400,0,v2_global_only,low,32374,32022,0.9891270772842404,25;25;25;25;25;25;35;25;25;25;25;25;25;25;25;35;35;25;25;25;25;25;25;25;35;25;25;25;35;25;25;25;35;25;25;25;25;25;25;25;35;25;25;25;25;25;25;25,48,0.14583333333333334,1,1,16,16,1.0,1.0,16,2,0.125,11829,15.545580071575506,36.21473428815869,29.09815972222222,33.49214837440644,0.9260791822524581,ac04fc7e7ed9dcdec7005d59d6422e02479b46feaebdd03c103d23e877c00614
m7_v1_development_m7c4_seed710400,m7v1d-m7c4-710400,M7C4,710400,0,v2_visible_edges,low,32374,32023,0.9891579662692284,25;25;25;25;25;35;35;25;25;25;25;25;25;25;25;35;25;25;25;25;25;25;25;25;25;25;25;25;35;25;25;25;25;25;25;25;25;25;25;25;25;25;25;25;35;25;25;35,48,0.125,1,1,16,16,1.0,1.0,16,3,0.1875,11829,18.293994984078676,35.507718051954825,30.140225694444446,33.33933860816144,0.9190818279925851,c818915fdae342101c6903e07b3a0c004104ae3fe718436c8d56cee07f3836b1
m7_v1_development_m7c4_seed710400,m7v1d-m7c4-710400,M7C4,710400,0,v2_corridor_edges,low,32374,32023,0.9891579662692284,25;25;25;25;25;25;25;25;25;25;25;25;25;25;25;35;35;25;25;25;25;25;25;25;35;25;25;25;35;25;25;25;35;25;25;25;25;25;25;25;35;25;25;25;25;25;25;25,48,0.125,1,1,16,16,1.0,1.0,16,2,0.125,11829,15.545580071575506,36.21473428815869,29.153125,33.48395246112019,0.9261663990617004,d45a829d567dd2c9e82ca241c4f214763ee5b92369064e4e8ba4a47a672b4019
m7_v1_development_m7c4_seed710400,m7v1d-m7c4-710400,M7C4,710400,0,state_only_risk_roi,medium,33509,32960,0.9836163418783014,65;65;65;65;65;65;65;65;65;65;65;65;65;65;65;65;65;65;65;65;65;65;65;65;65;65;65;65;65;65;65;65;65;65;65;65;65;65;65;65;65;65;65;65;95;65;65;65,48,0.020833333333333332,1,1,16,16,1.0,1.0,16,0,0.0,11829,7.026770366613126,39.663245997516846,12.168819444444445,37.27831913585481,0.9601409618253774,ed1038e401e5849f396736f1ff2e8ef77277372133d6ae86cd9037985e2402bd
m7_v1_development_m7c4_seed710400,m7v1d-m7c4-710400,M7C4,710400,0,command_conditioned_risk_roi,medium,33509,32969,0.9838849264376734,65;65;65;65;65;65;65;65;65;65;65;65;65;65;65;65;65;65;65;65;65;65;65;65;65;65;65;65;65;65;65;65;65;65;65;65;65;65;65;65;65;65;65;65;95;65;65;65,48,0.020833333333333332,1,1,16,16,1.0,1.0,16,0,0.0,11829,7.026770366613126,39.663245997516846,12.168819444444445,37.27831913585481,0.9601409618253774,a76649e6b1bd6f74ce85e6351900c5e05f4c98e412f7152a34aeb337dc92c09c
m7_v1_development_m7c4_seed710400,m7v1d-m7c4-710400,M7C4,710400,0,v2_global_only,medium,33509,32964,0.9837357127935779,75;65;65;65;75;65;65;75;75;65;65;65;75;65;65;65;75;65;65;65;75;65;65;65;75;65;65;75;75;75;65;65;75;65;65;65;65;65;65;65;75;65;65;65;65;75;65;75,48,0.3125,1,1,16,16,1.0,1.0,16,9,0.5625,11829,3.994617747344098,42.11605133703962,9.96453125,38.1462348736744,0.9648388928264288,5e5888994a20ebb75a98f72839b8b433e50370c3a18415701fb406aa0d6196f0
m7_v1_development_m7c4_seed710400,m7v1d-m7c4-710400,M7C4,710400,0,v2_visible_edges,medium,33509,32964,0.9837357127935779,75;65;65;75;75;75;65;65;65;65;65;65;65;75;65;75;65;65;65;65;65;65;65;65;75;65;65;75;65;65;65;65;75;65;65;65;65;65;65;65;65;65;65;65;65;75;75;75,48,0.25,1,1,16,16,1.0,1.0,16,8,0.5,11829,5.1898723476202555,40.979236849859106,10.68939236111111,37.841273424427456,0.9622828754433693,f6f84ac33c0c2a219533b4ab15a30d0b71df5f4a3d8f725e423d379081950a3c
m7_v1_development_m7c4_seed710400,m7v1d-m7c4-710400,M7C4,710400,0,v2_corridor_edges,medium,33509,32964,0.9837357127935779,75;65;65;65;75;65;65;65;75;65;65;65;75;65;65;65;75;65;65;65;75;65;65;65;75;65;65;75;75;75;65;65;75;65;65;65;65;65;65;65;75;65;65;65;65;75;65;75,48,0.2916666666666667,1,1,16,16,1.0,1.0,16,9,0.5625,11829,3.994617747344098,42.11605133703962,9.982725694444444,38.13831223144155,0.9648199734166089,4c0ccbbe22dc8e927a5cdf819a274a71ad05bf9dd0fab9a10d6351071df41769
m7_v1_development_m7c4_seed710400,m7v1d-m7c4-710400,M7C4,710400,0,state_only_risk_roi,high,34871,32960,0.9451980155430013,65;65;65;65;65;65;65;65;65;65;65;65;65;65;65;65;65;65;65;65;65;65;65;65;65;65;65;65;65;65;65;65;65;65;65;65;65;65;65;65;65;65;65;65;95;65;65;65,48,0.020833333333333332,1,1,16,16,1.0,1.0,16,0,0.0,11829,7.026770366613126,39.663245997516846,12.168819444444445,37.27831913585481,0.9601409618253774,a99e1d78badeda9ef36a9844249b561d2ccb90c4b7fcb77ace738033dcd6ad54
m7_v1_development_m7c4_seed710400,m7v1d-m7c4-710400,M7C4,710400,0,command_conditioned_risk_roi,high,34871,32969,0.9454561096613232,65;65;65;65;65;65;65;65;65;65;65;65;65;65;65;65;65;65;65;65;65;65;65;65;65;65;65;65;65;65;65;65;65;65;65;65;65;65;65;65;65;65;65;65;95;65;65;65,48,0.020833333333333332,1,1,16,16,1.0,1.0,16,0,0.0,11829,7.026770366613126,39.663245997516846,12.168819444444445,37.27831913585481,0.9601409618253774,a3f7f9b17e9c0df7496b1a3a5c606ba1c375380b60097c0b98869de410725e4c
m7_v1_development_m7c4_seed710400,m7v1d-m7c4-710400,M7C4,710400,0,v2_global_only,high,34871,32964,0.9453127240400333,75;65;65;65;75;65;65;75;75;65;65;65;75;65;65;65;75;65;65;65;75;65;65;65;75;65;65;75;75;75;65;65;75;65;65;65;65;65;65;65;75;65;65;65;65;75;65;75,48,0.3125,1,1,16,16,1.0,1.0,16,9,0.5625,11829,3.994617747344098,42.11605133703962,9.96453125,38.1462348736744,0.9648388928264288,ce28bb9a68cce0a65eacb20a8bfd6600de73d59862f99eec5a67efb9eecab21d
m7_v1_development_m7c4_seed710400,m7v1d-m7c4-710400,M7C4,710400,0,v2_visible_edges,high,34871,32964,0.9453127240400333,75;65;65;75;75;75;65;65;65;65;65;65;65;75;65;75;65;65;65;65;65;65;65;65;75;65;65;75;65;65;65;65;75;65;65;65;65;65;65;65;65;65;65;65;65;75;75;75,48,0.25,1,1,16,16,1.0,1.0,16,8,0.5,11829,5.1898723476202555,40.979236849859106,10.68939236111111,37.841273424427456,0.9622828754433693,f9730b3dcb6f4b39f5f47a3d809e99fc2adac9dcdfc8c31e7d150cbabfce557c
m7_v1_development_m7c4_seed710400,m7v1d-m7c4-710400,M7C4,710400,0,v2_corridor_edges,high,34871,32964,0.9453127240400333,75;65;65;65;75;65;65;65;75;65;65;65;75;65;65;65;75;65;65;65;75;65;65;65;75;65;65;75;75;75;65;65;75;65;65;65;65;65;65;65;75;65;65;65;65;75;65;75,48,0.2916666666666667,1,1,16,16,1.0,1.0,16,9,0.5625,11829,3.994617747344098,42.11605133703962,9.982725694444444,38.13831223144155,0.9648199734166089,124f11e3a2a4ced9ceddf363c938e9c1eec1026329791ad90ff8cbb22cc985e5
m7_v1_development_m7c4_seed710400,m7v1d-m7c4-710400,M7C4,710400,1,state_only_risk_roi,severe,31466,31432,0.99891946863281,5;5;5;5;5;5;5;5;5;5;5;5;5;5;5;5;5;5;5;5;5;5;5;5;5;5;5;5;5;5;5;5;5;5;5;5;5;5;5;5;5;5;5;5;35;5;5;5,48,0.020833333333333332,1,1,24,22,1.0,0.9166666666666666,24,0,0.0,808,407.32343234323434,22.031409661400193,217.43135416666667,24.75758190208151,0.7565235961900081,107c599ed3872846460970eda9b74b676f9498b4a4c0a71871600cdd430c22fc
m7_v1_development_m7c4_seed710400,m7v1d-m7c4-710400,M7C4,710400,1,command_conditioned_risk_roi,severe,31466,31441,0.9992054916417721,5;5;5;5;5;5;5;5;5;5;5;5;5;5;5;5;5;5;5;5;5;5;5;5;5;5;5;5;5;5;5;5;5;5;5;5;5;5;5;5;5;5;5;5;35;5;5;5,48,0.020833333333333332,1,1,24,22,1.0,0.9166666666666666,24,0,0.0,808,407.32343234323434,22.031409661400193,217.43135416666667,24.75758190208151,0.7565235961900081,62f7c4649673761fbc9f3ae29f28c6ce2e6296360afff26dd491651c1f05a128
m7_v1_development_m7c4_seed710400,m7v1d-m7c4-710400,M7C4,710400,1,v2_global_only,severe,31466,31436,0.9990465899701265,25;15;5;25;15;15;25;5;15;15;15;15;15;15;15;5;5;5;5;5;5;5;5;5;5;5;5;5;5;5;5;5;5;5;5;5;5;5;5;5;5;5;15;15;15;5;15;5,48,0.3541666666666667,1,1,24,22,1.0,0.9166666666666666,24,0,0.0,808,407.32343234323434,22.031409661400193,186.71526041666667,25.419005461651846,0.7620239821567091,cef434146e323886e9d2a768866d00345bdd292f70f7c003e347efbe1c3fc7eb
m7_v1_development_m7c4_seed710400,m7v1d-m7c4-710400,M7C4,710400,1,v2_visible_edges,severe,31466,31436,0.9990465899701265,15;15;5;15;15;15;5;5;5;15;5;5;5;5;5;15;5;5;5;5;5;5;5;5;5;5;5;5;5;5;5;5;5;5;5;5;5;5;5;5;5;5;15;15;5;5;15;5,48,0.20833333333333334,1,1,24,22,1.0,0.9166666666666666,24,0,0.0,808,411.2145214521452,21.990119181219832,197.27550347222223,25.180072004375074,0.7552427601419621,bd47bcaebeb6beffddf97cf0771debcfa37de5f6799847c08dc01879f5ad0a47
m7_v1_development_m7c4_seed710400,m7v1d-m7c4-710400,M7C4,710400,1,v2_corridor_edges,severe,31466,31436,0.9990465899701265,15;15;5;15;15;15;15;5;15;15;15;15;15;15;15;5;5;5;5;5;5;5;5;5;5;5;5;5;5;5;5;5;5;5;5;5;5;5;5;5;5;5;15;15;15;5;15;5,48,0.3541666666666667,1,1,24,22,1.0,0.9166666666666666,24,0,0.0,808,407.32343234323434,22.031409661400193,187.64553819444444,25.39742118580677,0.760227125326096,358703314f872c99102666ed1da123a2859e1e457143162ab4fcae47fe5edb94
m7_v1_development_m7c4_seed710400,m7v1d-m7c4-710400,M7C4,710400,1,state_only_risk_roi,low,32374,32327,0.9985482177055662,25;25;25;25;25;25;25;25;25;25;25;25;25;25;25;25;25;25;25;25;25;25;25;25;25;25;25;25;25;25;25;25;25;25;25;25;25;25;25;25;25;25;25;25;55;25;25;25,48,0.020833333333333332,1,1,24,20,1.0,0.8333333333333334,24,0,0.0,808,139.97194719471946,26.670393566133423,40.080486111111114,32.10147380691034,0.9021138985519425,531f4818ed16085f6cdc4be12111d782397d902a35deac2e62a3e57457a8f054
m7_v1_development_m7c4_seed710400,m7v1d-m7c4-710400,M7C4,710400,1,command_conditioned_risk_roi,low,32374,32336,0.9988262185704577,25;25;25;25;25;25;25;25;25;25;25;25;25;25;25;25;25;25;25;25;25;25;25;25;25;25;25;25;25;25;25;25;25;25;25;25;25;25;25;25;25;25;25;25;55;25;25;25,48,0.020833333333333332,1,1,24,20,1.0,0.8333333333333334,24,0,0.0,808,139.97194719471946,26.670393566133423,40.080486111111114,32.10147380691034,0.9021138985519425,73d482f0f8db5b7205e404c330cd0773ef4e32876bedec244a915393db631263
m7_v1_development_m7c4_seed710400,m7v1d-m7c4-710400,M7C4,710400,1,v2_global_only,low,32374,32331,0.998671773645518,25;25;25;25;25;25;35;25;25;35;25;25;45;25;35;25;25;25;25;25;25;25;25;25;25;25;35;25;25;25;25;25;25;25;25;25;25;25;25;25;25;25;25;25;25;25;25;45,48,0.125,1,1,24,20,1.0,0.8333333333333334,24,3,0.125,808,139.503300330033,26.684958787194613,38.24671875,32.30486178630426,0.9048589738107565,067f1e3fb8cf5df37a64b971303db7f9a0ab15963bc50a79b1cb9a4fbbac7416
m7_v1_development_m7c4_seed710400,m7v1d-m7c4-710400,M7C4,710400,1,v2_visible_edges,low,32374,32331,0.998671773645518,25;25;25;25;25;25;25;25;25;25;25;25;25;25;25;35;25;25;25;25;25;25;25;25;25;25;25;25;25;25;25;25;25;25;25;25;25;35;25;25;25;25;25;25;25;25;25;35,48,0.0625,1,1,24,20,1.0,0.8333333333333334,24,3,0.125,808,135.08498349834983,26.82473286799776,39.10378472222222,32.20861567553098,0.9020773488359056,0bc2bdf7c65e8bb0a201b80a3db68367cfd1e9bbc661bd33e5b971b409587b22
m7_v1_development_m7c4_seed710400,m7v1d-m7c4-710400,M7C4,710400,1,v2_corridor_edges,low,32374,32331,0.998671773645518,25;25;25;25;25;25;35;25;25;35;25;35;55;25;35;25;25;25;25;25;25;25;25;25;25;25;35;25;25;25;25;25;25;25;25;25;25;25;25;25;25;25;25;25;25;25;25;35,48,0.14583333333333334,1,1,24,20,1.0,0.8333333333333334,24,3,0.125,808,141.79579207920793,26.614170179185777,38.38276041666666,32.28944155694718,0.905156337977779,f388cd0952ba0c38d7fb0423f699496a54aeaced431efb8880be0b11b6e95c11
m7_v1_development_m7c4_seed710400,m7v1d-m7c4-710400,M7C4,710400,1,state_only_risk_roi,medium,33509,32984,0.9843325673699603,45;45;45;45;45;45;45;45;45;45;45;45;45;45;45;45;45;45;45;45;45;45;45;45;45;45;45;45;45;45;45;45;45;45;45;45;45;45;45;45;45;45;45;45;75;45;45;45,48,0.020833333333333332,1,1,24,24,1.0,1.0,24,0,0.0,808,98.58663366336634,28.19262323408852,22.963020833333335,34.52051341037881,0.9324256179226141,e38dad50267bc292d112cb5552cc63cbfcd295da3d2634b7751818d692886187
m7_v1_development_m7c4_seed710400,m7v1d-m7c4-710400,M7C4,710400,1,command_conditioned_risk_roi,medium,33509,32993,0.9846011519293324,45;45;45;45;45;45;45;45;45;45;45;45;45;45;45;45;45;45;45;45;45;45;45;45;45;45;45;45;45;45;45;45;45;45;45;45;45;45;45;45;45;45;45;45;75;45;45;45,48,0.020833333333333332,1,1,24,24,1.0,1.0,24,0,0.0,808,98.58663366336634,28.19262323408852,22.963020833333335,34.52051341037881,0.9324256179226141,fd53bd046502da865e2f6cec84cc10dd928507e23d53fdb28dee7cc7275caa6d
m7_v1_development_m7c4_seed710400,m7v1d-m7c4-710400,M7C4,710400,1,v2_global_only,medium,33509,32988,0.9844519382852368,45;45;45;45;45;45;45;45;45;45;45;45;45;45;45;65;45;45;45;45;45;45;45;45;55;55;45;45;45;55;45;45;45;55;45;45;45;45;45;45;45;45;45;45;45;45;45;45,48,0.10416666666666667,1,1,24,24,1.0,1.0,24,0,0.0,808,90.04950495049505,28.585990312510503,21.617135416666667,34.78282217742746,0.9345445547363997,38d8cc899cd5c929c8ffe0b1e2e53a9c1f19229ec5fcd3099cbd6ec84495cb91
m7_v1_development_m7c4_seed710400,m7v1d-m7c4-710400,M7C4,710400,1,v2_visible_edges,medium,33509,32988,0.9844519382852368,45;45;45;45;45;45;45;45;45;45;45;45;45;45;45;55;45;45;45;45;45;45;45;55;55;45;45;45;45;45;45;45;45;45;45;45;45;45;55;45;45;45;45;45;45;45;45;45,48,0.08333333333333333,1,1,24,16,1.0,0.6666666666666666,24,13,0.5416666666666666,808,75.78135313531354,29.335180051921537,22.134565972222223,34.68009350374907,0.9316456091625258,4278268fc4c48b9f99af4d7eea202d37f19fce7cd13200a54830c16ec9ed487f
m7_v1_development_m7c4_seed710400,m7v1d-m7c4-710400,M7C4,710400,1,v2_corridor_edges,medium,33509,32988,0.9844519382852368,45;45;45;45;45;45;45;45;45;55;45;45;55;55;45;65;45;45;45;45;45;45;45;45;55;45;45;45;45;55;45;45;45;55;45;45;45;45;45;45;45;45;45;45;45;45;45;45,48,0.14583333333333334,1,1,24,24,1.0,1.0,24,0,0.0,808,90.04950495049505,28.585990312510503,21.72157986111111,34.761889515528324,0.9343847977715004,35a4086bb9c9057cfd5f75a944f9b57283572176c479af76b083a6df382421a2
m7_v1_development_m7c4_seed710400,m7v1d-m7c4-710400,M7C4,710400,1,state_only_risk_roi,high,34871,33808,0.9695162169137679,65;65;65;65;65;65;65;65;65;65;65;65;65;65;65;65;65;65;65;65;65;65;65;65;65;65;65;65;65;65;65;65;65;65;65;65;65;65;65;65;65;65;65;65;95;65;65;65,48,0.020833333333333332,1,1,24,20,1.0,0.8333333333333334,24,0,0.0,808,43.68770627062706,31.72721117260646,14.554600694444444,36.50080065801304,0.9514602604760704,036f481677e008db1519532d858c8c06c1bee08f4e7abf4461ba66d34713e324
m7_v1_development_m7c4_seed710400,m7v1d-m7c4-710400,M7C4,710400,1,command_conditioned_risk_roi,high,34871,33817,0.9697743110320897,65;65;65;65;65;65;65;65;65;65;65;65;65;65;65;65;65;65;65;65;65;65;65;65;65;65;65;65;65;65;65;65;65;65;65;65;65;65;65;65;65;65;65;65;95;65;65;65,48,0.020833333333333332,1,1,24,20,1.0,0.8333333333333334,24,0,0.0,808,43.68770627062706,31.72721117260646,14.554600694444444,36.50080065801304,0.9514602604760704,adda13ec2160ed400efe62d5801c16a892f418caefeb99c5c233a44425d3cf15
m7_v1_development_m7c4_seed710400,m7v1d-m7c4-710400,M7C4,710400,1,v2_global_only,high,34871,33812,0.9696309254107998,65;65;65;65;65;65;75;75;75;65;65;75;65;65;65;75;65;65;65;65;65;65;65;75;75;65;75;65;65;65;75;75;65;65;75;65;65;65;65;75;65;65;65;65;65;65;65;75,48,0.2708333333333333,1,1,24,20,1.0,0.8333333333333334,24,24,1.0,808,36.92574257425743,32.45751123162604,12.678940972222222,37.0999738091271,0.9536933235777371,5e26194d485f8124c2737205a8c847e9331d1603292cd0bdb819127214578592
m7_v1_development_m7c4_seed710400,m7v1d-m7c4-710400,M7C4,710400,1,v2_visible_edges,high,34871,33812,0.9696309254107998,65;65;65;65;65;65;75;65;75;65;65;65;65;65;65;75;65;75;75;65;65;65;65;75;65;65;75;65;65;65;65;75;65;75;75;75;75;65;75;65;65;65;65;65;65;65;65;65,48,0.2708333333333333,1,1,24,20,1.0,0.8333333333333334,24,21,0.875,808,35.40759075907591,32.6398398383122,13.174878472222222,36.93333742986112,0.9522340537398749,a13c410f396bc63790f370dd9e62ba327d700a93782849bab129b936b6318c03
m7_v1_development_m7c4_seed710400,m7v1d-m7c4-710400,M7C4,710400,1,v2_corridor_edges,high,34871,33812,0.9696309254107998,65;65;65;75;65;75;75;75;75;75;75;75;65;65;75;75;65;65;65;65;65;65;65;75;75;65;75;65;65;65;65;75;65;65;75;75;65;65;65;75;65;65;65;65;65;65;65;75,48,0.375,1,1,24,20,1.0,0.8333333333333334,24,24,1.0,808,36.92574257425743,32.45751123162604,12.7428125,37.07815068000028,0.9538025255270147,0ecc43ce4152f9b985692598b5d5b99488a40a6d887694753d32aa98c9e9f62b
m7_v1_development_m7c4_seed710400,m7v1d-m7c4-710400,M7C4,710400,2,state_only_risk_roi,severe,31466,31375,0.9971079895760503,5;5;5;5;5;5;5;5;5;5;5;5;5;5;5;5;5;5;5;5;5;5;5;5;5;5;5;5;5;5;5;5;5;5;5;5;5;5;5;5;5;5;5;5;35;5;5;5,48,0.020833333333333332,0,0,0,0,,,0,0,,0,,,196.73638888888888,25.191956652493936,0.7629654634287785,8cc55630c0d81a0bf462ea7240329d0ca21fa9bd2b4cc34ef1ed31755151d7fd
m7_v1_development_m7c4_seed710400,m7v1d-m7c4-710400,M7C4,710400,2,command_conditioned_risk_roi,severe,31466,31386,0.9974575732536707,5;5;5;5;5;5;5;5;5;5;5;5;5;5;5;5;5;5;5;5;5;5;5;5;5;5;5;5;5;5;5;5;5;5;5;5;5;5;5;5;5;5;5;5;35;5;5;5,48,0.020833333333333332,0,0,0,0,,,0,0,,0,,,196.73638888888888,25.191956652493936,0.7629654634287785,cb86dcfc37703318b76fd3238b2103ee21c3f0245711dc91371e26fa18a97ab3
m7_v1_development_m7c4_seed710400,m7v1d-m7c4-710400,M7C4,710400,2,v2_global_only,severe,31466,31380,0.997266891247696,5;15;15;15;15;15;15;15;5;15;15;15;5;5;15;15;5;5;5;5;5;5;5;5;5;5;5;5;5;5;5;5;5;5;5;5;5;5;5;5;5;5;15;5;15;5;5;5,48,0.2916666666666667,0,0,0,0,,,0,0,,0,,,175.21727430555555,25.69503440738135,0.7583067086634614,e388fb30e2524bf2ed10ed221cb99fda2e754c01abc613981d6c75f51d04a58d
m7_v1_development_m7c4_seed710400,m7v1d-m7c4-710400,M7C4,710400,2,v2_visible_edges,severe,31466,31380,0.997266891247696,5;5;15;15;15;15;15;5;5;15;15;5;5;5;5;5;5;5;5;5;5;5;5;5;5;5;5;5;5;5;5;5;5;5;5;5;5;15;5;5;5;5;15;5;15;5;5;5,48,0.20833333333333334,0,0,0,0,,,0,0,,0,,,181.8857986111111,25.532815695867342,0.7515304961956603,cfd97949d88b8ae953e4b5a00f4996c16e478a2298ff8e3aca0146ce51132acd
m7_v1_development_m7c4_seed710400,m7v1d-m7c4-710400,M7C4,710400,2,v2_corridor_edges,severe,31466,31380,0.997266891247696,5;15;15;25;15;15;15;15;5;15;15;5;5;5;5;15;5;5;5;5;5;5;5;5;5;5;5;5;5;5;5;5;5;5;5;5;5;5;5;5;5;5;15;5;15;5;5;5,48,0.25,0,0,0,0,,,0,0,,0,,,178.80432291666668,25.60702346429494,0.7533155342345182,3a93c5afc0939877ca9f3aeb926cfa966d883975ca72a77022beb7b679049179
m7_v1_development_m7c4_seed710400,m7v1d-m7c4-710400,M7C4,710400,2,state_only_risk_roi,low,32374,32190,0.9943164267622165,25;25;25;25;25;25;25;25;25;25;25;25;25;25;25;25;25;25;25;25;25;25;25;25;25;25;25;25;25;25;25;25;25;25;25;25;25;25;25;25;25;25;25;25;55;25;25;25,48,0.020833333333333332,0,0,0,0,,,0,0,,0,,,32.063402777777775,33.07070750236186,0.9029187900545349,1d708675954c17384e1a11abed6c1c6b145714dc0cae0216b5c04eaed3ce1fda
m7_v1_development_m7c4_seed710400,m7v1d-m7c4-710400,M7C4,710400,2,command_conditioned_risk_roi,low,32374,32201,0.9946562055970841,25;25;25;25;25;25;25;25;25;25;25;25;25;25;25;25;25;25;25;25;25;25;25;25;25;25;25;25;25;25;25;25;25;25;25;25;25;25;25;25;25;25;25;25;55;25;25;25,48,0.020833333333333332,0,0,0,0,,,0,0,,0,,,32.063402777777775,33.07070750236186,0.9029187900545349,2cc76c334af2302630d37f882bc4eacbe0d599959aec0ef3faab5cd4565ade07
m7_v1_development_m7c4_seed710400,m7v1d-m7c4-710400,M7C4,710400,2,v2_global_only,low,32374,32195,0.9944708716871563,25;25;25;25;25;25;25;25;25;35;25;25;25;25;25;25;25;25;25;25;25;25;25;25;25;35;25;25;25;35;25;35;25;25;25;25;25;25;25;25;25;25;25;25;25;25;25;25,48,0.08333333333333333,0,0,0,0,,,0,0,,0,,,30.044131944444445,33.35320700269821,0.9039476813764041,65d3abdb34f15432770eb691ed0d71c997a52ceb5aa2a1aa9b4185c08b41483f
m7_v1_development_m7c4_seed710400,m7v1d-m7c4-710400,M7C4,710400,2,v2_visible_edges,low,32374,32195,0.9944708716871563,25;25;25;25;25;25;25;25;25;35;25;25;25;25;25;25;25;25;25;25;25;25;25;25;25;25;25;25;25;35;25;25;25;25;25;45;25;25;25;35;25;25;25;25;25;25;25;25,48,0.08333333333333333,0,0,0,0,,,0,0,,0,,,30.802309027777778,33.24497087210478,0.90357244486396,8d531e2f0503e8bcbab6bb5f822ee60b4ba0ab826797a433d41b58a3fdfb12e4
m7_v1_development_m7c4_seed710400,m7v1d-m7c4-710400,M7C4,710400,2,v2_corridor_edges,low,32374,32195,0.9944708716871563,25;25;25;35;25;25;25;25;25;35;25;25;25;25;25;25;25;25;25;25;25;25;25;25;25;35;25;25;25;45;25;25;25;25;25;25;25;25;25;25;25;25;25;25;25;25;25;25,48,0.08333333333333333,0,0,0,0,,,0,0,,0,,,30.324288194444446,33.312897454547105,0.9038278505780327,cbdf46d7d6ad7d0acc6299e55e91c2b19a3095709080288259c710c19a585250
m7_v1_development_m7c4_seed710400,m7v1d-m7c4-710400,M7C4,710400,2,state_only_risk_roi,medium,33509,32803,0.978931033453699,45;45;45;45;45;45;45;45;45;45;45;45;45;45;45;45;45;45;45;45;45;45;45;45;45;45;45;45;45;45;45;45;45;45;45;45;45;45;45;45;45;45;45;45;75;45;45;45,48,0.020833333333333332,0,0,0,0,,,0,0,,0,,,17.8775,35.60773574155003,0.9338550911449431,99effdc1750a8a42887ba379a173eb8520164b68cc64b1041b57647d18527b2b
m7_v1_development_m7c4_seed710400,m7v1d-m7c4-710400,M7C4,710400,2,command_conditioned_risk_roi,medium,33509,32814,0.9792593034707093,45;45;45;45;45;45;45;45;45;45;45;45;45;45;45;45;45;45;45;45;45;45;45;45;45;45;45;45;45;45;45;45;45;45;45;45;45;45;45;45;45;45;45;45;75;45;45;45,48,0.020833333333333332,0,0,0,0,,,0,0,,0,,,17.8775,35.60773574155003,0.9338550911449431,bde7a3aef81b10d71440c390aa44b071f4daf9c5f559b29dbe34741124f54ae5
m7_v1_development_m7c4_seed710400,m7v1d-m7c4-710400,M7C4,710400,2,v2_global_only,medium,33509,32808,0.9790802470977946,45;45;45;45;55;45;45;45;45;55;45;45;45;45;45;45;45;45;45;45;45;45;45;45;55;65;45;45;45;45;55;45;45;45;45;45;45;45;45;55;45;45;45;45;45;45;45;45,48,0.125,0,0,0,0,,,0,0,,0,,,17.068159722222223,35.80893662574989,0.9340711970938763,e3b8bc1beb42462fd29fb967ddfbd8bf148a45e85996cabf6c3fb3c3bbe8a9ae
m7_v1_development_m7c4_seed710400,m7v1d-m7c4-710400,M7C4,710400,2,v2_visible_edges,medium,33509,32808,0.9790802470977946,45;45;45;45;55;45;45;45;45;55;45;45;45;45;45;55;45;45;45;45;55;45;55;45;45;45;45;45;45;45;55;45;45;45;45;45;55;45;45;45;45;45;45;45;45;45;45;45,48,0.14583333333333334,0,0,0,0,,,0,0,,0,,,17.491857638888888,35.702444267764186,0.9339184242535282,6b126a52268bc1a76a203918c4a3666ae1dc9b13fb7d76a718a93c70ce00a1cc
m7_v1_development_m7c4_seed710400,m7v1d-m7c4-710400,M7C4,710400,2,v2_corridor_edges,medium,33509,32808,0.9790802470977946,45;45;45;45;55;45;45;45;45;55;45;45;45;45;45;55;45;45;45;45;45;45;45;45;55;65;45;45;45;45;55;45;45;45;45;45;45;45;45;45;45;45;45;45;45;45;45;45,48,0.125,0,0,0,0,,,0,0,,0,,,17.138055555555557,35.79118814540714,0.9340765677106665,04b4b04548e66bd328342b322fbbb752acabdd4a5a8c2af2e2cbbcf1862d69ef
m7_v1_development_m7c4_seed710400,m7v1d-m7c4-710400,M7C4,710400,2,state_only_risk_roi,high,34871,33570,0.9626910613403687,65;65;65;65;65;65;65;65;65;65;65;65;65;65;65;65;65;65;65;65;65;65;65;65;65;65;65;65;65;65;65;65;65;65;65;65;65;65;65;65;65;65;65;65;95;65;65;65,48,0.020833333333333332,0,0,0,0,,,0,0,,0,,,12.711475694444445,37.08884389483686,0.9504172963057878,64c794aea612db5a8cefd39e70db360f842002cfe4db1f0777ff88c919d8634f
m7_v1_development_m7c4_seed710400,m7v1d-m7c4-710400,M7C4,710400,2,command_conditioned_risk_roi,high,34871,33581,0.9630065097072066,65;65;65;65;65;65;65;65;65;65;65;65;65;65;65;65;65;65;65;65;65;65;65;65;65;65;65;65;65;65;65;65;65;65;65;65;65;65;65;65;65;65;65;65;95;65;65;65,48,0.020833333333333332,0,0,0,0,,,0,0,,0,,,12.711475694444445,37.08884389483686,0.9504172963057878,3546c60f66cff97f5410e5e9630e510a52009d383cac9f6b1c64ce6c5c39ea6c
m7_v1_development_m7c4_seed710400,m7v1d-m7c4-710400,M7C4,710400,2,v2_global_only,high,34871,33575,0.9628344469616587,75;75;65;65;75;75;75;75;65;65;65;65;65;65;65;65;65;65;75;65;75;65;65;65;65;65;75;65;75;75;75;75;65;75;75;65;75;65;75;65;65;65;65;65;65;65;65;65,48,0.3541666666666667,0,0,0,0,,,0,0,,0,,,11.424392361111112,37.55247250702328,0.9518043714728267,47dea9280328436fd2ee254ab4614bc270da5c93922bfc2289d64bac69fc884e
m7_v1_development_m7c4_seed710400,m7v1d-m7c4-710400,M7C4,710400,2,v2_visible_edges,high,34871,33575,0.9628344469616587,65;75;65;65;65;75;75;75;65;65;65;65;65;65;65;65;65;75;65;65;65;65;65;65;65;65;75;65;75;75;75;75;65;75;75;75;65;75;75;65;65;65;65;65;65;65;65;65,48,0.3125,0,0,0,0,,,0,0,,0,,,11.511163194444444,37.51961149887617,0.9519969121440232,43176f5b0bea11f26312ea1caebb42421b54c254f3f0c0ecf25d236fab2fcf32
m7_v1_development_m7c4_seed710400,m7v1d-m7c4-710400,M7C4,710400,2,v2_corridor_edges,high,34871,33575,0.9628344469616587,75;75;65;75;75;75;75;75;65;75;65;65;75;65;65;65;65;65;65;65;75;65;65;65;65;65;75;65;75;75;75;75;65;75;75;65;75;65;75;65;65;65;65;65;65;65;65;65,48,0.3958333333333333,0,0,0,0,,,0,0,,0,,,11.44390625,37.54506069518192,0.9517738499733307,c047827768911d44c644f482cf6f351a717164c5b7c1badea7c32e362bd0c772
m7_v1_development_m7c4_seed710400,m7v1d-m7c4-710400,M7C4,710400,3,state_only_risk_roi,severe,31466,31416,0.9984109832835442,5;5;5;5;5;5;5;5;5;5;5;5;5;5;5;5;5;5;5;5;5;5;5;5;5;5;5;5;5;5;5;5;5;5;5;5;5;5;5;5;5;5;5;5;35;5;5;5,48,0.020833333333333332,0,0,0,0,,,0,0,,0,,,194.50072916666667,25.241591270701107,0.7504985733013881,7adc6738c37cfa025739f78d28fbaf84797a8d6aa5df45a7a9cd76808efa3b5c
m7_v1_development_m7c4_seed710400,m7v1d-m7c4-710400,M7C4,710400,3,command_conditioned_risk_roi,severe,31466,31429,0.9988241276298226,5;5;5;5;5;5;5;5;5;5;5;5;5;5;5;5;5;5;5;5;5;5;5;5;5;5;5;5;5;5;5;5;5;5;5;5;5;5;5;5;5;5;5;5;35;5;5;5,48,0.020833333333333332,0,0,0,0,,,0,0,,0,,,194.50072916666667,25.241591270701107,0.7504985733013881,b9cf192440cab89cc1effbb378c47e611a443bf4d61f5627c3cde149cb557d90
m7_v1_development_m7c4_seed710400,m7v1d-m7c4-710400,M7C4,710400,3,v2_global_only,severe,31466,31422,0.9986016652895189,15;15;25;15;15;15;15;25;15;15;5;5;15;15;5;15;5;5;5;5;5;5;5;5;5;5;5;5;5;5;5;5;5;5;5;5;5;5;5;5;15;5;5;5;5;5;5;5,48,0.2916666666666667,0,0,0,0,,,0,0,,0,,,171.6898611111111,25.783357115631883,0.7443405996057303,0992b9e70d2254bb91c230bbac5c496d6bf4868ed149dfa4851f62da7b06019b
m7_v1_development_m7c4_seed710400,m7v1d-m7c4-710400,M7C4,710400,3,v2_visible_edges,severe,31466,31422,0.9986016652895189,15;15;15;15;15;15;15;15;15;15;5;5;15;15;5;15;5;5;5;5;5;5;5;5;5;5;5;5;5;5;5;5;5;5;5;5;5;5;5;5;15;5;5;5;5;5;5;5,48,0.2916666666666667,0,0,0,0,,,0,0,,0,,,172.37663194444445,25.766019700604392,0.7435888141846906,2fc7dae140b72323e0e8ba0c8ddbee6411320316f34d99a71deb2c3b1da5784c
m7_v1_development_m7c4_seed710400,m7v1d-m7c4-710400,M7C4,710400,3,v2_corridor_edges,severe,31466,31422,0.9986016652895189,15;15;25;15;15;15;15;25;15;15;5;5;5;15;5;15;5;5;5;5;5;5;5;5;5;5;5;5;5;5;5;5;5;5;5;5;5;5;5;5;15;5;5;5;5;5;5;5,48,0.2708333333333333,0,0,0,0,,,0,0,,0,,,173.61256944444443,25.73499196232796,0.7419088857166672,5edfbb0a8c4de3509b9f6d4d32705ba47ed49dc114ae0576425f48f0b18cf0da
m7_v1_development_m7c4_seed710400,m7v1d-m7c4-710400,M7C4,710400,3,state_only_risk_roi,low,32374,32239,0.9958299870266263,25;25;25;25;25;25;25;25;25;25;25;25;25;25;25;25;25;25;25;25;25;25;25;25;25;25;25;25;25;25;25;25;25;25;25;25;25;25;25;25;25;25;25;25;55;25;25;25,48,0.020833333333333332,0,0,0,0,,,0,0,,0,,,33.795885416666664,32.84216531880518,0.8972158952898047,724993c23d6c9d68312a6f6faab63393900199af1956d4b7c77462a5a8e12c3c
m7_v1_development_m7c4_seed710400,m7v1d-m7c4-710400,M7C4,710400,3,command_conditioned_risk_roi,low,32374,32252,0.9962315438314697,25;25;25;25;25;25;25;25;25;25;25;25;25;25;25;25;25;25;25;25;25;25;25;25;25;25;25;25;25;25;25;25;25;25;25;25;25;25;25;25;25;25;25;25;55;25;25;25,48,0.020833333333333332,0,0,0,0,,,0,0,,0,,,33.795885416666664,32.84216531880518,0.8972158952898047,49df585ec674551d67cf7f026fd494eef3cc3fb5c2cac17172dbb1fb82e969be
m7_v1_development_m7c4_seed710400,m7v1d-m7c4-710400,M7C4,710400,3,v2_global_only,low,32374,32245,0.996015320936554,25;25;35;35;45;25;35;25;35;25;35;25;25;25;25;25;25;25;25;25;25;25;35;25;25;35;25;35;25;25;25;25;25;25;25;25;25;25;25;25;25;25;25;25;25;25;25;25,48,0.1875,0,0,0,0,,,0,0,,0,,,31.758368055555554,33.11222183318033,0.8998346676467599,549d4eeb0ee11cc5f7cdf13eda4df1a76934311df4b313c579adaa3d58657f6b
m7_v1_development_m7c4_seed710400,m7v1d-m7c4-710400,M7C4,710400,3,v2_visible_edges,low,32374,32245,0.996015320936554,25;25;35;25;25;25;25;25;35;25;25;25;25;25;25;25;25;25;25;25;25;25;25;25;25;35;25;25;25;25;25;25;35;25;35;25;25;25;25;35;25;25;25;25;25;25;25;25,48,0.125,0,0,0,0,,,0,0,,0,,,32.482204861111114,33.01434859802649,0.8975436975246368,ad7e161216e6469906bf384b3de5b221af497cdaf7eedd73efb0b9c2f8c4ab0d
m7_v1_development_m7c4_seed710400,m7v1d-m7c4-710400,M7C4,710400,3,v2_corridor_edges,low,32374,32245,0.996015320936554,25;25;35;35;35;25;35;25;35;25;25;25;25;25;25;25;25;25;25;25;25;25;35;25;25;35;25;35;25;25;25;25;25;25;25;25;25;25;25;25;25;25;25;25;25;25;25;25,48,0.16666666666666666,0,0,0,0,,,0,0,,0,,,31.856319444444445,33.09884763203916,0.899986677785197,87e3fa859a5655e93fbcf7905da1000b129dd3f2683ed12dde90dd092f6a9b43
m7_v1_development_m7c4_seed710400,m7v1d-m7c4-710400,M7C4,710400,3,state_only_risk_roi,medium,33509,32899,0.9817959354203348,45;45;45;45;45;45;45;45;45;45;45;45;45;45;45;45;45;45;45;45;45;45;45;45;45;45;45;45;45;45;45;45;45;45;45;45;45;45;45;45;45;45;45;45;75;45;45;45,48,0.020833333333333332,0,0,0,0,,,0,0,,0,,,19.531770833333333,35.2233874081197,0.9302997126698065,dfa7f96695be0b439597103993c77a53f7d0eb5baf4eb373d4f2c68992207fed
m7_v1_development_m7c4_seed710400,m7v1d-m7c4-710400,M7C4,710400,3,command_conditioned_risk_roi,medium,33509,32912,0.9821838908949835,45;45;45;45;45;45;45;45;45;45;45;45;45;45;45;45;45;45;45;45;45;45;45;45;45;45;45;45;45;45;45;45;45;45;45;45;45;45;45;45;45;45;45;45;75;45;45;45,48,0.020833333333333332,0,0,0,0,,,0,0,,0,,,19.531770833333333,35.2233874081197,0.9302997126698065,22bf33a355091616ce93b92aa3e86654fb7a733f0a2e0f527c2a4ac18ccaad79
m7_v1_development_m7c4_seed710400,m7v1d-m7c4-710400,M7C4,710400,3,v2_global_only,medium,33509,32905,0.9819749917932495,45;45;45;45;45;55;45;55;45;45;45;55;55;65;45;55;45;45;45;45;45;45;45;45;45;45;55;45;45;55;45;55;45;45;55;55;45;45;45;45;45;45;45;45;45;45;45;45,48,0.22916666666666666,0,0,0,0,,,0,0,,0,,,18.664149305555554,35.42072160890211,0.9309637432923364,73fa3e60a57db71ec2480c9802806d8aa1a07d7be60ac998f27a4c069783963f
m7_v1_development_m7c4_seed710400,m7v1d-m7c4-710400,M7C4,710400,3,v2_visible_edges,medium,33509,32905,0.9819749917932495,45;45;45;45;45;45;45;45;45;45;45;55;45;55;45;55;55;45;45;45;45;45;45;45;45;45;55;45;45;45;45;55;55;45;45;45;45;45;45;55;45;45;45;45;45;45;45;45,48,0.16666666666666666,0,0,0,0,,,0,0,,0,,,18.897256944444443,35.366815926919706,0.930775749014955,fe1f668f986968cbd3e85503c9685b50664fca2dc00352e7dcb2944ab99f05b3
m7_v1_development_m7c4_seed710400,m7v1d-m7c4-710400,M7C4,710400,3,v2_corridor_edges,medium,33509,32905,0.9819749917932495,45;45;45;45;45;45;45;45;45;45;45;55;55;55;45;55;45;45;45;45;45;45;45;45;45;45;55;45;45;55;45;55;45;45;55;55;45;45;45;45;45;45;45;45;45;45;45;45,48,0.1875,0,0,0,0,,,0,0,,0,,,18.672135416666666,35.41886372504135,0.9308781689412244,9a2e3e74210aac755379d7268a3ecbb43c20cbbdd92ead44e0b8f1ec1fe4ee7b
m7_v1_development_m7c4_seed710400,m7v1d-m7c4-710400,M7C4,710400,3,state_only_risk_roi,high,34871,33694,0.9662470247483582,65;65;65;65;65;65;65;65;65;65;65;65;65;65;65;65;65;65;65;65;65;65;65;65;65;65;65;65;65;65;65;65;65;65;65;65;65;65;65;65;65;65;65;65;95;65;65;65,48,0.020833333333333332,0,0,0,0,,,0,0,,0,,,13.244791666666666,36.91035229395751,0.9468049322896827,bc2ae615a141ff80427c52dc91e1cb9de063d720df7f8a2598489b924fd767d5
m7_v1_development_m7c4_seed710400,m7v1d-m7c4-710400,M7C4,710400,3,command_conditioned_risk_roi,high,34871,33707,0.966619827363712,65;65;65;65;65;65;65;65;65;65;65;65;65;65;65;65;65;65;65;65;65;65;65;65;65;65;65;65;65;65;65;65;65;65;65;65;65;65;65;65;65;65;65;65;95;65;65;65,48,0.020833333333333332,0,0,0,0,,,0,0,,0,,,13.244791666666666,36.91035229395751,0.9468049322896827,6856a690fb906a5ef725a05507da00010d404b05c3a69db4f96b9f77a0caac0d
m7_v1_development_m7c4_seed710400,m7v1d-m7c4-710400,M7C4,710400,3,v2_global_only,high,34871,33700,0.9664190874939061,75;65;75;65;65;65;75;65;75;65;75;65;65;65;65;65;65;65;75;75;65;75;65;75;75;75;75;75;65;65;75;75;65;65;65;65;65;65;65;75;65;65;65;65;65;65;65;65,48,0.3333333333333333,0,0,0,0,,,0,0,,0,,,12.04467013888889,37.322854501675856,0.9484503037472082,bb94c7f031c3faccfe904cccc437b8feb47ab1f2b83bcca40b6bbceb9c88e970
m7_v1_development_m7c4_seed710400,m7v1d-m7c4-710400,M7C4,710400,3,v2_visible_edges,high,34871,33699,0.9663904103696481,65;65;75;65;65;65;65;65;65;65;65;65;65;65;65;65;65;65;65;65;65;75;75;65;75;75;75;75;65;75;75;65;65;65;75;65;75;65;75;75;65;65;65;65;65;65;65;65,48,0.2708333333333333,0,0,0,0,,,0,0,,0,,,12.287135416666667,37.23629716203011,0.9472657698476697,597af0a46545d6b8a669494aafc09e7d67471d100e82c7e04178e05d5a7f822c
m7_v1_development_m7c4_seed710400,m7v1d-m7c4-710400,M7C4,710400,3,v2_corridor_edges,high,34871,33700,0.9664190874939061,75;75;75;65;65;65;75;65;75;65;75;65;65;65;75;75;65;65;65;75;65;75;65;75;75;75;75;75;65;65;75;75;65;65;65;65;65;65;65;75;65;65;65;65;65;65;65;65,48,0.375,0,0,0,0,,,0,0,,0,,,12.064878472222222,37.31557409186645,0.9482238174565052,32add9ae408bd12acd6c7cd3f624baa9ed3bc19c0e950650cead37d45c2b50f3
m7_v1_development_m7c4_seed710401,m7v1d-m7c4-710401,M7C4,710401,0,state_only_risk_roi,severe,31466,31376,0.9971397699103794,5;5;5;5;5;5;5;5;5;5;5;5;5;5;5;5;5;5;5;5;5;5;5;5;5;5;5;5;5;5;5;5;5;5;5;5;5;5;5;5;5;5;5;5;35;5;5;5,48,0.020833333333333332,1,1,20,20,1.0,1.0,20,0,0.0,11942,107.3068721040585,27.82452825096712,157.76847222222221,26.150601408787537,0.8242702664096141,a47b8c9210d5532cc382cc5c168562306cd045bab607574b7643b0e097b7628c
m7_v1_development_m7c4_seed710401,m7v1d-m7c4-710401,M7C4,710401,0,command_conditioned_risk_roi,severe,31466,31385,0.9974257929193415,5;5;5;5;5;5;5;5;5;5;5;5;5;5;5;5;5;5;5;5;5;5;5;5;5;5;5;5;5;5;5;5;5;5;5;5;5;5;5;5;5;5;5;5;35;5;5;5,48,0.020833333333333332,1,1,20,20,1.0,1.0,20,0,0.0,11942,107.3068721040585,27.82452825096712,157.76847222222221,26.150601408787537,0.8242702664096141,8ce75e280911ca385b0183e877d43b546becfda4c581b5b23df0b15d585c6856
m7_v1_development_m7c4_seed710401,m7v1d-m7c4-710401,M7C4,710401,0,v2_global_only,severe,31466,31379,0.9972351109133668,5;5;5;5;15;5;25;15;5;5;5;5;15;5;15;5;5;5;5;5;5;5;5;5;5;5;5;5;5;5;5;5;5;5;5;5;5;5;5;5;5;5;5;5;15;5;15;5,48,0.14583333333333334,1,1,20,20,1.0,1.0,20,0,0.0,11942,102.82054932172166,28.010004411000228,144.81831597222222,26.52256867911346,0.8322575663345514,1d5a4eae7bdca6700c3e77bac92605672bb0a8bb0e04c72ef4e87319dfde8c46
m7_v1_development_m7c4_seed710401,m7v1d-m7c4-710401,M7C4,710401,0,v2_visible_edges,severe,31466,31380,0.997266891247696,5;5;5;5;15;5;25;15;5;5;5;5;15;5;15;15;5;5;5;5;5;5;5;5;5;5;5;5;5;5;5;5;5;5;5;5;5;5;5;15;5;5;5;5;5;5;5;5,48,0.14583333333333334,1,1,20,20,1.0,1.0,20,0,0.0,11942,104.56766035839892,27.936829698309925,147.9636111111111,26.42925438964675,0.8295497085403597,63da838279d57b54d6d8ced7a7001336830f00781bcf92231c51e365bf7a1164
m7_v1_development_m7c4_seed710401,m7v1d-m7c4-710401,M7C4,710401,0,v2_corridor_edges,severe,31466,31380,0.997266891247696,5;5;5;5;15;5;35;15;5;5;5;5;15;5;15;5;5;5;5;5;5;5;5;5;5;5;5;5;5;5;5;5;5;5;5;5;5;5;5;5;5;5;5;5;5;5;15;5,48,0.125,1,1,20,20,1.0,1.0,20,0,0.0,11942,104.56766035839892,27.936829698309925,146.41958333333332,26.474811942219073,0.8315846127176215,1d6d8722c9f5bd6dbff5a16ca022d68c6986c38ca0e461aeb8c2e9746dffa5d2
m7_v1_development_m7c4_seed710401,m7v1d-m7c4-710401,M7C4,710401,0,state_only_risk_roi,low,32374,32000,0.9884475196145055,25;25;25;25;25;25;25;25;25;25;25;25;25;25;25;25;25;25;25;25;25;25;25;25;25;25;25;25;25;25;25;25;25;25;25;25;25;25;25;25;25;25;25;25;55;25;25;25,48,0.020833333333333332,1,1,20,20,1.0,1.0,20,0,0.0,11942,18.355970524200302,35.49303009229655,30.246649305555554,33.32403089935851,0.9391657999308309,2832ef761c459d0dbb860e8891e2c8befb97ecc13913d1b97bd5d10bde4fee3f
m7_v1_development_m7c4_seed710401,m7v1d-m7c4-710401,M7C4,710401,0,command_conditioned_risk_roi,low,32374,32009,0.9887255204793971,25;25;25;25;25;25;25;25;25;25;25;25;25;25;25;25;25;25;25;25;25;25;25;25;25;25;25;25;25;25;25;25;25;25;25;25;25;25;25;25;25;25;25;25;55;25;25;25,48,0.020833333333333332,1,1,20,20,1.0,1.0,20,0,0.0,11942,18.355970524200302,35.49303009229655,30.246649305555554,33.32403089935851,0.9391657999308309,87ad989f49195921152cf4111106694ed4b3708198e8698f02e1ff64855ae778
m7_v1_development_m7c4_seed710401,m7v1d-m7c4-710401,M7C4,710401,0,v2_global_only,low,32374,32003,0.9885401865694693,25;25;25;25;25;25;35;25;25;25;25;25;25;25;25;35;25;25;25;25;25;25;25;25;25;25;25;25;35;25;35;25;25;25;25;25;25;25;25;25;25;25;25;25;25;35;25;25,48,0.10416666666666667,1,1,20,20,1.0,1.0,20,4,0.2,11942,18.435968291185173,35.474144083765445,28.653715277777778,33.558994197293444,0.9403529001516032,a0fc500f19839036c01ebac66535e090de3b1cf8edcad84bd6c626d85fd57ce9
m7_v1_development_m7c4_seed710401,m7v1d-m7c4-710401,M7C4,710401,0,v2_visible_edges,low,32374,32004,0.9885710755544573,25;25;25;25;25;25;25;25;25;25;25;25;25;35;25;25;25;25;25;25;25;25;25;25;25;25;25;25;35;25;25;25;25;25;25;25;25;25;25;25;25;25;25;25;35;35;25;25,48,0.08333333333333333,1,1,20,20,1.0,1.0,20,4,0.2,11942,17.77792664545302,35.6319925096848,29.03559027777778,33.501497014379204,0.9395988321430333,b1fb346bef9f26fb1ebb9e2cd212bedc7eff03930a8564ee337737211475a749
m7_v1_development_m7c4_seed710401,m7v1d-m7c4-710401,M7C4,710401,0,v2_corridor_edges,low,32374,32004,0.9885710755544573,25;25;25;25;25;25;25;25;25;25;25;25;25;25;25;35;25;25;25;25;25;25;25;25;25;25;25;25;35;25;35;25;25;25;25;25;25;25;25;25;25;25;25;25;25;35;25;25,48,0.08333333333333333,1,1,20,20,1.0,1.0,20,4,0.2,11942,18.435968291185173,35.474144083765445,28.708680555555556,33.55067127988586,0.9404401169608456,1defe515d18961709a3646aa91a741795d9a28b047f326d153eede6a651ccb2a
m7_v1_development_m7c4_seed710401,m7v1d-m7c4-710401,M7C4,710401,0,state_only_risk_roi,medium,33509,32924,0.9825420036408129,65;65;65;65;65;65;65;65;65;65;65;65;65;65;65;65;65;65;65;65;65;65;65;65;65;65;65;65;65;65;65;65;65;65;65;65;65;65;65;65;65;65;65;65;95;65;65;65,48,0.020833333333333332,1,1,20,20,1.0,1.0,20,0,0.0,11942,5.162507675989505,41.0021965046255,10.438645833333334,37.94436197954132,0.968941742880529,e7130c32f2944fad570f46c4bdaa742b38dd7efd67a74aa59f8f76bec06814e4
m7_v1_development_m7c4_seed710401,m7v1d-m7c4-710401,M7C4,710401,0,command_conditioned_risk_roi,medium,33509,32933,0.9828105882001851,65;65;65;65;65;65;65;65;65;65;65;65;65;65;65;65;65;65;65;65;65;65;65;65;65;65;65;65;65;65;65;65;65;65;65;65;65;65;65;65;65;65;65;65;95;65;65;65,48,0.020833333333333332,1,1,20,20,1.0,1.0,20,0,0.0,11942,5.162507675989505,41.0021965046255,10.438645833333334,37.94436197954132,0.968941742880529,96c259a2fb754674eab6ea6f41c00a69c26aae37d2d35ddb8aa3a33150766121
m7_v1_development_m7c4_seed710401,m7v1d-m7c4-710401,M7C4,710401,0,v2_global_only,medium,33509,32927,0.9826315318272703,75;65;65;75;75;65;65;75;65;65;65;65;75;65;65;65;65;65;65;65;75;65;65;65;65;65;65;75;75;75;65;65;75;65;65;65;65;65;65;65;75;65;65;65;65;75;75;75,48,0.2916666666666667,1,1,20,20,1.0,1.0,20,11,0.55,11942,4.2731814883045836,41.82329022533419,9.125868055555555,38.52806175541326,0.9711452304813092,4eacea25b89c5e24877b37cd2f719b4de2aa6b48440cf16fffe138e43770e566
m7_v1_development_m7c4_seed710401,m7v1d-m7c4-710401,M7C4,710401,0,v2_visible_edges,medium,33509,32928,0.9826613745560894,65;65;65;65;75;65;65;65;65;65;65;65;75;65;65;75;65;65;65;65;75;65;65;65;65;65;65;75;75;65;65;65;65;65;65;65;65;65;65;65;95;65;65;65;75;65;75;65,48,0.1875,1,1,20,20,1.0,1.0,20,2,0.1,11942,4.443951320270195,41.653110679019214,9.876649305555556,38.184707275069194,0.9698761893890057,4e55ecd669a484c2a0054b738187e5ed1f01f23d979e9759661bcc94cfb0e319
m7_v1_development_m7c4_seed710401,m7v1d-m7c4-710401,M7C4,710401,0,v2_corridor_edges,medium,33509,32927,0.9826315318272703,75;65;65;75;75;65;65;65;65;65;65;65;75;65;65;65;65;65;65;65;75;65;65;65;65;65;65;75;75;75;65;65;75;65;65;65;65;65;65;65;75;65;65;65;65;75;75;75,48,0.2708333333333333,1,1,20,20,1.0,1.0,20,11,0.55,11942,4.2731814883045836,41.82329022533419,9.1440625,38.519411750519495,0.9711263110714894,de3c4849212496f45c406fa655359f6f0e687bee6223941a9731c2366fda9310
m7_v1_development_m7c4_seed710401,m7v1d-m7c4-710401,M7C4,710401,0,state_only_risk_roi,high,34871,32924,0.9441656390697141,65;65;65;65;65;65;65;65;65;65;65;65;65;65;65;65;65;65;65;65;65;65;65;65;65;65;65;65;65;65;65;65;65;65;65;65;65;65;65;65;65;65;65;65;95;65;65;65,48,0.020833333333333332,1,1,20,20,1.0,1.0,20,0,0.0,11942,5.162507675989505,41.0021965046255,10.438645833333334,37.94436197954132,0.968941742880529,ec439845d5c0f2a5a7c78eeb6db06b910c3148fb08c8b48e1c7940823910412b
m7_v1_development_m7c4_seed710401,m7v1d-m7c4-710401,M7C4,710401,0,command_conditioned_risk_roi,high,34871,32933,0.9444237331880359,65;65;65;65;65;65;65;65;65;65;65;65;65;65;65;65;65;65;65;65;65;65;65;65;65;65;65;65;65;65;65;65;65;65;65;65;65;65;65;65;65;65;65;65;95;65;65;65,48,0.020833333333333332,1,1,20,20,1.0,1.0,20,0,0.0,11942,5.162507675989505,41.0021965046255,10.438645833333334,37.94436197954132,0.968941742880529,bbdc8e1e03348b434b956832871f5054d58e8893dc9889322d7b0254c7335488
m7_v1_development_m7c4_seed710401,m7v1d-m7c4-710401,M7C4,710401,0,v2_global_only,high,34871,32927,0.944251670442488,75;65;65;75;75;65;65;75;65;65;65;65;75;65;65;65;65;65;65;65;75;65;65;65;65;65;65;75;75;75;65;65;75;65;65;65;65;65;65;65;75;65;65;65;65;75;75;75,48,0.2916666666666667,1,1,20,20,1.0,1.0,20,11,0.55,11942,4.2731814883045836,41.82329022533419,9.125868055555555,38.52806175541326,0.9711452304813092,f5088e7836a48f161d3aea6fccea307a1c6d81b8ed215964ff47777e578a5bea
m7_v1_development_m7c4_seed710401,m7v1d-m7c4-710401,M7C4,710401,0,v2_visible_edges,high,34871,32928,0.9442803475667461,65;65;65;65;75;65;65;65;65;65;65;65;75;65;65;75;65;65;65;65;75;65;65;65;65;65;65;75;75;65;65;65;65;65;65;65;65;65;65;65;95;65;65;65;75;65;75;65,48,0.1875,1,1,20,20,1.0,1.0,20,2,0.1,11942,4.443951320270195,41.653110679019214,9.876649305555556,38.184707275069194,0.9698761893890057,830d03a86f8e6ad52f3443f617f407ce48fc05064c06acca07031091d685ff11
m7_v1_development_m7c4_seed710401,m7v1d-m7c4-710401,M7C4,710401,0,v2_corridor_edges,high,34871,32927,0.944251670442488,75;65;65;75;75;65;65;65;65;65;65;65;75;65;65;65;65;65;65;65;75;65;65;65;65;65;65;75;75;75;65;65;75;65;65;65;65;65;65;65;75;65;65;65;65;75;75;75,48,0.2708333333333333,1,1,20,20,1.0,1.0,20,11,0.55,11942,4.2731814883045836,41.82329022533419,9.1440625,38.519411750519495,0.9711263110714894,5302b4e8ab8c72ca6097bc99d545ca6c5be79f5c71872bde4735e850acd8d351
m7_v1_development_m7c4_seed710401,m7v1d-m7c4-710401,M7C4,710401,1,state_only_risk_roi,severe,31466,31418,0.9984745439522024,5;5;5;5;5;5;5;5;5;5;5;5;5;5;5;5;5;5;5;5;5;5;5;5;5;5;5;5;5;5;5;5;5;5;5;5;5;5;5;5;5;5;5;5;35;5;5;5,48,0.020833333333333332,0,0,0,0,,,3,0,0.0,378,684.8880070546737,19.77460799440578,215.21496527777776,24.802078935409217,0.765123938728775,f3b06debc329455f9f5720de9c1c0c40ff48de13116b57f4aa6d8311cafab233
m7_v1_development_m7c4_seed710401,m7v1d-m7c4-710401,M7C4,710401,1,command_conditioned_risk_roi,severe,31466,31427,0.9987605669611644,5;5;5;5;5;5;5;5;5;5;5;5;5;5;5;5;5;5;5;5;5;5;5;5;5;5;5;5;5;5;5;5;5;5;5;5;5;5;5;5;5;5;5;5;35;5;5;5,48,0.020833333333333332,0,0,0,0,,,3,0,0.0,378,684.8880070546737,19.77460799440578,215.21496527777776,24.802078935409217,0.765123938728775,7e93e50830fa29df47c333004837b46b52cfc3a8bfeb7e0df17c3c1a6d4c5927
m7_v1_development_m7c4_seed710401,m7v1d-m7c4-710401,M7C4,710401,1,v2_global_only,severe,31466,31422,0.9986016652895189,15;15;15;15;15;15;15;5;15;15;15;15;15;15;15;5;5;5;5;5;5;5;5;5;5;5;5;5;5;5;5;5;5;5;5;5;5;5;5;5;5;5;5;15;15;15;15;5,48,0.375,0,0,0,0,,,3,0,0.0,378,684.8880070546737,19.77460799440578,182.76413194444444,25.511893928128337,0.7770491279067625,a9e4ff7d27669624459db2c0732b4b5ff3856b5e484c18ebc533a0b3527a91cf
m7_v1_development_m7c4_seed710401,m7v1d-m7c4-710401,M7C4,710401,1,v2_visible_edges,severe,31466,31422,0.9986016652895189,15;15;15;15;15;15;15;5;15;15;5;15;15;15;15;5;5;5;5;5;5;5;5;5;5;5;5;5;5;5;5;5;5;5;5;5;5;5;5;5;5;5;5;15;15;15;15;5,48,0.3541666666666667,0,0,0,0,,,3,0,0.0,378,684.8880070546737,19.77460799440578,184.18947916666667,25.47815541035055,0.7744123396895949,e1d09deb3fd339102bff7f0115d0b6bcaa629164165698f209873440d0dd007b
m7_v1_development_m7c4_seed710401,m7v1d-m7c4-710401,M7C4,710401,1,v2_corridor_edges,severe,31466,31422,0.9986016652895189,15;15;15;15;15;15;15;5;15;15;15;15;15;15;15;5;5;5;5;5;5;5;5;5;5;5;5;5;5;5;5;5;5;5;5;5;5;5;5;5;5;5;5;15;15;5;15;5,48,0.3541666666666667,0,0,0,0,,,3,0,0.0,378,684.8880070546737,19.77460799440578,185.06041666666667,25.457668252139737,0.776671792150407,802484d2d99ee077b202b734a99fd472218d9c3b1a18af69ad5a360012869d19
m7_v1_development_m7c4_seed710401,m7v1d-m7c4-710401,M7C4,710401,1,state_only_risk_roi,low,32374,32322,0.9983937727806265,25;25;25;25;25;25;25;25;25;25;25;25;25;25;25;25;25;25;25;25;25;25;25;25;25;25;25;25;25;25;25;25;25;25;25;25;25;25;25;25;25;25;25;25;55;25;25;25,48,0.020833333333333332,0,0,0,0,,,3,0,0.0,378,316.92063492063494,23.121298435444103,37.725902777777776,32.36440719664388,0.9082237651803357,d37d755016296fcf5298d717eed138616c3a02a582cd1160041a3f2b7076b129
m7_v1_development_m7c4_seed710401,m7v1d-m7c4-710401,M7C4,710401,1,command_conditioned_risk_roi,low,32374,32331,0.998671773645518,25;25;25;25;25;25;25;25;25;25;25;25;25;25;25;25;25;25;25;25;25;25;25;25;25;25;25;25;25;25;25;25;25;25;25;25;25;25;25;25;25;25;25;25;55;25;25;25,48,0.020833333333333332,0,0,0,0,,,3,0,0.0,378,316.92063492063494,23.121298435444103,37.725902777777776,32.36440719664388,0.9082237651803357,7fb1784d0106e20f62e16c59ea4132b2ee133bb96eae798f432f5d86ae109226
m7_v1_development_m7c4_seed710401,m7v1d-m7c4-710401,M7C4,710401,1,v2_global_only,low,32374,32326,0.9985173287205782,25;25;25;25;25;25;35;25;35;25;25;35;35;35;25;35;25;25;25;25;25;25;25;25;25;25;35;25;25;35;25;25;25;25;25;25;25;25;25;25;25;25;25;25;25;25;25;25,48,0.16666666666666666,0,0,0,0,,,3,0,0.0,378,287.6984126984127,23.541428950784606,35.40631944444444,32.63999577516915,0.9112567202103158,fae5e10020ac441d962f206e432e3f0b89ee1051aaad498cb4b3462ad2b3a41a
m7_v1_development_m7c4_seed710401,m7v1d-m7c4-710401,M7C4,710401,1,v2_visible_edges,low,32374,32325,0.9984864397355903,25;25;25;25;25;25;35;25;25;25;25;25;25;25;25;25;25;25;25;25;25;25;25;25;25;25;25;25;25;35;25;25;35;35;25;25;25;25;25;25;25;25;25;25;25;25;25;25,48,0.08333333333333333,0,0,0,0,,,3,0,0.0,378,316.92063492063494,23.121298435444103,36.56015625,32.50072317723847,0.9088307995690448,9145aa39ec161e6c4048c052c8dfb60c3e8d8ba3ec33ca6865bc53680a6d2373
m7_v1_development_m7c4_seed710401,m7v1d-m7c4-710401,M7C4,710401,1,v2_corridor_edges,low,32374,32325,0.9984864397355903,25;25;25;25;25;25;35;25;25;25;25;25;35;35;25;35;25;25;25;25;25;25;25;25;25;25;35;25;25;35;25;25;25;25;25;25;25;25;25;25;25;25;25;25;25;25;25;25,48,0.125,0,0,0,0,,,3,0,0.0,378,287.6984126984127,23.541428950784606,35.56597222222222,32.62045675910092,0.9102854852806569,e5c736606419349b856dc5cfb0dc3b1c184e81338becf022d2f1288bf9438e7d
m7_v1_development_m7c4_seed710401,m7v1d-m7c4-710401,M7C4,710401,1,state_only_risk_roi,medium,33509,32968,0.9838550837088543,45;45;45;45;45;45;45;45;45;45;45;45;45;45;45;45;45;45;45;45;45;45;45;45;45;45;45;45;45;45;45;45;45;45;45;45;45;45;45;45;45;45;45;45;75;45;45;45,48,0.020833333333333332,0,0,0,0,,,3,0,0.0,378,213.09876543209876,24.844994271911563,22.771909722222222,34.556809074576485,0.9371248403761553,1ca9668fe1263b6621242f3b67c810090d824e618a724b780bed167356df7f31
m7_v1_development_m7c4_seed710401,m7v1d-m7c4-710401,M7C4,710401,1,command_conditioned_risk_roi,medium,33509,32977,0.9841236682682264,45;45;45;45;45;45;45;45;45;45;45;45;45;45;45;45;45;45;45;45;45;45;45;45;45;45;45;45;45;45;45;45;45;45;45;45;45;45;45;45;45;45;45;45;75;45;45;45,48,0.020833333333333332,0,0,0,0,,,3,0,0.0,378,213.09876543209876,24.844994271911563,22.771909722222222,34.556809074576485,0.9371248403761553,e2df8cd37c3151b41fc5bff911a03100287e55ea2d5b7ee07b761fd46fa21143
m7_v1_development_m7c4_seed710401,m7v1d-m7c4-710401,M7C4,710401,1,v2_global_only,medium,33509,32972,0.9839744546241308,45;45;45;45;45;45;45;55;45;45;45;45;45;45;45;55;45;45;45;45;45;45;45;55;45;55;45;45;45;45;45;45;45;55;45;45;45;45;45;55;45;45;45;45;45;45;45;45,48,0.125,0,0,0,0,,,3,3,1.0,378,113.15696649029982,27.593990644847096,20.197934027777777,35.07773411531288,0.9382195935129091,398a9459386305dd559d2760de489faa6bc11325271b3520455fa67ec552a4be
m7_v1_development_m7c4_seed710401,m7v1d-m7c4-710401,M7C4,710401,1,v2_visible_edges,medium,33509,32972,0.9839744546241308,45;45;45;55;45;45;45;55;45;55;45;45;55;55;45;55;45;45;45;45;45;45;45;45;45;55;45;45;45;45;45;45;45;45;45;55;45;45;45;55;45;45;45;45;45;45;45;45,48,0.1875,0,0,0,0,,,3,2,0.6666666666666666,378,125.9700176366843,27.128131707060362,20.435677083333335,35.02691329356924,0.9382337817512093,e4c60e355a4904c184ed19f87c8da5bf3c724f59e2a275caaf6423ca60c37cfc
m7_v1_development_m7c4_seed710401,m7v1d-m7c4-710401,M7C4,710401,1,v2_corridor_edges,medium,33509,32972,0.9839744546241308,45;45;45;55;45;45;45;55;45;55;45;45;55;55;45;55;45;45;45;45;45;45;45;55;55;55;45;45;45;45;45;45;45;55;45;45;45;45;45;45;45;45;45;45;45;45;45;45,48,0.20833333333333334,0,0,0,0,,,3,1,0.3333333333333333,378,120.24162257495591,27.330255327551658,20.421631944444446,35.02989916155831,0.9382316711194695,6c659f70cd59f0ff4a96bdfc0440a6b7d7d2528ea0b24b02851a37072fdbd4d5
m7_v1_development_m7c4_seed710401,m7v1d-m7c4-710401,M7C4,710401,1,state_only_risk_roi,high,34871,33797,0.9692007685469302,65;65;65;65;65;65;65;65;65;65;65;65;65;65;65;65;65;65;65;65;65;65;65;65;65;65;65;65;65;65;65;65;65;65;65;65;65;65;65;65;65;65;65;65;95;65;65;65,48,0.020833333333333332,0,0,0,0,,,3,0,0.0,378,86.59347442680776,28.75595195492712,13.76970486111111,36.74155729148714,0.9540627562182561,3dcd736587e506bd963165225bcb7976778a57765266ddae3cf396f8b5774bca
m7_v1_development_m7c4_seed710401,m7v1d-m7c4-710401,M7C4,710401,1,command_conditioned_risk_roi,high,34871,33806,0.9694588626652519,65;65;65;65;65;65;65;65;65;65;65;65;65;65;65;65;65;65;65;65;65;65;65;65;65;65;65;65;65;65;65;65;65;65;65;65;65;65;65;65;65;65;65;65;95;65;65;65,48,0.020833333333333332,0,0,0,0,,,3,0,0.0,378,86.59347442680776,28.75595195492712,13.76970486111111,36.74155729148714,0.9540627562182561,a72368bda5b70ad9c5585a9fac7e1b0eeec2591e914e1f8e46d72fcd3566e1b1
m7_v1_development_m7c4_seed710401,m7v1d-m7c4-710401,M7C4,710401,1,v2_global_only,high,34871,33801,0.969315477043962,75;65;65;65;75;75;75;65;65;75;65;75;65;65;75;75;65;65;65;65;65;65;65;75;75;65;65;65;65;65;65;75;65;65;65;65;65;65;75;75;65;65;65;65;65;65;65;75,48,0.2916666666666667,0,0,0,0,,,3,3,1.0,378,43.29805996472663,31.766119233018294,12.23451388888889,37.25493642559521,0.9542662568362558,eab2c27220d1ada1837c4a1f37248d74fc50262b56a48c80a2e1e9dfeb2a7801
m7_v1_development_m7c4_seed710401,m7v1d-m7c4-710401,M7C4,710401,1,v2_visible_edges,high,34871,33801,0.969315477043962,75;65;65;65;75;75;75;65;65;75;65;75;65;65;75;65;75;65;75;65;65;65;65;65;75;75;65;65;75;65;65;65;65;65;65;75;65;65;75;75;65;65;65;65;65;65;65;75,48,0.3333333333333333,0,0,0,0,,,3,2,0.6666666666666666,378,70.72486772486772,29.635082169893415,12.627413194444445,37.11765969175771,0.9546471828219366,efb2a1d8d45d1017252637dce0c3f603fc7617a7fb82f80c5779680b005dd3ed
m7_v1_development_m7c4_seed710401,m7v1d-m7c4-710401,M7C4,710401,1,v2_corridor_edges,high,34871,33801,0.969315477043962,65;65;65;65;75;75;75;65;65;75;65;75;65;65;65;75;65;65;65;65;65;65;65;75;75;65;65;65;65;65;65;75;65;65;65;65;65;65;75;75;65;65;65;65;65;65;65;75,48,0.25,0,0,0,0,,,3,3,1.0,378,43.29805996472663,31.766119233018294,12.245069444444445,37.25119108422,0.9541959656880404,64cf01835e83818bac298e27c6968e60868b0f4d8bdf96351c4517f5ec850f9b
m7_v1_development_m7c4_seed710401,m7v1d-m7c4-710401,M7C4,710401,2,state_only_risk_roi,severe,31466,31372,0.997012648573063,5;5;5;5;5;5;5;5;5;5;5;5;5;5;5;5;5;5;5;5;5;5;5;5;5;5;5;5;5;5;5;5;5;5;5;5;5;5;5;5;5;5;5;5;35;5;5;5,48,0.020833333333333332,0,0,0,0,,,0,0,,0,,,196.00413194444445,25.20815134094307,0.7638478561528634,d0dab819307924536dacb63cf4d37ee377569c1cc239a8ac6c5bf5298844b24f
m7_v1_development_m7c4_seed710401,m7v1d-m7c4-710401,M7C4,710401,2,command_conditioned_risk_roi,severe,31466,31385,0.9974257929193415,5;5;5;5;5;5;5;5;5;5;5;5;5;5;5;5;5;5;5;5;5;5;5;5;5;5;5;5;5;5;5;5;5;5;5;5;5;5;5;5;5;5;5;5;35;5;5;5,48,0.020833333333333332,0,0,0,0,,,0,0,,0,,,196.00413194444445,25.20815134094307,0.7638478561528634,5674858315c54b4be89e9c034607984f80d920d88bb91a957cfdc72c0a0017d8
m7_v1_development_m7c4_seed710401,m7v1d-m7c4-710401,M7C4,710401,2,v2_global_only,severe,31466,31378,0.9972033305790377,5;15;15;25;15;15;15;15;5;15;15;15;5;5;5;15;5;5;5;5;5;5;5;5;5;5;5;5;5;5;5;5;5;5;5;5;5;5;5;5;5;5;15;5;15;5;5;5,48,0.2708333333333333,0,0,0,0,,,0,0,,0,,,175.89480902777777,25.678273380327195,0.757811106008472,58b338997b478364409566eccd3912b6fdb1a28fd1a6dcce580f01e0dc5e4577
m7_v1_development_m7c4_seed710401,m7v1d-m7c4-710401,M7C4,710401,2,v2_visible_edges,severe,31466,31378,0.9972033305790377,5;15;15;25;15;15;15;15;5;15;15;5;5;5;5;15;5;5;5;5;5;5;5;5;5;5;5;5;5;5;5;5;5;5;5;5;5;5;5;5;5;5;15;5;15;5;5;5,48,0.25,0,0,0,0,,,0,0,,0,,,177.88845486111111,25.629325980162236,0.7545050163595333,ac53e121d59deeda04cc8618920ed8b78911af70fb2b6b29cea51fb005bdf406
m7_v1_development_m7c4_seed710401,m7v1d-m7c4-710401,M7C4,710401,2,v2_corridor_edges,severe,31466,31378,0.9972033305790377,5;15;15;15;15;15;15;15;5;15;15;5;5;5;5;15;5;5;5;5;5;5;5;5;5;5;5;5;5;5;5;5;5;5;5;5;5;5;5;5;5;5;15;5;15;5;5;5,48,0.25,0,0,0,0,,,0,0,,0,,,178.2123090277778,25.621426636461596,0.7535422198357254,d67841fead9af4de821eca3905bd66ffcb4c2a58e82ac13a16c8eef82ac5a69b
m7_v1_development_m7c4_seed710401,m7v1d-m7c4-710401,M7C4,710401,2,state_only_risk_roi,low,32374,32187,0.9942237598072527,25;25;25;25;25;25;25;25;25;25;25;25;25;25;25;25;25;25;25;25;25;25;25;25;25;25;25;25;25;25;25;25;25;25;25;25;25;25;25;25;25;25;25;25;55;25;25;25,48,0.020833333333333332,0,0,0,0,,,0,0,,0,,,31.92972222222222,33.08885220527051,0.9039502418944879,05ac7c28766b6f96752864f232e4198bd78bf63382afbf5df3adf8829c688aa9
m7_v1_development_m7c4_seed710401,m7v1d-m7c4-710401,M7C4,710401,2,command_conditioned_risk_roi,low,32374,32200,0.9946253166120961,25;25;25;25;25;25;25;25;25;25;25;25;25;25;25;25;25;25;25;25;25;25;25;25;25;25;25;25;25;25;25;25;25;25;25;25;25;25;25;25;25;25;25;25;55;25;25;25,48,0.020833333333333332,0,0,0,0,,,0,0,,0,,,31.92972222222222,33.08885220527051,0.9039502418944879,31ee827ae438b8031371f172f79c7361e5c9de6de22278ca5897bac99869fee4
m7_v1_development_m7c4_seed710401,m7v1d-m7c4-710401,M7C4,710401,2,v2_global_only,low,32374,32193,0.9944090937171804,25;25;25;35;25;25;25;25;25;45;25;35;25;25;25;25;25;25;25;25;25;25;25;25;25;25;25;25;25;25;35;35;25;25;35;25;25;25;25;25;25;25;25;25;25;25;25;25,48,0.125,0,0,0,0,,,0,0,,0,,,30.2784375,33.319469009591835,0.9052826014199137,8e8ce5a7c263184f1383f76deb5f4f04bdf6fef4aeaad27963add29c2230a20d
m7_v1_development_m7c4_seed710401,m7v1d-m7c4-710401,M7C4,710401,2,v2_visible_edges,low,32374,32193,0.9944090937171804,25;25;25;25;25;25;25;25;25;25;25;25;25;25;25;25;25;25;25;25;25;25;25;25;25;25;25;25;25;25;35;25;25;25;35;35;35;25;25;25;25;25;25;25;25;25;25;25,48,0.08333333333333333,0,0,0,0,,,0,0,,0,,,30.71296875,33.25758563004197,0.9045270994060092,af5ef67b8663be442f6c144a817484d6ff4d4b002d1916363bde2025dc9e2e71
m7_v1_development_m7c4_seed710401,m7v1d-m7c4-710401,M7C4,710401,2,v2_corridor_edges,low,32374,32193,0.9944090937171804,25;25;25;25;25;25;25;25;25;35;25;35;25;25;25;25;25;25;25;25;25;25;25;25;25;25;25;25;25;25;35;35;25;25;35;25;25;25;25;25;25;25;25;25;25;25;25;25,48,0.10416666666666667,0,0,0,0,,,0,0,,0,,,30.39201388888889,33.30320881852359,0.9049746796390291,e1ca8876c57b6521c09a47b566b8fab0fbcb8cfe326dfd8ddedef156fdc74e83
m7_v1_development_m7c4_seed710401,m7v1d-m7c4-710401,M7C4,710401,2,state_only_risk_roi,medium,33509,32811,0.979169775284252,45;45;45;45;45;45;45;45;45;45;45;45;45;45;45;45;45;45;45;45;45;45;45;45;45;45;45;45;45;45;45;45;45;45;45;45;45;45;45;45;45;45;45;45;75;45;45;45,48,0.020833333333333332,0,0,0,0,,,0,0,,0,,,17.958715277777777,35.58805095782088,0.9336585264338297,21accafe44e121cab481aa860a49f04cbb157953305410a02e714bae3e151cf4
m7_v1_development_m7c4_seed710401,m7v1d-m7c4-710401,M7C4,710401,2,command_conditioned_risk_roi,medium,33509,32824,0.9795577307589006,45;45;45;45;45;45;45;45;45;45;45;45;45;45;45;45;45;45;45;45;45;45;45;45;45;45;45;45;45;45;45;45;45;45;45;45;45;45;45;45;45;45;45;45;75;45;45;45,48,0.020833333333333332,0,0,0,0,,,0,0,,0,,,17.958715277777777,35.58805095782088,0.9336585264338297,eb0abc5da7cd9b3beffb7d13c20c8f8ccda4c54f13ce9c0ea437a866ae7cf477
m7_v1_development_m7c4_seed710401,m7v1d-m7c4-710401,M7C4,710401,2,v2_global_only,medium,33509,32817,0.9793488316571667,45;45;45;45;55;45;45;55;45;55;45;45;45;45;45;55;45;45;45;45;45;45;45;45;55;55;45;45;55;45;55;45;45;45;45;45;55;45;45;55;45;45;45;45;45;45;45;45,48,0.20833333333333334,0,0,0,0,,,0,0,,0,,,17.1065625,35.79917612417784,0.9342510047936267,26b095e242bbdb4008c50dfb24d1482a861050d7fe7c71d9322eecba1278b8e3
m7_v1_development_m7c4_seed710401,m7v1d-m7c4-710401,M7C4,710401,2,v2_visible_edges,medium,33509,32817,0.9793488316571667,45;45;45;45;45;45;45;45;45;55;45;45;45;45;45;55;45;45;55;55;45;45;45;45;45;55;45;45;45;45;55;45;45;55;45;45;55;45;45;45;45;45;45;45;45;45;45;45,48,0.16666666666666666,0,0,0,0,,,0,0,,0,,,17.483715277777776,35.70446635476332,0.9337457624522486,39d15c29b72402f1b6d4b3b20001805f78db4c82bea50478a09c26a327da3d34
m7_v1_development_m7c4_seed710401,m7v1d-m7c4-710401,M7C4,710401,2,v2_corridor_edges,medium,33509,32817,0.9793488316571667,55;45;45;45;55;45;55;55;45;55;45;45;45;45;45;55;45;45;45;45;45;45;45;45;55;55;45;45;55;45;55;45;45;45;45;45;45;45;45;55;45;45;45;45;45;45;45;45,48,0.22916666666666666,0,0,0,0,,,0,0,,0,,,17.168385416666666,35.78350906569151,0.9342181407114102,302836c416e359e2751d37e1afb907a6365bcde4580cb965c77e8caa94ca1d43
m7_v1_development_m7c4_seed710401,m7v1d-m7c4-710401,M7C4,710401,2,state_only_risk_roi,high,34871,33569,0.9626623842161108,65;65;65;65;65;65;65;65;65;65;65;65;65;65;65;65;65;65;65;65;65;65;65;65;65;65;65;65;65;65;65;65;65;65;65;65;65;65;65;65;65;65;65;65;95;65;65;65,48,0.020833333333333332,0,0,0,0,,,0,0,,0,,,12.659826388888888,37.10652610863078,0.9507420100615708,868c4d0d1da3e5173c40ee4485a119a4d948b6e3c28378c6b0bcb35276a9d4e9
m7_v1_development_m7c4_seed710401,m7v1d-m7c4-710401,M7C4,710401,2,command_conditioned_risk_roi,high,34871,33582,0.9630351868314645,65;65;65;65;65;65;65;65;65;65;65;65;65;65;65;65;65;65;65;65;65;65;65;65;65;65;65;65;65;65;65;65;65;65;65;65;65;65;65;65;65;65;65;65;95;65;65;65,48,0.020833333333333332,0,0,0,0,,,0,0,,0,,,12.659826388888888,37.10652610863078,0.9507420100615708,b0912c6dd0dd6eeb8e6e682739bdc2bcc2f51b8f7ccf5b1de59a5f72d6e3b73b
m7_v1_development_m7c4_seed710401,m7v1d-m7c4-710401,M7C4,710401,2,v2_global_only,high,34871,33574,0.9628057698374007,75;75;65;65;75;75;75;75;65;65;65;65;65;65;75;65;65;65;65;65;75;65;65;65;65;65;75;65;75;75;75;75;65;65;75;75;65;65;75;75;65;65;65;65;65;65;65;65,48,0.3541666666666667,0,0,0,0,,,0,0,,0,,,11.440364583333333,37.54640496025687,0.9516033612430341,2a92752ac989be20587d0012d142157924e4a442ca7f25dcc0dd52faaabc88a0
m7_v1_development_m7c4_seed710401,m7v1d-m7c4-710401,M7C4,710401,2,v2_visible_edges,high,34871,33575,0.9628344469616587,65;75;65;65;65;65;65;65;65;65;65;65;65;65;65;65;65;75;75;65;65;75;65;65;65;65;65;65;75;75;75;65;75;65;75;75;65;65;75;75;65;65;65;65;65;65;65;65,48,0.25,0,0,0,0,,,0,0,,0,,,11.6871875,37.453703492945046,0.9512479118696117,7601fdfa91cef655a123c1ba75c1cf3a2f6d4deff9b7e1a9a203837d760d666f
m7_v1_development_m7c4_seed710401,m7v1d-m7c4-710401,M7C4,710401,2,v2_corridor_edges,high,34871,33575,0.9628344469616587,65;75;65;75;75;75;75;75;65;65;65;65;65;65;75;65;65;65;65;65;75;65;65;65;65;65;75;65;75;75;75;75;65;65;75;75;65;65;75;75;65;65;65;65;65;65;65;65,48,0.3541666666666667,0,0,0,0,,,0,0,,0,,,11.448871527777778,37.54317678856757,0.9516338529322174,5fe8dac72898523f734b303134a43bf4706d7122ed2991ac810a5cb982dfaa72
m7_v1_development_m7c4_seed710401,m7v1d-m7c4-710401,M7C4,710401,3,state_only_risk_roi,severe,31466,31425,0.9986970062925062,5;5;5;5;5;5;5;5;5;5;5;5;5;5;5;5;5;5;5;5;5;5;5;5;5;5;5;5;5;5;5;5;5;5;5;5;5;5;5;5;5;5;5;5;35;5;5;5,48,0.020833333333333332,0,0,0,0,,,0,0,,0,,,193.75793402777776,25.258208657724808,0.74977853066106,f345dca32397ad7898cb9486083bb9a8ae82abe4a43581d69b4cfb643a480c79
m7_v1_development_m7c4_seed710401,m7v1d-m7c4-710401,M7C4,710401,3,command_conditioned_risk_roi,severe,31466,31436,0.9990465899701265,5;5;5;5;5;5;5;5;5;5;5;5;5;5;5;5;5;5;5;5;5;5;5;5;5;5;5;5;5;5;5;5;5;5;5;5;5;5;5;5;5;5;5;5;35;5;5;5,48,0.020833333333333332,0,0,0,0,,,0,0,,0,,,193.75793402777776,25.258208657724808,0.74977853066106,1efd4a341161990feec739701307c5ef05d938f01848bfc2a48c7d808a2e7b59
m7_v1_development_m7c4_seed710401,m7v1d-m7c4-710401,M7C4,710401,3,v2_global_only,severe,31466,31430,0.9988559079641518,15;15;25;15;15;15;15;25;15;15;5;15;15;15;5;15;5;5;5;5;5;5;5;5;5;5;5;5;5;5;5;5;5;5;5;5;5;5;5;5;15;5;5;5;5;5;5;5,48,0.3125,0,0,0,0,,,0,0,,0,,,169.17888888888888,25.847341925377414,0.7470796431291488,c1ad023dd895b30a3fab230d817246a6e1a3fdaab94e9e0b233f0e640fcf5484
m7_v1_development_m7c4_seed710401,m7v1d-m7c4-710401,M7C4,710401,3,v2_visible_edges,severe,31466,31430,0.9988559079641518,15;15;25;15;15;15;15;25;15;5;5;5;5;15;5;15;5;5;5;5;5;5;5;5;5;5;5;5;5;5;5;5;15;5;5;5;5;5;5;5;5;5;5;5;5;5;5;5,48,0.25,0,0,0,0,,,0,0,,0,,,174.30505208333332,25.71770385920186,0.7394645580766522,34f2bcdea12c59a4df04b1b3f383a7655fafdadc09e84ef1ce685d8f6fa1d0c2
m7_v1_development_m7c4_seed710401,m7v1d-m7c4-710401,M7C4,710401,3,v2_corridor_edges,severe,31466,31430,0.9988559079641518,15;15;25;15;15;15;15;25;15;15;5;15;15;15;5;15;5;5;5;5;5;5;5;5;5;5;5;5;5;5;5;5;5;5;5;5;5;5;5;5;5;5;5;5;5;5;5;5,48,0.2916666666666667,0,0,0,0,,,0,0,,0,,,171.00607638888889,25.800688183396232,0.7472545102224762,22f088a573e8e224077cf990c4e040698457d5a09a8fdbca03e586f67f53293c
m7_v1_development_m7c4_seed710401,m7v1d-m7c4-710401,M7C4,710401,3,state_only_risk_roi,low,32374,32236,0.9957373200716625,25;25;25;25;25;25;25;25;25;25;25;25;25;25;25;25;25;25;25;25;25;25;25;25;25;25;25;25;25;25;25;25;25;25;25;25;25;25;25;25;25;25;25;25;55;25;25;25,48,0.020833333333333332,0,0,0,0,,,0,0,,0,,,33.35836805555556,32.89875564759618,0.898882693358192,44db32f962dcf80c80dc5b6ecbd54c7c076f2cac282293b1b99704764e68bd89
m7_v1_development_m7c4_seed710401,m7v1d-m7c4-710401,M7C4,710401,3,command_conditioned_risk_roi,low,32374,32247,0.99607709890653,25;25;25;25;25;25;25;25;25;25;25;25;25;25;25;25;25;25;25;25;25;25;25;25;25;25;25;25;25;25;25;25;25;25;25;25;25;25;25;25;25;25;25;25;55;25;25;25,48,0.020833333333333332,0,0,0,0,,,0,0,,0,,,33.35836805555556,32.89875564759618,0.898882693358192,89421a565da6bfe7ad57887892cbcc74dc7f2d2924747eddbf38a20a1b59c76d
m7_v1_development_m7c4_seed710401,m7v1d-m7c4-710401,M7C4,710401,3,v2_global_only,low,32374,32241,0.9958917649966023,25;25;35;25;35;25;35;25;35;25;25;25;25;25;25;25;25;25;25;25;25;25;35;25;25;45;25;35;25;25;25;25;25;25;25;25;25;25;25;25;25;25;25;25;25;25;25;25,48,0.14583333333333334,0,0,0,0,,,0,0,,0,,,31.298559027777777,33.1755601759272,0.9012915175059085,18818b7097876f83df606fd3da2df0a98acd637bc802210bbd12983cd542a9af
m7_v1_development_m7c4_seed710401,m7v1d-m7c4-710401,M7C4,710401,3,v2_visible_edges,low,32374,32241,0.9958917649966023,25;25;35;25;45;25;35;25;35;25;25;25;25;25;25;25;25;25;25;25;25;25;25;25;25;45;25;25;25;25;25;25;25;25;35;35;25;25;25;25;25;25;25;25;25;25;25;25,48,0.14583333333333334,0,0,0,0,,,0,0,,0,,,31.896197916666665,33.09341443397622,0.8995422127055993,aa2e421df28f44dc99e7dbcd103bd6ef3c81f12649fbd82d397059c81129e686
m7_v1_development_m7c4_seed710401,m7v1d-m7c4-710401,M7C4,710401,3,v2_corridor_edges,low,32374,32241,0.9958917649966023,25;25;35;25;45;25;35;25;35;25;25;25;25;25;25;25;25;25;25;25;25;25;35;25;25;35;25;35;25;25;25;25;25;25;25;25;25;25;25;25;25;25;25;25;25;25;25;25,48,0.14583333333333334,0,0,0,0,,,0,0,,0,,,31.466944444444444,33.15225787492143,0.9011034152011325,82c51d1290d2bb5f46324ae63862593ad425f2f0edfc0cd23df77387957b1e59
m7_v1_development_m7c4_seed710401,m7v1d-m7c4-710401,M7C4,710401,3,state_only_risk_roi,medium,33509,32896,0.9817064072338775,45;45;45;45;45;45;45;45;45;45;45;45;45;45;45;45;45;45;45;45;45;45;45;45;45;45;45;45;45;45;45;45;45;45;45;45;45;45;45;45;45;45;45;45;75;45;45;45,48,0.020833333333333332,0,0,0,0,,,0,0,,0,,,19.401128472222222,35.25253369339451,0.9299746592301453,a3b1d2ae73924a8e9a28158966714521563646bf209c965509b8d21a32fec15a
m7_v1_development_m7c4_seed710401,m7v1d-m7c4-710401,M7C4,710401,3,command_conditioned_risk_roi,medium,33509,32907,0.9820346772508878,45;45;45;45;45;45;45;45;45;45;45;45;45;45;45;45;45;45;45;45;45;45;45;45;45;45;45;45;45;45;45;45;45;45;45;45;45;45;45;45;45;45;45;45;75;45;45;45,48,0.020833333333333332,0,0,0,0,,,0,0,,0,,,19.401128472222222,35.25253369339451,0.9299746592301453,c59ad1b38eafcc1cb915ea74907805256467bcb91d90cb427dc48a9e90df3b32
m7_v1_development_m7c4_seed710401,m7v1d-m7c4-710401,M7C4,710401,3,v2_global_only,medium,33509,32901,0.9818556208779731,45;45;45;45;45;45;45;45;45;45;45;55;55;65;45;55;45;45;45;45;45;45;45;45;45;45;55;45;65;45;45;45;45;45;45;55;45;45;55;55;45;45;45;45;45;45;45;45,48,0.1875,0,0,0,0,,,0,0,,0,,,18.228402777777777,35.52331744609368,0.9317287737621411,40e5e6ef46d4eafeb51c8372669ca80b9346a294975824d2403151e79c796dd0
m7_v1_development_m7c4_seed710401,m7v1d-m7c4-710401,M7C4,710401,3,v2_visible_edges,medium,33509,32901,0.9818556208779731,45;45;45;45;45;45;45;45;45;45;45;55;45;45;45;55;65;45;45;45;45;45;45;45;45;45;55;45;45;45;45;45;45;45;55;55;55;45;55;45;45;45;45;45;45;45;45;45,48,0.16666666666666666,0,0,0,0,,,0,0,,0,,,18.66003472222222,35.42167913330126,0.9310134226859895,b514ce794b7a86fadcaa8eb92894c7a5409a51cbd5ba80805ebe037f31226704
m7_v1_development_m7c4_seed710401,m7v1d-m7c4-710401,M7C4,710401,3,v2_corridor_edges,medium,33509,32901,0.9818556208779731,45;45;45;45;45;45;45;45;45;45;45;55;55;45;45;55;45;45;45;45;45;45;45;45;45;45;55;45;65;45;45;45;45;45;45;55;45;45;55;55;45;45;45;45;45;45;45;45,48,0.16666666666666666,0,0,0,0,,,0,0,,0,,,18.274791666666665,35.51227926183719,0.9314654469179673,5285358d3ed945d806a6cc4d60623527d86dade24bdb6dd21e94f5db5336138e
m7_v1_development_m7c4_seed710401,m7v1d-m7c4-710401,M7C4,710401,3,state_only_risk_roi,high,34871,33711,0.9667345358607439,65;65;65;65;65;65;65;65;65;65;65;65;65;65;65;65;65;65;65;65;65;65;65;65;65;65;65;65;65;65;65;65;65;65;65;65;65;65;65;65;65;65;65;65;95;65;65;65,48,0.020833333333333332,0,0,0,0,,,0,0,,0,,,13.04046875,36.97787158131556,0.9477720608211057,f61f6d0f1659df517519d5cb08cad56c744451edb8f9bd354bb0b147ae0bf4c3
m7_v1_development_m7c4_seed710401,m7v1d-m7c4-710401,M7C4,710401,3,command_conditioned_risk_roi,high,34871,33722,0.9670499842275817,65;65;65;65;65;65;65;65;65;65;65;65;65;65;65;65;65;65;65;65;65;65;65;65;65;65;65;65;65;65;65;65;65;65;65;65;65;65;65;65;65;65;65;65;95;65;65;65,48,0.020833333333333332,0,0,0,0,,,0,0,,0,,,13.04046875,36.97787158131556,0.9477720608211057,c1623fb5123cc6a993d9ee304914627c35c2c50b153f76ec4844eaaafaba8077
m7_v1_development_m7c4_seed710401,m7v1d-m7c4-710401,M7C4,710401,3,v2_global_only,high,34871,33714,0.9668205672335178,75;65;75;75;65;65;75;65;75;65;75;65;65;65;75;75;65;65;75;75;65;75;65;75;75;75;75;75;65;65;75;75;65;75;65;65;65;65;65;65;65;65;65;65;65;65;65;65,48,0.3958333333333333,0,0,0,0,,,0,0,,0,,,11.918420138888889,37.368616700975686,0.9498169596886835,39d2fa7b05876bfb71d87e142451aa89fc9eb28d4a2af18b336e98e2d5a0b4ab
m7_v1_development_m7c4_seed710401,m7v1d-m7c4-710401,M7C4,710401,3,v2_visible_edges,high,34871,33716,0.9668779214820338,75;65;75;75;65;65;65;65;65;65;75;65;65;65;65;65;65;65;65;65;65;75;65;65;75;75;75;75;65;75;65;65;75;65;75;65;75;75;65;75;65;65;65;75;65;65;65;65,48,0.3333333333333333,0,0,0,0,,,0,0,,0,,,12.2284375,37.25709392668874,0.9483890714854374,3a002ff3b52b391eb69fd61034147c7a95703c233cf2b3463bda3962a9422135
m7_v1_development_m7c4_seed710401,m7v1d-m7c4-710401,M7C4,710401,3,v2_corridor_edges,high,34871,33716,0.9668779214820338,75;65;75;75;65;65;75;65;75;65;75;75;65;65;75;65;65;65;75;75;65;75;65;75;75;75;75;75;65;65;75;75;65;75;65;65;65;65;65;65;65;65;65;65;65;65;65;65,48,0.3958333333333333,0,0,0,0,,,0,0,,0,,,11.924149305555556,37.366529555525254,0.9497162007346311,04bd9764ce2d226a067111ed98f3c6790cc05192af54a413e7b567fde5b66b9c
m7_v1_development_m7c5_seed710500,m7v1d-m7c5-710500,M7C5,710500,0,state_only_risk_roi,severe,31466,31434,0.9989830293014682,5;5;5;5;5;5;5;5;5;5;5;5;5;5;5;5;5;5;5;5;5;5;5;5;5;5;5;5;5;5;5;5;5;5;5;5;5;5;5;5;5;5;5;5;35;5;5;5,48,0.020833333333333332,0,0,0,0,,,15,0,0.0,2400,120.18694444444445,27.332230667758996,209.44873263888888,24.920026240513234,0.7567943795213674,14cdf807d75def2bab336048be7bf58649cb233d888d9d1434921edf3dc845b2
m7_v1_development_m7c5_seed710500,m7v1d-m7c5-710500,M7C5,710500,0,command_conditioned_risk_roi,severe,31466,31443,0.9992690523104303,5;5;5;5;5;5;5;5;5;5;5;5;5;5;5;5;5;5;5;5;5;5;5;5;5;5;5;5;5;5;5;5;5;5;5;5;5;5;5;5;5;5;5;5;35;5;5;5,48,0.020833333333333332,0,0,0,0,,,15,0,0.0,2400,120.18694444444445,27.332230667758996,209.44873263888888,24.920026240513234,0.7567943795213674,01b6f6906793d87a9b894093a65f82a24b1fc8ad21e3b5bb7faa146fc1f1574b
m7_v1_development_m7c5_seed710500,m7v1d-m7c5-710500,M7C5,710500,0,v2_global_only,severe,31466,31438,0.9991101506387847,15;5;15;15;15;15;25;25;5;5;15;5;15;5;5;5;5;5;5;5;5;5;5;5;5;5;5;5;5;5;5;5;5;5;5;5;5;5;5;5;5;5;15;5;15;5;15;5,48,0.25,0,0,0,0,,,15,0,0.0,2400,111.34944444444444,27.663923063170188,189.68546875,25.350462987373476,0.7483833793846273,e1dd8cdafc610483e50e2323f2e2b160a002e2ce54205fd67bec35dfe15534cf
m7_v1_development_m7c5_seed710500,m7v1d-m7c5-710500,M7C5,710500,0,v2_visible_edges,severe,31466,31438,0.9991101506387847,15;5;15;15;15;15;25;15;5;5;15;5;15;5;5;5;5;5;5;5;5;5;5;5;5;5;5;5;5;5;5;5;5;5;5;5;5;5;5;5;5;5;15;5;15;5;15;5,48,0.25,0,0,0,0,,,15,0,0.0,2400,111.34944444444444,27.663923063170188,190.08411458333333,25.341345366750986,0.7473037736714302,3e27da2cc90d59bcc13bb57eb60a93c317319f1a054fa280411e7f496c8077e8
m7_v1_development_m7c5_seed710500,m7v1d-m7c5-710500,M7C5,710500,0,v2_corridor_edges,severe,31466,31438,0.9991101506387847,15;5;15;15;15;15;15;15;5;5;15;5;15;5;5;5;5;5;5;5;5;5;5;5;5;5;5;5;5;5;5;5;5;5;5;5;5;5;5;5;5;5;15;5;15;5;15;5,48,0.25,0,0,0,0,,,15,0,0.0,2400,111.34944444444444,27.663923063170188,190.48907986111112,25.332102768772504,0.7463125043039365,7c7b7569737c475daf19fb3479b576ce5f1587d81aad604ab423b305d975f860
m7_v1_development_m7c5_seed710500,m7v1d-m7c5-710500,M7C5,710500,0,state_only_risk_roi,low,32374,32280,0.9970964354111324,25;25;25;25;25;25;25;25;25;25;25;25;25;25;25;25;25;25;25;25;25;25;25;25;25;25;25;25;25;25;25;25;25;25;25;25;25;25;25;25;25;25;25;25;55;25;25;25,48,0.020833333333333332,0,0,0,0,,,15,0,0.0,2400,19.047083333333333,35.332518789779414,39.982326388888886,32.11212300739059,0.8929283691911528,81c2ceafa98e65c7a7fe8a6cb7e3bf62e71f630aef9ac3708da14aeaa3f96fbd
m7_v1_development_m7c5_seed710500,m7v1d-m7c5-710500,M7C5,710500,0,command_conditioned_risk_roi,low,32374,32289,0.997374436276024,25;25;25;25;25;25;25;25;25;25;25;25;25;25;25;25;25;25;25;25;25;25;25;25;25;25;25;25;25;25;25;25;25;25;25;25;25;25;25;25;25;25;25;25;55;25;25;25,48,0.020833333333333332,0,0,0,0,,,15,0,0.0,2400,19.047083333333333,35.332518789779414,39.982326388888886,32.11212300739059,0.8929283691911528,081f3780f42233a469c9c1edcad1a2db00c0b711bc1f6aa73c3e88857437652f
m7_v1_development_m7c5_seed710500,m7v1d-m7c5-710500,M7C5,710500,0,v2_global_only,low,32374,32284,0.9972199913510842,25;25;25;35;25;25;25;25;25;25;25;25;25;25;25;25;25;25;25;25;25;25;25;25;25;25;25;35;25;25;25;25;25;25;25;25;35;25;25;25;25;25;25;25;25;25;25;25,48,0.0625,0,0,0,0,,,15,0,0.0,2400,19.047083333333333,35.332518789779414,38.65847222222222,32.25835674097495,0.894292565953107,630d89ef08d37deba4abae9f98ad9e734781267062e1d84602afb8f107bf0cbc
m7_v1_development_m7c5_seed710500,m7v1d-m7c5-710500,M7C5,710500,0,v2_visible_edges,low,32374,32284,0.9972199913510842,25;25;25;25;25;25;25;25;25;35;25;25;25;25;25;35;25;25;25;25;25;25;25;25;25;25;25;25;25;25;25;25;25;25;25;25;25;25;25;25;25;35;25;25;25;25;25;25,48,0.0625,0,0,0,0,,,15,1,0.06666666666666667,2400,19.23736111111111,35.28934863513536,39.48699652777778,32.166262593172085,0.8923952444831804,31ecee2c1c3462e7932efae5a76156d08ce0cd02b3274ddc00515e9de914ad1f
m7_v1_development_m7c5_seed710500,m7v1d-m7c5-710500,M7C5,710500,0,v2_corridor_edges,low,32374,32284,0.9972199913510842,25;25;35;35;25;25;25;25;25;25;25;25;25;25;25;25;35;25;25;25;25;25;25;25;25;25;25;35;25;25;25;25;35;25;25;25;25;25;25;25;25;25;25;25;25;25;25;35,48,0.125,0,0,0,0,,,15,0,0.0,2400,18.469305555555554,35.46629794559238,38.92263888888889,32.228780838442674,0.8938541998434523,de5d4c7782ba9a40c8effbfe797a4d25b24741ef6da04eeaa46b61602cd5a714
m7_v1_development_m7c5_seed710500,m7v1d-m7c5-710500,M7C5,710500,0,state_only_risk_roi,medium,33509,32972,0.9839744546241308,45;45;45;45;45;45;45;45;45;45;45;45;45;45;45;45;45;45;45;45;45;45;45;45;45;45;45;45;45;45;45;45;45;45;45;45;45;45;45;45;45;45;45;45;75;45;45;45,48,0.020833333333333332,0,0,0,0,,,15,0,0.0,2400,7.723611111111111,39.25259962222278,24.207604166666666,34.291285515452884,0.9241555842122077,ae31d4b1b137e07ef76b3fe0f499f4f943fe60b357ca3769b8a6ced600e7733c
m7_v1_development_m7c5_seed710500,m7v1d-m7c5-710500,M7C5,710500,0,command_conditioned_risk_roi,medium,33509,32981,0.984243039183503,45;45;45;45;45;45;45;45;45;45;45;45;45;45;45;45;45;45;45;45;45;45;45;45;45;45;45;45;45;45;45;45;45;45;45;45;45;45;45;45;45;45;45;45;75;45;45;45,48,0.020833333333333332,0,0,0,0,,,15,0,0.0,2400,7.723611111111111,39.25259962222278,24.207604166666666,34.291285515452884,0.9241555842122077,1359710df103d65422478c6dd30bb09c51af4a1aea0297cd9b0cb9217ff2cbcd
m7_v1_development_m7c5_seed710500,m7v1d-m7c5-710500,M7C5,710500,0,v2_global_only,medium,33509,32976,0.9840938255394073,45;45;45;45;45;45;45;45;45;45;55;55;55;45;45;45;45;45;45;45;45;45;45;45;45;65;45;45;45;45;45;45;45;45;45;45;45;45;45;45;45;45;45;45;45;45;45;45,48,0.08333333333333333,0,0,0,0,,,15,0,0.0,2400,7.621944444444445,39.31014581947263,23.142534722222223,34.486694368663635,0.9248368921356204,45d47e5e4d5dccb58c60aeff5c4c9ce0b12e8ff3ec797031ee5aa6093eca8017
m7_v1_development_m7c5_seed710500,m7v1d-m7c5-710500,M7C5,710500,0,v2_visible_edges,medium,33509,32976,0.9840938255394073,45;45;45;45;45;45;45;45;45;45;55;55;55;45;45;45;45;55;45;45;45;45;45;45;45;45;45;45;45;45;45;45;45;45;45;45;45;55;45;55;55;45;45;45;55;45;45;45,48,0.16666666666666666,0,0,0,0,,,15,0,0.0,2400,7.456388888888889,39.4055181024863,23.713315972222222,34.38088072695536,0.9252325617476579,f2b90278e87494773d57c294ef0523d85d7001def916db32811799a60d079428
m7_v1_development_m7c5_seed710500,m7v1d-m7c5-710500,M7C5,710500,0,v2_corridor_edges,medium,33509,32976,0.9840938255394073,45;45;45;45;45;45;45;45;45;45;55;55;55;45;45;45;45;45;45;45;45;45;45;45;45;55;45;45;45;55;45;45;45;45;45;45;45;45;45;45;45;45;45;45;55;45;45;45,48,0.125,0,0,0,0,,,15,0,0.0,2400,7.599722222222222,39.32282642213536,23.344409722222224,34.44897463865712,0.92471872649182,a8704df19ec1fcf0fb3f8cfdf05a1fb36e99c7f4812ec512cbd16402d423e4d2
m7_v1_development_m7c5_seed710500,m7v1d-m7c5-710500,M7C5,710500,0,state_only_risk_roi,high,34871,33708,0.9666485044879699,65;65;65;65;65;65;65;65;65;65;65;65;65;65;65;65;65;65;65;65;65;65;65;65;65;65;65;65;65;65;65;65;65;65;65;65;65;65;65;65;65;65;65;65;95;65;65;65,48,0.020833333333333332,0,0,0,0,,,15,0,0.0,2400,7.060972222222222,39.64215857878914,15.949791666666666,36.10325346114708,0.9436448905509701,ce39072551f27c3437d83a4107b87ccc0c0c886651242b1954d887886f5f9ce6
m7_v1_development_m7c5_seed710500,m7v1d-m7c5-710500,M7C5,710500,0,command_conditioned_risk_roi,high,34871,33717,0.9669065986062918,65;65;65;65;65;65;65;65;65;65;65;65;65;65;65;65;65;65;65;65;65;65;65;65;65;65;65;65;65;65;65;65;65;65;65;65;65;65;65;65;65;65;65;65;95;65;65;65,48,0.020833333333333332,0,0,0,0,,,15,0,0.0,2400,7.060972222222222,39.64215857878914,15.949791666666666,36.10325346114708,0.9436448905509701,3080f92bb2d69ebc379154e3da0762253712f5c32e75512b4e22d642ad60775c
m7_v1_development_m7c5_seed710500,m7v1d-m7c5-710500,M7C5,710500,0,v2_global_only,high,34871,33712,0.9667632129850019,75;75;65;75;65;65;65;65;75;65;65;65;65;65;65;65;75;75;65;65;65;65;65;65;75;75;65;65;65;65;75;65;65;65;65;75;65;65;65;65;65;75;65;65;65;65;65;65,48,0.22916666666666666,0,0,0,0,,,15,7,0.4666666666666667,2400,3.6658333333333335,42.48907644938672,14.390243055555555,36.55012231504264,0.9450733178544031,463436e443b6b34fb6274a9a6599ec71d0884456abbf0b0dc3003fa00e3d0add
m7_v1_development_m7c5_seed710500,m7v1d-m7c5-710500,M7C5,710500,0,v2_visible_edges,high,34871,33711,0.9667345358607439,75;75;65;75;65;65;75;65;75;75;65;65;65;65;65;65;75;65;65;65;65;65;65;65;75;65;65;65;65;65;65;65;75;65;65;65;65;65;75;75;75;75;65;65;65;75;65;65,48,0.2916666666666667,0,0,0,0,,,15,8,0.5333333333333333,2400,3.75,42.390490931401914,15.237239583333333,36.3017406461967,0.9425085122151676,c180baeeccc980a869753db18948d21be19398b4391f311373f10d7bc98427df
m7_v1_development_m7c5_seed710500,m7v1d-m7c5-710500,M7C5,710500,0,v2_corridor_edges,high,34871,33711,0.9667345358607439,75;65;65;75;65;65;75;65;75;65;65;65;65;65;65;65;75;75;65;65;65;65;65;65;75;75;65;65;65;65;75;65;75;65;65;65;65;65;65;65;65;75;65;75;75;65;65;65,48,0.2708333333333333,0,0,0,0,,,15,0,0.0,2400,4.573611111111111,41.528211265872706,14.57236111111111,36.495504361089196,0.9457005612890782,d050088a0cf53e7c1626372c4033b43964bea452a9dbc8049fbc6b0b05f09d8a
m7_v1_development_m7c5_seed710500,m7v1d-m7c5-710500,M7C5,710500,1,state_only_risk_roi,severe,31466,31466,1.0,5;5;5;5;5;5;5;5;5;5;5;5;5;5;5;5;5;5;5;5;5;5;5;5;5;5;5;5;5;5;5;5;5;5;5;5;5;5;5;5;5;5;5;5;35;5;5;5,48,0.020833333333333332,0,0,0,0,,,0,0,,0,,,181.72119791666665,25.536747698214953,0.7901384426862957,f997079043daeb487daec1562e34772f5482f7b998790c5ede370ccffcad7d80
m7_v1_development_m7c5_seed710500,m7v1d-m7c5-710500,M7C5,710500,1,command_conditioned_risk_roi,severe,31466,31345,0.9961545795461768,1;1;1;1;1;1;1;1;1;1;1;1;1;1;1;1;1;1;1;1;1;1;1;1;1;1;1;1;1;1;1;1;1;1;1;1;1;1;1;1;1;1;1;1;15;1;1;1,1,0.020833333333333332,0,0,0,0,,,0,0,,0,,,470.34137152777777,21.406671796213303,0.7624056954633728,8f3e69bdd0f47ab103c036fa2a16cccec6110cdf348f43e9310533ba7ae9f723
m7_v1_development_m7c5_seed710500,m7v1d-m7c5-710500,M7C5,710500,1,v2_global_only,severe,31466,31405,0.9980613996059239,1;1;1;1;1;1;1;1;15;1;1;1;1;1;1;1;5;5;1;5;5;1;5;5;1;5;5;5;1;1;5;5;5;1;1;5;1;1;1;1;5;5;5;1;5;5;5;5,21,0.4375,0,0,0,0,,,0,0,,0,,,342.52663194444443,22.783860166982628,0.7607123850864684,e65c81959f4aa839ba9ac871fdd05fb9266c41661ee80661146d52a64aab387f
m7_v1_development_m7c5_seed710500,m7v1d-m7c5-710500,M7C5,710500,1,v2_visible_edges,severe,31466,31404,0.9980296192715947,1;1;1;1;1;1;1;1;15;1;1;1;1;1;1;1;5;5;1;5;5;1;5;1;5;5;1;1;5;5;1;5;5;1;1;5;1;1;1;1;1;1;5;5;5;5;5;5,19,0.3958333333333333,0,0,0,0,,,0,0,,0,,,354.7958506944444,22.631018287134182,0.75964870719528,2ba5600d83c455a4e68a5689760e3f42acf94901cec00b64e51ece383cf0b48c
m7_v1_development_m7c5_seed710500,m7v1d-m7c5-710500,M7C5,710500,1,v2_corridor_edges,severe,31466,31403,0.9979978389372656,1;1;1;1;1;1;1;1;15;1;1;1;1;1;1;1;5;5;1;5;5;1;5;1;1;1;5;5;1;1;5;5;5;1;1;5;1;1;1;1;5;5;5;5;5;5;5;5,20,0.4166666666666667,0,0,0,0,,,0,0,,0,,,343.9707465277778,22.7655885190623,0.7629772570203229,6a2a7860651c5539b6be558393fa5c7291d986286f8b92af7a4de74a9d593760
m7_v1_development_m7c5_seed710500,m7v1d-m7c5-710500,M7C5,710500,1,state_only_risk_roi,low,32374,32298,0.9976524371409156,25;25;25;25;25;25;25;25;25;25;25;25;25;25;25;25;25;25;25;25;25;25;25;25;25;25;25;25;25;25;25;25;25;25;25;25;25;25;25;25;25;25;25;25;55;25;25;25,48,0.020833333333333332,0,0,0,0,,,0,0,,0,,,35.44220486111111,32.63559629333811,0.9025718439005604,de30fcc527258ed4eed27916a07e2a086826c9919e65ae6b9835d22317fd0073
m7_v1_development_m7c5_seed710500,m7v1d-m7c5-710500,M7C5,710500,1,command_conditioned_risk_roi,low,32374,32307,0.9979304380058072,25;25;25;25;25;25;25;25;25;25;25;25;25;25;25;25;25;25;25;25;25;25;25;25;25;25;25;25;25;25;25;25;25;25;25;25;25;25;25;25;25;25;25;25;55;25;25;25,48,0.020833333333333332,0,0,0,0,,,0,0,,0,,,35.44220486111111,32.63559629333811,0.9025718439005604,2d7ab09baeb8a668a34b931d60815248c50631a44386fefa5a2aa0e3092a5f41
m7_v1_development_m7c5_seed710500,m7v1d-m7c5-710500,M7C5,710500,1,v2_global_only,low,32374,32302,0.9977759930808674,35;25;35;35;25;25;25;25;25;35;25;25;25;25;25;25;25;25;25;25;25;25;25;25;25;25;25;25;25;25;25;25;25;25;25;35;35;25;25;25;25;35;35;25;25;25;25;35,48,0.1875,0,0,0,0,,,0,0,,0,,,34.03951388888889,32.81097011478879,0.9054314992508544,20f941b1d127caebc37dbe0ddf31034485fb28a67cb9bfeaae71edb7a266662d
m7_v1_development_m7c5_seed710500,m7v1d-m7c5-710500,M7C5,710500,1,v2_visible_edges,low,32374,32302,0.9977759930808674,25;25;25;25;25;25;25;25;25;25;25;25;25;25;25;25;25;35;35;25;25;25;25;25;25;25;25;25;25;25;25;25;25;25;25;35;25;25;25;25;25;35;25;25;25;25;25;35,48,0.10416666666666667,0,0,0,0,,,0,0,,0,,,34.400416666666665,32.765166579784086,0.9050116879166291,b1f19664f0b599429d6bc32e7322c0d675b457ba2e9a0e91f2a491b221a1a8e6
m7_v1_development_m7c5_seed710500,m7v1d-m7c5-710500,M7C5,710500,1,v2_corridor_edges,low,32374,32302,0.9977759930808674,35;35;35;35;25;25;25;25;25;35;25;25;25;25;25;25;25;25;25;25;25;25;25;25;25;25;25;25;25;25;25;25;25;25;25;35;35;25;25;25;25;35;25;35;25;25;25;25,48,0.1875,0,0,0,0,,,0,0,,0,,,34.1990625,32.79066159977195,0.9055652202862979,25846cebc977229f61d46ac92fd8fb9eb1aaf3c5bca0726e02ce6e22526b7d6e
m7_v1_development_m7c5_seed710500,m7v1d-m7c5-710500,M7C5,710500,1,state_only_risk_roi,medium,33509,32995,0.9846608373869706,45;45;45;45;45;45;45;45;45;45;45;45;45;45;45;45;45;45;45;45;45;45;45;45;45;45;45;45;45;45;45;45;45;45;45;45;45;45;45;45;45;45;45;45;75;45;45;45,48,0.020833333333333332,0,0,0,0,,,0,0,,0,,,20.44345486111111,35.02526069193586,0.9322791744523679,ff711459752e652e4909f653b5242619a185db90fb12103d580bcb66669e03cf
m7_v1_development_m7c5_seed710500,m7v1d-m7c5-710500,M7C5,710500,1,command_conditioned_risk_roi,medium,33509,33004,0.9849294219463428,45;45;45;45;45;45;45;45;45;45;45;45;45;45;45;45;45;45;45;45;45;45;45;45;45;45;45;45;45;45;45;45;45;45;45;45;45;45;45;45;45;45;45;45;75;45;45;45,48,0.020833333333333332,0,0,0,0,,,0,0,,0,,,20.44345486111111,35.02526069193586,0.9322791744523679,5968d9c6b6191a60b66ac6d15de6b51ade010adc621bf692de9684c9488db81e
m7_v1_development_m7c5_seed710500,m7v1d-m7c5-710500,M7C5,710500,1,v2_global_only,medium,33509,32999,0.9847802083022471,55;55;45;45;45;55;45;55;55;45;45;45;55;45;45;45;45;45;45;45;45;45;45;45;45;45;55;55;55;55;45;45;45;45;45;45;45;45;45;45;65;45;45;45;45;55;45;45,48,0.25,0,0,0,0,,,0,0,,0,,,19.3021875,35.2747383085782,0.9343756479026054,18dbfc46f816d6049c53426d942484309500e55aca48eec6e619fd464e032123
m7_v1_development_m7c5_seed710500,m7v1d-m7c5-710500,M7C5,710500,1,v2_visible_edges,medium,33509,32999,0.9847802083022471,45;55;45;45;45;45;45;45;55;45;45;45;45;45;45;55;55;45;45;45;45;55;45;45;45;45;45;45;45;45;45;45;45;45;45;45;45;45;45;45;45;55;45;45;45;55;45;45,48,0.14583333333333334,0,0,0,0,,,0,0,,0,,,20.178836805555555,35.08184232836611,0.9320353713296803,a174c292daa1714b278a07243773886a6b1b8e0763695d67848ed3872815a35b
m7_v1_development_m7c5_seed710500,m7v1d-m7c5-710500,M7C5,710500,1,v2_corridor_edges,medium,33509,32999,0.9847802083022471,55;55;45;45;45;55;45;55;55;45;45;45;55;45;45;45;45;45;45;45;45;45;45;45;45;45;55;55;45;55;45;45;45;45;45;45;45;45;45;45;55;45;45;45;55;55;45;45,48,0.25,0,0,0,0,,,0,0,,0,,,19.466215277777778,35.237988389191706,0.9341659083650118,ea2ecb6680d1d0e6e0354150f95e8520273798f665e7fd074539919a0fec4e1e
m7_v1_development_m7c5_seed710500,m7v1d-m7c5-710500,M7C5,710500,1,state_only_risk_roi,high,34871,33802,0.9693441541682201,65;65;65;65;65;65;65;65;65;65;65;65;65;65;65;65;65;65;65;65;65;65;65;65;65;65;65;65;65;65;65;65;65;65;65;65;65;65;65;65;65;65;65;65;95;65;65;65,48,0.020833333333333332,0,0,0,0,,,0,0,,0,,,13.93545138888889,36.6895932018108,0.9496642400666601,b337bcc8e1ee507ddf1febc48cc23d89c23e2c4c4a624bb24fade9457f93734d
m7_v1_development_m7c5_seed710500,m7v1d-m7c5-710500,M7C5,710500,1,command_conditioned_risk_roi,high,34871,33811,0.9696022482865418,65;65;65;65;65;65;65;65;65;65;65;65;65;65;65;65;65;65;65;65;65;65;65;65;65;65;65;65;65;65;65;65;65;65;65;65;65;65;65;65;65;65;65;65;95;65;65;65,48,0.020833333333333332,0,0,0,0,,,0,0,,0,,,13.93545138888889,36.6895932018108,0.9496642400666601,04622c659d0368e4a39f7833bbb907eefe9a95590ecc94487d094cc28890a068
m7_v1_development_m7c5_seed710500,m7v1d-m7c5-710500,M7C5,710500,1,v2_global_only,high,34871,33806,0.9694588626652519,75;65;75;75;65;75;75;75;75;75;75;75;65;65;65;65;65;65;65;65;75;65;65;75;75;75;65;65;75;65;75;75;65;65;65;65;65;65;65;65;65;75;65;75;65;65;65;65,48,0.3958333333333333,0,0,0,0,,,0,0,,0,,,12.83515625,37.046792009029296,0.9509615192980317,c5baaa8222afb67050779fbb6efea04bf65f3d5a60f982af2a8383840417d8e9
m7_v1_development_m7c5_seed710500,m7v1d-m7c5-710500,M7C5,710500,1,v2_visible_edges,high,34871,33806,0.9694588626652519,75;65;65;65;65;65;65;65;65;65;75;65;65;65;65;75;75;75;75;65;75;65;65;65;75;65;65;65;65;65;65;75;65;65;65;75;65;65;65;65;65;65;75;65;65;75;65;75,48,0.2708333333333333,0,0,0,0,,,0,0,,0,,,13.189270833333333,36.92859574556812,0.9507230682810167,3987ffbb10f802c109821c58b3de25697e92a19dcd258bd39103eda7335f2158
m7_v1_development_m7c5_seed710500,m7v1d-m7c5-710500,M7C5,710500,1,v2_corridor_edges,high,34871,33806,0.9694588626652519,75;65;65;75;65;75;75;75;75;75;75;75;65;65;65;65;65;65;65;65;75;65;65;75;75;75;65;65;75;65;75;75;65;65;65;65;65;65;65;65;65;75;65;75;65;65;65;65,48,0.375,0,0,0,0,,,0,0,,0,,,12.845503472222223,37.04329230006081,0.9508853974912314,b37258c452a5f0858bea7f0e842700c7350e36234443cc3099d16159d2eedb9f
m7_v1_development_m7c5_seed710500,m7v1d-m7c5-710500,M7C5,710500,2,state_only_risk_roi,severe,31466,31385,0.9974257929193415,5;5;5;5;5;5;5;5;5;5;5;5;5;5;5;5;5;5;5;5;5;5;5;5;5;5;5;5;5;5;5;5;5;5;5;5;5;5;5;5;5;5;5;35;5;5;5;5,48,0.020833333333333332,0,0,0,0,,,0,0,,0,,,193.86300347222223,25.255854239960343,0.7324837716455163,58b5085d8f69f7393dd373a6b0af1c29080859d5cbb6874c06b88ab26627b3e0
m7_v1_development_m7c5_seed710500,m7v1d-m7c5-710500,M7C5,710500,2,command_conditioned_risk_roi,severe,31466,31420,0.9985381046208606,5;5;5;5;5;5;5;5;5;5;5;5;5;5;5;5;5;5;5;5;5;5;5;5;5;5;5;5;5;5;5;5;5;5;5;35;5;5;5;5;5;5;5;35;5;5;5;5,48,0.041666666666666664,0,0,0,0,,,0,0,,0,,,192.23350694444446,25.292512719537857,0.7333693774234734,487261ef1364ec5f1f6de1f0bc31b1f82af3e78feb10a3e68afea2e9c5eb63aa
m7_v1_development_m7c5_seed710500,m7v1d-m7c5-710500,M7C5,710500,2,v2_global_only,severe,31466,31401,0.9979342782686074,15;15;15;15;25;25;15;15;25;15;15;5;5;15;5;5;5;5;5;5;5;5;5;5;5;5;5;5;5;5;5;5;15;15;5;15;15;5;15;15;5;5;15;5;5;5;5;5,48,0.3958333333333333,0,0,0,0,,,0,0,,0,,,161.71427083333333,26.043320139937048,0.7318243161542853,1deb45a601eba077c34b125f82b1ff36db0488be83e0262f9037428ca546b6c2
m7_v1_development_m7c5_seed710500,m7v1d-m7c5-710500,M7C5,710500,2,v2_visible_edges,severe,31466,31402,0.9979660586029365,15;15;15;15;15;15;15;15;5;15;15;5;5;5;5;5;5;5;5;5;5;5;5;5;5;5;5;5;5;5;5;5;15;15;5;15;5;5;5;15;5;5;5;5;5;5;15;15,48,0.3333333333333333,0,0,0,0,,,0,0,,0,,,165.23942708333334,25.949666803427025,0.7231598901977686,0f684898a4393f4aeb2788f6c09470d91a79b932d68c36eb16fb41136e56d042
m7_v1_development_m7c5_seed710500,m7v1d-m7c5-710500,M7C5,710500,2,v2_corridor_edges,severe,31466,31402,0.9979660586029365,15;15;15;15;25;25;15;15;15;15;15;5;5;15;5;5;5;5;5;5;5;5;5;5;5;5;5;5;5;5;5;5;15;15;5;15;5;5;5;5;5;5;15;15;5;5;5;5,48,0.3541666666666667,0,0,0,0,,,0,0,,0,,,163.62130208333335,25.99240516453182,0.733481320011807,a04658c86ede5f88e70334059de563fa4e81b691fbde57e813a5daed872a837d
m7_v1_development_m7c5_seed710500,m7v1d-m7c5-710500,M7C5,710500,2,state_only_risk_roi,low,32374,32253,0.9962624328164577,25;25;25;25;25;25;25;25;25;25;25;25;25;25;25;25;25;25;25;25;25;25;25;25;25;25;25;25;25;25;25;25;25;25;25;25;25;25;25;25;25;25;25;55;25;25;25;25,48,0.020833333333333332,0,0,0,0,,,0,0,,0,,,34.37071180555556,32.76891834549017,0.873485317375727,fb144a415b16bfb5d8fd4a30d7cf61389b18076b62513eb3ea1746622407805b
m7_v1_development_m7c5_seed710500,m7v1d-m7c5-710500,M7C5,710500,2,command_conditioned_risk_roi,low,32374,32289,0.997374436276024,25;25;25;25;25;25;25;25;25;25;25;25;25;25;25;25;25;25;25;25;25;25;25;25;25;25;25;25;25;25;25;25;25;25;25;55;25;25;25;25;25;25;25;55;25;25;25;25,48,0.041666666666666664,0,0,0,0,,,0,0,,0,,,34.25057291666667,32.784125204419205,0.8746123368984596,34739b35548c750f47f7e475b852f9bd138f5779960906ef8d6779914c53dab8
m7_v1_development_m7c5_seed710500,m7v1d-m7c5-710500,M7C5,710500,2,v2_global_only,low,32374,32270,0.9967875455612528,25;25;25;25;25;25;25;25;25;25;25;25;35;25;25;25;25;25;25;25;25;25;25;25;25;25;35;35;25;35;35;25;25;35;25;25;25;25;25;25;25;25;25;25;25;25;25;25,48,0.125,0,0,0,0,,,0,0,,0,,,31.806006944444444,33.10571211435053,0.8757039894661617,a649df9d3ada5a26c97585eebcbf57b064f464b0573e54ad991f761402e8d96e
m7_v1_development_m7c5_seed710500,m7v1d-m7c5-710500,M7C5,710500,2,v2_visible_edges,low,32374,32271,0.9968184345462409,25;25;25;25;25;35;25;25;25;25;25;25;35;25;25;55;25;25;25;25;25;25;25;25;25;25;25;35;25;35;35;25;25;35;25;25;25;25;25;25;25;25;25;25;25;25;25;25,48,0.14583333333333334,0,0,0,0,,,0,0,,0,,,32.31489583333333,33.03677600549848,0.8754552943298006,de90c3fa34bf7a2538fa7369b4e001d102c0f4a6e399ae560af373c33df40e9a
m7_v1_development_m7c5_seed710500,m7v1d-m7c5-710500,M7C5,710500,2,v2_corridor_edges,low,32374,32270,0.9967875455612528,25;25;25;25;25;25;25;25;25;25;25;25;35;25;25;25;25;25;25;25;25;25;25;25;25;25;35;35;25;35;35;25;25;25;25;25;25;25;25;25;25;25;25;25;25;25;25;25,48,0.10416666666666667,0,0,0,0,,,0,0,,0,,,31.907239583333332,33.09191127516845,0.8750369785814085,fb55e34957beefc5a694cab034cddaa038d7bfe818a66a78ad4713c921e1f87e
m7_v1_development_m7c5_seed710500,m7v1d-m7c5-710500,M7C5,710500,2,state_only_risk_roi,medium,33509,32992,0.9845713092005133,45;45;45;45;45;45;45;45;45;45;45;45;45;45;45;45;45;45;45;45;45;45;45;45;45;45;45;45;45;45;45;45;45;45;45;45;45;45;45;45;45;45;45;75;45;45;45;45,48,0.020833333333333332,0,0,0,0,,,0,0,,0,,,21.53217013888889,34.79992558083508,0.9067578649000493,2ccc2dc86264510741844c1aa9b4d5e3583e2efe585c89bcc2cb8d26abb9d61b
m7_v1_development_m7c5_seed710500,m7v1d-m7c5-710500,M7C5,710500,2,command_conditioned_risk_roi,medium,33509,33046,0.986182816556746,45;45;45;45;45;45;45;45;45;45;45;45;45;45;45;45;45;45;45;45;45;45;45;45;45;45;45;45;45;45;45;45;45;45;45;75;45;45;45;45;45;45;45;75;45;45;45;45,48,0.041666666666666664,0,0,0,0,,,0,0,,0,,,21.41418402777778,34.82378830301792,0.907882260100691,7a75b93ee2ae94e2597928010a77d3f9065d632f1a5dc1294015b19f61d66fd6
m7_v1_development_m7c5_seed710500,m7v1d-m7c5-710500,M7C5,710500,2,v2_global_only,medium,33509,33019,0.9853770628786296,45;55;45;55;45;45;45;45;45;55;45;45;45;45;55;45;45;45;45;55;45;45;45;55;55;45;45;45;45;45;55;55;45;45;45;45;45;45;45;45;45;45;45;45;45;45;45;65,48,0.20833333333333334,0,0,0,0,,,0,0,,0,,,20.238298611111112,35.06906361339682,0.9080884580621231,074bcee3d71fc08617c31b48b5177d801be9da52d597888f44d05fbf1ce6cffc
m7_v1_development_m7c5_seed710500,m7v1d-m7c5-710500,M7C5,710500,2,v2_visible_edges,medium,33509,33019,0.9853770628786296,45;55;45;55;45;45;45;45;45;55;45;55;45;45;45;55;55;45;45;45;55;45;45;45;45;45;55;45;55;45;55;45;45;45;45;45;45;45;45;45;45;45;45;45;45;55;45;55,48,0.25,0,0,0,0,,,0,0,,0,,,20.705225694444444,34.97000392036874,0.9068908445635704,cae7d0a66bc1f5bdf1b1a8a98c9441d1fd54593bed64a7fa34d001eab2ad05bf
m7_v1_development_m7c5_seed710500,m7v1d-m7c5-710500,M7C5,710500,2,v2_corridor_edges,medium,33509,33019,0.9853770628786296,45;45;45;45;45;45;45;45;45;55;45;45;45;45;45;55;45;45;45;45;45;45;45;55;55;45;45;45;45;45;55;55;45;45;45;45;45;45;45;45;45;45;45;55;45;45;45;65,48,0.16666666666666666,0,0,0,0,,,0,0,,0,,,20.368663194444444,35.04117833896573,0.9079775447017839,e8f70f2a2d881177b7da46f2a140dcdc71374e842c48027dfbffdef48260d46e
m7_v1_development_m7c5_seed710500,m7v1d-m7c5-710500,M7C5,710500,2,state_only_risk_roi,high,34871,33882,0.9716383241088583,65;65;65;65;65;65;65;65;65;65;65;65;65;65;65;65;65;65;65;65;65;65;65;65;65;65;65;65;65;65;65;65;65;65;65;65;65;65;65;65;65;65;65;95;65;65;65;65,48,0.020833333333333332,0,0,0,0,,,0,0,,0,,,15.283472222222223,36.288583289029745,0.9261440887159695,fda5e6d951cd01eb2ef848cb821fd3710e21780cfbad585281ca29d96dd1a2de
m7_v1_development_m7c5_seed710500,m7v1d-m7c5-710500,M7C5,710500,2,command_conditioned_risk_roi,high,34871,34085,0.9774597803332282,65;65;65;65;65;65;65;65;65;65;65;65;65;65;65;65;65;65;65;65;65;65;65;65;65;65;65;65;65;65;65;65;65;65;65;95;65;65;65;65;65;65;65;95;65;65;65;65,48,0.041666666666666664,0,0,0,0,,,0,0,,0,,,15.068020833333334,36.350241488724215,0.9283270025311058,2270524c9405e9b5903290d8d521a78d75412e4f460970c55058f7959e5a7002
m7_v1_development_m7c5_seed710500,m7v1d-m7c5-710500,M7C5,710500,2,v2_global_only,high,34871,33982,0.9745060365346563,75;75;65;75;75;65;75;75;65;75;65;65;75;65;65;65;65;75;65;75;65;65;75;75;65;75;65;75;75;75;75;75;65;65;65;65;65;65;65;65;65;65;65;75;75;75;75;75,48,0.4791666666666667,0,0,0,0,,,0,0,,0,,,13.601788194444444,36.79484353091186,0.9306916497407981,59e87cdabd9138b3fc9ee3e45d8ff32d5cd66067a21b3226972591e990c3e03e
m7_v1_development_m7c5_seed710500,m7v1d-m7c5-710500,M7C5,710500,2,v2_visible_edges,high,34871,33983,0.9745347136589143,65;65;65;65;75;65;65;75;65;65;65;75;65;75;75;75;65;65;65;75;65;65;75;75;65;75;75;75;75;75;75;65;65;65;65;75;65;65;65;65;65;65;65;75;65;75;75;75,48,0.4166666666666667,0,0,0,0,,,0,0,,0,,,13.8340625,36.721306274503746,0.9290211450364873,4a4bdf06d7e2d5c790b142ad4d646589bdb9bc9aff6f5233688f5b0a957f647a
m7_v1_development_m7c5_seed710500,m7v1d-m7c5-710500,M7C5,710500,2,v2_corridor_edges,high,34871,33981,0.9744773594103984,75;65;65;75;75;65;75;75;65;65;65;65;75;65;65;65;75;75;65;75;65;65;75;75;65;75;65;75;75;75;75;75;65;65;65;65;65;65;65;65;65;65;65;65;75;75;75;75,48,0.4375,0,0,0,0,,,0,0,,0,,,13.642725694444444,36.78179213729491,0.9304310098163283,2f4a89c779c58ee4b453142769ef7b4780df637fdcce899085d96ad773a00e94
m7_v1_development_m7c5_seed710500,m7v1d-m7c5-710500,M7C5,710500,3,state_only_risk_roi,severe,31466,31445,0.9993326129790885,5;5;5;5;5;5;5;5;5;5;5;5;5;5;5;5;5;5;5;5;5;5;5;5;5;5;5;5;5;5;5;5;5;5;5;35;5;5;5;5;5;5;5;35;5;5;5;5,48,0.041666666666666664,0,0,0,0,,,0,0,,0,,,216.5104340277778,24.776015302408958,0.690439125517251,c2afc4e5379dbbf488e26ec54cd300e36273b11b8ab162e7cc1829a10e21302b
m7_v1_development_m7c5_seed710500,m7v1d-m7c5-710500,M7C5,710500,3,command_conditioned_risk_roi,severe,31466,31458,0.9997457573253671,5;5;5;5;5;5;5;5;5;5;5;5;5;5;5;5;5;5;5;5;5;5;5;5;5;5;5;5;5;5;5;5;5;5;5;35;5;5;5;5;5;5;5;35;5;5;5;5,48,0.041666666666666664,0,0,0,0,,,0,0,,0,,,216.5104340277778,24.776015302408958,0.690439125517251,d2f70a5111e605089769fcf6695f41b7f87ae4ff2944b2b1d13746aa78326a77
m7_v1_development_m7c5_seed710500,m7v1d-m7c5-710500,M7C5,710500,3,v2_global_only,severe,31466,31450,0.9994915146507342,25;25;25;15;15;15;15;15;5;15;5;5;5;15;5;5;5;5;5;5;5;5;5;5;5;5;5;5;5;5;5;5;5;15;15;15;5;5;5;5;5;5;5;5;5;5;15;15,48,0.3125,0,0,0,0,,,0,0,,0,,,187.80588541666665,25.39371162906232,0.7020131012872338,31e295bea82e56c2e565adc7c625ebe71cedc6a705e1799fccffccbc145ea0ee
m7_v1_development_m7c5_seed710500,m7v1d-m7c5-710500,M7C5,710500,3,v2_visible_edges,severe,31466,31451,0.9995232949850632,15;15;15;15;15;15;15;15;5;5;5;5;5;5;5;5;5;5;5;5;5;5;5;5;5;5;5;5;5;5;5;5;5;15;5;15;15;15;5;5;5;5;5;5;15;5;15;15,48,0.3125,0,0,0,0,,,0,0,,0,,,193.87911458333335,25.255493331700386,0.6913853576279815,f5be839d7e59f08cf9e3b6e2645696fb702e8e98607726d950767bc25a64b7f2
m7_v1_development_m7c5_seed710500,m7v1d-m7c5-710500,M7C5,710500,3,v2_corridor_edges,severe,31466,31451,0.9995232949850632,25;25;15;15;15;15;15;15;5;15;5;5;5;15;5;5;5;5;5;5;5;5;5;5;5;5;5;5;5;5;5;5;5;15;15;15;5;5;5;5;5;5;5;5;5;5;15;15,48,0.3125,0,0,0,0,,,0,0,,0,,,188.25536458333335,25.38333000028407,0.7008095833711243,dcbaca8532d23b5e24c3e076a8550a1270d081c23af2d566f6ce99546a48910c
m7_v1_development_m7c5_seed710500,m7v1d-m7c5-710500,M7C5,710500,3,state_only_risk_roi,low,32374,31445,0.9713041329461913,5;5;5;5;5;5;5;5;5;5;5;5;5;5;5;5;5;5;5;5;5;5;5;5;5;5;5;5;5;5;5;5;5;5;5;35;5;5;5;5;5;5;5;35;5;5;5;5,48,0.041666666666666664,0,0,0,0,,,0,0,,0,,,216.5104340277778,24.776015302408958,0.690439125517251,874783e6bf14042fb3dc907b522f64687f9f5028a104e3662a97964d16a92b87
m7_v1_development_m7c5_seed710500,m7v1d-m7c5-710500,M7C5,710500,3,command_conditioned_risk_roi,low,32374,31458,0.9717056897510348,5;5;5;5;5;5;5;5;5;5;5;5;5;5;5;5;5;5;5;5;5;5;5;5;5;5;5;5;5;5;5;5;5;5;5;35;5;5;5;5;5;5;5;35;5;5;5;5,48,0.041666666666666664,0,0,0,0,,,0,0,,0,,,216.5104340277778,24.776015302408958,0.690439125517251,5fe62898886bafda5f645d7c97fbca3021422309a5472d2f533e155c9487e12c
m7_v1_development_m7c5_seed710500,m7v1d-m7c5-710500,M7C5,710500,3,v2_global_only,low,32374,31450,0.9714585778711311,25;25;25;15;15;15;15;15;5;15;5;5;5;15;5;5;5;5;5;5;5;5;5;5;5;5;5;5;5;5;5;5;5;15;15;15;5;5;5;5;5;5;5;5;5;5;15;15,48,0.3125,0,0,0,0,,,0,0,,0,,,187.80588541666665,25.39371162906232,0.7020131012872338,171d3bed684f83b02d056b9bcae7a6081f17d7305736be938edb7b97eca100f5
m7_v1_development_m7c5_seed710500,m7v1d-m7c5-710500,M7C5,710500,3,v2_visible_edges,low,32374,31451,0.9714894668561191,15;15;15;15;15;15;15;15;5;5;5;5;5;5;5;5;5;5;5;5;5;5;5;5;5;5;5;5;5;5;5;5;5;15;5;15;15;15;5;5;5;5;5;5;15;5;15;15,48,0.3125,0,0,0,0,,,0,0,,0,,,193.87911458333335,25.255493331700386,0.6913853576279815,c7271fb6e2adc2f33cf7943cba3c8a97ecd1b99d54e28aa7581e4f27864acdf1
m7_v1_development_m7c5_seed710500,m7v1d-m7c5-710500,M7C5,710500,3,v2_corridor_edges,low,32374,31451,0.9714894668561191,25;25;15;15;15;15;15;15;5;15;5;5;5;15;5;5;5;5;5;5;5;5;5;5;5;5;5;5;5;5;5;5;5;15;15;15;5;5;5;5;5;5;5;5;5;5;15;15,48,0.3125,0,0,0,0,,,0,0,,0,,,188.25536458333335,25.38333000028407,0.7008095833711243,e441626488cb97fade630cbbd2ae9a115255e0aff3216107ddfb592300e7dbd8
m7_v1_development_m7c5_seed710500,m7v1d-m7c5-710500,M7C5,710500,3,state_only_risk_roi,medium,33509,33251,0.9923005759646663,45;45;45;45;45;45;45;45;45;45;45;45;45;45;45;45;45;45;45;45;45;45;45;45;45;45;45;45;45;45;45;45;45;45;45;75;45;45;45;45;45;45;45;75;45;45;45;45,48,0.041666666666666664,0,0,0,0,,,0,0,,0,,,26.77984375,33.85272322124361,0.9038621948162803,a81ee46c94e22facaafd3d1641ab0b42fbcd471ea941530bbf32368eccba0314
m7_v1_development_m7c5_seed710500,m7v1d-m7c5-710500,M7C5,710500,3,command_conditioned_risk_roi,medium,33509,33264,0.9926885314393148,45;45;45;45;45;45;45;45;45;45;45;45;45;45;45;45;45;45;45;45;45;45;45;45;45;45;45;45;45;45;45;45;45;45;45;75;45;45;45;45;45;45;45;75;45;45;45;45,48,0.041666666666666664,0,0,0,0,,,0,0,,0,,,26.77984375,33.85272322124361,0.9038621948162803,4b492ab29fb5254e8502392ecc86386d1e2c31f8b4fb38bbf351554e1383a3be
m7_v1_development_m7c5_seed710500,m7v1d-m7c5-710500,M7C5,710500,3,v2_global_only,medium,33509,33257,0.992479632337581,45;45;45;45;45;45;45;45;45;45;45;45;45;45;55;45;45;45;55;55;45;45;45;45;65;55;45;55;45;45;55;45;45;45;45;45;45;55;45;45;45;45;45;45;45;45;45;45,48,0.16666666666666666,0,0,0,0,,,0,0,,0,,,25.29970486111111,34.09964906013771,0.9048430551704693,9ee67db407fd0eba804d7148401b4324c3dbb55aa450bf455fade0008ec14ecd
m7_v1_development_m7c5_seed710500,m7v1d-m7c5-710500,M7C5,710500,3,v2_visible_edges,medium,33509,33256,0.9924497896087618,45;55;45;45;45;55;45;45;45;55;45;65;45;45;45;45;45;45;45;45;45;45;45;45;55;45;45;45;45;55;55;45;45;45;45;45;45;45;45;45;45;45;45;45;45;55;65;45,48,0.1875,0,0,0,0,,,0,0,,0,,,26.072864583333335,33.96891611848028,0.9032782874244649,092581d35b738e76b6423614916cf94e4ccf46811cd54970fbd69b0ce4ba105c
m7_v1_development_m7c5_seed710500,m7v1d-m7c5-710500,M7C5,710500,3,v2_corridor_edges,medium,33509,33257,0.992479632337581,45;55;45;45;45;55;45;45;45;45;45;45;45;45;55;45;45;45;55;55;45;45;45;45;55;55;45;55;45;45;55;45;45;45;45;45;45;55;45;45;45;45;45;55;45;45;45;45,48,0.22916666666666666,0,0,0,0,,,0,0,,0,,,25.39015625,34.084149873551965,0.9050396845055824,54064e4d668dd08a6d8376fabdefa3237d11b281b56a7fdbfacab0a715a8ffde
m7_v1_development_m7c5_seed710500,m7v1d-m7c5-710500,M7C5,710500,3,state_only_risk_roi,high,34871,34342,0.9848298012675288,65;65;65;65;65;65;65;65;65;65;65;65;65;65;65;65;65;65;65;65;65;65;65;65;65;65;65;65;65;65;65;65;65;65;65;95;65;65;65;65;65;65;65;95;65;65;65;65,48,0.041666666666666664,0,0,0,0,,,0,0,,0,,,18.669427083333332,35.41949370094227,0.9278786490090769,2d3d59b334dab6fb452631d92eaf45a3a1073234b5272370111f560824c2ae86
m7_v1_development_m7c5_seed710500,m7v1d-m7c5-710500,M7C5,710500,3,command_conditioned_risk_roi,high,34871,34355,0.9852026038828826,65;65;65;65;65;65;65;65;65;65;65;65;65;65;65;65;65;65;65;65;65;65;65;65;65;65;65;65;65;65;65;65;65;65;65;95;65;65;65;65;65;65;65;95;65;65;65;65,48,0.041666666666666664,0,0,0,0,,,0,0,,0,,,18.669427083333332,35.41949370094227,0.9278786490090769,7e08b5a04287c186126e12e26b1f0eb89472cc63e97a127488629b69ff356ad9
m7_v1_development_m7c5_seed710500,m7v1d-m7c5-710500,M7C5,710500,3,v2_global_only,high,34871,34347,0.9849731868888187,65;65;65;65;65;75;75;65;75;75;65;65;75;65;65;65;65;65;75;75;65;75;75;75;75;65;75;75;75;75;75;65;65;65;65;65;65;75;75;75;65;65;65;65;65;65;75;65,48,0.4166666666666667,0,0,0,0,,,0,0,,0,,,16.864947916666665,35.8609535655462,0.930669878168854,66936f305007fb059b583046bf63a24c63bada3edc11f243b2f877a2c3e94e5d
m7_v1_development_m7c5_seed710500,m7v1d-m7c5-710500,M7C5,710500,3,v2_visible_edges,high,34871,34347,0.9849731868888187,65;65;65;65;65;65;65;65;75;75;65;65;75;75;75;75;65;65;75;65;65;75;65;65;75;65;65;65;75;65;75;65;65;65;65;65;75;75;75;75;65;75;65;65;75;75;75;65,48,0.3958333333333333,0,0,0,0,,,0,0,,0,,,17.186527777777776,35.77892216540911,0.9299070093556452,4a7d6e6f8b92adf5c30693323698ae873e1ee3e576aa817c2b31d66318ec3b63
m7_v1_development_m7c5_seed710500,m7v1d-m7c5-710500,M7C5,710500,3,v2_corridor_edges,high,34871,34348,0.9850018640130768,65;65;65;65;65;65;65;65;65;75;65;65;75;75;65;65;65;65;75;75;65;75;75;75;75;65;75;75;75;75;65;65;65;65;65;65;65;75;75;75;65;65;65;75;65;65;75;65,48,0.375,0,0,0,0,,,0,0,,0,,,16.933020833333334,35.84345918162586,0.9307402695744629,184649e310521ade6a80cf82f62c9932949fa5a8a004991d17b18ea7ef68af48
m7_v1_development_m7c5_seed710501,m7v1d-m7c5-710501,M7C5,710501,0,state_only_risk_roi,severe,31466,31421,0.9985698849551897,5;5;5;5;5;5;5;5;5;5;5;5;5;5;5;5;5;5;5;5;5;5;5;5;5;5;5;5;5;5;5;5;5;5;5;5;5;5;5;5;5;5;5;5;35;5;5;5,48,0.020833333333333332,1,1,23,23,1.0,1.0,23,0,0.0,2287,84.59728902492348,28.85723914854664,200.67885416666667,25.10578748233716,0.7680495774791787,22be5741e236d75373e723394a2cfbb315f24173846ed27734129a3f846288a4
m7_v1_development_m7c5_seed710501,m7v1d-m7c5-710501,M7C5,710501,0,command_conditioned_risk_roi,severe,31466,31430,0.9988559079641518,5;5;5;5;5;5;5;5;5;5;5;5;5;5;5;5;5;5;5;5;5;5;5;5;5;5;5;5;5;5;5;5;5;5;5;5;5;5;5;5;5;5;5;5;35;5;5;5,48,0.020833333333333332,1,1,23,23,1.0,1.0,23,0,0.0,2287,84.59728902492348,28.85723914854664,200.67885416666667,25.10578748233716,0.7680495774791787,c184b18eedb7aef279384c9c241674dc4b3224c5aeb737e260c8803f807e9809
m7_v1_development_m7c5_seed710501,m7v1d-m7c5-710501,M7C5,710501,0,v2_global_only,severe,31466,31424,0.9986652259581771,15;15;15;15;15;15;25;15;5;5;15;5;15;5;5;5;5;5;5;5;5;5;5;5;5;5;5;5;5;5;5;5;5;5;5;5;5;5;5;5;5;5;15;5;15;5;15;5,48,0.2708333333333333,1,1,23,23,1.0,1.0,23,6,0.2608695652173913,2287,75.32313073895934,29.36151998084126,180.15534722222222,25.574332038478996,0.7564963651211075,c83f02a0e9864caafb53cde103d0f9acf64c2c4785386ebfd226c48117393260
m7_v1_development_m7c5_seed710501,m7v1d-m7c5-710501,M7C5,710501,0,v2_visible_edges,severe,31466,31425,0.9986970062925062,15;15;15;15;15;15;15;15;5;5;15;5;15;5;5;5;5;5;5;5;5;5;5;5;5;5;5;5;5;5;5;5;5;5;5;5;5;5;5;5;5;5;15;5;15;5;15;5,48,0.2708333333333333,1,1,23,23,1.0,1.0,23,6,0.2608695652173913,2287,75.32313073895934,29.36151998084126,180.5603125,25.564580631538306,0.7555050957536137,09630f8b41544b0e2f849f0fd29ec46d55d21a14b5975973fa7ce5393fce667f
m7_v1_development_m7c5_seed710501,m7v1d-m7c5-710501,M7C5,710501,0,v2_corridor_edges,severe,31466,31424,0.9986652259581771,15;15;15;15;15;15;25;15;5;5;5;5;15;5;5;5;5;5;5;5;5;5;5;5;5;5;5;5;5;5;5;5;5;5;5;5;5;5;5;5;5;5;15;5;15;5;15;5,48,0.25,1,1,23,23,1.0,1.0,23,6,0.2608695652173913,2287,75.32313073895934,29.36151998084126,182.49777777777777,25.518227803204823,0.7549632733301048,a08d3b417298d1f83f84321f2db72b5018640285634b4a15edb092a2652327ff
m7_v1_development_m7c5_seed710501,m7v1d-m7c5-710501,M7C5,710501,0,state_only_risk_roi,low,32374,32222,0.9953048742818311,25;25;25;25;25;25;25;25;25;25;25;25;25;25;25;25;25;25;25;25;25;25;25;25;25;25;25;25;25;25;25;25;25;25;25;25;25;25;25;25;25;25;25;25;55;25;25;25,48,0.020833333333333332,1,1,23,23,1.0,1.0,23,0,0.0,2287,7.54977408541029,39.35146404593374,35.42234375,32.638030675932775,0.90350058432033,82b95b64a621cb2905e91d8e3e9f586375a61344577b8aca09d0398c220c886a
m7_v1_development_m7c5_seed710501,m7v1d-m7c5-710501,M7C5,710501,0,command_conditioned_risk_roi,low,32374,32231,0.9955828751467227,25;25;25;25;25;25;25;25;25;25;25;25;25;25;25;25;25;25;25;25;25;25;25;25;25;25;25;25;25;25;25;25;25;25;25;25;25;25;25;25;25;25;25;25;55;25;25;25,48,0.020833333333333332,1,1,23,23,1.0,1.0,23,0,0.0,2287,7.54977408541029,39.35146404593374,35.42234375,32.638030675932775,0.90350058432033,2bce3a03f1d8aa179a8927f2e570c485445aea560dbb38e9b84ef47fe5d79dbc
m7_v1_development_m7c5_seed710501,m7v1d-m7c5-710501,M7C5,710501,0,v2_global_only,low,32374,32226,0.995428430221783,25;25;35;35;35;25;25;25;25;25;25;25;25;25;25;25;35;25;25;25;25;25;25;25;25;25;25;35;25;25;25;25;35;25;25;25;25;25;25;25;25;25;25;25;25;25;25;35,48,0.14583333333333334,1,1,23,23,1.0,1.0,23,5,0.21739130434782608,2287,6.9434484768984115,39.71505143652264,34.25157986111111,32.78399752655855,0.9046171415786096,86bd88fcfc7a3b5f31e14f75519bd67d2fd0cae906fde071949c3ce545b947e3
m7_v1_development_m7c5_seed710501,m7v1d-m7c5-710501,M7C5,710501,0,v2_visible_edges,low,32374,32226,0.995428430221783,25;25;25;35;25;25;25;25;25;35;25;25;25;25;25;35;35;25;25;25;25;25;25;25;25;25;25;25;25;25;25;25;35;25;25;25;25;25;25;25;25;35;25;25;25;25;25;25,48,0.125,1,1,23,23,1.0,1.0,23,5,0.21739130434782608,2287,6.9434484768984115,39.71505143652264,34.98498263888889,32.69198698136019,0.9037000258046142,0bcefe27fd6a37f7626a55fd8d7b9c6ec69869a0760ab6cbe95796e7aa0b2bf7
m7_v1_development_m7c5_seed710501,m7v1d-m7c5-710501,M7C5,710501,0,v2_corridor_edges,low,32374,32226,0.995428430221783,25;25;35;35;25;25;25;25;25;25;25;25;25;25;25;25;35;25;25;25;25;25;25;25;25;25;25;35;25;25;25;25;35;25;25;25;25;25;25;25;25;25;25;25;25;25;25;35,48,0.125,1,1,23,23,1.0,1.0,23,5,0.21739130434782608,2287,6.9434484768984115,39.71505143652264,34.36265625,32.769936332369454,0.9044579521724422,d6db07bf1bb38bd82c145abdfdc3e2e2f31162e58d4d69dbe6d155193f2fd791
m7_v1_development_m7c5_seed710501,m7v1d-m7c5-710501,M7C5,710501,0,state_only_risk_roi,medium,33509,32887,0.9814378226745054,45;45;45;45;45;45;45;45;45;45;45;45;45;45;45;45;45;45;45;45;45;45;45;45;45;45;45;45;45;45;45;45;45;45;45;45;45;45;45;45;45;45;45;45;75;45;45;45,48,0.020833333333333332,1,1,23,23,1.0,1.0,23,0,0.0,2287,2.0155953942573968,45.08677003569019,22.142239583333332,34.67858815260488,0.9324371166013297,b2a4316f6030304e3f2f9aeef81b4818e9468077d15b012d1dceb52eb167dd88
m7_v1_development_m7c5_seed710501,m7v1d-m7c5-710501,M7C5,710501,0,command_conditioned_risk_roi,medium,33509,32896,0.9817064072338775,45;45;45;45;45;45;45;45;45;45;45;45;45;45;45;45;45;45;45;45;45;45;45;45;45;45;45;45;45;45;45;45;45;45;45;45;45;45;45;45;45;45;45;45;75;45;45;45,48,0.020833333333333332,1,1,23,23,1.0,1.0,23,0,0.0,2287,2.0155953942573968,45.08677003569019,22.142239583333332,34.67858815260488,0.9324371166013297,4cca8016d7f58c263c1489d7c3ba1573268dd53856b671ded0a1fc1cfd6ed351
m7_v1_development_m7c5_seed710501,m7v1d-m7c5-710501,M7C5,710501,0,v2_global_only,medium,33509,32891,0.9815571935897819,45;45;45;45;45;45;45;45;45;55;55;55;55;45;45;45;45;45;45;45;45;45;45;45;45;55;45;45;45;55;45;45;45;45;45;45;45;55;45;55;45;45;45;45;45;45;45;55,48,0.1875,1,1,23,23,1.0,1.0,23,0,0.0,2287,2.0155953942573968,45.08677003569019,21.17755208333333,34.87204602364671,0.9338044891860827,e804bb2940a6d8d24e748a4464c67a871aa92c1a0f595276e77e24cd88e57f3d
m7_v1_development_m7c5_seed710501,m7v1d-m7c5-710501,M7C5,710501,0,v2_visible_edges,medium,33509,32891,0.9815571935897819,45;45;45;45;45;45;45;45;45;45;45;55;45;45;45;45;45;45;45;45;45;45;45;45;45;45;45;45;45;45;45;45;45;45;45;45;45;55;45;55;45;65;45;45;45;45;45;45,48,0.08333333333333333,1,1,23,23,1.0,1.0,23,0,0.0,2287,2.0155953942573968,45.08677003569019,21.651892361111113,34.77584501468454,0.932605644658818,048e3ea1daad96efd97623d0b2ed7b7ca75db06511d8256f8b74b8ee0bf35ecb
m7_v1_development_m7c5_seed710501,m7v1d-m7c5-710501,M7C5,710501,0,v2_corridor_edges,medium,33509,32891,0.9815571935897819,45;45;45;45;45;45;45;45;45;55;55;55;55;45;45;45;45;45;45;45;45;45;45;45;45;55;45;45;45;55;45;45;45;45;45;45;45;55;45;45;45;45;45;45;55;45;45;45,48,0.16666666666666666,1,1,23,23,1.0,1.0,23,0,0.0,2287,2.0155953942573968,45.08677003569019,21.21546875,34.86427729041052,0.9334838315447677,10777c24db1b53255a6c938c8c2144f2b3bae0688258703a9b88c01cfebdf591
m7_v1_development_m7c5_seed710501,m7v1d-m7c5-710501,M7C5,710501,0,state_only_risk_roi,high,34871,33601,0.9635800521923662,65;65;65;65;65;65;65;65;65;65;65;65;65;65;65;65;65;65;65;65;65;65;65;65;65;65;65;65;65;65;65;65;65;65;65;65;65;65;65;65;65;65;65;65;95;65;65;65,48,0.020833333333333332,1,1,23,23,1.0,1.0,23,0,0.0,2287,2.2069669144439588,44.69284538346094,15.047552083333333,36.35614505666888,0.9479253886377105,fdca8f29fd86d3979c82a4b8e93cc73c1e1efc73ba3b26a95c75663cde342912
m7_v1_development_m7c5_seed710501,m7v1d-m7c5-710501,M7C5,710501,0,command_conditioned_risk_roi,high,34871,33610,0.963838146310688,65;65;65;65;65;65;65;65;65;65;65;65;65;65;65;65;65;65;65;65;65;65;65;65;65;65;65;65;65;65;65;65;65;65;65;65;65;65;65;65;65;65;65;65;95;65;65;65,48,0.020833333333333332,1,1,23,23,1.0,1.0,23,0,0.0,2287,2.2069669144439588,44.69284538346094,15.047552083333333,36.35614505666888,0.9479253886377105,588eff1830ef98565c02eff38e0cf635b3c945528f3362755e1a8185abbf2df8
m7_v1_development_m7c5_seed710501,m7v1d-m7c5-710501,M7C5,710501,0,v2_global_only,high,34871,33605,0.9636947606893981,75;65;65;75;65;65;65;65;75;65;65;65;65;65;65;65;75;75;65;65;65;65;65;65;75;75;65;65;65;65;75;65;65;65;75;65;65;65;65;65;65;75;65;65;65;65;65;65,48,0.20833333333333334,1,1,23,23,1.0,1.0,23,14,0.6086956521739131,2287,1.2925229558373414,47.01642095751871,13.827673611111111,36.72331240978616,0.9489398245672415,7bef2156ca55c06c5c19c46825258b61c69532694e06fe79ed4c5dee5dfffe99
m7_v1_development_m7c5_seed710501,m7v1d-m7c5-710501,M7C5,710501,0,v2_visible_edges,high,34871,33605,0.9636947606893981,75;65;65;75;65;65;65;65;75;65;65;65;65;65;65;65;75;75;65;65;65;65;65;65;75;65;65;65;65;65;65;65;65;65;75;75;65;65;75;75;75;65;65;65;65;65;65;65,48,0.22916666666666666,1,1,23,23,1.0,1.0,23,18,0.782608695652174,2287,1.2471942865471506,47.17146248205027,14.34375,36.564176536505556,0.9476516809814401,42bff32ce2ac9d4ddba1ac227e94d23316d05610228a1536c8e472c79b062c26
m7_v1_development_m7c5_seed710501,m7v1d-m7c5-710501,M7C5,710501,0,v2_corridor_edges,high,34871,33605,0.9636947606893981,75;65;65;75;75;65;75;65;75;65;65;65;65;65;65;65;75;75;65;65;65;65;65;65;75;75;65;65;65;65;75;65;65;65;65;65;65;65;65;65;65;75;65;75;75;65;65;65,48,0.2708333333333333,1,1,23,23,1.0,1.0,23,14,0.6086956521739131,2287,1.2925229558373414,47.01642095751871,14.002760416666666,36.6686670265017,0.9493155553374558,2a820178b7fa1cc5616dc54c27ab637a97c0bdd2508e037446674392a8d95fc0
m7_v1_development_m7c5_seed710501,m7v1d-m7c5-710501,M7C5,710501,1,state_only_risk_roi,severe,31466,31411,0.9982520816118986,5;5;5;5;5;5;5;5;5;5;5;5;5;5;5;5;5;5;5;5;5;5;5;5;5;5;5;5;5;5;5;5;5;5;5;5;5;5;5;5;5;5;5;5;35;5;5;5,48,0.020833333333333332,0,0,0,0,,,0,0,,0,,,195.2538715277778,25.224807069665573,0.7680715580356074,e01b041fd996f8a6380b4f59d2570b7d99426b1957256dd254b063aecba3110e
m7_v1_development_m7c5_seed710501,m7v1d-m7c5-710501,M7C5,710501,1,command_conditioned_risk_roi,severe,31466,31420,0.9985381046208606,5;5;5;5;5;5;5;5;5;5;5;5;5;5;5;5;5;5;5;5;5;5;5;5;5;5;5;5;5;5;5;5;5;5;5;5;5;5;5;5;5;5;5;5;35;5;5;5,48,0.020833333333333332,0,0,0,0,,,0,0,,0,,,195.2538715277778,25.224807069665573,0.7680715580356074,0aab5e17e88ae4fa0c788fa34a6161514d049f9bcd1a8419fb39e27cbcdd39f2
m7_v1_development_m7c5_seed710501,m7v1d-m7c5-710501,M7C5,710501,1,v2_global_only,severe,31466,31415,0.998379202949215,15;15;15;15;15;15;15;15;5;15;15;15;15;15;15;5;5;5;5;5;5;5;5;5;5;5;5;5;5;5;5;5;5;5;5;5;5;5;15;15;5;5;5;5;5;5;15;5,48,0.3541666666666667,0,0,0,0,,,0,0,,0,,,170.40447916666668,25.815993546402787,0.7681343326105358,75dee7060df5e407271771da5eb73511aa8efe1b9142df6bc4f91f25ff47f825
m7_v1_development_m7c5_seed710501,m7v1d-m7c5-710501,M7C5,710501,1,v2_visible_edges,severe,31466,31415,0.998379202949215,15;15;15;15;15;15;15;15;15;5;5;5;5;5;15;5;5;5;5;5;5;5;5;5;5;5;5;5;5;5;5;5;5;5;5;5;5;5;5;15;15;5;5;5;5;5;5;5,48,0.25,0,0,0,0,,,0,0,,0,,,178.72350694444444,25.608986832091915,0.7547214307103265,5bf241e9bb1b9309e31ec26b470fa406461dc7996ff8a6b0f376dcc70f798cd8
m7_v1_development_m7c5_seed710501,m7v1d-m7c5-710501,M7C5,710501,1,v2_corridor_edges,severe,31466,31415,0.998379202949215,15;25;15;15;15;15;15;25;5;15;15;5;15;15;15;5;5;5;5;5;5;5;5;5;5;5;5;5;5;5;5;5;5;5;5;5;5;5;5;15;5;5;5;5;15;5;5;5,48,0.3125,0,0,0,0,,,0,0,,0,,,173.88241319444444,25.728247020328098,0.764704037919922,a6ca4e71f7d6a0ad05e63ef84353930b038cd7bba857ffccc4c25803c11b7e1f
m7_v1_development_m7c5_seed710501,m7v1d-m7c5-710501,M7C5,710501,1,state_only_risk_roi,low,32374,32275,0.9969419904861926,25;25;25;25;25;25;25;25;25;25;25;25;25;25;25;25;25;25;25;25;25;25;25;25;25;25;25;25;25;25;25;25;25;25;25;25;25;25;25;25;25;25;25;25;55;25;25;25,48,0.020833333333333332,0,0,0,0,,,0,0,,0,,,33.80600694444445,32.840864845241015,0.8898165201349205,a73fd33b63d73649179724ee2e794714fde96d1657f49ed81241f193a19b9268
m7_v1_development_m7c5_seed710501,m7v1d-m7c5-710501,M7C5,710501,1,command_conditioned_risk_roi,low,32374,32284,0.9972199913510842,25;25;25;25;25;25;25;25;25;25;25;25;25;25;25;25;25;25;25;25;25;25;25;25;25;25;25;25;25;25;25;25;25;25;25;25;25;25;25;25;25;25;25;25;55;25;25;25,48,0.020833333333333332,0,0,0,0,,,0,0,,0,,,33.80600694444445,32.840864845241015,0.8898165201349205,d7f6c3a321cee3fa0d583dcaf605a71d15cb9f7ce226598b495b8d5f4600770c
m7_v1_development_m7c5_seed710501,m7v1d-m7c5-710501,M7C5,710501,1,v2_global_only,low,32374,32279,0.9970655464261444,35;25;25;25;25;25;25;25;25;35;25;35;25;35;25;25;25;25;35;25;25;25;25;25;25;25;25;25;25;25;25;25;25;35;25;25;25;25;25;25;25;35;25;35;25;25;25;25,48,0.16666666666666666,0,0,0,0,,,0,0,,0,,,32.5928125,32.99958522632653,0.8922366961649891,039f2f64ec7c008e4150bd55ea14f2c03b5aa51bab81e9ac7ce8af05c2db1da4
m7_v1_development_m7c5_seed710501,m7v1d-m7c5-710501,M7C5,710501,1,v2_visible_edges,low,32374,32279,0.9970655464261444,25;25;25;25;25;25;25;25;25;25;25;35;25;25;25;35;25;25;25;25;25;25;25;25;25;25;25;25;25;25;25;25;25;35;25;25;25;25;25;25;25;25;25;25;25;25;35;45,48,0.10416666666666667,0,0,0,0,,,0,0,,0,,,33.39675347222222,32.89376110152999,0.8897231269267545,675c8730ba5a9d20c0132184db41a7e963bee341b0b09a9ed233b733ff2c1529
m7_v1_development_m7c5_seed710501,m7v1d-m7c5-710501,M7C5,710501,1,v2_corridor_edges,low,32374,32279,0.9970655464261444,25;25;25;25;25;25;25;25;25;35;25;25;25;25;25;25;25;25;25;25;25;25;25;25;25;25;25;25;25;25;25;25;25;25;25;45;25;25;25;25;25;25;25;35;25;25;25;25,48,0.0625,0,0,0,0,,,0,0,,0,,,33.283420138888886,32.90852413708104,0.8905616151235295,bfaff6e89eec894fd156c223a9932d2be7d3cca8621de1fa435fbdf882987c7e
m7_v1_development_m7c5_seed710501,m7v1d-m7c5-710501,M7C5,710501,1,state_only_risk_roi,medium,33509,32972,0.9839744546241308,45;45;45;45;45;45;45;45;45;45;45;45;45;45;45;45;45;45;45;45;45;45;45;45;45;45;45;45;45;45;45;45;45;45;45;45;45;45;45;45;45;45;45;45;75;45;45;45,48,0.020833333333333332,0,0,0,0,,,0,0,,0,,,19.231649305555557,35.29063829953059,0.9278845058833111,9ecf9d428e9dfe683a7bcd535b8cc5f94d80a9c9c255c449dff912d6dcefd452
m7_v1_development_m7c5_seed710501,m7v1d-m7c5-710501,M7C5,710501,1,command_conditioned_risk_roi,medium,33509,32981,0.984243039183503,45;45;45;45;45;45;45;45;45;45;45;45;45;45;45;45;45;45;45;45;45;45;45;45;45;45;45;45;45;45;45;45;45;45;45;45;45;45;45;45;45;45;45;45;75;45;45;45,48,0.020833333333333332,0,0,0,0,,,0,0,,0,,,19.231649305555557,35.29063829953059,0.9278845058833111,64f91cf892e3406a39198ecaf174ac52a06115aa5340278b7607ab11c735dd3b
m7_v1_development_m7c5_seed710501,m7v1d-m7c5-710501,M7C5,710501,1,v2_global_only,medium,33509,32976,0.9840938255394073,45;45;45;45;55;55;45;45;45;55;45;55;55;45;45;45;45;45;45;45;45;45;45;45;55;45;55;45;55;45;55;55;45;45;45;55;45;45;45;45;45;45;45;45;45;45;45;45,48,0.22916666666666666,0,0,0,0,,,0,0,,0,,,18.0553125,35.56475351303564,0.929093371714107,b34108ed2a143b424d72b8f9aa1496ad403b8d0a2e169dc7897b9a7fdc390fb7
m7_v1_development_m7c5_seed710501,m7v1d-m7c5-710501,M7C5,710501,1,v2_visible_edges,medium,33509,32976,0.9840938255394073,45;45;45;45;45;45;45;45;55;45;45;45;45;45;45;65;45;45;45;45;45;45;45;45;55;55;55;45;45;45;45;45;45;45;45;55;45;45;45;45;45;45;45;45;45;45;45;45,48,0.125,0,0,0,0,,,0,0,,0,,,18.607708333333335,35.43387470782367,0.9281758350088346,66ae2ae68238728e7a72176a0b6a4eb522714cee252f789909d2498f47eaf87c
m7_v1_development_m7c5_seed710501,m7v1d-m7c5-710501,M7C5,710501,1,v2_corridor_edges,medium,33509,32976,0.9840938255394073,45;45;45;45;55;45;45;45;45;55;45;55;55;45;45;45;45;45;45;45;45;45;45;45;55;45;55;45;45;45;55;55;45;45;45;45;45;45;45;45;45;45;45;45;55;55;45;45,48,0.20833333333333334,0,0,0,0,,,0,0,,0,,,18.23239583333333,35.52236619869006,0.9288704297839194,6795b801cd2aad0b790d552e385d338d838a94e4fefc06ae500f8aa6a52eae4b
m7_v1_development_m7c5_seed710501,m7v1d-m7c5-710501,M7C5,710501,1,state_only_risk_roi,high,34871,33788,0.9689426744286083,65;65;65;65;65;65;65;65;65;65;65;65;65;65;65;65;65;65;65;65;65;65;65;65;65;65;65;65;65;65;65;65;65;65;65;65;65;65;65;65;65;65;65;65;95;65;65;65,48,0.020833333333333332,0,0,0,0,,,0,0,,0,,,13.433194444444444,36.84901059693848,0.9458379993630489,5c60cd511cd30248f3825d9eff15bde8bd81f709275198895384183fee7ce691
m7_v1_development_m7c5_seed710501,m7v1d-m7c5-710501,M7C5,710501,1,command_conditioned_risk_roi,high,34871,33797,0.9692007685469302,65;65;65;65;65;65;65;65;65;65;65;65;65;65;65;65;65;65;65;65;65;65;65;65;65;65;65;65;65;65;65;65;65;65;65;65;65;65;65;65;65;65;65;65;95;65;65;65,48,0.020833333333333332,0,0,0,0,,,0,0,,0,,,13.433194444444444,36.84901059693848,0.9458379993630489,9c51604f973ce2700b742c4b0e15e9d9fead30c685e24456ad8af290548edfbd
m7_v1_development_m7c5_seed710501,m7v1d-m7c5-710501,M7C5,710501,1,v2_global_only,high,34871,33792,0.9690573829256403,75;65;75;75;65;75;75;65;75;75;65;75;65;65;65;65;65;65;65;75;65;75;65;65;75;65;75;65;75;75;65;75;65;65;65;65;65;65;65;65;75;65;75;75;65;65;75;65,48,0.3958333333333333,0,0,0,0,,,0,0,,0,,,12.43751736111111,37.18346660896682,0.9481787477181012,e197a246dc5b8122bbbc32b74c98f568907e66a9d5bda62f9819f68a4877f9f3
m7_v1_development_m7c5_seed710501,m7v1d-m7c5-710501,M7C5,710501,1,v2_visible_edges,high,34871,33791,0.9690287058013822,75;65;65;75;65;65;75;65;95;65;65;65;65;65;65;65;75;65;65;65;65;65;65;65;75;65;65;65;65;65;65;65;75;65;65;65;65;65;65;65;65;65;75;65;65;65;65;65,48,0.16666666666666666,0,0,0,0,,,0,0,,0,,,12.945989583333333,37.009451076300486,0.9462592641188495,3ddfedba02f25cd94a822d4bda052160880f5a995dfec494f625d3ba8bb9ff68
m7_v1_development_m7c5_seed710501,m7v1d-m7c5-710501,M7C5,710501,1,v2_corridor_edges,high,34871,33792,0.9690573829256403,75;65;75;75;65;75;75;65;75;75;65;75;65;65;65;65;65;65;65;75;65;65;65;65;75;65;75;65;75;75;65;75;65;65;65;65;65;65;65;65;75;65;75;75;75;65;65;65,48,0.375,0,0,0,0,,,0,0,,0,,,12.54890625,37.1447448606995,0.9472161218847376,17b44a66720d32ff080957ea7fa3621eefb23e719cdc53955678ef4550f6cfa7
m7_v1_development_m7c5_seed710501,m7v1d-m7c5-710501,M7C5,710501,2,state_only_risk_roi,severe,31466,31370,0.9969490879044047,5;5;5;5;5;5;5;5;5;5;5;5;5;5;5;5;5;5;5;5;5;5;5;5;5;5;5;5;5;5;5;5;5;5;5;5;5;5;5;5;5;5;5;35;5;5;5;5,48,0.020833333333333332,0,0,0,0,,,0,0,,0,,,190.60784722222223,25.329395845280605,0.7333293693776105,e6d969f41da1b252acf9f5a29adf039615abf95710c6f298c4db433ebd7d784d
m7_v1_development_m7c5_seed710501,m7v1d-m7c5-710501,M7C5,710501,2,command_conditioned_risk_roi,severe,31466,31405,0.9980613996059239,5;5;5;5;5;5;5;5;5;5;5;5;5;5;5;5;5;5;5;5;5;5;5;5;5;5;5;5;5;5;5;5;5;5;5;35;5;5;5;5;5;5;5;35;5;5;5;5,48,0.041666666666666664,0,0,0,0,,,0,0,,0,,,188.75364583333334,25.371850119573764,0.7346814721522814,6e9eb03530cdcaa0998d5594f7a86e86d53b204e195b5b16d646402de24eaa2b
m7_v1_development_m7c5_seed710501,m7v1d-m7c5-710501,M7C5,710501,2,v2_global_only,severe,31466,31387,0.9974893535879997,15;15;15;15;25;25;25;15;15;15;25;5;15;5;5;5;5;5;5;5;5;5;5;5;5;5;5;5;5;5;5;5;15;15;5;5;5;5;15;5;5;5;5;5;5;5;5;5,48,0.3125,0,0,0,0,,,0,0,,0,,,163.333125,26.000060895064557,0.7368435658215294,9bd9be53dd4b0e501df869742798dc59aede4432fcc5926de21150e37dd80311
m7_v1_development_m7c5_seed710501,m7v1d-m7c5-710501,M7C5,710501,2,v2_visible_edges,severe,31466,31386,0.9974575732536707,15;15;15;15;25;25;15;15;15;15;25;5;5;5;5;5;5;5;5;5;5;5;5;5;5;5;5;5;5;5;5;5;15;5;5;5;5;5;15;5;5;5;5;5;5;5;15;5,48,0.2916666666666667,0,0,0,0,,,0,0,,0,,,167.5040451388889,25.89055061373941,0.732000112940828,b57c820e1f80147ea98432880e335e329b09a022298da70a28842539bdbd4cf8
m7_v1_development_m7c5_seed710501,m7v1d-m7c5-710501,M7C5,710501,2,v2_corridor_edges,severe,31466,31387,0.9974893535879997,15;15;15;15;25;25;15;15;15;15;15;5;15;5;5;5;5;5;5;5;5;5;5;5;5;5;5;5;5;5;5;5;15;5;5;15;5;5;15;5;5;5;5;5;5;5;5;5,48,0.3125,0,0,0,0,,,0,0,,0,,,164.3993576388889,25.97180244588641,0.7347765487616522,3447e4e4b73f272c90bfc3cd2602d96e92aec7d35af87672576e3d13f7e6beea
m7_v1_development_m7c5_seed710501,m7v1d-m7c5-710501,M7C5,710501,2,state_only_risk_roi,low,32374,32219,0.9952122073268672,25;25;25;25;25;25;25;25;25;25;25;25;25;25;25;25;25;25;25;25;25;25;25;25;25;25;25;25;25;25;25;25;25;25;25;25;25;25;25;25;25;25;25;55;25;25;25;25,48,0.020833333333333332,0,0,0,0,,,0,0,,0,,,33.3734375,32.89679419109899,0.8726149722550517,febb853590d998809d49029e2d9050fee1117092f8f58f52e8c537a35b23d4d5
m7_v1_development_m7c5_seed710501,m7v1d-m7c5-710501,M7C5,710501,2,command_conditioned_risk_roi,low,32374,32257,0.9963859887564095,25;25;25;25;25;25;25;25;25;25;25;25;25;25;25;25;25;25;25;25;25;25;25;25;25;25;25;25;25;25;25;25;25;25;25;55;25;25;25;25;25;25;25;55;25;25;25;25,48,0.041666666666666664,0,0,0,0,,,0,0,,0,,,33.143229166666664,32.926855411254664,0.8743184190775088,996c0bf42b53d13240b3d00764620028d3c8ad0a2a00b1a8757c6e3cfe43ddad
m7_v1_development_m7c5_seed710501,m7v1d-m7c5-710501,M7C5,710501,2,v2_global_only,low,32374,32238,0.9957990980416384,25;25;25;25;25;25;35;35;25;25;25;25;35;25;25;25;25;25;25;25;25;25;25;25;25;25;35;25;25;35;35;35;25;25;25;25;25;25;25;25;25;35;25;25;25;25;25;25,48,0.16666666666666666,0,0,0,0,,,0,0,,0,,,31.238611111111112,33.18388644247451,0.873534984065185,ab1982d69a88e96d52facfad128cd4d292a0548b6339f80ccca9937653cd8671
m7_v1_development_m7c5_seed710501,m7v1d-m7c5-710501,M7C5,710501,2,v2_visible_edges,low,32374,32238,0.9957990980416384,25;25;25;25;25;25;25;25;25;25;25;25;35;35;25;35;25;25;25;25;25;25;25;25;25;25;25;25;25;35;25;25;25;25;25;25;25;25;25;25;25;25;35;35;25;25;25;25,48,0.125,0,0,0,0,,,0,0,,0,,,32.09355902777778,33.06662479845387,0.8746290819985676,4b0af81d8d3bb9d854c5a0185c4db5c3ad3f1a9f340a36cd244c16441e2a2ad3
m7_v1_development_m7c5_seed710501,m7v1d-m7c5-710501,M7C5,710501,2,v2_corridor_edges,low,32374,32238,0.9957990980416384,25;25;25;25;25;25;25;25;25;25;25;25;25;25;25;25;25;25;25;25;25;25;25;25;25;25;35;25;25;35;35;35;25;25;25;25;25;25;25;25;25;25;25;35;25;25;25;25,48,0.10416666666666667,0,0,0,0,,,0,0,,0,,,31.454722222222223,33.153945066000645,0.8734967235366266,288de8897ee94a9e9be8802ef1d28cf5b5c30a98f58e95bc8427ae1b146c172c
m7_v1_development_m7c5_seed710501,m7v1d-m7c5-710501,M7C5,710501,2,state_only_risk_roi,medium,33509,32913,0.9822137336238026,45;45;45;45;45;45;45;45;45;45;45;45;45;45;45;45;45;45;45;45;45;45;45;45;45;45;45;45;45;45;45;45;45;45;45;45;45;45;45;45;45;45;45;75;45;45;45;45,48,0.020833333333333332,0,0,0,0,,,0,0,,0,,,21.483645833333334,34.80972376627157,0.9043590677378918,0b9da4035f0064bcefc2825afd927cf25019e61ab3128e732d57cf08ae51da1b
m7_v1_development_m7c5_seed710501,m7v1d-m7c5-710501,M7C5,710501,2,command_conditioned_risk_roi,medium,33509,32961,0.9836461846071205,45;45;45;45;45;45;45;45;45;45;45;45;45;45;45;45;45;45;45;45;45;45;45;45;45;45;45;45;45;45;45;45;45;45;45;75;45;45;45;45;45;45;45;75;45;45;45;45,48,0.041666666666666664,0,0,0,0,,,0,0,,0,,,21.314097222222223,34.84413418428997,0.9058185211079565,a2246d04c435886629f001514e300e2a3426aa51a9cbc9c651c7623481926573
m7_v1_development_m7c5_seed710501,m7v1d-m7c5-710501,M7C5,710501,2,v2_global_only,medium,33509,32936,0.9829001163866424,45;45;45;55;45;45;45;45;45;45;55;45;45;45;55;45;45;45;45;55;45;45;45;55;55;45;45;45;45;45;65;45;45;45;45;45;45;45;45;45;45;45;45;45;45;45;45;45,48,0.14583333333333334,0,0,0,0,,,0,0,,0,,,20.344357638888887,35.04636379054626,0.9059579389168553,e8c24033cc2bfad2aa07ec6acc035537067a357feca01b019cc358b78bdbf105
m7_v1_development_m7c5_seed710501,m7v1d-m7c5-710501,M7C5,710501,2,v2_visible_edges,medium,33509,32937,0.9829299591154615,45;45;45;45;45;45;45;45;45;45;55;55;55;45;45;55;45;45;45;45;45;45;45;45;55;55;55;45;45;45;45;45;45;45;45;45;45;45;45;45;45;45;45;45;45;45;55;55,48,0.1875,0,0,0,0,,,0,0,,0,,,20.896631944444444,34.930040673795936,0.9049234488633108,a4b13eadc2dcb22b5ec674dc62e5b8a2496db837c9384a516fd003a360c34c9e
m7_v1_development_m7c5_seed710501,m7v1d-m7c5-710501,M7C5,710501,2,v2_corridor_edges,medium,33509,32936,0.9829001163866424,45;45;45;55;45;45;45;45;45;45;55;45;45;45;45;45;45;45;45;55;45;45;45;55;55;45;45;45;45;45;65;45;45;45;45;45;45;45;45;45;45;45;45;45;45;45;45;45,48,0.125,0,0,0,0,,,0,0,,0,,,20.389652777777776,35.03670530772904,0.9057099270248345,c75aad3423e6e3a73c35580bec2a22ca291b57c59bc8064827b7bdc7532f3c76
m7_v1_development_m7c5_seed710501,m7v1d-m7c5-710501,M7C5,710501,2,state_only_risk_roi,high,34871,33825,0.9700037280261535,65;65;65;65;65;65;65;65;65;65;65;65;65;65;65;65;65;65;65;65;65;65;65;65;65;65;65;65;65;65;65;65;65;65;65;65;65;65;65;65;65;65;65;95;65;65;65;65,48,0.020833333333333332,0,0,0,0,,,0,0,,0,,,15.025694444444444,36.36245807885598,0.9245360277606188,bbbd3ec6b6cea0a8c421ea63944731b9a2cde6fdb0265fad398026c74b66885d
m7_v1_development_m7c5_seed710501,m7v1d-m7c5-710501,M7C5,710501,2,command_conditioned_risk_roi,high,34871,34033,0.9759685698718132,65;65;65;65;65;65;65;65;65;65;65;65;65;65;65;65;65;65;65;65;65;65;65;65;65;65;65;65;65;65;65;65;65;65;65;95;65;65;65;65;65;65;65;95;65;65;65;65,48,0.041666666666666664,0,0,0,0,,,0,0,,0,,,14.782604166666667,36.43329412899176,0.926729583598795,3cbf3745a99568c0fe2b69b980d0ece79927af412cab585bdddef4a7e3f5ad5f
m7_v1_development_m7c5_seed710501,m7v1d-m7c5-710501,M7C5,710501,2,v2_global_only,high,34871,33929,0.9729861489489834,75;65;65;65;75;65;75;75;65;75;75;65;75;65;65;65;65;65;75;75;75;65;65;75;65;75;75;75;65;75;75;65;75;65;65;65;65;65;75;65;65;65;65;65;65;75;75;75,48,0.4375,0,0,0,0,,,0,0,,0,,,13.573350694444445,36.80393290770417,0.9289823243731559,16cb0986310f067105afafc2c3b3fcf9cf3eb57f8e7f2f91413a6a4c06ef0351
m7_v1_development_m7c5_seed710501,m7v1d-m7c5-710501,M7C5,710501,2,v2_visible_edges,high,34871,33929,0.9729861489489834,75;65;65;65;75;65;65;75;65;75;65;65;75;75;75;65;65;65;65;75;75;65;65;75;65;75;75;75;65;75;75;65;65;65;65;65;65;65;75;65;65;65;75;65;75;65;75;75,48,0.4166666666666667,0,0,0,0,,,0,0,,0,,,13.691197916666667,36.766389123074944,0.9279942249257768,bd754f671a9386fbfc938404aba8f026e0ac5c10723d9e635d8a97f69060e707
m7_v1_development_m7c5_seed710501,m7v1d-m7c5-710501,M7C5,710501,2,v2_corridor_edges,high,34871,33928,0.9729574718247254,65;65;65;65;75;65;75;65;65;75;65;65;75;65;65;65;65;65;75;65;75;65;65;75;65;75;75;75;65;75;75;65;65;65;65;65;65;65;75;65;65;65;65;75;75;75;75;75,48,0.375,0,0,0,0,,,0,0,,0,,,13.626545138888888,36.78694601680973,0.9284766231608549,a5730b68d63d479dd4dbeeacf1a79b0cb7771c019f4a859838d2354e58d5bd49
m7_v1_development_m7c5_seed710501,m7v1d-m7c5-710501,M7C5,710501,3,state_only_risk_roi,severe,31466,31447,0.9993961736477468,5;5;5;5;5;5;5;5;5;5;5;5;5;5;5;5;5;5;5;5;5;5;5;5;5;5;5;5;5;5;5;5;5;5;5;35;5;5;5;5;5;5;5;35;5;5;5;5,48,0.041666666666666664,0,0,0,0,,,0,0,,0,,,214.78579861111112,24.810747979405882,0.690575458149946,da305cc2c36cb8fb18588b20949c42b1c2112ea02919ca10826da0f189cc5839
m7_v1_development_m7c5_seed710501,m7v1d-m7c5-710501,M7C5,710501,3,command_conditioned_risk_roi,severe,31466,31462,0.9998728786626835,5;5;5;5;5;5;5;5;5;5;5;5;5;5;5;5;5;5;5;5;5;5;5;5;5;5;5;5;5;5;5;5;5;5;5;35;5;5;5;5;5;5;5;35;5;5;5;5,48,0.041666666666666664,0,0,0,0,,,0,0,,0,,,214.78579861111112,24.810747979405882,0.690575458149946,3838ad94835ec33795d1865c9828fc3aaa5362f247098d05e5d6dfcce6780dac
m7_v1_development_m7c5_seed710501,m7v1d-m7c5-710501,M7C5,710501,3,v2_global_only,severe,31466,31453,0.9995868556537215,25;15;15;15;15;15;15;15;5;15;5;15;5;15;5;15;5;5;5;5;5;5;5;5;5;5;5;5;5;5;5;5;15;5;15;15;5;5;5;5;5;5;5;5;5;5;5;15,48,0.3333333333333333,0,0,0,0,,,0,0,,0,,,185.61355902777777,25.444706627142818,0.6997575520328262,7419f005a8cf7dba0ca309abcd86fa51d8db9b0021162f77947435deb26f2478
m7_v1_development_m7c5_seed710501,m7v1d-m7c5-710501,M7C5,710501,3,v2_visible_edges,severe,31466,31454,0.9996186359880506,15;15;15;15;15;15;15;15;5;5;5;15;5;5;5;15;5;5;5;5;5;5;5;5;5;5;5;5;5;5;5;5;5;5;5;5;5;5;5;5;5;5;5;5;5;15;15;15,48,0.2708333333333333,0,0,0,0,,,0,0,,0,,,189.45833333333334,25.35566648374408,0.6924105764831464,104bcb96888deac84bbf0e367fe2e6c4997c0695ab3d11799a15f20a56d07056
m7_v1_development_m7c5_seed710501,m7v1d-m7c5-710501,M7C5,710501,3,v2_corridor_edges,severe,31466,31453,0.9995868556537215,25;15;15;15;15;15;15;15;5;15;5;15;5;15;5;15;5;5;5;5;5;5;5;5;5;5;5;5;5;5;5;5;5;5;15;15;5;5;5;5;5;5;5;5;5;5;5;15,48,0.3125,0,0,0,0,,,0,0,,0,,,186.40939236111112,25.426125700825764,0.69984753906706,c7158c8b43ee94f90434a3ca47e91dec042bce82680cd500f12842aafc23fab5
m7_v1_development_m7c5_seed710501,m7v1d-m7c5-710501,M7C5,710501,3,state_only_risk_roi,low,32374,31447,0.9713659109161673,5;5;5;5;5;5;5;5;5;5;5;5;5;5;5;5;5;5;5;5;5;5;5;5;5;5;5;5;5;5;5;5;5;5;5;35;5;5;5;5;5;5;5;35;5;5;5;5,48,0.041666666666666664,0,0,0,0,,,0,0,,0,,,214.78579861111112,24.810747979405882,0.690575458149946,1eb0ff5c8ae3765b54d0c3ce2fef009c83c2f83db02f7d6786f66fd315f695ff
m7_v1_development_m7c5_seed710501,m7v1d-m7c5-710501,M7C5,710501,3,command_conditioned_risk_roi,low,32374,31462,0.9718292456909866,5;5;5;5;5;5;5;5;5;5;5;5;5;5;5;5;5;5;5;5;5;5;5;5;5;5;5;5;5;5;5;5;5;5;5;35;5;5;5;5;5;5;5;35;5;5;5;5,48,0.041666666666666664,0,0,0,0,,,0,0,,0,,,214.78579861111112,24.810747979405882,0.690575458149946,a8e646dbbee300671d01f6bce95f7b6bef7a40d3279c7ed90b02e4ea87a5612e
m7_v1_development_m7c5_seed710501,m7v1d-m7c5-710501,M7C5,710501,3,v2_global_only,low,32374,31453,0.971551244826095,25;15;15;15;15;15;15;15;5;15;5;15;5;15;5;15;5;5;5;5;5;5;5;5;5;5;5;5;5;5;5;5;15;5;15;15;5;5;5;5;5;5;5;5;5;5;5;15,48,0.3333333333333333,0,0,0,0,,,0,0,,0,,,185.61355902777777,25.444706627142818,0.6997575520328262,0680be999ff7c5bae4f764c9956e6df009c79d358709318ab1dd00eeb0d60c65
m7_v1_development_m7c5_seed710501,m7v1d-m7c5-710501,M7C5,710501,3,v2_visible_edges,low,32374,31454,0.9715821338110829,15;15;15;15;15;15;15;15;5;5;5;15;5;5;5;15;5;5;5;5;5;5;5;5;5;5;5;5;5;5;5;5;5;5;5;5;5;5;5;5;5;5;5;5;5;15;15;15,48,0.2708333333333333,0,0,0,0,,,0,0,,0,,,189.45833333333334,25.35566648374408,0.6924105764831464,89f37770bf31b5a4f7dc6a72c5757edd3bf26d8aed294dfdd31e282bdff41765
m7_v1_development_m7c5_seed710501,m7v1d-m7c5-710501,M7C5,710501,3,v2_corridor_edges,low,32374,31453,0.971551244826095,25;15;15;15;15;15;15;15;5;15;5;15;5;15;5;15;5;5;5;5;5;5;5;5;5;5;5;5;5;5;5;5;5;5;15;15;5;5;5;5;5;5;5;5;5;5;5;15,48,0.3125,0,0,0,0,,,0,0,,0,,,186.40939236111112,25.426125700825764,0.69984753906706,73709d0b230dd60382c121a73474661087b38c5c7bfdb2d84d7d7b54602f7456
m7_v1_development_m7c5_seed710501,m7v1d-m7c5-710501,M7C5,710501,3,state_only_risk_roi,medium,33509,33249,0.992240890507028,45;45;45;45;45;45;45;45;45;45;45;45;45;45;45;45;45;45;45;45;45;45;45;45;45;45;45;45;45;45;45;45;45;45;45;75;45;45;45;45;45;45;45;75;45;45;45;45,48,0.041666666666666664,0,0,0,0,,,0,0,,0,,,26.546805555555554,33.89068092062929,0.903377897080048,73a9d8d464ac773c65b3b8c38b3ec0964b28a8ae8b612bf44e8cc639a8b351be
m7_v1_development_m7c5_seed710501,m7v1d-m7c5-710501,M7C5,710501,3,command_conditioned_risk_roi,medium,33509,33264,0.9926885314393148,45;45;45;45;45;45;45;45;45;45;45;45;45;45;45;45;45;45;45;45;45;45;45;45;45;45;45;45;45;45;45;45;45;45;45;75;45;45;45;45;45;45;45;75;45;45;45;45,48,0.041666666666666664,0,0,0,0,,,0,0,,0,,,26.546805555555554,33.89068092062929,0.903377897080048,be92f136bc4bcd96732de0f0b3022ec676f34af1192715d2f1bbaf64e4ff417b
m7_v1_development_m7c5_seed710501,m7v1d-m7c5-710501,M7C5,710501,3,v2_global_only,medium,33509,33256,0.9924497896087618,45;55;45;45;45;45;55;45;45;45;45;45;45;45;45;45;45;45;45;55;45;45;45;45;45;45;55;55;55;45;55;45;45;45;45;45;45;45;55;45;45;45;45;45;45;55;45;45,48,0.1875,0,0,0,0,,,0,0,,0,,,25.29923611111111,34.09972952646151,0.9036588083105489,3857be4d4fb818a1a3e6795110c67f1f5a0dd7a5c843a1e2d085320136331724
m7_v1_development_m7c5_seed710501,m7v1d-m7c5-710501,M7C5,710501,3,v2_visible_edges,medium,33509,33255,0.9924199468799427,45;55;45;45;45;45;55;45;45;45;45;45;45;45;45;45;45;45;45;55;45;45;45;45;45;45;45;45;45;65;45;45;45;45;45;45;55;45;45;65;45;45;45;45;45;55;45;45,48,0.14583333333333334,0,0,0,0,,,0,0,,0,,,25.688125,34.03347955000598,0.9035077882143693,d43dd611a09f315d783b1e71f15b94487ffb8d69ebb5d5cd9510ef8a6f3c55cf
m7_v1_development_m7c5_seed710501,m7v1d-m7c5-710501,M7C5,710501,3,v2_corridor_edges,medium,33509,33256,0.9924497896087618,45;55;45;45;45;45;55;45;45;45;45;45;45;45;45;45;45;45;45;55;45;45;45;45;45;45;45;55;55;55;55;45;45;45;45;55;45;45;55;45;45;45;45;45;45;55;45;45,48,0.20833333333333334,0,0,0,0,,,0,0,,0,,,25.429010416666667,34.07750901161856,0.903909759356425,e27693a502e14b3dc0eb06c2ed5419690b8fd665d23035126d0716866b9c265d
m7_v1_development_m7c5_seed710501,m7v1d-m7c5-710501,M7C5,710501,3,state_only_risk_roi,high,34871,34369,0.9856040836224943,65;65;65;65;65;65;65;65;65;65;65;65;65;65;65;65;65;65;65;65;65;65;65;65;65;65;65;65;65;65;65;65;65;65;65;95;65;65;65;65;65;65;65;95;65;65;65;65,48,0.041666666666666664,0,0,0,0,,,0,0,,0,,,18.368368055555557,35.49009787901808,0.928134375472863,beaa28f2e685abc689e463bc63cff5e99171cd11d5203494b1722cdbcd868694
m7_v1_development_m7c5_seed710501,m7v1d-m7c5-710501,M7C5,710501,3,command_conditioned_risk_roi,high,34871,34384,0.986034240486364,65;65;65;65;65;65;65;65;65;65;65;65;65;65;65;65;65;65;65;65;65;65;65;65;65;65;65;65;65;65;65;65;65;65;65;95;65;65;65;65;65;65;65;95;65;65;65;65,48,0.041666666666666664,0,0,0,0,,,0,0,,0,,,18.368368055555557,35.49009787901808,0.928134375472863,ad0355f57b0faedab402bb4ddb4a3b48ffeb220536edabc0626a08ee3906014a
m7_v1_development_m7c5_seed710501,m7v1d-m7c5-710501,M7C5,710501,3,v2_global_only,high,34871,34376,0.9858048234923001,65;65;65;65;65;65;65;65;65;75;65;65;65;75;75;75;65;65;65;75;75;75;75;65;75;75;75;75;75;65;65;75;65;65;65;65;65;65;65;65;65;65;75;65;75;75;75;75,48,0.3958333333333333,0,0,0,0,,,0,0,,0,,,16.78847222222222,35.88069184422987,0.9304235394800342,25327fdf338390e0f81c48b53199beaf0e055c05ddcc278e07eba36a9deff065
m7_v1_development_m7c5_seed710501,m7v1d-m7c5-710501,M7C5,710501,3,v2_visible_edges,high,34871,34376,0.9858048234923001,65;65;65;65;75;65;65;75;75;75;75;75;75;75;75;75;65;65;65;75;65;65;65;65;65;75;75;65;65;65;75;75;65;65;65;75;75;75;75;75;65;65;65;65;75;75;75;75,48,0.5,0,0,0,0,,,0,0,,0,,,17.18572916666667,35.779123974908764,0.9300747304014662,4cf2d43c0ac4ac183a955a1f5fff9ab5c04dce5f5915fd00000300ee2e39a3ae
m7_v1_development_m7c5_seed710501,m7v1d-m7c5-710501,M7C5,710501,3,v2_corridor_edges,high,34871,34376,0.9858048234923001,65;65;65;65;75;65;65;75;65;75;65;65;65;75;75;75;65;65;65;75;75;75;75;65;65;75;75;75;75;65;65;75;65;65;65;75;65;65;65;65;65;65;75;65;75;75;75;75,48,0.4375,0,0,0,0,,,0,0,,0,,,16.84625,35.865771194919205,0.9306304502160815,8ca2410c05c243df2ce4c2f8ae34c5ecbbfbd0cfe8e56c07764d0493af700cb0
m7_v1_development_m7c6_seed710600,m7v1d-m7c6-710600,M7C6,710600,0,state_only_risk_roi,severe,31466,31299,0.9946926841670375,5;5;5;5;5;5;5;5;5;5;5;5;5;5;5;5;5;5;5;5;5;5;5;5;5;5;5;5;5;5;5;5;5;5;5;5;5;5;5;5;5;5;5;35;5;5;5;5,48,0.020833333333333332,0,0,0,0,,,0,0,,11716,145.90491635370432,26.49010434914747,166.27052083333334,25.92265103676523,0.8900035937512519,e65875d84ad4ed99108f000fe473857ff3d2211ffc59589025fa36adaf6befb3
m7_v1_development_m7c6_seed710600,m7v1d-m7c6-710600,M7C6,710600,0,command_conditioned_risk_roi,severe,31466,31308,0.9949787071759995,5;5;5;5;5;5;5;5;5;5;5;5;5;5;5;5;5;5;5;5;5;5;5;5;5;5;5;5;5;5;5;5;5;5;5;5;5;5;5;5;5;5;5;35;5;5;5;5,48,0.020833333333333332,0,0,0,0,,,0,0,,11716,145.90491635370432,26.49010434914747,166.27052083333334,25.92265103676523,0.8900035937512519,75d5d71d2f4097358560885c0b27380a01054e5bb1c12a3547d55a33448bf1f9
m7_v1_development_m7c6_seed710600,m7v1d-m7c6-710600,M7C6,710600,0,v2_global_only,severe,31466,31303,0.9948198055043539,5;5;5;15;15;15;15;5;5;5;5;15;15;15;15;5;5;5;5;15;15;15;15;5;5;5;5;15;15;15;15;5;5;5;5;5;15;15;15;15;5;5;5;5;15;15;15;15,48,0.5,0,0,0,0,,,0,0,,11716,32.503698645726644,33.011475780418245,96.66949652777778,28.27790904153343,0.8983625572383911,2b1dc4d85a7e9850943fdc626a5eb4c22c3b610210f14d764250d62e6524170e
m7_v1_development_m7c6_seed710600,m7v1d-m7c6-710600,M7C6,710600,0,v2_visible_edges,severe,31466,31303,0.9948198055043539,5;5;5;15;15;15;15;5;5;5;5;15;15;15;15;5;5;5;5;15;15;15;15;5;5;5;5;15;15;15;15;5;5;5;5;5;15;15;15;5;5;5;5;5;15;15;15;5,48,0.4583333333333333,0,0,0,0,,,0,0,,11716,40.64524297257312,32.04070636808774,101.69234375,28.057921040345796,0.8969314248926389,683044ff792d7f53cd4a6d3e2bc8d4b070b299e16bd601c9bc90866b5ea66b5e
m7_v1_development_m7c6_seed710600,m7v1d-m7c6-710600,M7C6,710600,0,v2_corridor_edges,severe,31466,31303,0.9948198055043539,5;5;5;15;5;15;15;5;5;5;5;15;15;15;15;5;5;5;5;15;15;15;15;5;5;5;5;15;15;15;15;5;5;5;5;5;15;15;15;5;5;5;5;5;15;15;15;5,48,0.4375,0,0,0,0,,,0,0,,11716,45.26820871742347,31.572870512529345,104.51331597222222,27.9390873372386,0.8940276742589185,088bd36129502514f6e4c63d5c0d52bdf98d9d00486dd882b403bd1f3cbe2ed0
m7_v1_development_m7c6_seed710600,m7v1d-m7c6-710600,M7C6,710600,0,state_only_risk_roi,low,32374,32298,0.9976524371409156,65;65;65;65;65;65;65;65;65;65;65;65;65;65;65;65;65;65;65;65;65;65;65;65;65;65;65;65;65;65;65;65;65;65;65;65;65;65;65;65;65;65;65;95;65;65;65;65,48,0.020833333333333332,0,0,0,0,,,0,0,,11716,0.855326049846364,48.80948661746248,7.809982638888889,39.20430292399462,0.9740998537536307,3dee0530e482e0bdd83263cf85e12c7371ada79370d18c09057e3393666f1344
m7_v1_development_m7c6_seed710600,m7v1d-m7c6-710600,M7C6,710600,0,command_conditioned_risk_roi,low,32374,32307,0.9979304380058072,65;65;65;65;65;65;65;65;65;65;65;65;65;65;65;65;65;65;65;65;65;65;65;65;65;65;65;65;65;65;65;65;65;65;65;65;65;65;65;65;65;65;65;95;65;65;65;65,48,0.020833333333333332,0,0,0,0,,,0,0,,11716,0.855326049846364,48.80948661746248,7.809982638888889,39.20430292399462,0.9740998537536307,5056ab58fb8596e70c1aaf7c8dfe82052682063c298c120acbe9b745e8bb588f
m7_v1_development_m7c6_seed710600,m7v1d-m7c6-710600,M7C6,710600,0,v2_global_only,low,32374,32302,0.9977759930808674,65;75;65;65;65;65;65;75;65;65;65;65;65;65;65;75;65;75;75;65;65;65;65;75;75;65;75;65;65;75;65;65;65;65;75;65;65;75;75;65;65;65;65;75;75;65;65;65,48,0.2916666666666667,0,0,0,0,,,0,0,,11716,0.6176738363491522,50.223211551427134,6.7208854166666665,39.85653869623296,0.9758340440068428,3b988f5e020d1031e0acc1c03fb3e5dfdf25695625e3e2dfb24d0aba0e6f38c8
m7_v1_development_m7c6_seed710600,m7v1d-m7c6-710600,M7C6,710600,0,v2_visible_edges,low,32374,32302,0.9977759930808674,65;65;65;65;65;65;65;75;65;65;75;65;65;65;65;75;75;65;65;65;65;65;65;65;75;75;75;65;65;75;65;65;75;65;65;65;65;75;75;65;65;65;65;65;75;65;65;65,48,0.25,0,0,0,0,,,0,0,,11716,0.6481165357915102,50.01427258854052,6.938819444444444,39.71794774040787,0.9755503816831022,5f610b9b898c526ac000d50d1eefdf384d2c24277841136b2d1a289b04d2b806
m7_v1_development_m7c6_seed710600,m7v1d-m7c6-710600,M7C6,710600,0,v2_corridor_edges,low,32374,32302,0.9977759930808674,65;75;65;65;65;65;65;75;65;75;65;65;65;65;65;75;65;75;75;65;65;65;65;75;75;65;75;65;65;75;65;65;65;65;75;65;65;75;75;65;65;65;65;65;75;65;65;65,48,0.2916666666666667,0,0,0,0,,,0,0,,11716,0.6418003869352452,50.056803862764035,6.74546875,39.84068226212858,0.9758688568489736,3070af557f744deaeb70c9326bd0b1bd21b22b8a68ebe7cd195122dd5ad9a255
m7_v1_development_m7c6_seed710600,m7v1d-m7c6-710600,M7C6,710600,0,state_only_risk_roi,medium,33509,32298,0.9638604554000417,65;65;65;65;65;65;65;65;65;65;65;65;65;65;65;65;65;65;65;65;65;65;65;65;65;65;65;65;65;65;65;65;65;65;65;65;65;65;65;65;65;65;65;95;65;65;65;65,48,0.020833333333333332,0,0,0,0,,,0,0,,11716,0.855326049846364,48.80948661746248,7.809982638888889,39.20430292399462,0.9740998537536307,c9bd645dd592d6819feb4766310e31fdeef80cdd222eeedcdde3cee9d6d47bea
m7_v1_development_m7c6_seed710600,m7v1d-m7c6-710600,M7C6,710600,0,command_conditioned_risk_roi,medium,33509,32307,0.9641290399594139,65;65;65;65;65;65;65;65;65;65;65;65;65;65;65;65;65;65;65;65;65;65;65;65;65;65;65;65;65;65;65;65;65;65;65;65;65;65;65;65;65;65;65;95;65;65;65;65,48,0.020833333333333332,0,0,0,0,,,0,0,,11716,0.855326049846364,48.80948661746248,7.809982638888889,39.20430292399462,0.9740998537536307,202efec18e3cc8059b8178d1dd11d457e57143c8b825601e41849ee9f90b05d1
m7_v1_development_m7c6_seed710600,m7v1d-m7c6-710600,M7C6,710600,0,v2_global_only,medium,33509,32302,0.9639798263153183,65;75;65;65;65;65;65;75;65;65;65;65;65;65;65;75;65;75;75;65;65;65;65;75;75;65;75;65;65;75;65;65;65;65;75;65;65;75;75;65;65;65;65;75;75;65;65;65,48,0.2916666666666667,0,0,0,0,,,0,0,,11716,0.6176738363491522,50.223211551427134,6.7208854166666665,39.85653869623296,0.9758340440068428,f6eabcbd035825cb848dd30072f22d99f2dcea036211c20bb2157b75cbc551cf
m7_v1_development_m7c6_seed710600,m7v1d-m7c6-710600,M7C6,710600,0,v2_visible_edges,medium,33509,32302,0.9639798263153183,65;65;65;65;65;65;65;75;65;65;75;65;65;65;65;75;75;65;65;65;65;65;65;65;75;75;75;65;65;75;65;65;75;65;65;65;65;75;75;65;65;65;65;65;75;65;65;65,48,0.25,0,0,0,0,,,0,0,,11716,0.6481165357915102,50.01427258854052,6.938819444444444,39.71794774040787,0.9755503816831022,3f10ed2eb3f0caeba6d4f51d844dfc8278064e50ce45a84fc02c336555ef9514
m7_v1_development_m7c6_seed710600,m7v1d-m7c6-710600,M7C6,710600,0,v2_corridor_edges,medium,33509,32302,0.9639798263153183,65;75;65;65;65;65;65;75;65;75;65;65;65;65;65;75;65;75;75;65;65;65;65;75;75;65;75;65;65;75;65;65;65;65;75;65;65;75;75;65;65;65;65;65;75;65;65;65,48,0.2916666666666667,0,0,0,0,,,0,0,,11716,0.6418003869352452,50.056803862764035,6.74546875,39.84068226212858,0.9758688568489736,13988abb1747563ff3c17e9909825a4b5c2b5622ba038dd468f9925d44b780ce
m7_v1_development_m7c6_seed710600,m7v1d-m7c6-710600,M7C6,710600,0,state_only_risk_roi,high,34871,32298,0.926213759284219,65;65;65;65;65;65;65;65;65;65;65;65;65;65;65;65;65;65;65;65;65;65;65;65;65;65;65;65;65;65;65;65;65;65;65;65;65;65;65;65;65;65;65;95;65;65;65;65,48,0.020833333333333332,0,0,0,0,,,0,0,,11716,0.855326049846364,48.80948661746248,7.809982638888889,39.20430292399462,0.9740998537536307,3421319f88895909781536d6017ce7ce7124b7e32d22ef1a83dbbab9f5df5f12
m7_v1_development_m7c6_seed710600,m7v1d-m7c6-710600,M7C6,710600,0,command_conditioned_risk_roi,high,34871,32307,0.9264718534025408,65;65;65;65;65;65;65;65;65;65;65;65;65;65;65;65;65;65;65;65;65;65;65;65;65;65;65;65;65;65;65;65;65;65;65;65;65;65;65;65;65;65;65;95;65;65;65;65,48,0.020833333333333332,0,0,0,0,,,0,0,,11716,0.855326049846364,48.80948661746248,7.809982638888889,39.20430292399462,0.9740998537536307,55c6916084a5e86a6279e4b4142880e59d82a501e29d2634eafcbc833dd6b964
m7_v1_development_m7c6_seed710600,m7v1d-m7c6-710600,M7C6,710600,0,v2_global_only,high,34871,32302,0.9263284677812509,65;75;65;65;65;65;65;75;65;65;65;65;65;65;65;75;65;75;75;65;65;65;65;75;75;65;75;65;65;75;65;65;65;65;75;65;65;75;75;65;65;65;65;75;75;65;65;65,48,0.2916666666666667,0,0,0,0,,,0,0,,11716,0.6176738363491522,50.223211551427134,6.7208854166666665,39.85653869623296,0.9758340440068428,1aba449af015c801d8b2b4697ef7f288f9ffcb011550d171617315d33e220d18
m7_v1_development_m7c6_seed710600,m7v1d-m7c6-710600,M7C6,710600,0,v2_visible_edges,high,34871,32302,0.9263284677812509,65;65;65;65;65;65;65;75;65;65;75;65;65;65;65;75;75;65;65;65;65;65;65;65;75;75;75;65;65;75;65;65;75;65;65;65;65;75;75;65;65;65;65;65;75;65;65;65,48,0.25,0,0,0,0,,,0,0,,11716,0.6481165357915102,50.01427258854052,6.938819444444444,39.71794774040787,0.9755503816831022,033efddbc2fd8ce70a7ee244d1084d9ca14662062ecba56adf5e46123d6386b6
m7_v1_development_m7c6_seed710600,m7v1d-m7c6-710600,M7C6,710600,0,v2_corridor_edges,high,34871,32302,0.9263284677812509,65;75;65;65;65;65;65;75;65;75;65;65;65;65;65;75;65;75;75;65;65;65;65;75;75;65;75;65;65;75;65;65;65;65;75;65;65;75;75;65;65;65;65;65;75;65;65;65,48,0.2916666666666667,0,0,0,0,,,0,0,,11716,0.6418003869352452,50.056803862764035,6.74546875,39.84068226212858,0.9758688568489736,3da0d9b739b00fb4425e9e6f0c5a38f1c6315e8f2bd64e1da3e75928bf8cb109
m7_v1_development_m7c6_seed710600,m7v1d-m7c6-710600,M7C6,710600,1,state_only_risk_roi,severe,31466,31274,0.9938981758088095,5;5;5;5;5;5;5;5;5;5;5;5;5;5;5;5;5;5;5;5;5;5;5;5;5;5;5;5;5;5;5;5;5;5;5;5;5;5;5;5;5;5;5;35;5;5;5;5,48,0.020833333333333332,0,0,0,0,,,2,0,0.0,18869,174.5748582330807,25.710986628320196,180.8343923611111,25.5579932968319,0.8952316215718783,b6f1372215f54c12b838ffa93fc14ff4673c7e5950e37f928606da04bc8eb2cd
m7_v1_development_m7c6_seed710600,m7v1d-m7c6-710600,M7C6,710600,1,command_conditioned_risk_roi,severe,31466,31285,0.9942477594864298,5;5;5;5;5;5;5;5;5;5;5;5;5;5;5;5;5;5;5;5;5;5;5;5;5;5;5;5;5;5;5;5;5;5;5;5;5;5;5;5;5;5;5;35;5;5;5;5,48,0.020833333333333332,0,0,0,0,,,2,0,0.0,18869,174.5748582330807,25.710986628320196,180.8343923611111,25.5579932968319,0.8952316215718783,8f0acc9c1750809c6b11c26ebfa044a1882283b92045547add3d71f543bd71e6
m7_v1_development_m7c6_seed710600,m7v1d-m7c6-710600,M7C6,710600,1,v2_global_only,severe,31466,31279,0.9940570774804551,5;5;15;5;5;5;5;5;5;5;5;5;5;5;5;5;5;15;5;5;5;5;5;5;5;15;5;5;5;5;5;5;5;15;5;5;15;5;5;15;5;5;5;5;15;15;15;15,48,0.20833333333333334,0,0,0,0,,,2,0,0.0,18869,144.20140618651405,26.541108654216295,150.9845659722222,26.341478059964643,0.8833379262936782,ba3bdb18aa161bf68b30d13b7cf62174f763dcea1f400bd7b358f2c06042a999
m7_v1_development_m7c6_seed710600,m7v1d-m7c6-710600,M7C6,710600,1,v2_visible_edges,severe,31466,31279,0.9940570774804551,5;5;5;5;5;5;5;5;5;5;5;15;5;5;5;5;5;5;5;5;5;5;5;5;5;15;5;5;5;5;5;5;5;15;5;5;5;5;5;15;5;5;5;5;5;15;15;15,48,0.14583333333333334,0,0,0,0,,,2,0,0.0,18869,155.2548271415196,26.22035248841614,161.84743055555555,26.03974551812059,0.8878818479659789,0358dd1e7c427eb4850f36563ef695320ea169876e5e715e990c9af71769ba4b
m7_v1_development_m7c6_seed710600,m7v1d-m7c6-710600,M7C6,710600,1,v2_corridor_edges,severe,31466,31279,0.9940570774804551,5;5;15;5;5;5;5;5;5;5;5;5;5;5;5;5;5;5;5;5;5;5;5;5;5;15;5;5;5;5;5;5;5;15;5;5;5;5;5;15;5;5;5;5;5;15;15;15,48,0.14583333333333334,0,0,0,0,,,2,0,0.0,18869,153.48555832317558,26.270128425244966,160.10866319444443,26.08665529412363,0.8885019796534167,62b5eca0ef16978fee65fed55e0847f0f764a1596309b6d3b41989f3bf563d75
m7_v1_development_m7c6_seed710600,m7v1d-m7c6-710600,M7C6,710600,1,state_only_risk_roi,low,32374,32085,0.9910730833384815,65;65;65;65;65;65;65;65;65;65;65;65;65;65;65;65;65;65;65;65;65;65;65;65;65;65;65;65;65;65;65;65;65;65;65;65;65;65;65;65;65;65;65;95;65;65;65;65,48,0.020833333333333332,0,0,0,0,,,2,0,0.0,18869,8.386736622679173,38.894873562328435,10.063541666666667,38.103295117979435,0.9755293937404951,1de735c9649415fe5ce776e6165caed784510e0211ceb8274203a8282d95f8a3
m7_v1_development_m7c6_seed710600,m7v1d-m7c6-710600,M7C6,710600,1,command_conditioned_risk_roi,low,32374,32096,0.991412862173349,65;65;65;65;65;65;65;65;65;65;65;65;65;65;65;65;65;65;65;65;65;65;65;65;65;65;65;65;65;65;65;65;65;65;65;65;65;65;65;65;65;65;65;95;65;65;65;65,48,0.020833333333333332,0,0,0,0,,,2,0,0.0,18869,8.386736622679173,38.894873562328435,10.063541666666667,38.103295117979435,0.9755293937404951,5a4a73a9e03a27c7e1745213df54abf9d3aad26b45d8610eca4329698e3c35b6
m7_v1_development_m7c6_seed710600,m7v1d-m7c6-710600,M7C6,710600,1,v2_global_only,low,32374,32090,0.9912275282634213,65;75;65;65;65;65;65;65;75;75;65;65;65;65;65;65;75;75;65;65;65;65;65;65;65;75;65;65;65;65;65;65;65;65;65;65;65;65;65;65;65;65;65;65;65;75;75;75,48,0.1875,0,0,0,0,,,2,0,0.0,18869,7.717420107053898,39.25608218631527,9.219288194444445,38.48382969657934,0.9767741380991092,d7c3756ff71b937b15bb05d0ab0d82a259880853fe81b986a772b8b7ff6a25d8
m7_v1_development_m7c6_seed710600,m7v1d-m7c6-710600,M7C6,710600,1,v2_visible_edges,low,32374,32090,0.9912275282634213,65;75;65;65;65;65;65;65;65;75;65;75;65;65;65;65;65;75;65;65;65;65;65;65;65;75;65;65;65;65;65;65;65;65;65;65;65;65;65;65;65;65;75;75;65;65;75;75,48,0.1875,0,0,0,0,,,2,0,0.0,18869,7.980338120727119,39.110590684075156,9.664149305555556,38.279167299387424,0.9754151323279285,b5a06a67fc20e5f4693559b2120a2030136ddd690a83db7a7d1ecbacd653d1c2
m7_v1_development_m7c6_seed710600,m7v1d-m7c6-710600,M7C6,710600,1,v2_corridor_edges,low,32374,32090,0.9912275282634213,65;75;65;65;65;65;65;65;75;75;65;65;65;65;65;65;75;75;65;65;65;65;65;65;65;75;65;65;65;65;65;65;65;65;65;65;65;65;65;65;65;65;65;65;65;65;75;75,48,0.16666666666666666,0,0,0,0,,,2,0,0.0,18869,7.754623986432773,39.235196166907485,9.255850694444444,38.466640204451636,0.9768121369086463,c3702ee3d2c64dc3d69f5793b7b5a337340489b7b14180ed4c48abc1d0da75fc
m7_v1_development_m7c6_seed710600,m7v1d-m7c6-710600,M7C6,710600,1,state_only_risk_roi,medium,33509,32085,0.9575039541615685,65;65;65;65;65;65;65;65;65;65;65;65;65;65;65;65;65;65;65;65;65;65;65;65;65;65;65;65;65;65;65;65;65;65;65;65;65;65;65;65;65;65;65;95;65;65;65;65,48,0.020833333333333332,0,0,0,0,,,2,0,0.0,18869,8.386736622679173,38.894873562328435,10.063541666666667,38.103295117979435,0.9755293937404951,f047145571d0112916b1e749da4aacf90360f38b1bd72f142e787457408ea63e
m7_v1_development_m7c6_seed710600,m7v1d-m7c6-710600,M7C6,710600,1,command_conditioned_risk_roi,medium,33509,32096,0.9578322241785789,65;65;65;65;65;65;65;65;65;65;65;65;65;65;65;65;65;65;65;65;65;65;65;65;65;65;65;65;65;65;65;65;65;65;65;65;65;65;65;65;65;65;65;95;65;65;65;65,48,0.020833333333333332,0,0,0,0,,,2,0,0.0,18869,8.386736622679173,38.894873562328435,10.063541666666667,38.103295117979435,0.9755293937404951,e0c362a04c1c0a68e459d87c6f665683e252e4923ea8d89b9bf20c3817335d06
m7_v1_development_m7c6_seed710600,m7v1d-m7c6-710600,M7C6,710600,1,v2_global_only,medium,33509,32090,0.9576531678056641,65;75;65;65;65;65;65;65;75;75;65;65;65;65;65;65;75;75;65;65;65;65;65;65;65;75;65;65;65;65;65;65;65;65;65;65;65;65;65;65;65;65;65;65;65;75;75;75,48,0.1875,0,0,0,0,,,2,0,0.0,18869,7.717420107053898,39.25608218631527,9.219288194444445,38.48382969657934,0.9767741380991092,0e6e9ce032ce32cebb56b16d549dcbf8b4b43412e8c2ca53ba3509a77cdeaaf1
m7_v1_development_m7c6_seed710600,m7v1d-m7c6-710600,M7C6,710600,1,v2_visible_edges,medium,33509,32090,0.9576531678056641,65;75;65;65;65;65;65;65;65;75;65;75;65;65;65;65;65;75;65;65;65;65;65;65;65;75;65;65;65;65;65;65;65;65;65;65;65;65;65;65;65;65;75;75;65;65;75;75,48,0.1875,0,0,0,0,,,2,0,0.0,18869,7.980338120727119,39.110590684075156,9.664149305555556,38.279167299387424,0.9754151323279285,3bd4ef3b34d67482396178e308f0d6612d84a3a6f35151f4e2f1f12f2a6d374e
m7_v1_development_m7c6_seed710600,m7v1d-m7c6-710600,M7C6,710600,1,v2_corridor_edges,medium,33509,32090,0.9576531678056641,65;75;65;65;65;65;65;65;75;75;65;65;65;65;65;65;75;75;65;65;65;65;65;65;65;75;65;65;65;65;65;65;65;65;65;65;65;65;65;65;65;65;65;65;65;65;75;75,48,0.16666666666666666,0,0,0,0,,,2,0,0.0,18869,7.754623986432773,39.235196166907485,9.255850694444444,38.466640204451636,0.9768121369086463,1ade2c942982a3660b620716d3f248cc054dfe70d690343da7a4f22e2db0b532
m7_v1_development_m7c6_seed710600,m7v1d-m7c6-710600,M7C6,710600,1,state_only_risk_roi,high,34871,32085,0.9201055318172694,65;65;65;65;65;65;65;65;65;65;65;65;65;65;65;65;65;65;65;65;65;65;65;65;65;65;65;65;65;65;65;65;65;65;65;65;65;65;65;65;65;65;65;95;65;65;65;65,48,0.020833333333333332,0,0,0,0,,,2,0,0.0,18869,8.386736622679173,38.894873562328435,10.063541666666667,38.103295117979435,0.9755293937404951,4b3c2c77a50decd9998d57d9e4e428f038886d6e543e8083eb31e934f73965f4
m7_v1_development_m7c6_seed710600,m7v1d-m7c6-710600,M7C6,710600,1,command_conditioned_risk_roi,high,34871,32096,0.9204209801841071,65;65;65;65;65;65;65;65;65;65;65;65;65;65;65;65;65;65;65;65;65;65;65;65;65;65;65;65;65;65;65;65;65;65;65;65;65;65;65;65;65;65;65;95;65;65;65;65,48,0.020833333333333332,0,0,0,0,,,2,0,0.0,18869,8.386736622679173,38.894873562328435,10.063541666666667,38.103295117979435,0.9755293937404951,38acd914ffa6420f6bf2e37d683d74c5bb8bd063aa44a5b4093ae9a914c1abee
m7_v1_development_m7c6_seed710600,m7v1d-m7c6-710600,M7C6,710600,1,v2_global_only,high,34871,32090,0.9202489174385593,65;75;65;65;65;65;65;65;75;75;65;65;65;65;65;65;75;75;65;65;65;65;65;65;65;75;65;65;65;65;65;65;65;65;65;65;65;65;65;65;65;65;65;65;65;75;75;75,48,0.1875,0,0,0,0,,,2,0,0.0,18869,7.717420107053898,39.25608218631527,9.219288194444445,38.48382969657934,0.9767741380991092,5fa02c3f60623de06535874e605d4b6e0ba0fa03e9fa841b42e7479d6edf8b11
m7_v1_development_m7c6_seed710600,m7v1d-m7c6-710600,M7C6,710600,1,v2_visible_edges,high,34871,32090,0.9202489174385593,65;75;65;65;65;65;65;65;65;75;65;75;65;65;65;65;65;75;65;65;65;65;65;65;65;75;65;65;65;65;65;65;65;65;65;65;65;65;65;65;65;65;75;75;65;65;75;75,48,0.1875,0,0,0,0,,,2,0,0.0,18869,7.980338120727119,39.110590684075156,9.664149305555556,38.279167299387424,0.9754151323279285,cafcc7ec9ae0097aaa7729110c7fb14ad7325f32146e7c0151167aff659e42f7
m7_v1_development_m7c6_seed710600,m7v1d-m7c6-710600,M7C6,710600,1,v2_corridor_edges,high,34871,32090,0.9202489174385593,65;75;65;65;65;65;65;65;75;75;65;65;65;65;65;65;75;75;65;65;65;65;65;65;65;75;65;65;65;65;65;65;65;65;65;65;65;65;65;65;65;65;65;65;65;65;75;75,48,0.16666666666666666,0,0,0,0,,,2,0,0.0,18869,7.754623986432773,39.235196166907485,9.255850694444444,38.466640204451636,0.9768121369086463,e839a2f939695609ac101e2f2dc6f122165434e8b755758820a9afd925dcb8cb
m7_v1_development_m7c6_seed710600,m7v1d-m7c6-710600,M7C6,710600,2,state_only_risk_roi,severe,31466,31400,0.9979024979342783,5;5;5;5;5;5;5;5;5;5;5;5;5;5;5;5;5;5;5;5;5;5;5;5;5;5;5;5;5;5;5;5;5;5;5;5;5;5;5;5;5;5;5;35;5;5;5;5,48,0.020833333333333332,0,0,0,0,,,6,0,0.0,5379,223.31028072132366,24.64171643359558,226.1417361111111,24.58699638902791,0.7831669463665175,82dec557093935409d79d968deaa749a2f76017d556f2e678c05070f4df9abde
m7_v1_development_m7c6_seed710600,m7v1d-m7c6-710600,M7C6,710600,2,command_conditioned_risk_roi,severe,31466,31409,0.9981885209432403,5;5;5;5;5;5;5;5;5;5;5;5;5;5;5;5;5;5;5;5;5;5;5;5;5;5;5;5;5;5;5;5;5;5;5;5;5;5;5;5;5;5;5;35;5;5;5;5,48,0.020833333333333332,0,0,0,0,,,6,0,0.0,5379,223.31028072132366,24.64171643359558,226.1417361111111,24.58699638902791,0.7831669463665175,f9d4d309db4739b622c31917ebe18949b109b35b411365f8b9ecdd30d3f23958
m7_v1_development_m7c6_seed710600,m7v1d-m7c6-710600,M7C6,710600,2,v2_global_only,severe,31466,31404,0.9980296192715947,5;5;5;15;5;5;15;15;5;5;5;5;5;5;15;15;5;5;5;5;5;5;15;15;5;5;5;5;5;5;15;15;5;5;5;5;5;5;15;15;5;5;5;15;5;5;15;15,48,0.2916666666666667,0,0,0,0,,,6,0,0.0,5379,73.27235545640454,29.48140208017641,182.8256597222222,25.510432116270675,0.7867331909160766,071ec0d221a67e5475e7aae4ab07ae90c0740ca258305f0cc48fe58618b478f9
m7_v1_development_m7c6_seed710600,m7v1d-m7c6-710600,M7C6,710600,2,v2_visible_edges,severe,31466,31404,0.9980296192715947,5;5;5;15;5;5;15;15;5;5;5;5;5;5;15;15;5;5;5;5;5;5;15;15;5;5;5;5;5;5;15;15;5;5;5;5;5;5;15;15;5;5;5;5;5;5;15;15,48,0.2708333333333333,0,0,0,0,,,6,0,0.0,5379,73.27235545640454,29.48140208017641,185.85416666666666,25.439080588741163,0.7893445572994778,437d709ed8ceefd995418db130c0439128e369e5e8553447740e0f2e917039a3
m7_v1_development_m7c6_seed710600,m7v1d-m7c6-710600,M7C6,710600,2,v2_corridor_edges,severe,31466,31404,0.9980296192715947,5;5;5;5;5;5;15;15;5;5;5;5;5;5;15;15;5;5;5;5;5;5;15;15;5;5;5;5;5;5;15;15;5;5;5;5;5;5;15;15;5;5;5;5;5;5;15;15,48,0.25,0,0,0,0,,,6,0,0.0,5379,73.27235545640454,29.48140208017641,187.37451388888888,25.40369841712826,0.7908762250134141,dbcdf2c6677a3c080a863920279689d504baa82bd397ab659343804714f62118
m7_v1_development_m7c6_seed710600,m7v1d-m7c6-710600,M7C6,710600,2,state_only_risk_roi,low,32374,32109,0.9918144189781923,25;25;25;25;25;25;25;25;25;25;25;25;25;25;25;25;25;25;25;25;25;25;25;25;25;25;25;25;25;25;25;25;25;25;25;25;25;25;25;25;25;25;25;55;25;25;25;25,48,0.020833333333333332,0,0,0,0,,,6,0,0.0,5379,15.134287661895025,36.33118376393864,38.72177083333333,32.2512515051773,0.9036576966450713,cb58d3ff480090f7531b1a35906b45be238eccca4a8b6f27f791ce98e4809098
m7_v1_development_m7c6_seed710600,m7v1d-m7c6-710600,M7C6,710600,2,command_conditioned_risk_roi,low,32374,32118,0.9920924198430839,25;25;25;25;25;25;25;25;25;25;25;25;25;25;25;25;25;25;25;25;25;25;25;25;25;25;25;25;25;25;25;25;25;25;25;25;25;25;25;25;25;25;25;55;25;25;25;25,48,0.020833333333333332,0,0,0,0,,,6,0,0.0,5379,15.134287661895025,36.33118376393864,38.72177083333333,32.2512515051773,0.9036576966450713,a2dd89395b715e9112336e68c7e0c6ef0d80d0309dd5651763b604d54bf28377
m7_v1_development_m7c6_seed710600,m7v1d-m7c6-710600,M7C6,710600,2,v2_global_only,low,32374,32113,0.9919379749181442,25;25;25;35;25;25;25;25;25;25;25;25;25;25;25;35;25;25;25;25;25;25;35;25;25;25;45;25;25;25;35;25;25;25;35;25;25;25;35;25;25;25;25;25;25;25;25;35,48,0.16666666666666666,0,0,0,0,,,6,0,0.0,5379,12.857904195327508,37.03910175373035,36.67387152777778,32.487236015918306,0.9050495686187799,56b4f98854b215808e19cfa666092002626cfa4974b58135f6d2020744626706
m7_v1_development_m7c6_seed710600,m7v1d-m7c6-710600,M7C6,710600,2,v2_visible_edges,low,32374,32113,0.9919379749181442,25;25;25;25;25;25;25;25;25;25;25;25;25;55;25;35;25;25;25;25;25;25;25;25;25;25;25;25;25;25;25;25;25;25;25;25;25;25;25;25;25;25;25;25;25;25;25;25,48,0.041666666666666664,0,0,0,0,,,6,0,0.0,5379,12.185970130755408,37.272202515849585,37.319149305555555,32.41148625474955,0.9031975238273807,8faa914da2d5636bcbd0826bdf2db86b283dc72d2bfe8d8bafb5a4f4ba0a6a36
m7_v1_development_m7c6_seed710600,m7v1d-m7c6-710600,M7C6,710600,2,v2_corridor_edges,low,32374,32113,0.9919379749181442,25;25;25;35;25;25;25;25;25;25;25;25;25;25;25;35;25;25;25;25;25;25;35;25;25;25;35;25;25;25;35;25;25;25;35;25;25;25;35;25;25;25;25;25;25;25;25;35,48,0.16666666666666666,0,0,0,0,,,6,0,0.0,5379,12.857904195327508,37.03910175373035,36.95418402777778,32.45416743649806,0.9048826676318648,6f43ff6e806034f870e2777a2e879fc7e5d0741092d8841b1c0b84a6d0f4916c
m7_v1_development_m7c6_seed710600,m7v1d-m7c6-710600,M7C6,710600,2,state_only_risk_roi,medium,33509,33338,0.9948968933719299,65;65;65;65;65;65;65;65;65;65;65;65;65;65;65;65;65;65;65;65;65;65;65;65;65;65;65;65;65;65;65;65;65;65;65;65;65;65;65;65;65;65;65;95;65;65;65;65,48,0.020833333333333332,0,0,0,0,,,6,0,0.0,5379,2.237094875131685,44.633959579637605,13.860434027777778,36.71303530814521,0.9522921525278448,851a67fa2ce970423af95338bd6f705dd862762a8c336b4865836661c7b33e6b
m7_v1_development_m7c6_seed710600,m7v1d-m7c6-710600,M7C6,710600,2,command_conditioned_risk_roi,medium,33509,33347,0.9951654779313021,65;65;65;65;65;65;65;65;65;65;65;65;65;65;65;65;65;65;65;65;65;65;65;65;65;65;65;65;65;65;65;65;65;65;65;65;65;65;65;65;65;65;65;95;65;65;65;65,48,0.020833333333333332,0,0,0,0,,,6,0,0.0,5379,2.237094875131685,44.633959579637605,13.860434027777778,36.71303530814521,0.9522921525278448,8dea6f0f90ef8fd2e88d6eb475d5c8f0c95233884c252dd2c7cf7d87fabb6791
m7_v1_development_m7c6_seed710600,m7v1d-m7c6-710600,M7C6,710600,2,v2_global_only,medium,33509,33341,0.9949864215583873,75;75;75;65;65;75;65;65;65;75;65;65;65;75;75;65;65;65;65;75;65;75;75;65;75;75;75;65;65;75;65;65;65;65;65;65;65;75;75;65;65;65;65;65;65;65;65;75,48,0.3541666666666667,0,0,0,0,,,6,6,1.0,5379,1.672553758443329,45.89700275312901,12.014114583333333,37.33388591199634,0.9545822809333555,577983b3a0b24c196441017a46aba62bc969b6defdf733f0688c6f00e0d64c3f
m7_v1_development_m7c6_seed710600,m7v1d-m7c6-710600,M7C6,710600,2,v2_visible_edges,medium,33509,33342,0.9950162642872065,65;75;75;65;65;65;65;65;65;75;65;65;65;65;75;65;65;65;65;65;65;75;75;65;65;75;75;65;65;65;65;65;65;75;75;65;65;75;75;65;75;75;65;65;65;65;65;75,48,0.3125,0,0,0,0,,,6,6,1.0,5379,2.003346346904629,45.11324322434827,12.368420138888888,37.207661316334075,0.9528720669576533,fd0719538718c66da8e2b38b15f83f6b6152db5810c16742f2931bdd16243052
m7_v1_development_m7c6_seed710600,m7v1d-m7c6-710600,M7C6,710600,2,v2_corridor_edges,medium,33509,33342,0.9950162642872065,65;75;75;65;65;75;65;65;65;75;65;65;65;75;75;65;65;65;65;75;65;75;75;65;75;75;75;65;65;75;65;65;65;65;65;65;65;75;75;65;65;65;65;65;65;65;65;75,48,0.3333333333333333,0,0,0,0,,,6,6,1.0,5379,1.672553758443329,45.89700275312901,12.020711805555555,37.33150175724306,0.9545725623988939,b2f41b1edc0b5bf3edfa0d68fa3be90cc68da3f4ac91b15b5f47f4107037f4f8
m7_v1_development_m7c6_seed710600,m7v1d-m7c6-710600,M7C6,710600,2,state_only_risk_roi,high,34871,33338,0.9560379685125175,65;65;65;65;65;65;65;65;65;65;65;65;65;65;65;65;65;65;65;65;65;65;65;65;65;65;65;65;65;65;65;65;65;65;65;65;65;65;65;65;65;65;65;95;65;65;65;65,48,0.020833333333333332,0,0,0,0,,,6,0,0.0,5379,2.237094875131685,44.633959579637605,13.860434027777778,36.71303530814521,0.9522921525278448,362f09ea17b35310707fe9e7758b77857d9796ac96766a02b05534e584f81274
m7_v1_development_m7c6_seed710600,m7v1d-m7c6-710600,M7C6,710600,2,command_conditioned_risk_roi,high,34871,33347,0.9562960626308393,65;65;65;65;65;65;65;65;65;65;65;65;65;65;65;65;65;65;65;65;65;65;65;65;65;65;65;65;65;65;65;65;65;65;65;65;65;65;65;65;65;65;65;95;65;65;65;65,48,0.020833333333333332,0,0,0,0,,,6,0,0.0,5379,2.237094875131685,44.633959579637605,13.860434027777778,36.71303530814521,0.9522921525278448,8164bcb7cca84e9e54850af267e357a502d2a612f8303217fe5ee70c9d7d6a2f
m7_v1_development_m7c6_seed710600,m7v1d-m7c6-710600,M7C6,710600,2,v2_global_only,high,34871,33341,0.9561239998852915,75;75;75;65;65;75;65;65;65;75;65;65;65;75;75;65;65;65;65;75;65;75;75;65;75;75;75;65;65;75;65;65;65;65;65;65;65;75;75;65;65;65;65;65;65;65;65;75,48,0.3541666666666667,0,0,0,0,,,6,6,1.0,5379,1.672553758443329,45.89700275312901,12.014114583333333,37.33388591199634,0.9545822809333555,d7261ed955ac3240f882946323aa565779065fe21d40b0eb0fb8fd77d9b0d8b5
m7_v1_development_m7c6_seed710600,m7v1d-m7c6-710600,M7C6,710600,2,v2_visible_edges,high,34871,33342,0.9561526770095495,65;75;75;65;65;65;65;65;65;75;65;65;65;65;75;65;65;65;65;65;65;75;75;65;65;75;75;65;65;65;65;65;65;75;75;65;65;75;75;65;75;75;65;65;65;65;65;75,48,0.3125,0,0,0,0,,,6,6,1.0,5379,2.003346346904629,45.11324322434827,12.368420138888888,37.207661316334075,0.9528720669576533,8d80954ec8122ca8f39044af946e8463399273837723e2e1cb67b8c54df815a4
m7_v1_development_m7c6_seed710600,m7v1d-m7c6-710600,M7C6,710600,2,v2_corridor_edges,high,34871,33342,0.9561526770095495,65;75;75;65;65;75;65;65;65;75;65;65;65;75;75;65;65;65;65;75;65;75;75;65;75;75;75;65;65;75;65;65;65;65;65;65;65;75;75;65;65;65;65;65;65;65;65;75,48,0.3333333333333333,0,0,0,0,,,6,6,1.0,5379,1.672553758443329,45.89700275312901,12.020711805555555,37.33150175724306,0.9545725623988939,534951e058b7ca25aa81efee5f1bceb2021ad0bbeff3a540773a297848d21b4b
m7_v1_development_m7c6_seed710600,m7v1d-m7c6-710600,M7C6,710600,3,state_only_risk_roi,severe,31466,31392,0.9976482552596453,5;5;5;5;5;5;5;5;5;5;5;5;5;5;5;5;5;5;5;5;5;5;5;5;5;5;5;5;5;5;5;5;5;5;5;5;5;5;5;5;5;5;5;35;5;5;5;5,48,0.020833333333333332,0,0,0,0,,,2,0,0.0,4800,176.38215277777778,25.666257219216277,204.7390625,25.018796505466753,0.797796444174608,aa5497a8e92aeb8c7b782569530ef828b2a5f12108595d9f053b75eb290f93f7
m7_v1_development_m7c6_seed710600,m7v1d-m7c6-710600,M7C6,710600,3,command_conditioned_risk_roi,severe,31466,31397,0.997807156931291,5;5;5;5;5;5;5;5;5;5;5;5;5;5;5;5;5;5;5;5;5;5;5;5;5;5;5;5;5;5;5;5;5;5;5;5;5;5;5;5;5;5;5;35;5;5;5;5,48,0.020833333333333332,0,0,0,0,,,2,0,0.0,4800,176.38215277777778,25.666257219216277,204.7390625,25.018796505466753,0.797796444174608,de355b81ea27f6fe274a45831bf994050c478ed57b1d8c0d65422fd27db45cea
m7_v1_development_m7c6_seed710600,m7v1d-m7c6-710600,M7C6,710600,3,v2_global_only,severe,31466,31394,0.9977118159283036,5;5;15;15;15;15;15;15;5;5;5;5;5;5;15;15;5;5;5;5;5;5;15;15;5;5;5;5;5;5;15;15;5;5;5;5;5;5;15;15;5;5;15;15;15;5;15;15,48,0.3958333333333333,0,0,0,0,,,2,2,1.0,4800,8.244652777777778,38.9690799074431,152.0054861111111,26.312210982863846,0.8010636631338567,0f091fc8700e3905e56efa0b870dd935e43ac3806ee70295f321d44fa967d157
m7_v1_development_m7c6_seed710600,m7v1d-m7c6-710600,M7C6,710600,3,v2_visible_edges,severe,31466,31394,0.9977118159283036,5;5;15;15;15;15;15;15;5;5;5;5;5;5;15;15;5;5;5;5;5;5;15;15;5;5;5;5;5;5;15;15;5;5;5;5;5;5;15;15;5;5;5;15;15;5;15;15,48,0.375,0,0,0,0,,,2,2,1.0,4800,8.244652777777778,38.9690799074431,154.5829513888889,26.239187660204458,0.8014806096348289,3f473b7e8bd3deaa432ec5521f3499054fef875f2fe9d5d2d7b688a3298e74cb
m7_v1_development_m7c6_seed710600,m7v1d-m7c6-710600,M7C6,710600,3,v2_corridor_edges,severe,31466,31394,0.9977118159283036,5;5;5;15;15;15;15;15;5;5;5;5;5;5;15;15;5;5;5;5;5;5;15;15;5;5;5;5;5;5;15;15;5;5;5;5;5;5;15;15;5;5;5;15;15;5;15;15,48,0.3541666666666667,0,0,0,0,,,2,2,1.0,4800,8.244652777777778,38.9690799074431,155.89510416666667,26.202478843371022,0.8037395366237036,7fdcd794e096b525ba71a5c77b3f43f3d79819ea9a5080977842328897267b0c
m7_v1_development_m7c6_seed710600,m7v1d-m7c6-710600,M7C6,710600,3,state_only_risk_roi,low,32374,32004,0.9885710755544573,25;25;25;25;25;25;25;25;25;25;25;25;25;25;25;25;25;25;25;25;25;25;25;25;25;25;25;25;25;25;25;25;25;25;25;25;25;25;25;25;25;25;25;55;25;25;25;25,48,0.020833333333333332,0,0,0,0,,,2,0,0.0,4800,8.107013888888888,39.04219443819224,29.736197916666665,33.397949222156,0.9174915211547378,08eb5b052fb2dc7f677f59edd9aa1c732cad0ff27680904b69f673bbf7f3900c
m7_v1_development_m7c6_seed710600,m7v1d-m7c6-710600,M7C6,710600,3,command_conditioned_risk_roi,low,32374,32009,0.9887255204793971,25;25;25;25;25;25;25;25;25;25;25;25;25;25;25;25;25;25;25;25;25;25;25;25;25;25;25;25;25;25;25;25;25;25;25;25;25;25;25;25;25;25;25;55;25;25;25;25,48,0.020833333333333332,0,0,0,0,,,2,0,0.0,4800,8.107013888888888,39.04219443819224,29.736197916666665,33.397949222156,0.9174915211547378,e3a80cc9b7c8b0c290337bd8d9e7c6f6cea750d2326d36b94e4143d374cc6231
m7_v1_development_m7c6_seed710600,m7v1d-m7c6-710600,M7C6,710600,3,v2_global_only,low,32374,32006,0.9886328535244332,25;25;35;35;35;35;45;25;25;25;25;35;25;25;25;35;25;25;25;25;25;25;35;25;25;35;25;25;25;25;35;25;25;25;25;25;25;25;35;25;25;25;25;25;25;25;35;35,48,0.2708333333333333,0,0,0,0,,,2,2,1.0,4800,4.942291666666667,41.191519893918624,27.9984375,33.65946565385063,0.9190146537491927,6e4ab14d8ebcf9a5c9e154214b0f5e560b38ca40d72f8f90f96e9e6533f50871
m7_v1_development_m7c6_seed710600,m7v1d-m7c6-710600,M7C6,710600,3,v2_visible_edges,low,32374,32006,0.9886328535244332,25;25;25;35;25;35;45;25;25;25;25;25;25;25;25;35;25;25;25;25;25;25;35;25;25;25;25;25;25;25;35;25;25;25;25;35;25;25;35;25;25;25;25;25;25;25;25;35,48,0.1875,0,0,0,0,,,2,2,1.0,4800,5.063263888888889,41.086497981854535,28.574444444444445,33.57102565442153,0.9173411041866911,a5f4c4927e0d6cf2b18926618b55436990878ce53c84990afb12915545436148
m7_v1_development_m7c6_seed710600,m7v1d-m7c6-710600,M7C6,710600,3,v2_corridor_edges,low,32374,32006,0.9886328535244332,25;25;35;35;25;35;45;25;25;25;25;35;25;25;25;35;25;25;25;25;25;25;35;25;25;35;25;25;25;25;35;25;25;25;25;25;25;25;35;25;25;25;25;25;25;25;35;35,48,0.25,0,0,0,0,,,2,2,1.0,4800,4.942291666666667,41.191519893918624,28.114131944444445,33.641556821477856,0.9183043232629938,5d7912a6b13119610003759898b94603edcd759e11498490c33ebde7ab8fb641
m7_v1_development_m7c6_seed710600,m7v1d-m7c6-710600,M7C6,710600,3,state_only_risk_roi,medium,33509,33181,0.9902115849473276,65;65;65;65;65;65;65;65;65;65;65;65;65;65;65;65;65;65;65;65;65;65;65;65;65;65;65;65;65;65;65;65;65;65;65;65;65;65;65;65;65;65;65;95;65;65;65;65,48,0.020833333333333332,0,0,0,0,,,2,0,0.0,4800,0.9153472222222222,48.51494492932239,11.067673611111111,37.69024017679759,0.9594839950719093,a6f40198afb5739b08ca3bfe1a190ebafb78a22b099c3d6c4a910d32b35339dc
m7_v1_development_m7c6_seed710600,m7v1d-m7c6-710600,M7C6,710600,3,command_conditioned_risk_roi,medium,33509,33186,0.9903607985914232,65;65;65;65;65;65;65;65;65;65;65;65;65;65;65;65;65;65;65;65;65;65;65;65;65;65;65;65;65;65;65;65;65;65;65;65;65;65;65;65;65;65;65;95;65;65;65;65,48,0.020833333333333332,0,0,0,0,,,2,0,0.0,4800,0.9153472222222222,48.51494492932239,11.067673611111111,37.69024017679759,0.9594839950719093,6c7c919fcc2534acf23bd5d0ace48ced44d451389af15324a78eb7f6c9a36555
m7_v1_development_m7c6_seed710600,m7v1d-m7c6-710600,M7C6,710600,3,v2_global_only,medium,33509,33183,0.9902712704049659,65;75;75;65;65;75;65;65;65;75;65;65;75;75;65;65;65;75;65;65;65;65;75;65;75;75;75;75;65;65;65;65;65;65;75;65;65;65;75;65;75;75;65;65;65;65;65;75,48,0.3541666666666667,0,0,0,0,,,2,2,1.0,4800,0.8345138888888889,48.916467917907994,9.736371527777777,38.24683223194668,0.9606088829564499,db76e1ce092516f7b1c3fc642d225ca09fbed8942cd89579255aca6c068c5299
m7_v1_development_m7c6_seed710600,m7v1d-m7c6-710600,M7C6,710600,3,v2_visible_edges,medium,33509,33183,0.9902712704049659,65;65;75;65;65;65;65;65;65;65;65;65;65;65;65;65;65;65;75;65;65;65;75;65;75;75;75;65;65;65;65;65;65;65;75;75;75;75;75;65;75;65;65;65;65;65;65;75,48,0.2708333333333333,0,0,0,0,,,2,2,1.0,4800,0.8345138888888889,48.916467917907994,10.023003472222221,38.12082480059484,0.9604800954302263,28f0ade8b11c222dd3982cea5a02998169d9f912487a898319e1e23668dd1443
m7_v1_development_m7c6_seed710600,m7v1d-m7c6-710600,M7C6,710600,3,v2_corridor_edges,medium,33509,33183,0.9902712704049659,65;75;75;65;65;75;65;65;65;75;65;65;65;75;65;65;65;75;65;65;65;65;75;65;75;75;75;75;65;65;65;65;65;65;75;65;65;65;75;65;75;75;65;65;65;65;65;65,48,0.3125,0,0,0,0,,,2,2,1.0,4800,0.8400694444444444,48.887651723150476,9.743420138888888,38.24368931019821,0.9606451872558388,cb6ce15eeeed19c94fed3d0a25fb7d51fa38260bcfa3e5d1c8109b4ae8782953
m7_v1_development_m7c6_seed710600,m7v1d-m7c6-710600,M7C6,710600,3,state_only_risk_roi,high,34871,33181,0.9515356600040148,65;65;65;65;65;65;65;65;65;65;65;65;65;65;65;65;65;65;65;65;65;65;65;65;65;65;65;65;65;65;65;65;65;65;65;65;65;65;65;65;65;65;65;95;65;65;65;65,48,0.020833333333333332,0,0,0,0,,,2,0,0.0,4800,0.9153472222222222,48.51494492932239,11.067673611111111,37.69024017679759,0.9594839950719093,51f2561c076223610f8d96174a4ce45ac303fd5ebad0ca929455d8f129fd3dd2
m7_v1_development_m7c6_seed710600,m7v1d-m7c6-710600,M7C6,710600,3,command_conditioned_risk_roi,high,34871,33186,0.9516790456253047,65;65;65;65;65;65;65;65;65;65;65;65;65;65;65;65;65;65;65;65;65;65;65;65;65;65;65;65;65;65;65;65;65;65;65;65;65;65;65;65;65;65;65;95;65;65;65;65,48,0.020833333333333332,0,0,0,0,,,2,0,0.0,4800,0.9153472222222222,48.51494492932239,11.067673611111111,37.69024017679759,0.9594839950719093,018a6e7970c411ea7e2e0685ce709ac796d2171366b0d118e1e0f4946c8a62fd
m7_v1_development_m7c6_seed710600,m7v1d-m7c6-710600,M7C6,710600,3,v2_global_only,high,34871,33183,0.9515930142525307,65;75;75;65;65;75;65;65;65;75;65;65;75;75;65;65;65;75;65;65;65;65;75;65;75;75;75;75;65;65;65;65;65;65;75;65;65;65;75;65;75;75;65;65;65;65;65;75,48,0.3541666666666667,0,0,0,0,,,2,2,1.0,4800,0.8345138888888889,48.916467917907994,9.736371527777777,38.24683223194668,0.9606088829564499,81cd35427f173305423c0b0b997e7abb6a08a3da5b9ef0c17be2e3c9fc76e8ba
m7_v1_development_m7c6_seed710600,m7v1d-m7c6-710600,M7C6,710600,3,v2_visible_edges,high,34871,33183,0.9515930142525307,65;65;75;65;65;65;65;65;65;65;65;65;65;65;65;65;65;65;75;65;65;65;75;65;75;75;75;65;65;65;65;65;65;65;75;75;75;75;75;65;75;65;65;65;65;65;65;75,48,0.2708333333333333,0,0,0,0,,,2,2,1.0,4800,0.8345138888888889,48.916467917907994,10.023003472222221,38.12082480059484,0.9604800954302263,de5f88bf4fe27e941b1af2af6ad65f609343bd42c1827737afdbbe9ec98ecf87
m7_v1_development_m7c6_seed710600,m7v1d-m7c6-710600,M7C6,710600,3,v2_corridor_edges,high,34871,33183,0.9515930142525307,65;75;75;65;65;75;65;65;65;75;65;65;65;75;65;65;65;75;65;65;65;65;75;65;75;75;75;75;65;65;65;65;65;65;75;65;65;65;75;65;75;75;65;65;65;65;65;65,48,0.3125,0,0,0,0,,,2,2,1.0,4800,0.8400694444444444,48.887651723150476,9.743420138888888,38.24368931019821,0.9606451872558388,c7974cdd9110b9aed2db8ca53526e62b2c031c6a7a181ffcf509a1c1b1b63ea4
m7_v1_development_m7c6_seed710601,m7v1d-m7c6-710601,M7C6,710601,0,state_only_risk_roi,severe,31466,31325,0.9955189728595945,5;5;5;5;5;5;5;5;5;5;5;5;5;5;5;5;5;5;5;5;5;5;5;5;5;5;5;5;5;5;5;5;5;5;5;5;5;5;5;5;5;5;5;35;5;5;5;5,48,0.020833333333333332,0,0,0,0,,,2,0,0.0,11831,161.06271659200405,26.060853409471708,184.12335069444444,25.47971491241309,0.8771190409581658,0e906d9d6b54619c40f19eb552ed6140bb0f5a77c4dfe5a4c88c87c2321b798d
m7_v1_development_m7c6_seed710601,m7v1d-m7c6-710601,M7C6,710601,0,command_conditioned_risk_roi,severe,31466,31334,0.9958049958685565,5;5;5;5;5;5;5;5;5;5;5;5;5;5;5;5;5;5;5;5;5;5;5;5;5;5;5;5;5;5;5;5;5;5;5;5;5;5;5;5;5;5;5;35;5;5;5;5,48,0.020833333333333332,0,0,0,0,,,2,0,0.0,11831,161.06271659200405,26.060853409471708,184.12335069444444,25.47971491241309,0.8771190409581658,fefe0f61963cb9ed0646c449e9ff1f6a8bd24efbb2ed9fdc6e61d0bc88d04f34
m7_v1_development_m7c6_seed710601,m7v1d-m7c6-710601,M7C6,710601,0,v2_global_only,severe,31466,31329,0.995646094196911,5;5;5;15;15;15;15;5;5;5;5;15;15;15;15;5;5;5;5;15;15;15;15;5;5;5;5;15;15;15;15;5;5;5;5;5;15;15;15;5;5;5;5;5;15;15;15;5,48,0.4583333333333333,0,0,0,0,,,2,0,0.0,11831,56.79987603189361,30.587329730217377,119.61111111111111,27.35308836147729,0.8837059241294171,ae34cb643fb0643080f976757af119469de6149116ab010734fa165bf2339eeb
m7_v1_development_m7c6_seed710601,m7v1d-m7c6-710601,M7C6,710601,0,v2_visible_edges,severe,31466,31329,0.995646094196911,5;5;5;15;5;15;15;5;5;5;5;15;5;15;15;5;5;5;5;15;15;15;15;5;5;5;5;15;15;15;15;5;5;5;5;5;15;15;15;5;5;5;5;5;15;15;15;5,48,0.4166666666666667,0,0,0,0,,,2,0,0.0,11831,66.0323444059392,29.9332364417209,125.3001388888889,27.15128808479949,0.8783733657125854,588396d5f536b6716912e1bd09702b4fe76f877c7b69b86cb791d69c372160a1
m7_v1_development_m7c6_seed710601,m7v1d-m7c6-710601,M7C6,710601,0,v2_corridor_edges,severe,31466,31329,0.995646094196911,5;5;5;15;5;5;15;5;5;5;5;15;5;15;15;5;5;5;5;15;15;15;15;5;5;5;5;15;15;15;15;5;5;5;5;5;15;15;15;5;5;5;5;5;15;15;15;5,48,0.3958333333333333,0,0,0,0,,,2,0,0.0,11831,70.72904516383512,29.634825656848918,128.1942361111111,27.05211862061189,0.8772120806126095,8280c66b824a7e03c0fa2babc012782ad4c81c39eec82631e4dc2c6946c731be
m7_v1_development_m7c6_seed710601,m7v1d-m7c6-710601,M7C6,710601,0,state_only_risk_roi,low,32374,32103,0.9916290850682646,45;45;45;45;45;45;45;45;45;45;45;45;45;45;45;45;45;45;45;45;45;45;45;45;45;45;45;45;45;45;45;45;45;45;45;45;45;45;45;45;45;45;45;75;45;45;45;45,48,0.020833333333333332,0,0,0,0,,,2,0,0.0,11831,3.045868199363255,43.29369254227598,15.333958333333333,36.274260820460384,0.9626297118507875,33b2d371cc708b1bc25297ea3bc3d824c930c37e6f549b924ce40d79057b49af
m7_v1_development_m7c6_seed710601,m7v1d-m7c6-710601,M7C6,710601,0,command_conditioned_risk_roi,low,32374,32112,0.9919070859331562,45;45;45;45;45;45;45;45;45;45;45;45;45;45;45;45;45;45;45;45;45;45;45;45;45;45;45;45;45;45;45;45;45;45;45;45;45;45;45;45;45;45;45;75;45;45;45;45,48,0.020833333333333332,0,0,0,0,,,2,0,0.0,11831,3.045868199363255,43.29369254227598,15.333958333333333,36.274260820460384,0.9626297118507875,94172f1a776a3db08509d968a90bb0148ab2e28f9249c9af33c082317a4ffdba
m7_v1_development_m7c6_seed710601,m7v1d-m7c6-710601,M7C6,710601,0,v2_global_only,low,32374,32107,0.9917526410082165,45;45;65;45;45;45;45;45;45;55;45;45;45;45;45;45;45;45;45;45;45;45;45;45;55;45;45;45;45;45;45;45;45;45;45;45;45;45;45;45;45;45;45;55;45;45;45;45,48,0.08333333333333333,0,0,0,0,,,2,0,0.0,11831,2.7790831995041274,43.691788120953376,14.4528125,36.53127992365241,0.9636573136117281,8aba9f0ff8473775ed7bce25af0b380e108ad500ae4d90837766715d1a435fc8
m7_v1_development_m7c6_seed710601,m7v1d-m7c6-710601,M7C6,710601,0,v2_visible_edges,low,32374,32107,0.9917526410082165,45;45;45;45;45;45;45;45;45;55;45;45;45;45;45;45;45;45;45;45;45;45;45;45;55;45;45;45;45;45;45;45;45;55;45;45;45;45;45;45;45;45;55;55;45;45;45;45,48,0.10416666666666667,0,0,0,0,,,2,2,1.0,11831,3.0100864959287748,43.3450138548508,14.87015625,36.40764828919172,0.9640059473516288,71138bd70c1136758a26faa28d0aea88ada163b87d10c789311518e7fa155761
m7_v1_development_m7c6_seed710601,m7v1d-m7c6-710601,M7C6,710601,0,v2_corridor_edges,low,32374,32107,0.9917526410082165,45;45;65;45;45;45;45;45;45;55;45;45;45;45;45;45;45;45;45;45;45;45;45;45;55;45;45;45;45;45;45;45;45;45;45;45;45;45;45;45;45;45;45;45;45;45;45;45,48,0.0625,0,0,0,0,,,2,0,0.0,11831,2.794494689093624,43.66777072287081,14.49875,36.517497994262605,0.9635870140085997,b5e9cfe2ce4336c0d6e744abaac4dbb11eff5db509e7981b6deed3af6ed9a04f
m7_v1_development_m7c6_seed710601,m7v1d-m7c6-710601,M7C6,710601,0,state_only_risk_roi,medium,33509,32528,0.9707242830284402,65;65;65;65;65;65;65;65;65;65;65;65;65;65;65;65;65;65;65;65;65;65;65;65;65;65;65;65;65;65;65;65;65;65;65;65;65;65;65;65;65;65;65;95;65;65;65;65,48,0.020833333333333332,0,0,0,0,,,2,0,0.0,11831,1.432620516721607,46.56949194420026,9.586388888888889,38.31425317927897,0.9715451719043058,0c238913ed047737fb3a125cb5691eeab811763031289a9e389b3b6d0c395b9e
m7_v1_development_m7c6_seed710601,m7v1d-m7c6-710601,M7C6,710601,0,command_conditioned_risk_roi,medium,33509,32537,0.9709928675878122,65;65;65;65;65;65;65;65;65;65;65;65;65;65;65;65;65;65;65;65;65;65;65;65;65;65;65;65;65;65;65;65;65;65;65;65;65;65;65;65;65;65;65;95;65;65;65;65,48,0.020833333333333332,0,0,0,0,,,2,0,0.0,11831,1.432620516721607,46.56949194420026,9.586388888888889,38.31425317927897,0.9715451719043058,937ba0f2b0e30b8285b3e7db56d4e287063c6384e09dbe1638d867b3c4b99ea5
m7_v1_development_m7c6_seed710601,m7v1d-m7c6-710601,M7C6,710601,0,v2_global_only,medium,33509,32532,0.9708436539437166,65;65;65;65;65;65;65;75;65;65;65;65;65;65;65;75;65;65;75;65;65;65;65;65;75;65;75;65;65;75;65;65;65;65;65;65;65;75;75;75;65;65;75;65;75;65;65;75,48,0.25,0,0,0,0,,,2,2,1.0,11831,1.2045473755388387,47.32256475146684,8.195381944444444,38.995111622659394,0.9732378033912198,0888a4b480d60080a6bdd84d8c6f59b5d4f5577fd61fd6379b52899756e325c9
m7_v1_development_m7c6_seed710601,m7v1d-m7c6-710601,M7C6,710601,0,v2_visible_edges,medium,33509,32532,0.9708436539437166,65;65;65;65;65;65;65;75;65;65;75;65;65;65;65;65;65;65;65;65;65;65;65;65;75;75;75;65;65;75;65;65;75;65;65;65;65;75;75;65;65;65;65;65;75;65;65;75,48,0.22916666666666666,0,0,0,0,,,2,0,0.0,11831,1.230552503310512,47.2298021262869,8.57515625,38.79838318696011,0.9727066672293926,0e10efbff4dc765106bcdf3f5449a29adab495c37463d714c90c4d6190310950
m7_v1_development_m7c6_seed710601,m7v1d-m7c6-710601,M7C6,710601,0,v2_corridor_edges,medium,33509,32532,0.9708436539437166,65;75;65;65;65;65;65;75;65;65;65;65;65;65;65;75;65;75;75;65;65;65;75;65;75;65;75;65;75;75;65;65;65;65;65;65;65;75;75;75;65;65;65;65;75;65;65;75,48,0.3125,0,0,0,0,,,2,0,0.0,11831,1.2248330656749218,47.250034587767246,8.229670138888888,38.97697932670381,0.9731227019787282,1572f9f8fed27a37d7f3f3b5cd0e4608721b583dcba7bc5060bd961b29bde869
m7_v1_development_m7c6_seed710601,m7v1d-m7c6-710601,M7C6,710601,0,state_only_risk_roi,high,34871,32528,0.9328094978635543,65;65;65;65;65;65;65;65;65;65;65;65;65;65;65;65;65;65;65;65;65;65;65;65;65;65;65;65;65;65;65;65;65;65;65;65;65;65;65;65;65;65;65;95;65;65;65;65,48,0.020833333333333332,0,0,0,0,,,2,0,0.0,11831,1.432620516721607,46.56949194420026,9.586388888888889,38.31425317927897,0.9715451719043058,355a7afb6c0b126d681288d896814c8da0a4275b2dd8ada5f5861e130c18ce28
m7_v1_development_m7c6_seed710601,m7v1d-m7c6-710601,M7C6,710601,0,command_conditioned_risk_roi,high,34871,32537,0.933067591981876,65;65;65;65;65;65;65;65;65;65;65;65;65;65;65;65;65;65;65;65;65;65;65;65;65;65;65;65;65;65;65;65;65;65;65;65;65;65;65;65;65;65;65;95;65;65;65;65,48,0.020833333333333332,0,0,0,0,,,2,0,0.0,11831,1.432620516721607,46.56949194420026,9.586388888888889,38.31425317927897,0.9715451719043058,882921229f2e6ca0fe8a788bf42b6ad313ea4172ada5b8b0725c0ebc940e2044
m7_v1_development_m7c6_seed710601,m7v1d-m7c6-710601,M7C6,710601,0,v2_global_only,high,34871,32532,0.9329242063605862,65;65;65;65;65;65;65;75;65;65;65;65;65;65;65;75;65;65;75;65;65;65;65;65;75;65;75;65;65;75;65;65;65;65;65;65;65;75;75;75;65;65;75;65;75;65;65;75,48,0.25,0,0,0,0,,,2,2,1.0,11831,1.2045473755388387,47.32256475146684,8.195381944444444,38.995111622659394,0.9732378033912198,17bcf2044c8c070d4cbef1444c33ccb69f2facfda0372ba47f00af91d9ceb953
m7_v1_development_m7c6_seed710601,m7v1d-m7c6-710601,M7C6,710601,0,v2_visible_edges,high,34871,32532,0.9329242063605862,65;65;65;65;65;65;65;75;65;65;75;65;65;65;65;65;65;65;65;65;65;65;65;65;75;75;75;65;65;75;65;65;75;65;65;65;65;75;75;65;65;65;65;65;75;65;65;75,48,0.22916666666666666,0,0,0,0,,,2,0,0.0,11831,1.230552503310512,47.2298021262869,8.57515625,38.79838318696011,0.9727066672293926,b4fc1e1f640085e822a5d8fc9dd41150d823d620a1810e0776e98c1d6d103e0c
m7_v1_development_m7c6_seed710601,m7v1d-m7c6-710601,M7C6,710601,0,v2_corridor_edges,high,34871,32532,0.9329242063605862,65;75;65;65;65;65;65;75;65;65;65;65;65;65;65;75;65;75;75;65;65;65;75;65;75;65;75;65;75;75;65;65;65;65;65;65;65;75;75;75;65;65;65;65;75;65;65;75,48,0.3125,0,0,0,0,,,2,0,0.0,11831,1.2248330656749218,47.250034587767246,8.229670138888888,38.97697932670381,0.9731227019787282,d287de904e6e47d1be2d40a89b2667473120e6acaea61e42809ba42df3b67005
m7_v1_development_m7c6_seed710601,m7v1d-m7c6-710601,M7C6,710601,1,state_only_risk_roi,severe,31466,31302,0.9947880251700247,5;5;5;5;5;5;5;5;5;5;5;5;5;5;5;5;5;5;5;5;5;5;5;5;5;5;5;5;5;5;5;5;5;5;5;5;5;5;5;5;5;5;5;35;5;5;5;5,48,0.020833333333333332,0,0,0,0,,,8,0,0.0,17880,180.4891312453393,25.56629306328693,189.11913194444443,25.363448950709525,0.8826620782480962,8a5deb6f47a8cab80e26a8a00889c70fa95af00ba7c2ea7c7a5dd97119be9504
m7_v1_development_m7c6_seed710601,m7v1d-m7c6-710601,M7C6,710601,1,command_conditioned_risk_roi,severe,31466,31311,0.9950740481789868,5;5;5;5;5;5;5;5;5;5;5;5;5;5;5;5;5;5;5;5;5;5;5;5;5;5;5;5;5;5;5;5;5;5;5;5;5;5;5;5;5;5;5;35;5;5;5;5,48,0.020833333333333332,0,0,0,0,,,8,0,0.0,17880,180.4891312453393,25.56629306328693,189.11913194444443,25.363448950709525,0.8826620782480962,50100888a75ada1e6c48bc6492b2680246b5b7e5e27ad42f711efdeca4860a56
m7_v1_development_m7c6_seed710601,m7v1d-m7c6-710601,M7C6,710601,1,v2_global_only,severe,31466,31306,0.9949151465073413,5;5;15;5;5;5;5;5;5;5;15;5;5;5;5;5;5;5;15;5;5;5;5;5;5;5;15;5;5;5;5;5;5;15;5;5;5;5;5;15;5;15;5;5;15;5;15;15,48,0.20833333333333334,0,0,0,0,,,8,0,0.0,17880,147.30822147651006,26.448533747704175,158.21940972222222,26.138206009339108,0.8666655534503479,604fd736fca55a161a2f58b1c866fcd205b7f5d02ec40e2d5a46ddb7f28e641c
m7_v1_development_m7c6_seed710601,m7v1d-m7c6-710601,M7C6,710601,1,v2_visible_edges,severe,31466,31306,0.9949151465073413,5;5;5;5;5;5;5;5;5;5;5;5;5;5;5;5;5;5;5;5;5;5;5;5;5;5;15;5;5;5;5;5;5;5;5;15;5;5;5;5;5;15;5;5;5;5;15;15,48,0.10416666666666667,0,0,0,0,,,8,0,0.0,17880,164.53109619686802,25.968323696431863,174.25821180555556,25.718871077689847,0.8761393201158749,3098a596583ecf82545df4ae4a158e5b84370948e7291ba76e5642d72767ffd5
m7_v1_development_m7c6_seed710601,m7v1d-m7c6-710601,M7C6,710601,1,v2_corridor_edges,severe,31466,31306,0.9949151465073413,5;5;5;5;5;5;5;5;5;5;5;5;5;5;5;5;5;5;15;5;5;5;5;5;5;5;15;5;5;5;5;5;5;15;5;5;5;5;5;15;5;15;5;5;5;5;15;15,48,0.14583333333333334,0,0,0,0,,,8,0,0.0,17880,157.3740678598061,26.16147190108093,167.59322916666667,25.888238918896022,0.8724824935583623,4ec7cf7358d3d88abb2199dfe8a622eb6ef47e90de73fa312a4997a394a21dba
m7_v1_development_m7c6_seed710601,m7v1d-m7c6-710601,M7C6,710601,1,state_only_risk_roi,low,32374,32193,0.9944090937171804,65;65;65;65;65;65;65;65;65;65;65;65;65;65;65;65;65;65;65;65;65;65;65;65;65;65;65;65;65;65;65;65;65;65;65;65;65;65;65;65;65;65;65;95;65;65;65;65,48,0.020833333333333332,0,0,0,0,,,8,0,0.0,17880,8.507494407158836,38.83278688605894,10.405677083333334,37.95810016446318,0.9729223857084488,e0d77d61ef954eb6e9ba1b6af83520b44a7f7d533cc166d422572e11aa20a52f
m7_v1_development_m7c6_seed710601,m7v1d-m7c6-710601,M7C6,710601,1,command_conditioned_risk_roi,low,32374,32202,0.994687094582072,65;65;65;65;65;65;65;65;65;65;65;65;65;65;65;65;65;65;65;65;65;65;65;65;65;65;65;65;65;65;65;65;65;65;65;65;65;65;65;65;65;65;65;95;65;65;65;65,48,0.020833333333333332,0,0,0,0,,,8,0,0.0,17880,8.507494407158836,38.83278688605894,10.405677083333334,37.95810016446318,0.9729223857084488,e6f28a94409865faff114b89bfe38ddb5f1603b4c385ee158dda29ea42163fce
m7_v1_development_m7c6_seed710601,m7v1d-m7c6-710601,M7C6,710601,1,v2_global_only,low,32374,32197,0.9945326496571323,65;75;65;65;65;65;65;65;75;65;65;65;65;65;65;65;65;75;65;65;65;65;65;65;65;75;65;65;65;65;65;65;65;65;65;75;65;65;65;65;65;65;65;65;75;65;75;75,48,0.16666666666666666,0,0,0,0,,,8,0,0.0,17880,7.930369127516778,39.137869583784656,9.754861111111111,38.23859270541519,0.9737174669453141,67e2f3af4e60f0862715ba5a0d698ea1aa3fa49a3b6df9c9fdd615117b0fd388
m7_v1_development_m7c6_seed710601,m7v1d-m7c6-710601,M7C6,710601,1,v2_visible_edges,low,32374,32197,0.9945326496571323,65;75;65;75;75;65;65;65;65;65;65;65;65;65;65;65;65;65;65;65;65;65;65;65;65;65;65;65;65;65;65;65;65;65;65;75;65;65;65;65;65;65;65;65;65;65;65;65,48,0.08333333333333333,0,0,0,0,,,8,0,0.0,17880,8.253970917225951,38.964174265555584,10.169583333333334,38.057772014300355,0.9731424696580255,f7a4b1d414ce50a0bdc5f249acc6f9a669f5f04a4cea237dd433a94c13a4cca0
m7_v1_development_m7c6_seed710601,m7v1d-m7c6-710601,M7C6,710601,1,v2_corridor_edges,low,32374,32197,0.9945326496571323,65;75;65;65;65;65;65;65;75;65;65;65;65;65;65;65;65;75;65;65;65;65;65;65;65;65;65;65;65;65;65;65;65;65;65;75;65;65;65;65;65;65;65;65;75;65;75;75,48,0.14583333333333334,0,0,0,0,,,8,0,0.0,17880,7.970413870246085,39.115994877908186,9.792152777777778,38.222021801239976,0.9736982276507934,9eb070ccdac4a249228e717a98a4b2b629e1f9170ef6f8bdc53b20828c5df343
m7_v1_development_m7c6_seed710601,m7v1d-m7c6-710601,M7C6,710601,1,state_only_risk_roi,medium,33509,32193,0.9607269688740339,65;65;65;65;65;65;65;65;65;65;65;65;65;65;65;65;65;65;65;65;65;65;65;65;65;65;65;65;65;65;65;65;65;65;65;65;65;65;65;65;65;65;65;95;65;65;65;65,48,0.020833333333333332,0,0,0,0,,,8,0,0.0,17880,8.507494407158836,38.83278688605894,10.405677083333334,37.95810016446318,0.9729223857084488,077f557af4a0aa81defbc6594cfc97c0c0dcf5f6a7195a85dfe233a15d2c8ff3
m7_v1_development_m7c6_seed710601,m7v1d-m7c6-710601,M7C6,710601,1,command_conditioned_risk_roi,medium,33509,32202,0.9609955534334059,65;65;65;65;65;65;65;65;65;65;65;65;65;65;65;65;65;65;65;65;65;65;65;65;65;65;65;65;65;65;65;65;65;65;65;65;65;65;65;65;65;65;65;95;65;65;65;65,48,0.020833333333333332,0,0,0,0,,,8,0,0.0,17880,8.507494407158836,38.83278688605894,10.405677083333334,37.95810016446318,0.9729223857084488,a15b84ff64c0e0634008f82341951347a34e190dfc727fa31512534c2c6858ac
m7_v1_development_m7c6_seed710601,m7v1d-m7c6-710601,M7C6,710601,1,v2_global_only,medium,33509,32197,0.9608463397893103,65;75;65;65;65;65;65;65;75;65;65;65;65;65;65;65;65;75;65;65;65;65;65;65;65;75;65;65;65;65;65;65;65;65;65;75;65;65;65;65;65;65;65;65;75;65;75;75,48,0.16666666666666666,0,0,0,0,,,8,0,0.0,17880,7.930369127516778,39.137869583784656,9.754861111111111,38.23859270541519,0.9737174669453141,82b9acd202e6ed156ed2d8f9142978779ccf1621e447ef62f14b2b4867c6212c
m7_v1_development_m7c6_seed710601,m7v1d-m7c6-710601,M7C6,710601,1,v2_visible_edges,medium,33509,32197,0.9608463397893103,65;75;65;75;75;65;65;65;65;65;65;65;65;65;65;65;65;65;65;65;65;65;65;65;65;65;65;65;65;65;65;65;65;65;65;75;65;65;65;65;65;65;65;65;65;65;65;65,48,0.08333333333333333,0,0,0,0,,,8,0,0.0,17880,8.253970917225951,38.964174265555584,10.169583333333334,38.057772014300355,0.9731424696580255,2995d568a6f475b6e7b75a95da108b9fb7e668417e0d6bd68a7781eb3d5d55f9
m7_v1_development_m7c6_seed710601,m7v1d-m7c6-710601,M7C6,710601,1,v2_corridor_edges,medium,33509,32197,0.9608463397893103,65;75;65;65;65;65;65;65;75;65;65;65;65;65;65;65;65;75;65;65;65;65;65;65;65;65;65;65;65;65;65;65;65;65;65;75;65;65;65;65;65;65;65;65;75;65;75;75,48,0.14583333333333334,0,0,0,0,,,8,0,0.0,17880,7.970413870246085,39.115994877908186,9.792152777777778,38.222021801239976,0.9736982276507934,558499f67ee3837ab11a8c23f02f20338de1baab8cae1fee5997a95ee560fffe
m7_v1_development_m7c6_seed710601,m7v1d-m7c6-710601,M7C6,710601,1,state_only_risk_roi,high,34871,32193,0.9232026612371311,65;65;65;65;65;65;65;65;65;65;65;65;65;65;65;65;65;65;65;65;65;65;65;65;65;65;65;65;65;65;65;65;65;65;65;65;65;65;65;65;65;65;65;95;65;65;65;65,48,0.020833333333333332,0,0,0,0,,,8,0,0.0,17880,8.507494407158836,38.83278688605894,10.405677083333334,37.95810016446318,0.9729223857084488,dc68a6ea78a596f1ec798ca613313fd7460953c6bf40633926e9efe74331fdb0
m7_v1_development_m7c6_seed710601,m7v1d-m7c6-710601,M7C6,710601,1,command_conditioned_risk_roi,high,34871,32202,0.9234607553554529,65;65;65;65;65;65;65;65;65;65;65;65;65;65;65;65;65;65;65;65;65;65;65;65;65;65;65;65;65;65;65;65;65;65;65;65;65;65;65;65;65;65;65;95;65;65;65;65,48,0.020833333333333332,0,0,0,0,,,8,0,0.0,17880,8.507494407158836,38.83278688605894,10.405677083333334,37.95810016446318,0.9729223857084488,48e694b39e516488770b62f9fabcb2e5336c51cdda207496e9b5df80eeafd59d
m7_v1_development_m7c6_seed710601,m7v1d-m7c6-710601,M7C6,710601,1,v2_global_only,high,34871,32197,0.923317369734163,65;75;65;65;65;65;65;65;75;65;65;65;65;65;65;65;65;75;65;65;65;65;65;65;65;75;65;65;65;65;65;65;65;65;65;75;65;65;65;65;65;65;65;65;75;65;75;75,48,0.16666666666666666,0,0,0,0,,,8,0,0.0,17880,7.930369127516778,39.137869583784656,9.754861111111111,38.23859270541519,0.9737174669453141,612e37b1ae31b4167f7d516cc09e478b0f4a35105636d578f042a99bacf73cb6
m7_v1_development_m7c6_seed710601,m7v1d-m7c6-710601,M7C6,710601,1,v2_visible_edges,high,34871,32197,0.923317369734163,65;75;65;75;75;65;65;65;65;65;65;65;65;65;65;65;65;65;65;65;65;65;65;65;65;65;65;65;65;65;65;65;65;65;65;75;65;65;65;65;65;65;65;65;65;65;65;65,48,0.08333333333333333,0,0,0,0,,,8,0,0.0,17880,8.253970917225951,38.964174265555584,10.169583333333334,38.057772014300355,0.9731424696580255,40298d3123f1ffccac094607877b1005854b749a3ab66b8376a6cf4886e0aeb9
m7_v1_development_m7c6_seed710601,m7v1d-m7c6-710601,M7C6,710601,1,v2_corridor_edges,high,34871,32197,0.923317369734163,65;75;65;65;65;65;65;65;75;65;65;65;65;65;65;65;65;75;65;65;65;65;65;65;65;65;65;65;65;65;65;65;65;65;65;75;65;65;65;65;65;65;65;65;75;65;75;75,48,0.14583333333333334,0,0,0,0,,,8,0,0.0,17880,7.970413870246085,39.115994877908186,9.792152777777778,38.222021801239976,0.9736982276507934,ae7bb4ca52060585d960679147c2937bc0bb70a1f2f652ebc7935b29874635f7
m7_v1_development_m7c6_seed710601,m7v1d-m7c6-710601,M7C6,710601,2,state_only_risk_roi,severe,31466,31419,0.9985063242865315,5;5;5;5;5;5;5;5;5;5;5;5;5;5;5;5;5;5;5;5;5;5;5;5;5;5;5;5;5;5;5;5;5;5;5;5;5;5;5;5;5;5;5;35;5;5;5;5,48,0.020833333333333332,0,0,0,0,,,0,0,,3951,255.5399476925673,24.05621559307879,231.26392361111112,24.489724712819772,0.7612343226733246,fb2dc1fb7d4815728c8fbbc3f36607eee8c30a0987b7e00cf27d825cdce6e3a9
m7_v1_development_m7c6_seed710601,m7v1d-m7c6-710601,M7C6,710601,2,command_conditioned_risk_roi,severe,31466,31422,0.9986016652895189,5;5;5;5;5;5;5;5;5;5;5;5;5;5;5;5;5;5;5;5;5;5;5;5;5;5;5;5;5;5;5;5;5;5;5;5;5;5;5;5;5;5;5;35;5;5;5;5,48,0.020833333333333332,0,0,0,0,,,0,0,,3951,255.5399476925673,24.05621559307879,231.26392361111112,24.489724712819772,0.7612343226733246,200f9bdba6c5fc81100a135e0a332b16403837e78fe1e0b68ed223f295bf1192
m7_v1_development_m7c6_seed710601,m7v1d-m7c6-710601,M7C6,710601,2,v2_global_only,severe,31466,31420,0.9985381046208606,15;15;15;15;15;15;5;15;15;5;5;5;5;5;5;15;5;5;5;5;5;5;5;15;5;5;5;5;5;5;5;15;5;5;5;5;5;5;5;15;5;5;5;15;15;15;5;15,48,0.3333333333333333,0,0,0,0,,,0,0,,3951,150.24356702944402,26.362844749580244,194.25704861111112,25.247035747469653,0.7476007370010183,34450ebf59b14e399d9f30af6f9718374ee63760b4507ec9401f1bc9734f70dc
m7_v1_development_m7c6_seed710601,m7v1d-m7c6-710601,M7C6,710601,2,v2_visible_edges,severe,31466,31420,0.9985381046208606,5;5;15;15;15;15;5;15;5;5;5;5;5;5;5;15;5;5;5;5;5;5;5;15;5;5;5;5;5;5;5;15;5;5;5;5;5;5;5;15;5;5;15;15;15;5;5;15,48,0.2708333333333333,0,0,0,0,,,0,0,,3951,150.24356702944402,26.362844749580244,198.019375,25.16372675435058,0.7501316408963362,e380b1749eab2a5ab0e33982e697e2c0dfe93b59dd0d7c0e003f8c9bf99d457d
m7_v1_development_m7c6_seed710601,m7v1d-m7c6-710601,M7C6,710601,2,v2_corridor_edges,severe,31466,31420,0.9985381046208606,15;15;15;15;15;15;5;15;5;5;5;5;5;5;5;15;5;5;5;5;5;5;5;15;5;5;5;5;5;5;5;15;5;5;5;5;5;5;5;15;5;5;5;15;15;15;5;15,48,0.3125,0,0,0,0,,,0,0,,3951,150.24356702944402,26.362844749580244,196.52503472222222,25.196624791886066,0.7455719716620769,bfd4d1b268ca0c65942d09a0097a138db713b24fc804d8af826794e72cf36359
m7_v1_development_m7c6_seed710601,m7v1d-m7c6-710601,M7C6,710601,2,state_only_risk_roi,low,32374,32177,0.9939148699573732,25;25;25;25;25;25;25;25;25;25;25;25;25;25;25;25;25;25;25;25;25;25;25;25;25;25;25;25;25;25;25;25;25;25;25;25;25;25;25;25;25;25;25;55;25;25;25;25,48,0.020833333333333332,0,0,0,0,,,0,0,,3951,18.498017379566356,35.45955177721959,40.180277777777775,32.090674260430596,0.8962088746106275,eed374f263a13b03f694c18ef8b1859c1c5b5594422636ee2740c2d27714102f
m7_v1_development_m7c6_seed710601,m7v1d-m7c6-710601,M7C6,710601,2,command_conditioned_risk_roi,low,32374,32180,0.994007536912337,25;25;25;25;25;25;25;25;25;25;25;25;25;25;25;25;25;25;25;25;25;25;25;25;25;25;25;25;25;25;25;25;25;25;25;25;25;25;25;25;25;25;25;55;25;25;25;25,48,0.020833333333333332,0,0,0,0,,,0,0,,3951,18.498017379566356,35.45955177721959,40.180277777777775,32.090674260430596,0.8962088746106275,9feae0bb7a8bd9e65c909cc6e071da59cf475c26d3a8109d7cccc599b54fc831
m7_v1_development_m7c6_seed710601,m7v1d-m7c6-710601,M7C6,710601,2,v2_global_only,low,32374,32178,0.9939457589423611,25;25;25;35;25;25;25;25;25;25;25;25;25;25;35;35;25;25;25;25;25;25;25;25;25;25;25;25;25;25;35;25;25;25;25;25;25;25;25;25;25;25;25;25;25;25;35;25,48,0.10416666666666667,0,0,0,0,,,0,0,,3951,14.863747574453726,36.40952039618823,38.57460069444444,32.26778921715276,0.8970263632943961,720bbacb82b109d24c6ab6df44325e1535d098f81f07d5366dd5dd59a4f4e279
m7_v1_development_m7c6_seed710601,m7v1d-m7c6-710601,M7C6,710601,2,v2_visible_edges,low,32374,32178,0.9939457589423611,25;25;25;25;25;25;25;25;25;25;25;25;25;25;45;25;25;25;25;25;25;25;35;25;25;25;25;25;25;25;25;25;25;25;25;25;25;25;25;25;25;25;25;25;25;25;25;25,48,0.041666666666666664,0,0,0,0,,,0,0,,3951,15.49422087235299,36.22910618262608,38.92815972222222,32.22816487367443,0.8968809580056011,83dc124b2baa43441b8f473201c61b4db674c21622c2b199b3e72989fd2159f1
m7_v1_development_m7c6_seed710601,m7v1d-m7c6-710601,M7C6,710601,2,v2_corridor_edges,low,32374,32178,0.9939457589423611,25;25;25;35;35;25;25;25;25;25;25;35;25;25;25;35;25;25;25;25;25;25;25;25;25;25;25;25;25;25;35;25;25;25;25;25;25;25;25;25;25;25;25;25;25;25;35;25,48,0.125,0,0,0,0,,,0,0,,3951,17.35341263815068,35.73695467091006,38.859965277777775,32.23577952655517,0.8979682444215142,c89061c9b4a22b175d687e66ccc651a57e903af64684d5210ef094f67d92e06d
m7_v1_development_m7c6_seed710601,m7v1d-m7c6-710601,M7C6,710601,2,state_only_risk_roi,medium,33509,32776,0.9781252797755827,45;45;45;45;45;45;45;45;45;45;45;45;45;45;45;45;45;45;45;45;45;45;45;45;45;45;45;45;45;45;45;45;45;45;45;45;45;45;45;45;45;45;45;75;45;45;45;45,48,0.020833333333333332,0,0,0,0,,,0,0,,3951,8.521471357462246,38.825657722917036,23.507256944444446,34.418784064939075,0.9277283586463465,9e99913d0adbb71677db9ad93e2ebd243e4e9b1e97b599191eddd2631ea765c0
m7_v1_development_m7c6_seed710601,m7v1d-m7c6-710601,M7C6,710601,2,command_conditioned_risk_roi,medium,33509,32779,0.9782148079620401,45;45;45;45;45;45;45;45;45;45;45;45;45;45;45;45;45;45;45;45;45;45;45;45;45;45;45;45;45;45;45;45;45;45;45;45;45;45;45;45;45;45;45;75;45;45;45;45,48,0.020833333333333332,0,0,0,0,,,0,0,,3951,8.521471357462246,38.825657722917036,23.507256944444446,34.418784064939075,0.9277283586463465,d13261b6b6901d33ec08a88b6e3bb041c9e0bdfdea70bf3d05223dcbb1f423be
m7_v1_development_m7c6_seed710601,m7v1d-m7c6-710601,M7C6,710601,2,v2_global_only,medium,33509,32777,0.9781551225044018,45;45;45;45;45;45;65;45;45;45;55;45;45;45;65;45;45;45;45;45;45;45;55;45;45;45;45;45;45;45;45;45;45;45;45;45;45;45;45;45;45;45;45;45;45;45;45;45,48,0.08333333333333333,0,0,0,0,,,0,0,,3951,5.656880114738884,40.605033859562205,21.300850694444446,34.846834126157695,0.9303756188212681,1a5f490a7246a7f82b2666a6e42ddaa6267b0f21120c757cba74caa528fe4872
m7_v1_development_m7c6_seed710601,m7v1d-m7c6-710601,M7C6,710601,2,v2_visible_edges,medium,33509,32777,0.9781551225044018,45;45;45;45;45;45;45;45;55;45;55;55;55;45;65;45;45;45;45;45;45;45;55;45;45;45;45;45;45;45;45;45;45;45;45;45;45;45;55;45;45;45;45;45;45;45;45;45,48,0.14583333333333334,0,0,0,0,,,0,0,,3951,6.276638825613769,40.153532219504825,21.943368055555556,34.717770732864295,0.9298297286623368,626a19b7c64cdaea04d22f401f922f9886a4fbcb39f2e9cdbc8133e9bb1e0809
m7_v1_development_m7c6_seed710601,m7v1d-m7c6-710601,M7C6,710601,2,v2_corridor_edges,medium,33509,32777,0.9781551225044018,45;55;45;45;45;45;65;45;55;45;55;55;45;45;55;45;45;45;45;45;45;45;55;45;45;45;45;45;45;45;45;45;45;45;45;45;45;45;45;45;45;45;45;45;45;45;45;45,48,0.14583333333333334,0,0,0,0,,,0,0,,3951,5.793554374419978,40.5013527355095,21.80291666666667,34.7456576600139,0.9293223894776054,b81b04c07e17d9c184ebfa4e16ba3ee12cf871553a4d5ee0f0771724c3b08763
m7_v1_development_m7c6_seed710601,m7v1d-m7c6-710601,M7C6,710601,2,state_only_risk_roi,high,34871,33515,0.9611138195061799,65;65;65;65;65;65;65;65;65;65;65;65;65;65;65;65;65;65;65;65;65;65;65;65;65;65;65;65;65;65;65;65;65;65;65;65;65;65;65;65;65;65;65;95;65;65;65;65,48,0.020833333333333332,0,0,0,0,,,0,0,,3951,2.773981270564414,43.69976836401007,14.973715277777778,36.377507900207014,0.9452498684163402,4b090cc5479d0451f33f8271ba145bc6984627535034a30bf1b6da0b6ad83f6c
m7_v1_development_m7c6_seed710601,m7v1d-m7c6-710601,M7C6,710601,2,command_conditioned_risk_roi,high,34871,33518,0.9611998508789539,65;65;65;65;65;65;65;65;65;65;65;65;65;65;65;65;65;65;65;65;65;65;65;65;65;65;65;65;65;65;65;65;65;65;65;65;65;65;65;65;65;65;65;95;65;65;65;65,48,0.020833333333333332,0,0,0,0,,,0,0,,3951,2.773981270564414,43.69976836401007,14.973715277777778,36.377507900207014,0.9452498684163402,9895a7a79021a91bdc47630d932cebf5b89c6bd67f35080c0ac07d8a3f15fa9f
m7_v1_development_m7c6_seed710601,m7v1d-m7c6-710601,M7C6,710601,2,v2_global_only,high,34871,33516,0.9611424966304379,65;75;65;65;65;75;75;65;65;65;65;65;65;65;75;65;65;65;65;75;65;65;75;65;75;75;75;65;65;65;75;65;65;65;65;65;65;65;75;65;65;75;65;65;65;65;75;65,48,0.2708333333333333,0,0,0,0,,,0,0,,3951,1.8983379735088164,45.34706825609603,12.74232638888889,37.078316357239935,0.9490762902524076,3cf78985b88d416cf9e492f4923a469b608ba61a36f228d63257934399f84f45
m7_v1_development_m7c6_seed710601,m7v1d-m7c6-710601,M7C6,710601,2,v2_visible_edges,high,34871,33516,0.9611424966304379,65;75;65;65;65;65;65;65;65;65;65;65;65;65;65;65;75;65;65;65;65;65;75;65;75;75;65;65;65;65;75;65;65;65;65;75;75;75;75;65;65;75;65;65;65;65;65;65,48,0.22916666666666666,0,0,0,0,,,0,0,,3951,2.182063612587531,44.7421295366552,13.406371527777777,36.8576911013752,0.9471823793981645,d7f58fde785b12ff2bcbeebe85e12a35cc50788928fa7519f19ba1f4b1075977
m7_v1_development_m7c6_seed710601,m7v1d-m7c6-710601,M7C6,710601,2,v2_corridor_edges,high,34871,33516,0.9611424966304379,65;75;65;65;65;75;75;65;65;65;65;65;65;65;75;65;65;75;65;65;65;65;75;65;75;75;75;65;65;65;75;65;65;65;65;65;65;65;75;65;65;75;65;65;65;65;75;65,48,0.2708333333333333,0,0,0,0,,,0,0,,3951,1.8983379735088164,45.34706825609603,12.757222222222222,37.07324240157544,0.9489454486665728,e64c74db73eb9c683527cbce83b3d272a37b0ef0797788f8d61a54b4f0a02be6
m7_v1_development_m7c6_seed710601,m7v1d-m7c6-710601,M7C6,710601,3,state_only_risk_roi,severe,31466,31429,0.9988241276298226,5;5;5;5;5;5;5;5;5;5;5;5;5;5;5;5;5;5;5;5;5;5;5;5;5;5;5;5;5;5;5;5;5;5;5;5;5;5;5;5;5;5;5;35;5;5;5;5,48,0.020833333333333332,0,0,0,0,,,5,0,0.0,2760,265.8009661835749,23.88523805602685,235.1876736111111,24.416658046158453,0.7498485679146999,5f4baa2e0da363d3ace645d8e6f49ff3e2f1950e4f83644f2270e28b2c2ffa57
m7_v1_development_m7c6_seed710601,m7v1d-m7c6-710601,M7C6,710601,3,command_conditioned_risk_roi,severe,31466,31436,0.9990465899701265,5;5;5;5;5;5;5;5;5;5;5;5;5;5;5;5;5;5;5;5;5;5;5;5;5;5;5;5;5;5;5;5;5;5;5;5;5;5;5;5;5;5;5;35;5;5;5;5,48,0.020833333333333332,0,0,0,0,,,5,0,0.0,2760,265.8009661835749,23.88523805602685,235.1876736111111,24.416658046158453,0.7498485679146999,997309cb40cdfaf0faa107265bedd573594d59a714be497af04976e918cf9009
m7_v1_development_m7c6_seed710601,m7v1d-m7c6-710601,M7C6,710601,3,v2_global_only,severe,31466,31432,0.99891946863281,15;15;25;25;15;15;5;15;5;5;5;5;5;5;5;15;5;5;5;5;5;5;5;15;5;5;5;5;5;5;5;15;5;5;5;5;5;5;5;15;5;5;5;15;5;5;5;15,48,0.2708333333333333,0,0,0,0,,,5,0,0.0,2760,114.82512077294686,27.530434499872086,205.2782638888889,25.00737394804048,0.7417398021054008,82f2d8ba33e1577078771b69170b0bca33866018c7466d598ee0053433b1d1b9
m7_v1_development_m7c6_seed710601,m7v1d-m7c6-710601,M7C6,710601,3,v2_visible_edges,severe,31466,31432,0.99891946863281,5;5;5;15;5;5;5;15;5;5;5;5;5;5;5;15;5;5;5;5;5;5;5;15;5;5;5;5;5;5;5;15;5;5;5;5;5;5;5;15;5;5;15;15;5;5;5;15,48,0.1875,0,0,0,0,,,5,0,0.0,2760,114.82512077294686,27.530434499872086,208.44746527777778,24.94083742396562,0.7549615026197806,d89ee93d398924035cf48b585c43874ebf966c32555309eb376926aa09bc05fe
m7_v1_development_m7c6_seed710601,m7v1d-m7c6-710601,M7C6,710601,3,v2_corridor_edges,severe,31466,31432,0.99891946863281,5;15;15;15;15;15;5;15;5;5;5;5;5;5;5;15;5;5;5;5;5;5;5;15;5;5;5;5;5;5;5;15;5;5;5;5;5;5;5;15;5;5;5;15;5;5;5;15,48,0.25,0,0,0,0,,,5,0,0.0,2760,114.82512077294686,27.530434499872086,206.97743055555554,24.971573696118163,0.7447800547705086,a363095e5fb4d961f0ef9f2e5723fac649f727331a32d0ff69b717166e3e639e
m7_v1_development_m7c6_seed710601,m7v1d-m7c6-710601,M7C6,710601,3,state_only_risk_roi,low,32374,32239,0.9958299870266263,25;25;25;25;25;25;25;25;25;25;25;25;25;25;25;25;25;25;25;25;25;25;25;25;25;25;25;25;25;25;25;25;25;25;25;25;25;25;25;25;25;25;25;55;25;25;25;25,48,0.020833333333333332,0,0,0,0,,,5,0,0.0,2760,61.12536231884058,30.26858914460458,42.2671875,31.87077010457103,0.8973343144731672,33137f5476ddc78e444d448db1cb3e635392e24f4f0060b579e9a645ddeccdbd
m7_v1_development_m7c6_seed710601,m7v1d-m7c6-710601,M7C6,710601,3,command_conditioned_risk_roi,low,32374,32246,0.996046209921542,25;25;25;25;25;25;25;25;25;25;25;25;25;25;25;25;25;25;25;25;25;25;25;25;25;25;25;25;25;25;25;25;25;25;25;25;25;25;25;25;25;25;25;55;25;25;25;25,48,0.020833333333333332,0,0,0,0,,,5,0,0.0,2760,61.12536231884058,30.26858914460458,42.2671875,31.87077010457103,0.8973343144731672,3a5624568ae72aeef12df80dd22924623ae9e6a8f61a732979fa16355446f350
m7_v1_development_m7c6_seed710601,m7v1d-m7c6-710601,M7C6,710601,3,v2_global_only,low,32374,32242,0.9959226539815902,25;25;25;35;35;25;25;25;25;25;25;25;25;25;25;35;25;25;25;25;25;25;35;25;25;25;25;25;25;25;25;25;25;25;25;25;25;25;25;25;25;25;25;25;25;35;25;25,48,0.10416666666666667,0,0,0,0,,,5,0,0.0,2760,56.16280193236715,30.63631594484572,40.48470486111111,32.057893833087704,0.8992068511585765,ecfc9cc373bdad8ee32efea5487649742607d49dcd5787d1835fafa63960ced8
m7_v1_development_m7c6_seed710601,m7v1d-m7c6-710601,M7C6,710601,3,v2_visible_edges,low,32374,32242,0.9959226539815902,25;25;35;35;35;25;25;25;25;25;25;25;25;25;35;35;25;25;25;25;25;25;25;25;25;25;25;25;25;25;25;25;25;25;25;25;25;25;25;25;25;25;35;25;25;25;25;25,48,0.125,0,0,0,0,,,5,0,0.0,2760,58.006038647343,30.49607153258322,41.064288194444444,31.996160616701005,0.8990481583854356,acb3996ae5665ba63daa334dcef52af3b919d6a1c2821d0814df73ef1b5791ef
m7_v1_development_m7c6_seed710601,m7v1d-m7c6-710601,M7C6,710601,3,v2_corridor_edges,low,32374,32242,0.9959226539815902,25;25;25;35;25;25;25;25;25;25;25;25;25;25;25;35;25;25;25;25;25;25;35;25;25;25;25;25;25;25;25;25;25;25;25;25;25;25;25;25;25;25;25;25;25;25;25;25,48,0.0625,0,0,0,0,,,5,0,0.0,2760,56.16280193236715,30.63631594484572,40.62612847222222,32.0427492331292,0.8988487029758545,b1c72b9d34db7089ed8977b43ed0e7e9f19bddcbd271f4f3da58a5cdb8ebc52e
m7_v1_development_m7c6_seed710601,m7v1d-m7c6-710601,M7C6,710601,3,state_only_risk_roi,medium,33509,32882,0.9812886090304097,45;45;45;45;45;45;45;45;45;45;45;45;45;45;45;45;45;45;45;45;45;45;45;45;45;45;45;45;45;45;45;45;45;45;45;45;45;45;45;45;45;45;45;75;45;45;45;45,48,0.020833333333333332,0,0,0,0,,,5,0,0.0,2760,32.531763285024155,33.00772757340064,23.498368055555556,34.42042658982443,0.9287932230316027,7eb895d77cc7135f7e65535f376a71dac332406a7f52fe7512ddb7a168c01c42
m7_v1_development_m7c6_seed710601,m7v1d-m7c6-710601,M7C6,710601,3,command_conditioned_risk_roi,medium,33509,32889,0.9814975081321436,45;45;45;45;45;45;45;45;45;45;45;45;45;45;45;45;45;45;45;45;45;45;45;45;45;45;45;45;45;45;45;45;45;45;45;45;45;45;45;45;45;45;45;75;45;45;45;45,48,0.020833333333333332,0,0,0,0,,,5,0,0.0,2760,32.531763285024155,33.00772757340064,23.498368055555556,34.42042658982443,0.9287932230316027,7f59f66b6679d60576dec2696eb70ebc32e2dd9a360d968b5d4f4daa08b33be8
m7_v1_development_m7c6_seed710601,m7v1d-m7c6-710601,M7C6,710601,3,v2_global_only,medium,33509,32885,0.9813781372168671,45;45;45;45;45;45;55;45;45;45;45;45;55;45;55;45;45;45;45;45;45;45;55;45;45;45;45;45;45;55;45;45;45;45;45;45;55;45;45;45;45;45;45;45;45;45;45;45,48,0.125,0,0,0,0,,,5,0,0.0,2760,20.106400966183575,35.09746021768432,21.0484375,34.89860498715902,0.9322876436399502,f670b938acace8f89f9781f3a4f6c4b6ab0cfe6b5ca696e76f94021cb699f3d0
m7_v1_development_m7c6_seed710601,m7v1d-m7c6-710601,M7C6,710601,3,v2_visible_edges,medium,33509,32885,0.9813781372168671,45;45;45;45;45;45;45;45;45;45;45;45;55;45;55;45;45;45;45;45;45;45;45;45;45;45;45;45;45;45;45;45;45;45;45;55;45;45;55;45;45;45;55;45;45;45;45;45,48,0.10416666666666667,0,0,0,0,,,5,5,1.0,2760,26.345772946859903,33.923694162004495,21.880121527777778,34.730306310174534,0.9312584471419482,fed23479b8ec283c5769c287052bca43aae8423b0be709bc50d29e3f48c5ff1e
m7_v1_development_m7c6_seed710601,m7v1d-m7c6-710601,M7C6,710601,3,v2_corridor_edges,medium,33509,32885,0.9813781372168671,45;45;45;45;45;45;55;45;45;45;45;45;45;45;55;45;45;45;45;45;45;45;55;45;45;45;45;45;45;55;45;45;45;45;45;45;45;45;45;45;45;45;45;45;45;45;45;45,48,0.08333333333333333,0,0,0,0,,,5,0,0.0,2760,20.106400966183575,35.09746021768432,21.159340277777776,34.87578238061814,0.9317508703930658,79760f4a46d446796449b6039a4d97a0a32e00932fdb3b281f99fe3eb93820da
m7_v1_development_m7c6_seed710601,m7v1d-m7c6-710601,M7C6,710601,3,state_only_risk_roi,high,34871,33662,0.9653293567721029,65;65;65;65;65;65;65;65;65;65;65;65;65;65;65;65;65;65;65;65;65;65;65;65;65;65;65;65;65;65;65;65;65;65;65;65;65;65;65;65;65;65;65;95;65;65;65;65,48,0.020833333333333332,0,0,0,0,,,5,0,0.0,2760,10.161714975845412,38.06113351572273,13.81076388888889,36.72862660308522,0.9488222651498074,b2a7a7b6b345930648d1cc1c0ca3afa8bdd5b24820993ea67fecabbe893e4bb4
m7_v1_development_m7c6_seed710601,m7v1d-m7c6-710601,M7C6,710601,3,command_conditioned_risk_roi,high,34871,33669,0.9655300966419087,65;65;65;65;65;65;65;65;65;65;65;65;65;65;65;65;65;65;65;65;65;65;65;65;65;65;65;65;65;65;65;65;65;65;65;65;65;65;65;65;65;65;65;95;65;65;65;65,48,0.020833333333333332,0,0,0,0,,,5,0,0.0,2760,10.161714975845412,38.06113351572273,13.81076388888889,36.72862660308522,0.9488222651498074,58921794b165dcab558d1b9295655d71cdc8889141f215b1a8d83146994b5141
m7_v1_development_m7c6_seed710601,m7v1d-m7c6-710601,M7C6,710601,3,v2_global_only,high,34871,33664,0.9653867110206189,65;75;75;65;65;75;75;75;65;65;65;65;65;65;75;65;65;65;65;65;65;65;65;65;75;75;75;65;65;65;75;65;65;65;65;65;65;65;75;65;65;75;65;65;65;65;75;65,48,0.2708333333333333,0,0,0,0,,,5,5,1.0,2760,5.423309178743962,40.78815996927587,12.336423611111112,37.21891086995549,0.951171729973446,2938ba25126df149219d2d2f11a06a84e8b6f973c87b36484c1c8b79295f9799
m7_v1_development_m7c6_seed710601,m7v1d-m7c6-710601,M7C6,710601,3,v2_visible_edges,high,34871,33664,0.9653867110206189,65;75;65;65;65;65;65;75;65;65;65;65;65;65;75;65;75;65;65;65;65;65;65;65;75;75;75;65;65;65;75;65;65;65;65;65;75;75;65;65;65;75;75;65;65;65;65;65,48,0.25,0,0,0,0,,,5,0,0.0,2760,8.439371980676329,38.86770231241636,12.638125,37.113977143389306,0.9497247376102465,4b7ccc312d574d8e5da54a1100586aeec888da416c2273afc9c08d43ea27281a
m7_v1_development_m7c6_seed710601,m7v1d-m7c6-710601,M7C6,710601,3,v2_corridor_edges,high,34871,33664,0.9653867110206189,65;75;65;65;65;75;75;75;65;65;65;65;65;65;75;65;65;65;65;65;65;65;65;65;75;75;75;65;65;65;75;65;65;65;65;65;65;65;75;65;65;75;65;65;65;65;75;65,48,0.25,0,0,0,0,,,5,5,1.0,2760,5.423309178743962,40.78815996927587,12.351527777777777,37.21359681456695,0.9510265729758629,9287acfb42d882ac779fc7092d2d438fc18dadb09a74352745f3b50b1b44fe6e
m7_v1_development_m7g1_seed710700,m7v1d-m7g1-710700,M7G1,710700,0,state_only_risk_roi,severe,31466,31443,0.9992690523104303,5;5;5;5;5;5;5;5;5;5;5;5;5;5;5;5;5;5;5;5;5;5;5;5;5;5;5;5;5;5;5;5;5;5;5;5;5;5;5;5;5;5;5;5;35;5;5;5,48,0.020833333333333332,0,0,0,0,,,0,0,,0,,,204.93029513888888,25.01474195345729,0.7428340026940647,99f9c3d5c70d6260ea5ddc747c2fbdab82154cf0b6c91c240ea6606260ee8809
m7_v1_development_m7g1_seed710700,m7v1d-m7g1-710700,M7G1,710700,0,command_conditioned_risk_roi,severe,31466,31452,0.9995550753193924,5;5;5;5;5;5;5;5;5;5;5;5;5;5;5;5;5;5;5;5;5;5;5;5;5;5;5;5;5;5;5;5;5;5;5;5;5;5;5;5;5;5;5;5;35;5;5;5,48,0.020833333333333332,0,0,0,0,,,0,0,,0,,,204.93029513888888,25.01474195345729,0.7428340026940647,3aad48c9b5299f6651256d53abbbd46ab80830b29e5f5209e74ee72dbf36a075
m7_v1_development_m7g1_seed710700,m7v1d-m7g1-710700,M7G1,710700,0,v2_global_only,severe,31466,31447,0.9993961736477468,15;15;15;15;15;15;15;15;5;15;15;5;15;5;15;5;5;5;5;5;5;5;5;5;5;5;5;5;5;5;5;5;5;5;5;5;5;5;5;5;5;5;5;5;15;5;15;5,48,0.2916666666666667,0,0,0,0,,,0,0,,0,,,182.4501388888889,25.519361625634886,0.7343765829240178,cae69e3cc71caf770fe4849ebf35001c92de3c3e9fc8e07680c88700ee820122
m7_v1_development_m7g1_seed710700,m7v1d-m7g1-710700,M7G1,710700,0,v2_visible_edges,severe,31466,31446,0.9993643933134176,15;15;15;15;15;15;25;15;5;15;15;5;15;5;5;5;5;5;5;5;5;5;5;5;5;5;5;5;5;5;5;5;5;5;5;5;5;5;5;5;5;5;5;5;15;5;15;5,48,0.2708333333333333,0,0,0,0,,,0,0,,0,,,184.61569444444444,25.468117426130593,0.733207723931708,6338f1320d47b8391b23f5c01faef257dbfc0ea8a382f0ddfc8860dad44c2fd3
m7_v1_development_m7g1_seed710700,m7v1d-m7g1-710700,M7G1,710700,0,v2_corridor_edges,severe,31466,31447,0.9993961736477468,15;15;15;15;15;15;25;15;5;15;15;5;15;5;5;5;5;5;5;5;5;5;5;5;5;5;5;5;5;5;5;5;5;5;5;5;5;5;5;5;5;5;5;5;15;5;15;5,48,0.2708333333333333,0,0,0,0,,,0,0,,0,,,184.61569444444444,25.468117426130593,0.733207723931708,d8ecad8af87e515405ad3536b87849a5ecc50047b0496b3f6ad84946398d38a4
m7_v1_development_m7g1_seed710700,m7v1d-m7g1-710700,M7G1,710700,0,state_only_risk_roi,low,32374,32301,0.9977451040958795,25;25;25;25;25;25;25;25;25;25;25;25;25;25;25;25;25;25;25;25;25;25;25;25;25;25;25;25;25;25;25;25;25;25;25;25;25;25;25;25;25;25;25;25;55;25;25;25,48,0.020833333333333332,0,0,0,0,,,0,0,,0,,,33.68670138888889,32.85621874040544,0.8886382782287573,ea0f12e97ba681f991a725dbe962c069abbc639511a6528b2bbaf8d8914d00ce
m7_v1_development_m7g1_seed710700,m7v1d-m7g1-710700,M7G1,710700,0,command_conditioned_risk_roi,low,32374,32310,0.998023104960771,25;25;25;25;25;25;25;25;25;25;25;25;25;25;25;25;25;25;25;25;25;25;25;25;25;25;25;25;25;25;25;25;25;25;25;25;25;25;25;25;25;25;25;25;55;25;25;25,48,0.020833333333333332,0,0,0,0,,,0,0,,0,,,33.68670138888889,32.85621874040544,0.8886382782287573,0378017618c6caf89a2929c782584963f349465ec6c8525269eb671f77718fb1
m7_v1_development_m7g1_seed710700,m7v1d-m7g1-710700,M7G1,710700,0,v2_global_only,low,32374,32304,0.9978377710508433,25;25;35;35;25;25;25;25;25;35;25;25;25;25;25;25;25;25;25;25;25;25;25;25;25;25;35;35;25;25;25;25;25;25;25;25;25;25;25;25;25;25;25;25;25;25;25;35,48,0.125,0,0,0,0,,,0,0,,0,,,31.941822916666666,33.08720663215156,0.8907352806709877,175ad77b17805fb5c17f9010bddea06389daab6cfdf4c2e843bf00a77a3fbd86
m7_v1_development_m7g1_seed710700,m7v1d-m7g1-710700,M7G1,710700,0,v2_visible_edges,low,32374,32304,0.9978377710508433,25;25;25;35;25;25;25;25;45;25;25;25;25;25;25;35;25;25;25;25;25;25;25;25;25;25;35;25;25;25;25;25;25;25;25;25;25;25;25;25;25;25;25;25;25;25;25;25,48,0.08333333333333333,0,0,0,0,,,0,0,,0,,,32.63256944444444,32.994290899727545,0.8896881321256233,dfdcca0d6d1994e8325f61e71f374227a49f9e7506fa762734a4011a83fe5ff5
m7_v1_development_m7g1_seed710700,m7v1d-m7g1-710700,M7G1,710700,0,v2_corridor_edges,low,32374,32304,0.9978377710508433,25;25;25;35;25;25;25;25;25;25;25;25;25;25;25;25;25;25;25;25;25;25;25;25;25;25;35;25;25;25;25;25;25;25;25;25;25;25;25;25;25;25;25;35;25;25;25;25,48,0.0625,0,0,0,0,,,0,0,,0,,,32.795572916666664,32.97265138730219,0.8892504775585827,5310b494c061a2ef7bcf38396abce8e2656227dd15f80a8d9f6ae4026b1d321f
m7_v1_development_m7g1_seed710700,m7v1d-m7g1-710700,M7G1,710700,0,state_only_risk_roi,medium,33509,33017,0.9853173774209913,45;45;45;45;45;45;45;45;45;45;45;45;45;45;45;45;45;45;45;45;45;45;45;45;45;45;45;45;45;45;45;45;45;45;45;45;45;45;45;45;45;45;45;45;75;45;45;45,48,0.020833333333333332,0,0,0,0,,,0,0,,0,,,21.21626736111111,34.864113812584456,0.9189434723492468,8fde94ab2c70705ae02dae0969bd13aadad0ccf3b04e73160d92f6d7285242ad
m7_v1_development_m7g1_seed710700,m7v1d-m7g1-710700,M7G1,710700,0,command_conditioned_risk_roi,medium,33509,33026,0.9855859619803635,45;45;45;45;45;45;45;45;45;45;45;45;45;45;45;45;45;45;45;45;45;45;45;45;45;45;45;45;45;45;45;45;45;45;45;45;45;45;45;45;45;45;45;45;75;45;45;45,48,0.020833333333333332,0,0,0,0,,,0,0,,0,,,21.21626736111111,34.864113812584456,0.9189434723492468,ce097867dc32e47690638954b241899eb36fb6b3421b75577a80e322248d89ef
m7_v1_development_m7g1_seed710700,m7v1d-m7g1-710700,M7G1,710700,0,v2_global_only,medium,33509,33021,0.9854367483362678,45;45;45;45;45;45;45;45;45;55;55;55;55;45;45;45;45;45;45;45;45;45;45;45;55;45;45;45;45;55;55;45;55;45;45;45;55;55;45;45;45;45;45;45;45;45;45;45,48,0.20833333333333334,0,0,0,0,,,0,0,,0,,,20.32982638888889,35.04946690969148,0.9211103317316821,86883f19210cfbe4e131577a9deb4094d75d95ed10f915f0d0c04ba15763ae44
m7_v1_development_m7g1_seed710700,m7v1d-m7g1-710700,M7G1,710700,0,v2_visible_edges,medium,33509,33021,0.9854367483362678,55;45;45;45;45;45;45;45;45;55;55;55;55;45;45;55;55;45;45;45;45;45;45;45;45;45;45;45;45;55;45;45;55;45;45;45;45;55;45;55;45;45;45;45;45;45;45;45,48,0.22916666666666666,0,0,0,0,,,0,0,,0,,,20.59425347222222,34.99334307171767,0.920391965930094,504e905360cced12eb84f08815cb75093d8b5eb884cd267300e19098a12f3589
m7_v1_development_m7g1_seed710700,m7v1d-m7g1-710700,M7G1,710700,0,v2_corridor_edges,medium,33509,33021,0.9854367483362678,55;45;45;45;45;45;45;45;45;55;55;55;55;45;45;45;45;45;45;45;45;45;45;45;45;45;45;45;45;55;45;45;55;45;45;45;55;55;45;55;45;45;45;55;45;45;45;45,48,0.22916666666666666,0,0,0,0,,,0,0,,0,,,20.607083333333332,34.990638335174516,0.9209497150815819,8131a4fcfea44b0930f92d3be231f85a6e5b2fe605a7e2964e69e79d59a7b3f3
m7_v1_development_m7g1_seed710700,m7v1d-m7g1-710700,M7G1,710700,0,state_only_risk_roi,high,34871,33849,0.970691979008345,65;65;65;65;65;65;65;65;65;65;65;65;65;65;65;65;65;65;65;65;65;65;65;65;65;65;65;65;65;65;65;65;65;65;65;65;65;65;65;65;65;65;65;65;95;65;65;65,48,0.020833333333333332,0,0,0,0,,,0,0,,0,,,14.554583333333333,36.50080583839511,0.9375072137049486,24183b7470f04ce452e6c9da705af54b99847448f74aa753223c885c64803d4e
m7_v1_development_m7g1_seed710700,m7v1d-m7g1-710700,M7G1,710700,0,command_conditioned_risk_roi,high,34871,33858,0.9709500731266668,65;65;65;65;65;65;65;65;65;65;65;65;65;65;65;65;65;65;65;65;65;65;65;65;65;65;65;65;65;65;65;65;65;65;65;65;65;65;65;65;65;65;65;65;95;65;65;65,48,0.020833333333333332,0,0,0,0,,,0,0,,0,,,14.554583333333333,36.50080583839511,0.9375072137049486,7d28f4257454aa1c844051392f1c0ca17176c5a17da6cf09ad921cc37c76fe15
m7_v1_development_m7g1_seed710700,m7v1d-m7g1-710700,M7G1,710700,0,v2_global_only,high,34871,33851,0.970749333256861,65;75;75;75;75;65;75;75;75;65;75;65;65;65;65;65;75;75;65;65;65;65;65;65;75;75;65;75;75;75;75;65;65;65;65;65;65;65;65;65;65;65;65;65;65;75;65;65,48,0.3541666666666667,0,0,0,0,,,0,0,,0,,,13.309253472222222,36.88926664670996,0.9395602646576702,7f8a26396d494074bbea88db97ffe119344eb2367d5a7182ef9f0fc87add5b10
m7_v1_development_m7g1_seed710700,m7v1d-m7g1-710700,M7G1,710700,0,v2_visible_edges,high,34871,33852,0.970778010381119,65;75;65;75;65;65;75;65;75;65;65;65;65;65;65;65;75;75;65;65;65;65;65;65;75;65;65;75;75;75;75;65;65;75;65;65;65;65;75;75;65;65;65;65;65;65;65;65,48,0.2916666666666667,0,0,0,0,,,0,0,,0,,,13.468784722222223,36.837519494242954,0.9384615341940421,8607f3402874ad92be1f6f3e531170fc1e6d8cf5095f26d51db9665405ee6e93
m7_v1_development_m7g1_seed710700,m7v1d-m7g1-710700,M7G1,710700,0,v2_corridor_edges,high,34871,33851,0.970749333256861,65;75;75;75;75;65;75;75;75;65;75;65;65;65;65;65;75;75;65;65;65;65;65;65;75;75;65;65;65;75;75;65;65;65;65;65;65;65;65;65;65;65;65;75;75;75;65;65,48,0.3541666666666667,0,0,0,0,,,0,0,,0,,,13.357725694444444,36.873478400362686,0.9397988666732501,f5e93781cec6bc05201169b19eb4c41139de3d1950853734d9a8d33f483eaab9
m7_v1_development_m7g1_seed710700,m7v1d-m7g1-710700,M7G1,710700,1,state_only_risk_roi,severe,31466,31413,0.9983156422805568,5;5;5;5;5;5;5;5;5;5;5;5;5;5;5;5;5;5;5;5;5;5;5;5;5;5;5;5;5;5;5;5;5;5;5;5;5;5;5;5;5;5;5;5;35;5;5;5,48,0.020833333333333332,0,0,0,0,,,0,0,,0,,,189.4677951388889,25.3554495966184,0.7640853147244453,eeaae5dffb2be673b076bdc6b96819b4a3ed8fdb44b14d27c4aa044f63c306ee
m7_v1_development_m7g1_seed710700,m7v1d-m7g1-710700,M7G1,710700,1,command_conditioned_risk_roi,severe,31466,31422,0.9986016652895189,5;5;5;5;5;5;5;5;5;5;5;5;5;5;5;5;5;5;5;5;5;5;5;5;5;5;5;5;5;5;5;5;5;5;5;5;5;5;5;5;5;5;5;5;35;5;5;5,48,0.020833333333333332,0,0,0,0,,,0,0,,0,,,189.4677951388889,25.3554495966184,0.7640853147244453,511cfbe31460eed0dac9276959f6c24b33ee7e9afa16ac620231dcb438bc8c1e
m7_v1_development_m7g1_seed710700,m7v1d-m7g1-710700,M7G1,710700,1,v2_global_only,severe,31466,31416,0.9984109832835442,15;15;15;15;15;15;25;15;15;15;15;25;15;25;15;5;5;5;5;5;5;5;5;5;5;5;5;5;5;5;5;5;5;5;5;5;5;15;15;15;5;5;5;5;5;5;5;5,48,0.375,0,0,0,0,,,0,0,,0,,,160.87545138888888,26.065905823980245,0.7703990962030939,d5bda449ffc5531fea131237899ff012f7e6d32a8cef1918073175f6e67726b8
m7_v1_development_m7g1_seed710700,m7v1d-m7g1-710700,M7G1,710700,1,v2_visible_edges,severe,31466,31417,0.9984427636178732,15;15;15;15;15;15;25;15;15;15;15;5;15;15;15;5;5;5;5;5;5;5;5;5;5;5;5;5;5;5;5;5;5;15;5;5;5;5;15;5;5;5;5;5;15;5;5;5,48,0.3541666666666667,0,0,0,0,,,0,0,,0,,,162.87567708333333,26.012241267569745,0.7634522374339116,43c2a29a2c799477d489e43d24500bc367b32de6693bf4a10923b7b98bc4cb09
m7_v1_development_m7g1_seed710700,m7v1d-m7g1-710700,M7G1,710700,1,v2_corridor_edges,severe,31466,31417,0.9984427636178732,15;15;15;15;15;15;25;15;15;15;15;5;15;25;15;5;5;5;5;5;5;5;5;5;5;5;5;5;5;5;5;5;5;5;5;5;5;5;15;5;5;5;5;5;15;5;5;5,48,0.3333333333333333,0,0,0,0,,,0,0,,0,,,162.8788715277778,26.01215609119379,0.7657604573245514,739603ec6d6d86f2b5161c7f3e6465e4466dd906fafbce9b64bb1b4dcc1c8b13
m7_v1_development_m7g1_seed710700,m7v1d-m7g1-710700,M7G1,710700,1,state_only_risk_roi,low,32374,32232,0.9956137641317107,25;25;25;25;25;25;25;25;25;25;25;25;25;25;25;25;25;25;25;25;25;25;25;25;25;25;25;25;25;25;25;25;25;25;25;25;25;25;25;25;25;25;25;25;55;25;25;25,48,0.020833333333333332,0,0,0,0,,,0,0,,0,,,29.275381944444444,33.46577791016506,0.9013567071720368,868d287b8d54a13673c300cd8dec52b7e803fe21e5c24bd8b74be03640f55fba
m7_v1_development_m7g1_seed710700,m7v1d-m7g1-710700,M7G1,710700,1,command_conditioned_risk_roi,low,32374,32241,0.9958917649966023,25;25;25;25;25;25;25;25;25;25;25;25;25;25;25;25;25;25;25;25;25;25;25;25;25;25;25;25;25;25;25;25;25;25;25;25;25;25;25;25;25;25;25;25;55;25;25;25,48,0.020833333333333332,0,0,0,0,,,0,0,,0,,,29.275381944444444,33.46577791016506,0.9013567071720368,506b89e1a1274bacf4ea06d7a2babe505903bbbc473f2a614bb9ee90b01563a4
m7_v1_development_m7g1_seed710700,m7v1d-m7g1-710700,M7G1,710700,1,v2_global_only,low,32374,32236,0.9957373200716625,25;35;35;35;35;25;25;25;35;35;25;25;25;25;25;25;25;35;25;25;25;25;25;25;35;25;35;25;25;25;25;25;25;25;25;25;25;25;25;25;25;25;25;25;25;25;25;25,48,0.1875,0,0,0,0,,,0,0,,0,,,28.084184027777777,33.64618550686068,0.9032808469426908,ce4834883bf661e77970842d16b026df02d25a4c5272da46753c53589b28b172
m7_v1_development_m7g1_seed710700,m7v1d-m7g1-710700,M7G1,710700,1,v2_visible_edges,low,32374,32235,0.9957064310866744,25;25;25;35;25;25;25;25;25;25;25;25;25;25;25;35;25;25;35;25;25;25;25;25;25;25;25;25;25;35;25;25;25;45;25;25;25;25;25;25;25;35;25;25;25;25;25;25,48,0.125,0,0,0,0,,,0,0,,0,,,28.907395833333332,33.520713915132184,0.9025802711004788,086fc6f02ee5314457f54849d4d00b570daa0ade613e0fa73d218c30e7aeaec4
m7_v1_development_m7g1_seed710700,m7v1d-m7g1-710700,M7G1,710700,1,v2_corridor_edges,low,32374,32235,0.9957064310866744,25;25;35;35;35;25;25;25;25;35;25;25;25;25;25;25;25;25;25;25;25;25;25;25;25;25;25;25;25;25;25;25;25;25;25;25;25;25;25;25;25;25;25;35;35;25;25;25,48,0.125,0,0,0,0,,,0,0,,0,,,28.653333333333332,33.55905208768167,0.9025688144082388,db06c66824480f63bf540f3e1490ce4efa67ac83f64e6447d0df9591ea6d9e77
m7_v1_development_m7g1_seed710700,m7v1d-m7g1-710700,M7G1,710700,1,state_only_risk_roi,medium,33509,32885,0.9813781372168671,45;45;45;45;45;45;45;45;45;45;45;45;45;45;45;45;45;45;45;45;45;45;45;45;45;45;45;45;45;45;45;45;45;45;45;45;45;45;45;45;45;45;45;45;75;45;45;45,48,0.020833333333333332,0,0,0,0,,,0,0,,0,,,19.908402777777777,35.140439422580094,0.9268864998749287,62f1fa2a4dc26e88a5aa599fd69ec779c8b48c5abd6451f762896a74603a493d
m7_v1_development_m7g1_seed710700,m7v1d-m7g1-710700,M7G1,710700,1,command_conditioned_risk_roi,medium,33509,32894,0.9816467217762392,45;45;45;45;45;45;45;45;45;45;45;45;45;45;45;45;45;45;45;45;45;45;45;45;45;45;45;45;45;45;45;45;45;45;45;45;45;45;45;45;45;45;45;45;75;45;45;45,48,0.020833333333333332,0,0,0,0,,,0,0,,0,,,19.908402777777777,35.140439422580094,0.9268864998749287,cca268ecca4e3c4d39c8eeac2b3f54052b9b63d99e6b9e322606f1a4a6096813
m7_v1_development_m7g1_seed710700,m7v1d-m7g1-710700,M7G1,710700,1,v2_global_only,medium,33509,32889,0.9814975081321436,45;55;45;45;45;45;45;45;55;55;55;55;55;45;45;45;45;55;45;45;45;45;55;45;45;45;45;65;45;45;45;45;45;45;45;45;45;45;45;45;45;45;45;45;45;55;45;45,48,0.20833333333333334,0,0,0,0,,,0,0,,0,,,19.24786458333333,35.286978063022104,0.9290514505250403,08648b8618d402cd6a7ff96c68232ca65af61549568f189b8f521da78836d5d3
m7_v1_development_m7g1_seed710700,m7v1d-m7g1-710700,M7G1,710700,1,v2_visible_edges,medium,33509,32889,0.9814975081321436,45;45;45;45;45;45;45;45;45;45;45;55;45;45;45;55;45;45;45;45;45;45;45;45;55;45;45;55;45;45;45;45;45;45;45;45;45;45;45;45;45;45;45;45;45;65;45;45,48,0.10416666666666667,0,0,0,0,,,0,0,,0,,,19.41449652777778,35.249542283110074,0.9277724060158178,9a3fb1ef7bc08f0df78a19c664b434930ecbe2eccc2aaaa13cf4d96fae436b8d
m7_v1_development_m7g1_seed710700,m7v1d-m7g1-710700,M7G1,710700,1,v2_corridor_edges,medium,33509,32889,0.9814975081321436,45;45;45;45;45;45;45;45;45;45;45;45;45;45;45;45;45;45;45;45;45;45;45;45;45;45;45;55;45;45;45;45;45;45;45;45;45;45;45;45;45;45;45;65;55;45;45;45,48,0.0625,0,0,0,0,,,0,0,,0,,,19.658055555555556,35.19539802776447,0.9270431566960191,817dbfeb1ffc84415896ef0bfeab05b80473b8ad0f1a99784984023a102a7a88
m7_v1_development_m7g1_seed710700,m7v1d-m7g1-710700,M7G1,710700,1,state_only_risk_roi,high,34871,33772,0.9684838404404806,65;65;65;65;65;65;65;65;65;65;65;65;65;65;65;65;65;65;65;65;65;65;65;65;65;65;65;65;65;65;65;65;65;65;65;65;65;65;65;65;65;65;65;65;95;65;65;65,48,0.020833333333333332,0,0,0,0,,,0,0,,0,,,13.099340277777777,36.958309370392776,0.9451517847450913,59ba6523393178dc200751f90db752c37d8132ae649e054e286122e009f74d7e
m7_v1_development_m7g1_seed710700,m7v1d-m7g1-710700,M7G1,710700,1,command_conditioned_risk_roi,high,34871,33781,0.9687419345588024,65;65;65;65;65;65;65;65;65;65;65;65;65;65;65;65;65;65;65;65;65;65;65;65;65;65;65;65;65;65;65;65;65;65;65;65;65;65;65;65;65;65;65;65;95;65;65;65,48,0.020833333333333332,0,0,0,0,,,0,0,,0,,,13.099340277777777,36.958309370392776,0.9451517847450913,58a208a6659141f789bacc0a1e7536f62f17e95f46647d97ed36246e69730bf6
m7_v1_development_m7g1_seed710700,m7v1d-m7g1-710700,M7G1,710700,1,v2_global_only,high,34871,33776,0.9685985489375125,65;65;65;75;75;65;75;75;75;65;75;65;65;65;65;65;75;75;65;65;65;75;65;65;75;65;65;65;65;65;65;65;65;65;65;65;65;65;65;65;75;75;75;75;75;75;75;75,48,0.375,0,0,0,0,,,0,0,,0,,,12.077430555555555,37.311058118673515,0.9479537856470172,74e9856a47dc1d8c54faf4374d0662eb23a1100adcf158a2b3d33b4ab02bf2ca
m7_v1_development_m7g1_seed710700,m7v1d-m7g1-710700,M7G1,710700,1,v2_visible_edges,high,34871,33776,0.9685985489375125,65;65;65;75;65;65;75;75;65;65;65;65;65;65;65;75;75;75;65;65;65;65;65;65;65;65;65;65;65;75;65;75;75;65;65;65;65;65;65;65;65;75;75;75;75;75;75;75,48,0.3333333333333333,0,0,0,0,,,0,0,,0,,,12.24795138888889,37.25016906853343,0.9469382888161636,132e3e93ae73ab792f4c1152e888e11b0e326cae9d9a5217e8c65e2669a02780
m7_v1_development_m7g1_seed710700,m7v1d-m7g1-710700,M7G1,710700,1,v2_corridor_edges,high,34871,33775,0.9685698718132546,65;65;75;75;75;75;75;75;65;65;75;75;65;65;65;65;75;75;65;65;65;75;65;65;75;65;65;65;65;75;65;65;65;65;65;65;65;65;65;65;75;75;75;65;75;75;75;75,48,0.4166666666666667,0,0,0,0,,,0,0,,0,,,12.164583333333333,37.2798312299221,0.9480568527667103,77edfe89012a59d164f2720163a6a174405aefecbc9127776a58e06ab5a01922
m7_v1_development_m7g1_seed710700,m7v1d-m7g1-710700,M7G1,710700,2,state_only_risk_roi,severe,31466,31326,0.9955507531939236,1;1;1;1;1;1;1;1;1;1;1;1;1;1;1;1;1;1;1;1;1;1;1;1;1;1;1;1;1;1;1;1;1;1;1;1;15;1;1;1;1;1;1;1;15;1;1;1,2,0.041666666666666664,0,0,0,0,,,0,0,,0,,,497.1152777777778,21.166232504092036,0.6898906429468378,811134a4fc143da6d07597a8dbc4aeb3d60e44519a4142a2e5ec67023210b7f2
m7_v1_development_m7g1_seed710700,m7v1d-m7g1-710700,M7G1,710700,2,command_conditioned_risk_roi,severe,31466,31335,0.9958367762028857,1;1;1;1;1;1;1;1;1;1;1;1;1;1;1;1;1;1;1;1;1;1;1;1;1;1;1;1;1;1;1;1;1;1;1;1;15;1;1;1;1;1;1;1;15;1;1;1,2,0.041666666666666664,0,0,0,0,,,0,0,,0,,,497.1152777777778,21.166232504092036,0.6898906429468378,6008d85d8a89906c27717964f3aa48e782f274f49dbf020894adf87c5e8604d4
m7_v1_development_m7g1_seed710700,m7v1d-m7g1-710700,M7G1,710700,2,v2_global_only,severe,31466,31330,0.99567787453124,1;1;1;1;1;1;1;1;1;1;1;1;1;1;1;5;5;5;1;5;5;5;1;1;1;1;1;1;1;5;1;5;1;1;1;1;5;1;1;1;1;1;1;5;5;5;1;1,12,0.25,0,0,0,0,,,0,0,,0,,,443.6984548611111,21.65992444539144,0.6949209976253777,d2b75d7618783c2c6ebe3a5f2274554355fa38f6f329bf54bcf31a38fecc2e26
m7_v1_development_m7g1_seed710700,m7v1d-m7g1-710700,M7G1,710700,2,v2_visible_edges,severe,31466,31330,0.99567787453124,1;1;1;1;1;1;1;1;1;1;1;1;1;1;1;1;1;5;1;1;1;1;1;1;1;1;1;1;5;5;5;1;1;1;1;1;5;1;1;1;1;1;1;1;5;5;1;1,7,0.14583333333333334,0,0,0,0,,,0,0,,0,,,450.7324826388889,21.591615036567198,0.6912478108872776,ec9c97c3353150f9be6afc64845b29abd34d712a5ab70633fef9dd54a681e1ed
m7_v1_development_m7g1_seed710700,m7v1d-m7g1-710700,M7G1,710700,2,v2_corridor_edges,severe,31466,31329,0.995646094196911,1;1;1;1;1;1;1;1;1;1;1;1;1;1;1;5;5;5;1;1;5;5;1;1;1;1;1;1;1;5;1;5;1;1;1;1;5;1;1;1;1;1;1;5;5;5;1;1,11,0.22916666666666666,0,0,0,0,,,0,0,,0,,,444.96578125,21.647537467087957,0.6947280473361985,c1595b259b2be2f579f40aad7512bc11008efd2578d923147ef92d4f1aeaf316
m7_v1_development_m7g1_seed710700,m7v1d-m7g1-710700,M7G1,710700,2,state_only_risk_roi,low,32374,32327,0.9985482177055662,25;25;25;25;25;25;25;25;25;25;25;25;25;25;25;25;25;25;25;25;25;25;25;25;25;25;25;25;25;25;25;25;25;25;25;25;55;25;25;25;25;25;25;25;55;25;25;25,48,0.041666666666666664,0,0,0,0,,,0,0,,0,,,30.663072916666668,33.26464685108912,0.8911860516896818,3d191a29cfd511752b2eda552681e9a616bb5f58a1218f4d4c5004dec14dfed6
m7_v1_development_m7g1_seed710700,m7v1d-m7g1-710700,M7G1,710700,2,command_conditioned_risk_roi,low,32374,32336,0.9988262185704577,25;25;25;25;25;25;25;25;25;25;25;25;25;25;25;25;25;25;25;25;25;25;25;25;25;25;25;25;25;25;25;25;25;25;25;25;55;25;25;25;25;25;25;25;55;25;25;25,48,0.041666666666666664,0,0,0,0,,,0,0,,0,,,30.663072916666668,33.26464685108912,0.8911860516896818,728159cb8ace476b9561371f95d50c449ef0d38c0dbd43b76ea3a3ef3f488f5f
m7_v1_development_m7g1_seed710700,m7v1d-m7g1-710700,M7G1,710700,2,v2_global_only,low,32374,32331,0.998671773645518,25;35;35;35;25;35;25;25;25;25;25;25;25;25;25;25;25;25;25;25;35;25;25;25;35;35;25;25;25;35;25;25;25;35;25;25;25;25;25;25;25;25;25;25;25;25;25;25,48,0.1875,0,0,0,0,,,0,0,,0,,,28.492204861111112,33.58354302573932,0.8938425109869663,c656cbda06700e1e6d6efb405824d4350f4649c09ccd983076bf017e8e6d06be
m7_v1_development_m7g1_seed710700,m7v1d-m7g1-710700,M7G1,710700,2,v2_visible_edges,low,32374,32331,0.998671773645518,25;35;35;35;25;35;25;25;25;35;25;25;25;25;25;25;35;25;25;35;25;25;25;25;25;25;25;25;25;25;25;25;35;35;25;25;25;25;25;25;25;25;25;45;35;25;25;25,48,0.22916666666666666,0,0,0,0,,,0,0,,0,,,29.571840277777778,33.42202009029806,0.8950265171798492,01812213a734c35e8d45e968cfc1cf14448a7272e55d85a6d094c02b69c7019c
m7_v1_development_m7g1_seed710700,m7v1d-m7g1-710700,M7G1,710700,2,v2_corridor_edges,low,32374,32331,0.998671773645518,25;35;35;35;25;35;25;25;25;35;25;35;25;25;25;25;25;25;25;25;25;25;25;25;25;35;25;25;25;25;25;25;25;35;25;25;35;25;25;25;25;25;25;25;55;25;25;25,48,0.20833333333333334,0,0,0,0,,,0,0,,0,,,29.460243055555555,33.43844035290995,0.8937456958570221,04caf426f7530e93895feb395a69a3bf467db387d470d5e27026238dfe06524a
m7_v1_development_m7g1_seed710700,m7v1d-m7g1-710700,M7G1,710700,2,state_only_risk_roi,medium,33509,33050,0.9863021874720225,45;45;45;45;45;45;45;45;45;45;45;45;45;45;45;45;45;45;45;45;45;45;45;45;45;45;45;45;45;45;45;45;45;45;45;45;75;45;45;45;45;45;45;45;75;45;45;45,48,0.041666666666666664,0,0,0,0,,,0,0,,0,,,18.338559027777777,35.4971515335456,0.9248665647475335,3704c55969066fae007a1b0b8b679bedf228040c1443483aadfd31d51c130fb1
m7_v1_development_m7g1_seed710700,m7v1d-m7g1-710700,M7G1,710700,2,command_conditioned_risk_roi,medium,33509,33059,0.9865707720313945,45;45;45;45;45;45;45;45;45;45;45;45;45;45;45;45;45;45;45;45;45;45;45;45;45;45;45;45;45;45;45;45;45;45;45;45;75;45;45;45;45;45;45;45;75;45;45;45,48,0.041666666666666664,0,0,0,0,,,0,0,,0,,,18.338559027777777,35.4971515335456,0.9248665647475335,ecef16181ce56bd8ff63c6ea0675eccb70eb2eee5ba45ef4ae02c9c728b840fa
m7_v1_development_m7g1_seed710700,m7v1d-m7g1-710700,M7G1,710700,2,v2_global_only,medium,33509,33054,0.986421558387299,45;45;55;45;45;45;45;55;45;55;55;65;45;45;55;45;45;55;55;55;45;45;45;45;55;45;65;45;55;55;55;45;55;45;45;45;45;45;45;45;55;45;45;45;45;45;45;45,48,0.3333333333333333,0,0,0,0,,,0,0,,0,,,17.172413194444445,35.782490311473794,0.9255439580057357,e28fea1d5f4997d748d45e9ee51a5b46d9b7c7a157f47f61deb03d2f023dcf64
m7_v1_development_m7g1_seed710700,m7v1d-m7g1-710700,M7G1,710700,2,v2_visible_edges,medium,33509,33054,0.986421558387299,45;45;55;45;45;45;45;55;45;55;55;65;45;45;55;65;45;45;55;55;45;55;45;45;55;55;65;45;45;45;45;45;55;45;45;45;55;45;45;45;45;45;45;45;55;45;45;45,48,0.3333333333333333,0,0,0,0,,,0,0,,0,,,17.631006944444444,35.668032443752985,0.9254055072916305,bcce5e3989f0ed9355aeb0f2289373852c31e2bc349f21c5cefeb1ae8ee49722
m7_v1_development_m7g1_seed710700,m7v1d-m7g1-710700,M7G1,710700,2,v2_corridor_edges,medium,33509,33054,0.986421558387299,45;45;45;45;45;45;45;55;45;55;55;65;45;45;55;45;45;45;55;55;45;45;45;45;55;45;65;45;55;55;55;45;45;45;45;45;55;45;45;45;55;45;45;45;55;45;45;45,48,0.3125,0,0,0,0,,,0,0,,0,,,17.29923611111111,35.75053434620837,0.9253096983367595,398fd457d1d69b9efa450f21b077b6fc1aa4df4c7817c075f28b1159c916856f
m7_v1_development_m7g1_seed710700,m7v1d-m7g1-710700,M7G1,710700,2,state_only_risk_roi,high,34871,33949,0.973559691434143,65;65;65;65;65;65;65;65;65;65;65;65;65;65;65;65;65;65;65;65;65;65;65;65;65;65;65;65;65;65;65;65;65;65;65;65;95;65;65;65;65;65;65;65;95;65;65;65,48,0.041666666666666664,0,0,0,0,,,0,0,,0,,,13.803194444444445,36.731007549703556,0.9401847122578086,65b7e59599183fd2067f72e4a7f9e78eb117141e59110987beebd929f1a700ce
m7_v1_development_m7g1_seed710700,m7v1d-m7g1-710700,M7G1,710700,2,command_conditioned_risk_roi,high,34871,33958,0.9738177855524648,65;65;65;65;65;65;65;65;65;65;65;65;65;65;65;65;65;65;65;65;65;65;65;65;65;65;65;65;65;65;65;65;65;65;65;65;95;65;65;65;65;65;65;65;95;65;65;65,48,0.041666666666666664,0,0,0,0,,,0,0,,0,,,13.803194444444445,36.731007549703556,0.9401847122578086,5cbdeae78508b9d92a9516d5f2797323221725a3a0318c8f37bbbcc3a8a5215e
m7_v1_development_m7g1_seed710700,m7v1d-m7g1-710700,M7G1,710700,2,v2_global_only,high,34871,33953,0.9736743999311749,65;75;75;75;75;75;65;65;75;65;65;65;65;65;75;65;75;75;75;75;75;65;65;75;75;75;75;75;75;75;75;75;75;75;65;75;75;75;75;65;65;65;65;75;65;65;65;75,48,0.6041666666666666,0,0,0,0,,,0,0,,0,,,12.444722222222222,37.18095153671988,0.9438690008450131,7bedc02e548e7012dd5b0b01e4e0765d6ce4cd98cf5a38e7e326c6578b865730
m7_v1_development_m7g1_seed710700,m7v1d-m7g1-710700,M7G1,710700,2,v2_visible_edges,high,34871,33952,0.973645722806917,65;75;75;75;75;75;65;65;75;65;65;65;65;65;65;75;65;75;65;75;65;75;65;75;75;65;65;75;65;65;75;65;75;95;65;65;75;65;65;65;65;65;65;75;75;65;65;65,48,0.3958333333333333,0,0,0,0,,,0,0,,0,,,13.004635416666666,36.98982179557034,0.9421937268902983,9d247638187395f00ca721ed217a86b64845ddab7dc8dd4d6e7381c14e07d677
m7_v1_development_m7g1_seed710700,m7v1d-m7g1-710700,M7G1,710700,2,v2_corridor_edges,high,34871,33952,0.973645722806917,75;75;75;75;75;75;65;65;75;75;65;65;75;65;75;65;75;75;75;75;75;65;65;75;75;75;75;75;75;75;75;75;75;75;65;65;65;75;75;65;65;65;65;75;75;65;65;65,48,0.625,0,0,0,0,,,0,0,,0,,,12.516145833333333,37.15609746131453,0.9431800593925262,5674eb188885ce3afe601cf1f5d4815a32233be9eec1aa87efde758f43b87236
m7_v1_development_m7g1_seed710700,m7v1d-m7g1-710700,M7G1,710700,3,state_only_risk_roi,severe,31466,31403,0.9979978389372656,5;5;5;5;5;5;5;5;5;5;5;5;5;5;5;5;5;5;5;5;5;5;5;5;5;5;5;5;5;5;5;5;5;5;5;5;35;5;5;5;5;5;5;5;5;5;5;5,48,0.020833333333333332,0,0,0,0,,,0,0,,0,,,185.87335069444444,25.438632329356384,0.7527040592077575,161d2f0526e121576b2caaa4241e01cfb2eeef5b6f66460d1e0215ec40d2416a
m7_v1_development_m7g1_seed710700,m7v1d-m7g1-710700,M7G1,710700,3,command_conditioned_risk_roi,severe,31466,31412,0.9982838619462276,5;5;5;5;5;5;5;5;5;5;5;5;5;5;5;5;5;5;5;5;5;5;5;5;5;5;5;5;5;5;5;5;5;5;5;5;35;5;5;5;5;5;5;5;5;5;5;5,48,0.020833333333333332,0,0,0,0,,,0,0,,0,,,185.87335069444444,25.438632329356384,0.7527040592077575,ab0ffd8c977e93aabcc216c771248baaa7d0e45e4d55676a35d8f7061dacb8a1
m7_v1_development_m7g1_seed710700,m7v1d-m7g1-710700,M7G1,710700,3,v2_global_only,severe,31466,31406,0.9980931799402529,15;15;15;25;15;15;25;15;15;15;15;5;15;5;15;5;5;5;5;5;5;5;5;5;5;5;5;5;5;5;5;5;5;5;5;5;5;15;15;5;15;15;15;5;5;5;5;5,48,0.375,0,0,0,0,,,0,0,,0,,,155.09993055555555,26.224687575052776,0.7540575648370832,dd3b3e32eb8449ad3f7d456817c1d2a8acd34304916c5296a921b0cc8dc8b319
m7_v1_development_m7g1_seed710700,m7v1d-m7g1-710700,M7G1,710700,3,v2_visible_edges,severe,31466,31407,0.9981249602745821,15;15;15;15;15;15;25;15;15;15;15;5;15;5;15;5;5;5;5;5;5;5;5;5;5;5;5;5;5;5;5;5;15;5;5;5;5;5;15;5;15;5;5;5;5;5;5;5,48,0.3333333333333333,0,0,0,0,,,0,0,,0,,,159.8305902777778,26.09420457495576,0.7467771811729965,6b6015e5085b50836c888261da940d1274c19fb3200aae19211fa87ab7fb7d06
m7_v1_development_m7g1_seed710700,m7v1d-m7g1-710700,M7G1,710700,3,v2_corridor_edges,severe,31466,31407,0.9981249602745821,15;15;15;15;15;15;15;15;15;15;15;5;15;5;15;5;5;5;5;5;5;5;5;5;5;5;5;5;5;5;5;5;5;5;5;5;5;15;15;5;15;15;15;5;5;5;5;5,48,0.375,0,0,0,0,,,0,0,,0,,,155.80524305555556,26.20498292693219,0.7539284811379847,54f68b18bf0f7fe5006a400b5194814e0b73fdf0f388509fdad4ad0cb1efe657
m7_v1_development_m7g1_seed710700,m7v1d-m7g1-710700,M7G1,710700,3,state_only_risk_roi,low,32374,32247,0.99607709890653,25;25;25;25;25;25;25;25;25;25;25;25;25;25;25;25;25;25;25;25;25;25;25;25;25;25;25;25;25;25;25;25;25;25;25;25;55;25;25;25;25;25;25;25;25;25;25;25,48,0.020833333333333332,0,0,0,0,,,0,0,,0,,,31.73154513888889,33.1158914067563,0.8886344821264015,6139e3fcbf3a64329c17b7c025fbab7f0ad0532a95a0c3856c1be20793eedb10
m7_v1_development_m7g1_seed710700,m7v1d-m7g1-710700,M7G1,710700,3,command_conditioned_risk_roi,low,32374,32256,0.9963550997714216,25;25;25;25;25;25;25;25;25;25;25;25;25;25;25;25;25;25;25;25;25;25;25;25;25;25;25;25;25;25;25;25;25;25;25;25;55;25;25;25;25;25;25;25;25;25;25;25,48,0.020833333333333332,0,0,0,0,,,0,0,,0,,,31.73154513888889,33.1158914067563,0.8886344821264015,d443be299e9a6a9b4f05633a2295df17f384d46fb95ad20a3856f6d5f1637834
m7_v1_development_m7g1_seed710700,m7v1d-m7g1-710700,M7G1,710700,3,v2_global_only,low,32374,32250,0.9961697658614938,25;25;25;35;25;25;25;25;25;25;25;25;25;25;25;25;25;35;25;25;25;25;25;25;25;25;35;35;25;25;25;25;25;25;25;25;25;25;25;25;25;25;25;25;25;25;25;25,48,0.08333333333333333,0,0,0,0,,,0,0,,0,,,30.187170138888888,33.33257958367123,0.8904523791891698,9000515e22389cbec6a5e38180fa12d6e311016b18a09582510c9522d31bfdd5
m7_v1_development_m7g1_seed710700,m7v1d-m7g1-710700,M7G1,710700,3,v2_visible_edges,low,32374,32250,0.9961697658614938,25;25;25;35;25;25;25;25;25;35;25;25;25;25;25;35;25;25;25;25;25;25;25;25;25;25;25;35;25;25;25;25;35;25;25;25;35;25;25;25;25;25;25;25;25;25;25;25,48,0.125,0,0,0,0,,,0,0,,0,,,30.815920138888888,33.24305220919472,0.8904477685967921,e93973edf890f30af84e7a8cfd1befb795e6d19b9dc8c012f2456484e78a2cd5
m7_v1_development_m7g1_seed710700,m7v1d-m7g1-710700,M7G1,710700,3,v2_corridor_edges,low,32374,32250,0.9961697658614938,25;25;25;25;25;25;25;25;25;25;25;25;25;25;25;25;25;25;25;25;25;25;25;25;25;25;35;35;25;25;25;25;25;25;25;25;35;25;25;25;25;25;25;25;25;25;25;25,48,0.0625,0,0,0,0,,,0,0,,0,,,30.41685763888889,33.299660157328596,0.8898203894941159,4e065119eda60d4969d078a44805da8a775020ab14b8cbbc8a8bc799e2aadb04
m7_v1_development_m7g1_seed710700,m7v1d-m7g1-710700,M7G1,710700,3,state_only_risk_roi,medium,33509,32965,0.983765555522397,45;45;45;45;45;45;45;45;45;45;45;45;45;45;45;45;45;45;45;45;45;45;45;45;45;45;45;45;45;45;45;45;45;45;45;45;75;45;45;45;45;45;45;45;45;45;45;45,48,0.020833333333333332,0,0,0,0,,,0,0,,0,,,19.134774305555556,35.31257016775638,0.9240988807026178,d167d6c0354550f638fcee10a26867ced4a7eff07a2e525ebf1c49794266b5b5
m7_v1_development_m7g1_seed710700,m7v1d-m7g1-710700,M7G1,710700,3,command_conditioned_risk_roi,medium,33509,32974,0.984034140081769,45;45;45;45;45;45;45;45;45;45;45;45;45;45;45;45;45;45;45;45;45;45;45;45;45;45;45;45;45;45;45;45;45;45;45;45;75;45;45;45;45;45;45;45;45;45;45;45,48,0.020833333333333332,0,0,0,0,,,0,0,,0,,,19.134774305555556,35.31257016775638,0.9240988807026178,368df21ba5c6f1ed0bff869697a8d98fccca9d209e625b39210f8bfa42ecdd21
m7_v1_development_m7g1_seed710700,m7v1d-m7g1-710700,M7G1,710700,3,v2_global_only,medium,33509,32969,0.9838849264376734,45;55;45;45;45;45;55;45;55;55;55;55;55;55;45;45;45;45;45;45;45;45;45;45;45;45;45;55;45;65;65;45;45;45;45;45;45;45;45;45;45;45;55;45;45;45;45;45,48,0.25,0,0,0,0,,,0,0,,0,,,18.12720486111111,35.54749517995842,0.9257200073648705,a3b5b8ff927568570157beb26893dd725e418f9ec7ff3dad8014ed937502e55e
m7_v1_development_m7g1_seed710700,m7v1d-m7g1-710700,M7G1,710700,3,v2_visible_edges,medium,33509,32969,0.9838849264376734,45;45;45;45;45;45;45;45;45;45;45;55;45;45;45;55;45;55;45;45;45;45;45;45;45;55;45;45;45;65;65;45;45;45;45;45;45;45;45;45;45;45;45;45;45;45;45;45,48,0.125,0,0,0,0,,,0,0,,0,,,18.34454861111111,35.495733309637586,0.923688428415201,66c39c01c1eed6aab58bc56ff742db0de477838b08060a030b6f6a65c7619d17
m7_v1_development_m7g1_seed710700,m7v1d-m7g1-710700,M7G1,710700,3,v2_corridor_edges,medium,33509,32969,0.9838849264376734,45;45;45;45;45;45;45;45;55;55;55;55;55;55;45;45;45;45;45;45;45;45;45;45;45;45;45;55;45;65;65;45;45;45;45;45;45;45;45;45;45;45;55;45;45;45;45;45,48,0.20833333333333334,0,0,0,0,,,0,0,,0,,,18.153559027777778,35.541185791762175,0.9256627571912807,376ed51c5ed0ffcc983a6458e996eb39847fc959a10149975d7d4fb617ad2b4f
m7_v1_development_m7g1_seed710700,m7v1d-m7g1-710700,M7G1,710700,3,state_only_risk_roi,high,34871,33762,0.9681970691979008,65;65;65;65;65;65;65;65;65;65;65;65;65;65;65;65;65;65;65;65;65;65;65;65;65;65;65;65;65;65;65;65;65;65;65;65;95;65;65;65;65;65;65;65;65;65;65;65,48,0.020833333333333332,0,0,0,0,,,0,0,,0,,,13.174565972222222,36.933440443058146,0.9420317393428688,f8e3bfbf69f10ec645c02b0f47d9d90537898e2d3a4bc5bce4a41141cf598e6d
m7_v1_development_m7g1_seed710700,m7v1d-m7g1-710700,M7G1,710700,3,command_conditioned_risk_roi,high,34871,33771,0.9684551633162226,65;65;65;65;65;65;65;65;65;65;65;65;65;65;65;65;65;65;65;65;65;65;65;65;65;65;65;65;65;65;65;65;65;65;65;65;95;65;65;65;65;65;65;65;65;65;65;65,48,0.020833333333333332,0,0,0,0,,,0,0,,0,,,13.174565972222222,36.933440443058146,0.9420317393428688,62c1917ed587cdcacca5d6f2a542664919058badcd78908137a4aceafd3d6816
m7_v1_development_m7g1_seed710700,m7v1d-m7g1-710700,M7G1,710700,3,v2_global_only,high,34871,33766,0.9683117776949327,65;65;75;75;75;65;75;75;65;65;65;65;65;75;65;65;75;65;65;65;65;75;65;65;75;75;75;75;65;65;75;75;75;65;65;65;65;65;65;65;65;65;65;65;65;65;65;65,48,0.3125,0,0,0,0,,,0,0,,0,,,12.342430555555556,37.21679668518887,0.9436466972023911,7f08fa17b02fd8453655806ce7f9e93951683659f1ab0239a9dfb7f588c16260
m7_v1_development_m7g1_seed710700,m7v1d-m7g1-710700,M7G1,710700,3,v2_visible_edges,high,34871,33765,0.9682831005706748,65;75;75;75;75;65;75;75;65;65;75;65;65;75;65;75;75;65;65;65;65;75;75;65;75;65;65;75;65;65;75;65;75;65;65;65;65;65;65;65;65;65;65;75;75;65;65;65,48,0.375,0,0,0,0,,,0,0,,0,,,12.461649305555556,37.17504835647539,0.943677301019542,d14c068306fd86b2a8157e1825cbf9d263381aff37b94157d663849c0988faf0
m7_v1_development_m7g1_seed710700,m7v1d-m7g1-710700,M7G1,710700,3,v2_corridor_edges,high,34871,33766,0.9683117776949327,65;75;75;75;75;65;75;75;75;65;75;65;75;75;65;65;75;65;65;65;65;75;65;65;75;75;75;75;65;65;65;75;75;65;65;65;65;65;65;65;65;65;65;65;75;65;65;65,48,0.3958333333333333,0,0,0,0,,,0,0,,0,,,12.365920138888889,37.208539234399616,0.9437196873500652,b6a5a5d6c5838fc4b238fffb114892c9e79612908b2c23bd333d33f27148decf
m7_v1_development_m7g1_seed710701,m7v1d-m7g1-710701,M7G1,710701,0,state_only_risk_roi,severe,31466,31443,0.9992690523104303,5;5;5;5;5;5;5;5;5;5;5;5;5;5;5;5;5;5;5;5;5;5;5;5;5;5;5;5;5;5;5;5;5;5;5;5;5;5;5;5;5;5;5;5;35;5;5;5,48,0.020833333333333332,0,0,0,0,,,0,0,,0,,,204.82222222222222,25.01703287153351,0.7429295614249626,6a836cbb5170ea037ba527caf0e70e07e65d01c37f595083d376040614b33dda
m7_v1_development_m7g1_seed710701,m7v1d-m7g1-710701,M7G1,710701,0,command_conditioned_risk_roi,severe,31466,31452,0.9995550753193924,5;5;5;5;5;5;5;5;5;5;5;5;5;5;5;5;5;5;5;5;5;5;5;5;5;5;5;5;5;5;5;5;5;5;5;5;5;5;5;5;5;5;5;5;35;5;5;5,48,0.020833333333333332,0,0,0,0,,,0,0,,0,,,204.82222222222222,25.01703287153351,0.7429295614249626,f1e5e667a95d47fcf51097be8fc023fdf224dd39f7960f0cde1125933464ddb0
m7_v1_development_m7g1_seed710701,m7v1d-m7g1-710701,M7G1,710701,0,v2_global_only,severe,31466,31447,0.9993961736477468,15;15;15;15;15;15;15;15;5;15;15;5;15;5;15;5;5;5;5;5;5;5;5;5;5;5;5;5;5;5;5;5;5;5;5;5;5;5;5;5;5;5;5;5;15;5;15;5,48,0.2916666666666667,0,0,0,0,,,0,0,,0,,,182.34206597222223,25.521934897327604,0.7344721416549156,e246a0450376f9be783ec36ecc0dc6a11696c57ebf63ac4d62f6a93501fbb1e9
m7_v1_development_m7g1_seed710701,m7v1d-m7g1-710701,M7G1,710701,0,v2_visible_edges,severe,31466,31446,0.9993643933134176,15;15;15;15;15;15;25;15;5;15;15;5;15;5;5;5;5;5;5;5;5;5;5;5;5;5;5;5;5;5;5;5;5;5;5;5;5;5;5;5;5;5;5;5;15;5;15;5,48,0.2708333333333333,0,0,0,0,,,0,0,,0,,,184.5076215277778,25.47066050431947,0.7333032826626056,398e7846b7d89bacbaa3f6a7b2f1d1a5566e900f0fee20663fe35ae9f44b8c69
m7_v1_development_m7g1_seed710701,m7v1d-m7g1-710701,M7G1,710701,0,v2_corridor_edges,severe,31466,31447,0.9993961736477468,15;15;15;15;15;15;25;15;5;15;15;5;15;5;5;5;5;5;5;5;5;5;5;5;5;5;5;5;5;5;5;5;5;5;5;5;5;5;5;5;5;5;5;5;15;5;15;5,48,0.2708333333333333,0,0,0,0,,,0,0,,0,,,184.5076215277778,25.47066050431947,0.7333032826626056,1575c12ab86d9547d33e8a8807481891028213b143b040cc78e906b2dc3fb7c7
m7_v1_development_m7g1_seed710701,m7v1d-m7g1-710701,M7G1,710701,0,state_only_risk_roi,low,32374,32300,0.9977142151108914,25;25;25;25;25;25;25;25;25;25;25;25;25;25;25;25;25;25;25;25;25;25;25;25;25;25;25;25;25;25;25;25;25;25;25;25;25;25;25;25;25;25;25;25;55;25;25;25,48,0.020833333333333332,0,0,0,0,,,0,0,,0,,,33.66848958333333,32.85856727115321,0.8886703778819903,4f5d0511eb002f1847939a26873a8bd620ad8a6688173bf8e17b175a2e2d32f2
m7_v1_development_m7g1_seed710701,m7v1d-m7g1-710701,M7G1,710701,0,command_conditioned_risk_roi,low,32374,32309,0.997992215975783,25;25;25;25;25;25;25;25;25;25;25;25;25;25;25;25;25;25;25;25;25;25;25;25;25;25;25;25;25;25;25;25;25;25;25;25;25;25;25;25;25;25;25;25;55;25;25;25,48,0.020833333333333332,0,0,0,0,,,0,0,,0,,,33.66848958333333,32.85856727115321,0.8886703778819903,52f483852f94e2bb6ed9cae29013cab7fd9f7f65eb6a223ffaf4cdf2e1a737d6
m7_v1_development_m7g1_seed710701,m7v1d-m7g1-710701,M7G1,710701,0,v2_global_only,low,32374,32303,0.9978068820658553,25;25;35;35;25;25;25;25;25;35;25;25;25;25;25;25;25;25;25;25;25;25;25;25;25;25;35;35;25;25;25;25;25;25;25;25;25;25;25;25;25;25;25;25;25;25;25;35,48,0.125,0,0,0,0,,,0,0,,0,,,31.92361111111111,33.0896834921285,0.8907673802790149,25f22e3c04b2028202c2b8a42af68bb46d5b6c72c988be208e96d54e383e713c
m7_v1_development_m7g1_seed710701,m7v1d-m7g1-710701,M7G1,710701,0,v2_visible_edges,low,32374,32303,0.9978068820658553,25;25;25;35;25;25;25;25;45;25;25;25;25;25;25;35;25;25;25;25;25;25;25;25;25;25;35;25;25;25;25;25;25;25;25;25;25;25;25;25;25;25;25;25;25;25;25;25,48,0.08333333333333333,0,0,0,0,,,0,0,,0,,,32.61435763888889,32.99671531639121,0.8897202317336502,6e8960f02cbe511e5f306fa2d3fc89f5ef91201fd5d8c5c389db96b96d6ef86b
m7_v1_development_m7g1_seed710701,m7v1d-m7g1-710701,M7G1,710701,0,v2_corridor_edges,low,32374,32303,0.9978068820658553,25;25;25;35;25;25;25;25;25;25;25;25;25;25;25;25;25;25;25;25;25;25;25;25;25;25;35;25;25;25;25;25;25;25;25;25;25;25;25;25;25;25;25;35;25;25;25;25,48,0.0625,0,0,0,0,,,0,0,,0,,,32.77736111111111,32.97506375056728,0.8892825771666099,8811dd0239181725c57a0d80d74b7c001a313020a47be484b786483fa17773bb
m7_v1_development_m7g1_seed710701,m7v1d-m7g1-710701,M7G1,710701,0,state_only_risk_roi,medium,33509,33014,0.985227849234534,45;45;45;45;45;45;45;45;45;45;45;45;45;45;45;45;45;45;45;45;45;45;45;45;45;45;45;45;45;45;45;45;45;45;45;45;45;45;45;45;45;45;45;45;75;45;45;45,48,0.020833333333333332,0,0,0,0,,,0,0,,0,,,21.224097222222223,34.86251134495884,0.9190133297820603,0270f9a97e6dfe3520e50d4c807f7e1f1fc699b6f6fbb56409fd67803e7ab51a
m7_v1_development_m7g1_seed710701,m7v1d-m7g1-710701,M7G1,710701,0,command_conditioned_risk_roi,medium,33509,33023,0.9854964337939062,45;45;45;45;45;45;45;45;45;45;45;45;45;45;45;45;45;45;45;45;45;45;45;45;45;45;45;45;45;45;45;45;45;45;45;45;45;45;45;45;45;45;45;45;75;45;45;45,48,0.020833333333333332,0,0,0,0,,,0,0,,0,,,21.224097222222223,34.86251134495884,0.9190133297820603,1edad2c97c96d3a547f0e271e3efa65cc66d4a9af664ba66585761236320e526
m7_v1_development_m7g1_seed710701,m7v1d-m7g1-710701,M7G1,710701,0,v2_global_only,medium,33509,33018,0.9853472201498105,45;45;45;45;45;45;45;45;45;55;55;55;55;45;45;45;45;45;45;45;45;45;45;45;45;45;45;45;45;65;55;45;55;45;45;45;55;55;45;45;45;45;45;45;45;45;45;45,48,0.1875,0,0,0,0,,,0,0,,0,,,20.380555555555556,35.038643425604235,0.9207792692450715,730d61993be28c3428d0dea2186f859633815491cf2d9b83f466042f167ffe23
m7_v1_development_m7g1_seed710701,m7v1d-m7g1-710701,M7G1,710701,0,v2_visible_edges,medium,33509,33018,0.9853472201498105,55;45;45;45;45;45;45;45;45;55;55;55;55;45;45;55;55;45;45;45;45;45;45;45;45;45;45;45;45;55;45;45;55;45;45;45;45;55;45;55;45;45;45;45;45;45;45;45,48,0.22916666666666666,0,0,0,0,,,0,0,,0,,,20.602083333333333,34.99169221352044,0.9204532850435202,c16bde95e8029803965a21c671d9a4ae1cf1fbd17acf1057b61dddaec0bc9e86
m7_v1_development_m7g1_seed710701,m7v1d-m7g1-710701,M7G1,710701,0,v2_corridor_edges,medium,33509,33018,0.9853472201498105,55;45;45;45;45;45;45;45;45;55;55;55;55;45;45;45;45;45;45;45;45;45;45;45;45;45;45;45;45;55;45;45;55;45;45;45;55;55;45;55;45;45;45;55;45;45;45;45,48,0.22916666666666666,0,0,0,0,,,0,0,,0,,,20.614913194444444,34.988988504597664,0.9210110341996479,8fc93499a0295e6d4f402d53375082f7a3105916ce3018bdfae7793d45545140
m7_v1_development_m7g1_seed710701,m7v1d-m7g1-710701,M7G1,710701,0,state_only_risk_roi,high,34871,33849,0.970691979008345,65;65;65;65;65;65;65;65;65;65;65;65;65;65;65;65;65;65;65;65;65;65;65;65;65;65;65;65;65;65;65;65;65;65;65;65;65;65;65;65;65;65;65;65;95;65;65;65,48,0.020833333333333332,0,0,0,0,,,0,0,,0,,,14.58703125,36.49113447516919,0.937430667870614,65e919190509ed72b6ac919937c5d1aa85bd5a19dc5d11722225b014f01e57b0
m7_v1_development_m7g1_seed710701,m7v1d-m7g1-710701,M7G1,710701,0,command_conditioned_risk_roi,high,34871,33858,0.9709500731266668,65;65;65;65;65;65;65;65;65;65;65;65;65;65;65;65;65;65;65;65;65;65;65;65;65;65;65;65;65;65;65;65;65;65;65;65;65;65;65;65;65;65;65;65;95;65;65;65,48,0.020833333333333332,0,0,0,0,,,0,0,,0,,,14.58703125,36.49113447516919,0.937430667870614,ba16df5082a9752d8af922e7f1e5caac3fb66bc54fed288318f94e70812eda0c
m7_v1_development_m7g1_seed710701,m7v1d-m7g1-710701,M7G1,710701,0,v2_global_only,high,34871,33853,0.9708066875053769,65;75;75;75;75;65;75;75;75;65;75;65;65;65;65;65;75;75;65;65;65;65;65;65;75;75;65;75;75;75;75;65;65;65;65;65;65;65;65;65;65;65;65;65;65;75;65;65,48,0.3541666666666667,0,0,0,0,,,0,0,,0,,,13.309652777777778,36.88913635119913,0.9395485742121563,7a3112175021365457dca5df48ecbd221e318d8a39bfd69000ccd38bd08c0033
m7_v1_development_m7g1_seed710701,m7v1d-m7g1-710701,M7G1,710701,0,v2_visible_edges,high,34871,33853,0.9708066875053769,65;75;65;75;65;65;75;65;75;65;65;65;65;65;65;65;75;75;65;65;65;65;65;65;75;65;65;75;75;75;75;65;65;75;65;65;65;65;75;75;65;65;65;65;65;65;65;65,48,0.2916666666666667,0,0,0,0,,,0,0,,0,,,13.4721875,36.836422423500515,0.9384689215255433,96cb51fe309939335f78dc79832fbb8c1213a0204431b599b922b612590aadea
m7_v1_development_m7g1_seed710701,m7v1d-m7g1-710701,M7G1,710701,0,v2_corridor_edges,high,34871,33853,0.9708066875053769,65;75;75;75;75;65;75;75;75;65;75;65;65;65;65;65;75;75;65;65;65;65;65;65;75;75;65;65;65;75;75;65;65;65;65;65;65;65;65;65;65;65;65;75;75;75;65;65,48,0.3541666666666667,0,0,0,0,,,0,0,,0,,,13.358125,36.87334857765828,0.939787176227736,7c047a8a80ad0646e7d608f8eb79db6467be1234518097077f1104bc7ab64e17
m7_v1_development_m7g1_seed710701,m7v1d-m7g1-710701,M7G1,710701,1,state_only_risk_roi,severe,31466,31413,0.9983156422805568,5;5;5;5;5;5;5;5;5;5;5;5;5;5;5;5;5;5;5;5;5;5;5;5;5;5;5;5;5;5;5;5;5;5;5;5;5;5;5;5;5;5;5;5;35;5;5;5,48,0.020833333333333332,0,0,0,0,,,0,0,,0,,,189.4409375,25.356065265954115,0.7640446376065492,da24b52b1b2c732bbb78f42a05823ded2b892b9fe9459a77da9b78b6e46eb895
m7_v1_development_m7g1_seed710701,m7v1d-m7g1-710701,M7G1,710701,1,command_conditioned_risk_roi,severe,31466,31422,0.9986016652895189,5;5;5;5;5;5;5;5;5;5;5;5;5;5;5;5;5;5;5;5;5;5;5;5;5;5;5;5;5;5;5;5;5;5;5;5;5;5;5;5;5;5;5;5;35;5;5;5,48,0.020833333333333332,0,0,0,0,,,0,0,,0,,,189.4409375,25.356065265954115,0.7640446376065492,61c378b0a90d7758caafe9c9d22801404daeda02934ba4ab757b6bdc8c43d459
m7_v1_development_m7g1_seed710701,m7v1d-m7g1-710701,M7G1,710701,1,v2_global_only,severe,31466,31416,0.9984109832835442,15;15;15;15;15;15;25;15;15;15;15;25;15;25;15;5;5;5;5;5;5;5;5;5;5;5;5;5;5;5;5;5;5;5;5;5;5;15;15;15;5;5;5;5;5;5;5;5,48,0.375,0,0,0,0,,,0,0,,0,,,160.84859375,26.066630925169896,0.7703584190851979,da6cfba6decd85f82ea73fc1fc7d163da37b1f586b5fbbd6e2ff755012e86892
m7_v1_development_m7g1_seed710701,m7v1d-m7g1-710701,M7G1,710701,1,v2_visible_edges,severe,31466,31417,0.9984427636178732,15;15;15;15;15;15;25;15;15;15;15;5;15;15;15;5;5;5;5;5;5;5;5;5;5;5;5;5;5;5;5;5;5;15;5;5;5;5;15;5;5;5;5;5;15;5;5;5,48,0.3541666666666667,0,0,0,0,,,0,0,,0,,,162.84881944444444,26.012957463282206,0.7634130015211035,1a38e91c0eb6d36afb586315c9efb4b310418e3d22b21134871970d242c898ed
m7_v1_development_m7g1_seed710701,m7v1d-m7g1-710701,M7G1,710701,1,v2_corridor_edges,severe,31466,31417,0.9984427636178732,15;15;15;15;15;15;25;15;15;15;15;5;15;25;15;5;5;5;5;5;5;5;5;5;5;5;5;5;5;5;5;5;5;5;5;5;5;5;15;5;5;5;5;5;15;5;5;5,48,0.3333333333333333,0,0,0,0,,,0,0,,0,,,162.85201388888888,26.012872272858786,0.7657197802066555,3b3a68280c68c23c0a1c6a1f5990801e36632dceaf0804e05a2eaf717add8534
m7_v1_development_m7g1_seed710701,m7v1d-m7g1-710701,M7G1,710701,1,state_only_risk_roi,low,32374,32232,0.9956137641317107,25;25;25;25;25;25;25;25;25;25;25;25;25;25;25;25;25;25;25;25;25;25;25;25;25;25;25;25;25;25;25;25;25;25;25;25;25;25;25;25;25;25;25;25;55;25;25;25,48,0.020833333333333332,0,0,0,0,,,0,0,,0,,,29.239322916666666,33.471130492496684,0.901319281229637,b9de7b3665d33e7c61402a734fabd834a549b243652937ee85754407eaa8f15e
m7_v1_development_m7g1_seed710701,m7v1d-m7g1-710701,M7G1,710701,1,command_conditioned_risk_roi,low,32374,32241,0.9958917649966023,25;25;25;25;25;25;25;25;25;25;25;25;25;25;25;25;25;25;25;25;25;25;25;25;25;25;25;25;25;25;25;25;25;25;25;25;25;25;25;25;25;25;25;25;55;25;25;25,48,0.020833333333333332,0,0,0,0,,,0,0,,0,,,29.239322916666666,33.471130492496684,0.901319281229637,f0a3019a16836ea4877b92a70326fd039dd33a32fa4dfb6d5d415d5deb53442a
m7_v1_development_m7g1_seed710701,m7v1d-m7g1-710701,M7G1,710701,1,v2_global_only,low,32374,32236,0.9957373200716625,25;35;35;35;35;35;25;25;25;35;25;25;25;25;25;25;25;35;25;25;25;25;25;25;35;25;35;25;25;25;25;25;25;25;25;25;25;25;25;25;25;25;25;25;25;25;25;25,48,0.1875,0,0,0,0,,,0,0,,0,,,28.002065972222223,33.65890286410113,0.9029648951608057,db60912c48ad21468c6f62d65e4ff95d688b52535b8b8721a2330fb6f14a13d7
m7_v1_development_m7g1_seed710701,m7v1d-m7g1-710701,M7G1,710701,1,v2_visible_edges,low,32374,32235,0.9957064310866744,25;25;25;35;25;25;25;25;25;25;25;25;25;25;25;35;25;25;35;25;25;25;25;25;25;25;25;25;25;35;25;25;25;45;25;25;25;25;25;25;25;35;25;25;25;25;25;25,48,0.125,0,0,0,0,,,0,0,,0,,,28.871336805555554,33.52613467744544,0.9025424797794269,d59b2cdd504bee140b8fb6ab6c7e4f5972dce78b3e37bbbd14843486b747473a
m7_v1_development_m7g1_seed710701,m7v1d-m7g1-710701,M7G1,710701,1,v2_corridor_edges,low,32374,32235,0.9957064310866744,25;25;35;35;35;25;25;25;25;35;25;25;25;25;25;25;25;25;25;25;25;25;25;25;25;25;25;25;25;25;25;25;25;25;25;25;25;25;25;25;25;25;25;35;35;25;25;25,48,0.125,0,0,0,0,,,0,0,,0,,,28.617274305555554,33.56452094491986,0.9025313884658392,5f8931606f76e0ba69b2e3ec6028acb00b0d48114bf281844571cff29195ae45
m7_v1_development_m7g1_seed710701,m7v1d-m7g1-710701,M7G1,710701,1,state_only_risk_roi,medium,33509,32881,0.9812587663015906,45;45;45;45;45;45;45;45;45;45;45;45;45;45;45;45;45;45;45;45;45;45;45;45;45;45;45;45;45;45;45;45;45;45;45;45;45;45;45;45;45;45;45;45;75;45;45;45,48,0.020833333333333332,0,0,0,0,,,0,0,,0,,,19.89376736111111,35.14363325897794,0.9269951061786575,3ec2694ebbf99af8302a30475c4e1470104a12710b0f5bbc339cb50c091e232a
m7_v1_development_m7g1_seed710701,m7v1d-m7g1-710701,M7G1,710701,1,command_conditioned_risk_roi,medium,33509,32890,0.9815273508609628,45;45;45;45;45;45;45;45;45;45;45;45;45;45;45;45;45;45;45;45;45;45;45;45;45;45;45;45;45;45;45;45;45;45;45;45;45;45;45;45;45;45;45;45;75;45;45;45,48,0.020833333333333332,0,0,0,0,,,0,0,,0,,,19.89376736111111,35.14363325897794,0.9269951061786575,ccb4fa5078469a8e720e503170bf16aa9abfb7b7bd55bd8b3fc425637984ab0c
m7_v1_development_m7g1_seed710701,m7v1d-m7g1-710701,M7G1,710701,1,v2_global_only,medium,33509,32885,0.9813781372168671,45;55;45;45;45;45;45;45;55;55;55;55;55;45;45;45;45;55;45;45;45;45;55;45;45;45;45;65;45;45;45;45;45;45;45;45;45;45;45;45;45;45;45;45;45;55;45;45,48,0.20833333333333334,0,0,0,0,,,0,0,,0,,,19.233229166666668,35.29028154553039,0.9291600568287691,8725fca5e0b68005ecaa23e4766ba211ab38982b44038a18cec523a5e1e1d99f
m7_v1_development_m7g1_seed710701,m7v1d-m7g1-710701,M7G1,710701,1,v2_visible_edges,medium,33509,32885,0.9813781372168671,45;45;45;45;45;45;45;45;45;45;45;45;45;45;45;55;45;45;45;45;45;45;45;45;55;45;45;55;45;45;45;45;45;45;45;45;45;45;45;45;45;45;45;45;45;65;45;45,48,0.08333333333333333,0,0,0,0,,,0,0,,0,,,19.44519097222222,35.24268148135008,0.9276201186152878,3068d37ad5216fda3bec01472fb045d0d06e70ffc9b34f6b55f8a06d9d304d51
m7_v1_development_m7g1_seed710701,m7v1d-m7g1-710701,M7G1,710701,1,v2_corridor_edges,medium,33509,32885,0.9813781372168671,45;45;45;45;45;45;45;45;45;45;45;45;45;45;45;45;45;45;45;45;45;45;45;45;45;45;45;55;45;45;45;45;45;45;45;45;45;45;45;45;45;45;45;65;55;45;45;45,48,0.0625,0,0,0,0,,,0,0,,0,,,19.64342013888889,35.19863255312525,0.927151762999748,f1d2efa3e02450a320be51a47453503a8ef88fbbe5e760a0d51c572d4f10ed39
m7_v1_development_m7g1_seed710701,m7v1d-m7g1-710701,M7G1,710701,1,state_only_risk_roi,high,34871,33768,0.9683691319434488,65;65;65;65;65;65;65;65;65;65;65;65;65;65;65;65;65;65;65;65;65;65;65;65;65;65;65;65;65;65;65;65;65;65;65;65;65;65;65;65;65;65;65;65;95;65;65;65,48,0.020833333333333332,0,0,0,0,,,0,0,,0,,,13.104253472222222,36.95668075923272,0.9451286554461401,87a2b89faac977610c609d2a26efe7c1eeb43c96c42b48c4a4e1b1e39b15fb2f
m7_v1_development_m7g1_seed710701,m7v1d-m7g1-710701,M7G1,710701,1,command_conditioned_risk_roi,high,34871,33777,0.9686272260617705,65;65;65;65;65;65;65;65;65;65;65;65;65;65;65;65;65;65;65;65;65;65;65;65;65;65;65;65;65;65;65;65;65;65;65;65;65;65;65;65;65;65;65;65;95;65;65;65,48,0.020833333333333332,0,0,0,0,,,0,0,,0,,,13.104253472222222,36.95668075923272,0.9451286554461401,4f8624d5b20f47ae4c16b34773db55c11360a8369cef6a4b6beeafb44e56b3eb
m7_v1_development_m7g1_seed710701,m7v1d-m7g1-710701,M7G1,710701,1,v2_global_only,high,34871,33772,0.9684838404404806,65;65;65;75;75;65;75;75;75;65;75;65;65;65;65;65;75;75;65;65;65;75;65;65;75;65;65;65;65;65;65;65;65;65;65;65;65;65;65;65;75;75;75;75;75;75;75;75,48,0.375,0,0,0,0,,,0,0,,0,,,12.092552083333333,37.30562394271502,0.947892151864727,03a5bb9ed3a49f6449550e7a8423a1a70882b1d80054becc139f3e05c179f564
m7_v1_development_m7g1_seed710701,m7v1d-m7g1-710701,M7G1,710701,1,v2_visible_edges,high,34871,33772,0.9684838404404806,65;65;65;75;65;65;75;65;65;65;65;65;65;65;65;75;75;65;65;65;65;65;65;65;65;65;65;65;65;75;65;75;75;65;65;65;75;65;65;65;65;75;75;75;75;75;75;75,48,0.3125,0,0,0,0,,,0,0,,0,,,12.267690972222223,37.243175334620126,0.9467289062435654,eb67c093f009319e844203ff50d04a10d9ca06fc2940293d07d12499a8f730df
m7_v1_development_m7g1_seed710701,m7v1d-m7g1-710701,M7G1,710701,1,v2_corridor_edges,high,34871,33771,0.9684551633162226,65;65;75;75;75;75;75;75;65;65;75;75;65;65;65;65;75;75;65;65;65;75;65;65;75;65;65;65;65;75;65;65;65;65;65;65;65;65;65;65;75;75;75;65;75;75;75;75,48,0.4166666666666667,0,0,0,0,,,0,0,,0,,,12.17970486111111,37.27443596277443,0.9479952189844197,c39b091ab882124796e20eb09eae3d6eddc70403e1041544f650b4c3e9d5f2af
m7_v1_development_m7g1_seed710701,m7v1d-m7g1-710701,M7G1,710701,2,state_only_risk_roi,severe,31466,31326,0.9955507531939236,1;1;1;1;1;1;1;1;1;1;1;1;1;1;1;1;1;1;1;1;1;1;1;1;1;1;1;1;1;1;1;1;1;1;1;1;15;1;1;1;1;1;1;1;15;1;1;1,2,0.041666666666666664,0,0,0,0,,,0,0,,0,,,497.0784548611111,21.16655421180349,0.6898910140225921,cc0361b58daf9a02067bfa27a5e0b2693367d40a85773ff607472b9f069334ce
m7_v1_development_m7g1_seed710701,m7v1d-m7g1-710701,M7G1,710701,2,command_conditioned_risk_roi,severe,31466,31335,0.9958367762028857,1;1;1;1;1;1;1;1;1;1;1;1;1;1;1;1;1;1;1;1;1;1;1;1;1;1;1;1;1;1;1;1;1;1;1;1;15;1;1;1;1;1;1;1;15;1;1;1,2,0.041666666666666664,0,0,0,0,,,0,0,,0,,,497.0784548611111,21.16655421180349,0.6898910140225921,7603aa1b73a4b270bd234a7dc8637eb406dd20bfc189d1a81b7a9e4db8cedd28
m7_v1_development_m7g1_seed710701,m7v1d-m7g1-710701,M7G1,710701,2,v2_global_only,severe,31466,31330,0.99567787453124,1;1;1;1;1;1;1;1;1;1;1;1;1;1;1;5;5;5;1;5;5;5;1;1;1;1;1;1;1;5;1;5;1;1;1;1;5;1;1;1;1;1;1;5;5;5;1;1,12,0.25,0,0,0,0,,,0,0,,0,,,443.6616319444444,21.660284885076813,0.6949213687011319,aba3db26edf7c9a31aaaa89ea4063ddc8a94046acfd04dc3ef8d763d384ad3a0
m7_v1_development_m7g1_seed710701,m7v1d-m7g1-710701,M7G1,710701,2,v2_visible_edges,severe,31466,31330,0.99567787453124,1;1;1;1;1;1;1;1;1;1;1;1;1;1;1;1;1;5;1;1;1;1;1;1;1;1;1;1;5;5;5;1;1;1;1;1;5;1;1;1;1;1;1;1;5;5;1;1,7,0.14583333333333334,0,0,0,0,,,0,0,,0,,,450.6956597222222,21.591969851083704,0.6912481819630317,2889de51f65c0a28d69af2991b7e279becd5cf676d42adb67d7b9b1e6aac3a8d
m7_v1_development_m7g1_seed710701,m7v1d-m7g1-710701,M7G1,710701,2,v2_corridor_edges,severe,31466,31329,0.995646094196911,1;1;1;1;1;1;1;1;1;1;1;1;1;1;1;5;5;5;1;1;5;5;1;1;1;1;1;1;1;5;1;5;1;1;1;1;5;1;1;1;1;1;1;5;5;5;1;1,11,0.22916666666666666,0,0,0,0,,,0,0,,0,,,444.92895833333336,21.647896880146913,0.6947284184119528,97147e3404805dc47aa414cb9778b40e63f102194b8faf207e1bc178d2e6ff92
m7_v1_development_m7g1_seed710701,m7v1d-m7g1-710701,M7G1,710701,2,state_only_risk_roi,low,32374,32326,0.9985173287205782,25;25;25;25;25;25;25;25;25;25;25;25;25;25;25;25;25;25;25;25;25;25;25;25;25;25;25;25;25;25;25;25;25;25;25;25;55;25;25;25;25;25;25;25;55;25;25;25,48,0.041666666666666664,0,0,0,0,,,0,0,,0,,,30.656024305555555,33.26564529139982,0.8913208876333863,dc4df07b57f10102e8b0700985e00d12ee49143db4375a249a47a64747111337
m7_v1_development_m7g1_seed710701,m7v1d-m7g1-710701,M7G1,710701,2,command_conditioned_risk_roi,low,32374,32335,0.9987953295854698,25;25;25;25;25;25;25;25;25;25;25;25;25;25;25;25;25;25;25;25;25;25;25;25;25;25;25;25;25;25;25;25;25;25;25;25;55;25;25;25;25;25;25;25;55;25;25;25,48,0.041666666666666664,0,0,0,0,,,0,0,,0,,,30.656024305555555,33.26564529139982,0.8913208876333863,d233423f046f71d4b22c758eab34dbc3d93a558ea21654549b2e3ed8541fdca3
m7_v1_development_m7g1_seed710701,m7v1d-m7g1-710701,M7G1,710701,2,v2_global_only,low,32374,32330,0.99864088466053,25;35;35;35;25;35;25;25;25;25;25;25;25;25;25;25;25;25;25;25;35;25;25;25;35;35;25;25;25;35;25;25;25;35;25;25;25;25;25;25;25;25;25;25;25;25;25;25,48,0.1875,0,0,0,0,,,0,0,,0,,,28.48515625,33.58461754827478,0.8939773461393861,62e3981a221451c549c7e8a671881410170160659a6ccb7924b4af7c78bd369d
m7_v1_development_m7g1_seed710701,m7v1d-m7g1-710701,M7G1,710701,2,v2_visible_edges,low,32374,32330,0.99864088466053,25;35;35;35;25;35;25;25;25;25;25;35;25;25;25;25;35;25;25;35;25;25;25;25;25;25;25;25;25;25;25;25;35;35;25;25;25;25;25;25;25;25;25;45;35;25;25;25,48,0.22916666666666666,0,0,0,0,,,0,0,,0,,,29.601701388888888,33.41763687559953,0.895233037475975,629d6850bf3495def27b1545a2493e84e2efb43a6d3d1909b043b7fe6604ac39
m7_v1_development_m7g1_seed710701,m7v1d-m7g1-710701,M7G1,710701,2,v2_corridor_edges,low,32374,32330,0.99864088466053,25;35;35;35;25;35;25;25;25;35;25;35;25;25;25;25;25;25;25;25;25;25;25;25;25;35;25;25;25;25;25;25;25;35;25;25;35;25;25;25;25;25;25;25;55;25;25;25,48,0.20833333333333334,0,0,0,0,,,0,0,,0,,,29.453194444444446,33.43947956333635,0.8938805318007267,d0977c9e69488c8d5fbbe78b6a3e3b2e36daee37d6221b59653f795078c9272d
m7_v1_development_m7g1_seed710701,m7v1d-m7g1-710701,M7G1,710701,2,state_only_risk_roi,medium,33509,33050,0.9863021874720225,45;45;45;45;45;45;45;45;45;45;45;45;45;45;45;45;45;45;45;45;45;45;45;45;45;45;45;45;45;45;45;45;45;45;45;45;75;45;45;45;45;45;45;45;75;45;45;45,48,0.041666666666666664,0,0,0,0,,,0,0,,0,,,18.36078125,35.49189204408708,0.9248577345982603,c517d62f87ce72ca96c7f42e8e60bb9590554f5dea6fd2b1c1d3e19d45f18fed
m7_v1_development_m7g1_seed710701,m7v1d-m7g1-710701,M7G1,710701,2,command_conditioned_risk_roi,medium,33509,33059,0.9865707720313945,45;45;45;45;45;45;45;45;45;45;45;45;45;45;45;45;45;45;45;45;45;45;45;45;45;45;45;45;45;45;45;45;45;45;45;45;75;45;45;45;45;45;45;45;75;45;45;45,48,0.041666666666666664,0,0,0,0,,,0,0,,0,,,18.36078125,35.49189204408708,0.9248577345982603,4fd24991595e4303ee98f1b16926c17492f118d97a3e5341ca38eb7db2dfcc52
m7_v1_development_m7g1_seed710701,m7v1d-m7g1-710701,M7G1,710701,2,v2_global_only,medium,33509,33054,0.986421558387299,45;45;55;45;45;45;45;55;45;55;55;65;45;45;55;45;45;55;55;55;45;45;45;45;55;45;65;45;55;55;55;45;55;45;45;45;45;45;45;45;55;45;45;45;45;45;45;45,48,0.3333333333333333,0,0,0,0,,,0,0,,0,,,17.18387152777778,35.77959343763355,0.9255627642493778,12aee6369c2b02ced6585ed538fe45a97ea006a0708ad00322d349c273326e1c
m7_v1_development_m7g1_seed710701,m7v1d-m7g1-710701,M7G1,710701,2,v2_visible_edges,medium,33509,33054,0.986421558387299,45;45;45;45;45;45;45;55;45;55;55;55;45;45;55;65;45;55;55;55;45;55;45;45;55;55;65;45;45;45;45;45;45;45;45;45;55;45;45;45;45;45;45;45;55;45;45;45,48,0.3125,0,0,0,0,,,0,0,,0,,,17.65703125,35.66162675223515,0.9254546337971782,b412097778125f31036a8975e27a1e8f586e11f81bd35bb720e8c77835e5c2c2
m7_v1_development_m7g1_seed710701,m7v1d-m7g1-710701,M7G1,710701,2,v2_corridor_edges,medium,33509,33054,0.986421558387299,45;45;55;45;45;45;45;55;45;55;65;65;45;45;55;45;45;45;55;45;45;45;45;45;55;45;65;45;55;55;55;45;55;45;45;45;55;45;45;45;55;45;45;45;55;45;45;45,48,0.3333333333333333,0,0,0,0,,,0,0,,0,,,17.3421875,35.73976483456662,0.9251431040483095,da2f736a4ed1131e8cfa21c902f4c47e5276c894c3175d6e6aa270c91ec2f72a
m7_v1_development_m7g1_seed710701,m7v1d-m7g1-710701,M7G1,710701,2,state_only_risk_roi,high,34871,33950,0.9735883685584009,65;65;65;65;65;65;65;65;65;65;65;65;65;65;65;65;65;65;65;65;65;65;65;65;65;65;65;65;65;65;65;65;65;65;65;65;95;65;65;65;65;65;65;65;95;65;65;65,48,0.041666666666666664,0,0,0,0,,,0,0,,0,,,13.8146875,36.72739295615423,0.9401641951623695,2c58650a78b276f1afeaf9f318e5778673760bedaa2ca54028e31c66c209e1cd
m7_v1_development_m7g1_seed710701,m7v1d-m7g1-710701,M7G1,710701,2,command_conditioned_risk_roi,high,34871,33959,0.9738464626767228,65;65;65;65;65;65;65;65;65;65;65;65;65;65;65;65;65;65;65;65;65;65;65;65;65;65;65;65;65;65;65;65;65;65;65;65;95;65;65;65;65;65;65;65;95;65;65;65,48,0.041666666666666664,0,0,0,0,,,0,0,,0,,,13.8146875,36.72739295615423,0.9401641951623695,d16d32302cb64a1cc04d6ae860aacf6b767e180837b2016d6bdd47d0f4a922ca
m7_v1_development_m7g1_seed710701,m7v1d-m7g1-710701,M7G1,710701,2,v2_global_only,high,34871,33953,0.9736743999311749,65;75;75;75;75;75;65;65;75;65;65;65;65;65;75;65;75;75;75;75;75;65;65;75;75;75;75;75;75;75;75;75;75;75;65;75;75;75;75;65;65;65;65;75;65;65;65;75,48,0.6041666666666666,0,0,0,0,,,0,0,,0,,,12.444704861111111,37.180957595384655,0.9438439956922192,8992ec6590660f6c6e0f9fdb60328c60c5a8371535eeb8d3cff645a61da6b216
m7_v1_development_m7g1_seed710701,m7v1d-m7g1-710701,M7G1,710701,2,v2_visible_edges,high,34871,33954,0.9737030770554329,75;75;75;75;75;75;65;65;75;65;65;65;65;65;65;75;65;75;65;75;65;75;65;75;75;65;65;75;65;65;75;65;75;95;65;65;75;65;65;65;65;65;65;75;75;65;65;65,48,0.4166666666666667,0,0,0,0,,,0,0,,0,,,12.998246527777777,36.99195591228226,0.9422427861244039,7b44803164a32d56009adcf5e912bc378f175c6148af585a55371c6da38647fc
m7_v1_development_m7g1_seed710701,m7v1d-m7g1-710701,M7G1,710701,2,v2_corridor_edges,high,34871,33954,0.9737030770554329,75;75;75;75;75;75;75;65;75;65;65;65;75;65;75;65;75;75;75;75;75;65;65;75;75;75;75;75;75;75;75;75;75;75;65;65;65;75;75;65;65;65;65;75;75;65;65;65,48,0.625,0,0,0,0,,,0,0,,0,,,12.51329861111111,37.15708552392051,0.9431705741318389,41a7bc5409365ddeee5b69748ff2ddd7a04ea44b446dbe0d99646da5069dbdb9
m7_v1_development_m7g1_seed710701,m7v1d-m7g1-710701,M7G1,710701,3,state_only_risk_roi,severe,31466,31403,0.9979978389372656,5;5;5;5;5;5;5;5;5;5;5;5;5;5;5;5;5;5;5;5;5;5;5;5;5;5;5;5;5;5;5;5;5;5;5;5;35;5;5;5;5;5;5;5;5;5;5;5,48,0.020833333333333332,0,0,0,0,,,0,0,,0,,,185.87335069444444,25.438632329356384,0.7527040592077575,161d2f0526e121576b2caaa4241e01cfb2eeef5b6f66460d1e0215ec40d2416a
m7_v1_development_m7g1_seed710701,m7v1d-m7g1-710701,M7G1,710701,3,command_conditioned_risk_roi,severe,31466,31412,0.9982838619462276,5;5;5;5;5;5;5;5;5;5;5;5;5;5;5;5;5;5;5;5;5;5;5;5;5;5;5;5;5;5;5;5;5;5;5;5;35;5;5;5;5;5;5;5;5;5;5;5,48,0.020833333333333332,0,0,0,0,,,0,0,,0,,,185.87335069444444,25.438632329356384,0.7527040592077575,ab0ffd8c977e93aabcc216c771248baaa7d0e45e4d55676a35d8f7061dacb8a1
m7_v1_development_m7g1_seed710701,m7v1d-m7g1-710701,M7G1,710701,3,v2_global_only,severe,31466,31406,0.9980931799402529,15;15;15;25;15;15;25;15;15;15;15;5;15;5;15;5;5;5;5;5;5;5;5;5;5;5;5;5;5;5;5;5;5;5;5;5;5;15;15;5;15;15;15;5;5;5;5;5,48,0.375,0,0,0,0,,,0,0,,0,,,155.09993055555555,26.224687575052776,0.7540575648370832,dd3b3e32eb8449ad3f7d456817c1d2a8acd34304916c5296a921b0cc8dc8b319
m7_v1_development_m7g1_seed710701,m7v1d-m7g1-710701,M7G1,710701,3,v2_visible_edges,severe,31466,31407,0.9981249602745821,15;15;15;15;15;15;25;15;15;15;15;5;15;5;15;5;5;5;5;5;5;5;5;5;5;5;5;5;5;5;5;5;15;5;5;5;5;5;15;5;15;5;5;5;5;5;5;5,48,0.3333333333333333,0,0,0,0,,,0,0,,0,,,159.8305902777778,26.09420457495576,0.7467771811729965,6b6015e5085b50836c888261da940d1274c19fb3200aae19211fa87ab7fb7d06
m7_v1_development_m7g1_seed710701,m7v1d-m7g1-710701,M7G1,710701,3,v2_corridor_edges,severe,31466,31407,0.9981249602745821,15;15;15;15;15;15;15;15;15;15;15;5;15;5;15;5;5;5;5;5;5;5;5;5;5;5;5;5;5;5;5;5;5;5;5;5;5;15;15;5;15;15;15;5;5;5;5;5,48,0.375,0,0,0,0,,,0,0,,0,,,155.80524305555556,26.20498292693219,0.7539284811379847,54f68b18bf0f7fe5006a400b5194814e0b73fdf0f388509fdad4ad0cb1efe657
m7_v1_development_m7g1_seed710701,m7v1d-m7g1-710701,M7G1,710701,3,state_only_risk_roi,low,32374,32247,0.99607709890653,25;25;25;25;25;25;25;25;25;25;25;25;25;25;25;25;25;25;25;25;25;25;25;25;25;25;25;25;25;25;25;25;25;25;25;25;55;25;25;25;25;25;25;25;25;25;25;25,48,0.020833333333333332,0,0,0,0,,,0,0,,0,,,31.73154513888889,33.1158914067563,0.8886344821264015,6139e3fcbf3a64329c17b7c025fbab7f0ad0532a95a0c3856c1be20793eedb10
m7_v1_development_m7g1_seed710701,m7v1d-m7g1-710701,M7G1,710701,3,command_conditioned_risk_roi,low,32374,32256,0.9963550997714216,25;25;25;25;25;25;25;25;25;25;25;25;25;25;25;25;25;25;25;25;25;25;25;25;25;25;25;25;25;25;25;25;25;25;25;25;55;25;25;25;25;25;25;25;25;25;25;25,48,0.020833333333333332,0,0,0,0,,,0,0,,0,,,31.73154513888889,33.1158914067563,0.8886344821264015,d443be299e9a6a9b4f05633a2295df17f384d46fb95ad20a3856f6d5f1637834
m7_v1_development_m7g1_seed710701,m7v1d-m7g1-710701,M7G1,710701,3,v2_global_only,low,32374,32250,0.9961697658614938,25;25;25;35;25;25;25;25;25;25;25;25;25;25;25;25;25;35;25;25;25;25;25;25;25;25;35;35;25;25;25;25;25;25;25;25;25;25;25;25;25;25;25;25;25;25;25;25,48,0.08333333333333333,0,0,0,0,,,0,0,,0,,,30.187170138888888,33.33257958367123,0.8904523791891698,9000515e22389cbec6a5e38180fa12d6e311016b18a09582510c9522d31bfdd5
m7_v1_development_m7g1_seed710701,m7v1d-m7g1-710701,M7G1,710701,3,v2_visible_edges,low,32374,32250,0.9961697658614938,25;25;25;35;25;25;25;25;25;35;25;25;25;25;25;35;25;25;25;25;25;25;25;25;25;25;25;35;25;25;25;25;35;25;25;25;35;25;25;25;25;25;25;25;25;25;25;25,48,0.125,0,0,0,0,,,0,0,,0,,,30.815920138888888,33.24305220919472,0.8904477685967921,e93973edf890f30af84e7a8cfd1befb795e6d19b9dc8c012f2456484e78a2cd5
m7_v1_development_m7g1_seed710701,m7v1d-m7g1-710701,M7G1,710701,3,v2_corridor_edges,low,32374,32250,0.9961697658614938,25;25;25;25;25;25;25;25;25;25;25;25;25;25;25;25;25;25;25;25;25;25;25;25;25;25;35;35;25;25;25;25;25;25;25;25;35;25;25;25;25;25;25;25;25;25;25;25,48,0.0625,0,0,0,0,,,0,0,,0,,,30.41685763888889,33.299660157328596,0.8898203894941159,4e065119eda60d4969d078a44805da8a775020ab14b8cbbc8a8bc799e2aadb04
m7_v1_development_m7g1_seed710701,m7v1d-m7g1-710701,M7G1,710701,3,state_only_risk_roi,medium,33509,32965,0.983765555522397,45;45;45;45;45;45;45;45;45;45;45;45;45;45;45;45;45;45;45;45;45;45;45;45;45;45;45;45;45;45;45;45;45;45;45;45;75;45;45;45;45;45;45;45;45;45;45;45,48,0.020833333333333332,0,0,0,0,,,0,0,,0,,,19.134774305555556,35.31257016775638,0.9240988807026178,d167d6c0354550f638fcee10a26867ced4a7eff07a2e525ebf1c49794266b5b5
m7_v1_development_m7g1_seed710701,m7v1d-m7g1-710701,M7G1,710701,3,command_conditioned_risk_roi,medium,33509,32974,0.984034140081769,45;45;45;45;45;45;45;45;45;45;45;45;45;45;45;45;45;45;45;45;45;45;45;45;45;45;45;45;45;45;45;45;45;45;45;45;75;45;45;45;45;45;45;45;45;45;45;45,48,0.020833333333333332,0,0,0,0,,,0,0,,0,,,19.134774305555556,35.31257016775638,0.9240988807026178,368df21ba5c6f1ed0bff869697a8d98fccca9d209e625b39210f8bfa42ecdd21
m7_v1_development_m7g1_seed710701,m7v1d-m7g1-710701,M7G1,710701,3,v2_global_only,medium,33509,32969,0.9838849264376734,45;55;45;45;45;45;55;45;55;55;55;55;55;55;45;45;45;45;45;45;45;45;45;45;45;45;45;55;45;65;65;45;45;45;45;45;45;45;45;45;45;45;55;45;45;45;45;45,48,0.25,0,0,0,0,,,0,0,,0,,,18.12720486111111,35.54749517995842,0.9257200073648705,a3b5b8ff927568570157beb26893dd725e418f9ec7ff3dad8014ed937502e55e
m7_v1_development_m7g1_seed710701,m7v1d-m7g1-710701,M7G1,710701,3,v2_visible_edges,medium,33509,32969,0.9838849264376734,45;45;45;45;45;45;45;45;45;45;45;55;45;45;45;55;45;55;45;45;45;45;45;45;45;55;45;45;45;65;65;45;45;45;45;45;45;45;45;45;45;45;45;45;45;45;45;45,48,0.125,0,0,0,0,,,0,0,,0,,,18.34454861111111,35.495733309637586,0.923688428415201,66c39c01c1eed6aab58bc56ff742db0de477838b08060a030b6f6a65c7619d17
m7_v1_development_m7g1_seed710701,m7v1d-m7g1-710701,M7G1,710701,3,v2_corridor_edges,medium,33509,32969,0.9838849264376734,45;45;45;45;45;45;45;45;55;55;55;55;55;55;45;45;45;45;45;45;45;45;45;45;45;45;45;55;45;65;65;45;45;45;45;45;45;45;45;45;45;45;55;45;45;45;45;45,48,0.20833333333333334,0,0,0,0,,,0,0,,0,,,18.153559027777778,35.541185791762175,0.9256627571912807,376ed51c5ed0ffcc983a6458e996eb39847fc959a10149975d7d4fb617ad2b4f
m7_v1_development_m7g1_seed710701,m7v1d-m7g1-710701,M7G1,710701,3,state_only_risk_roi,high,34871,33762,0.9681970691979008,65;65;65;65;65;65;65;65;65;65;65;65;65;65;65;65;65;65;65;65;65;65;65;65;65;65;65;65;65;65;65;65;65;65;65;65;95;65;65;65;65;65;65;65;65;65;65;65,48,0.020833333333333332,0,0,0,0,,,0,0,,0,,,13.174565972222222,36.933440443058146,0.9420317393428688,f8e3bfbf69f10ec645c02b0f47d9d90537898e2d3a4bc5bce4a41141cf598e6d
m7_v1_development_m7g1_seed710701,m7v1d-m7g1-710701,M7G1,710701,3,command_conditioned_risk_roi,high,34871,33771,0.9684551633162226,65;65;65;65;65;65;65;65;65;65;65;65;65;65;65;65;65;65;65;65;65;65;65;65;65;65;65;65;65;65;65;65;65;65;65;65;95;65;65;65;65;65;65;65;65;65;65;65,48,0.020833333333333332,0,0,0,0,,,0,0,,0,,,13.174565972222222,36.933440443058146,0.9420317393428688,62c1917ed587cdcacca5d6f2a542664919058badcd78908137a4aceafd3d6816
m7_v1_development_m7g1_seed710701,m7v1d-m7g1-710701,M7G1,710701,3,v2_global_only,high,34871,33766,0.9683117776949327,65;65;75;75;75;65;75;75;65;65;65;65;65;75;65;65;75;65;65;65;65;75;65;65;75;75;75;75;65;65;75;75;75;65;65;65;65;65;65;65;65;65;65;65;65;65;65;65,48,0.3125,0,0,0,0,,,0,0,,0,,,12.342430555555556,37.21679668518887,0.9436466972023911,7f08fa17b02fd8453655806ce7f9e93951683659f1ab0239a9dfb7f588c16260
m7_v1_development_m7g1_seed710701,m7v1d-m7g1-710701,M7G1,710701,3,v2_visible_edges,high,34871,33765,0.9682831005706748,65;75;75;75;75;65;75;75;65;65;75;65;65;75;65;75;75;65;65;65;65;75;75;65;75;65;65;75;65;65;75;65;75;65;65;65;65;65;65;65;65;65;65;75;75;65;65;65,48,0.375,0,0,0,0,,,0,0,,0,,,12.461649305555556,37.17504835647539,0.943677301019542,d14c068306fd86b2a8157e1825cbf9d263381aff37b94157d663849c0988faf0
m7_v1_development_m7g1_seed710701,m7v1d-m7g1-710701,M7G1,710701,3,v2_corridor_edges,high,34871,33766,0.9683117776949327,65;75;75;75;75;65;75;75;75;65;75;65;75;75;65;65;75;65;65;65;65;75;65;65;75;75;75;75;65;65;65;75;75;65;65;65;65;65;65;65;65;65;65;65;75;65;65;65,48,0.3958333333333333,0,0,0,0,,,0,0,,0,,,12.365920138888889,37.208539234399616,0.9437196873500652,b6a5a5d6c5838fc4b238fffb114892c9e79612908b2c23bd333d33f27148decf
m7_v1_development_m7g2_seed710800,m7v1d-m7g2-710800,M7G2,710800,0,state_only_risk_roi,severe,31466,31431,0.9988876882984808,5;5;5;5;5;5;5;5;5;5;5;5;5;5;5;5;5;5;5;5;5;5;5;5;5;5;5;5;5;5;5;5;5;5;5;5;5;5;5;5;5;5;5;5;35;5;5;5,48,0.020833333333333332,0,0,0,0,,,0,0,,0,,,209.12664930555556,24.926709817618843,0.7448943896261714,efd404ac997acc070f75c1ba83cb6cdc01adb5c66f25264f547fc4ae6182c81f
m7_v1_development_m7g2_seed710800,m7v1d-m7g2-710800,M7G2,710800,0,command_conditioned_risk_roi,severe,31466,31440,0.9991737113074429,5;5;5;5;5;5;5;5;5;5;5;5;5;5;5;5;5;5;5;5;5;5;5;5;5;5;5;5;5;5;5;5;5;5;5;5;5;5;5;5;5;5;5;5;35;5;5;5,48,0.020833333333333332,0,0,0,0,,,0,0,,0,,,209.12664930555556,24.926709817618843,0.7448943896261714,682728716b85a7a73984bbdb61ebcb07c94a9cec05c33162b1a0c6f68320d411
m7_v1_development_m7g2_seed710800,m7v1d-m7g2-710800,M7G2,710800,0,v2_global_only,severe,31466,31434,0.9989830293014682,15;15;15;15;15;15;25;15;15;15;15;5;15;5;15;5;5;5;5;5;5;5;5;5;5;5;5;5;5;5;5;5;5;5;5;5;5;5;5;5;5;5;5;5;5;5;15;5,48,0.2916666666666667,0,0,0,0,,,0,0,,0,,,186.96017361111112,25.41331258197943,0.7405789192783366,5ed27f685bee3693ffbd7439895b357c3a74db7898b5b8cb7ec85b56a5dbad04
m7_v1_development_m7g2_seed710800,m7v1d-m7g2-710800,M7G2,710800,0,v2_visible_edges,severe,31466,31434,0.9989830293014682,15;15;15;15;15;15;25;15;15;15;5;5;15;5;5;5;5;5;5;5;5;5;5;5;5;5;5;5;5;5;5;5;5;5;5;5;5;5;5;5;5;5;5;5;15;5;15;5,48,0.2708333333333333,0,0,0,0,,,0,0,,0,,,188.69204861111112,25.37326761270419,0.7354977622809727,633a5d985be97d88b1f40d951808aa12d531d0e5226bdbac796935bdb6cbc111
m7_v1_development_m7g2_seed710800,m7v1d-m7g2-710800,M7G2,710800,0,v2_corridor_edges,severe,31466,31435,0.9990148096357974,15;15;15;15;15;15;25;15;15;15;5;5;15;5;5;5;5;5;5;5;5;5;5;5;5;5;5;5;5;5;5;5;5;5;5;5;5;5;5;5;5;5;5;5;15;5;15;5,48,0.2708333333333333,0,0,0,0,,,0,0,,0,,,188.69204861111112,25.37326761270419,0.7354977622809727,565a002a14168ef37da97063eed2c8e026a0c2039d7e3c2933b8aa1156d30f12
m7_v1_development_m7g2_seed710800,m7v1d-m7g2-710800,M7G2,710800,0,state_only_risk_roi,low,32374,32263,0.9965713226663372,25;25;25;25;25;25;25;25;25;25;25;25;25;25;25;25;25;25;25;25;25;25;25;25;25;25;25;25;25;25;25;25;25;25;25;25;25;25;25;25;25;25;25;25;55;25;25;25,48,0.020833333333333332,0,0,0,0,,,0,0,,0,,,35.22394097222222,32.66242416200328,0.8886465981938804,213e8b2dc5c36fc50d4607f4d2026f1c26a1de6680910c97d974efc01c97980e
m7_v1_development_m7g2_seed710800,m7v1d-m7g2-710800,M7G2,710800,0,command_conditioned_risk_roi,low,32374,32272,0.9968493235312288,25;25;25;25;25;25;25;25;25;25;25;25;25;25;25;25;25;25;25;25;25;25;25;25;25;25;25;25;25;25;25;25;25;25;25;25;25;25;25;25;25;25;25;25;55;25;25;25,48,0.020833333333333332,0,0,0,0,,,0,0,,0,,,35.22394097222222,32.66242416200328,0.8886465981938804,87bd86f2f584b12ccf3927ca1b358f8387b0a5d3adb6ab0395433f2d5854e783
m7_v1_development_m7g2_seed710800,m7v1d-m7g2-710800,M7G2,710800,0,v2_global_only,low,32374,32267,0.996694878606289,25;25;35;35;25;25;25;25;25;35;25;25;25;25;25;25;25;25;25;25;25;25;25;25;25;25;35;35;25;25;25;25;25;25;25;25;25;25;25;25;25;25;25;25;25;25;25;35,48,0.125,0,0,0,0,,,0,0,,0,,,33.54555555555555,32.87445372147027,0.8906680078264954,8a0ee9ae6c7ca040611e1d4ed529b3885a79c8d459ca7750d137e96cd8903608
m7_v1_development_m7g2_seed710800,m7v1d-m7g2-710800,M7G2,710800,0,v2_visible_edges,low,32374,32267,0.996694878606289,25;25;25;35;25;25;25;25;25;35;25;25;25;25;25;25;25;35;25;25;25;25;25;25;25;25;35;25;25;25;25;25;25;25;25;25;35;25;25;25;25;25;25;25;25;25;25;25,48,0.10416666666666667,0,0,0,0,,,0,0,,0,,,34.23696180555555,32.785851425270906,0.8892878457447996,d08b50cf758d8c4a5ffc88d3c819a18a4a7d15bccbfa89a32ae37159e614e053
m7_v1_development_m7g2_seed710800,m7v1d-m7g2-710800,M7G2,710800,0,v2_corridor_edges,low,32374,32267,0.996694878606289,25;25;25;35;25;25;25;25;25;25;25;25;25;25;25;25;25;25;25;25;25;25;25;25;25;25;25;25;25;25;25;25;25;25;25;25;25;25;25;25;25;25;25;45;25;25;25;25,48,0.041666666666666664,0,0,0,0,,,0,0,,0,,,34.86222222222222,32.707252939835264,0.888957317645812,00d98d6fc26f928e5d4a52ea536ad029d178eab057420f49497e02d5bdc5344d
m7_v1_development_m7g2_seed710800,m7v1d-m7g2-710800,M7G2,710800,0,state_only_risk_roi,medium,33509,32960,0.9836163418783014,45;45;45;45;45;45;45;45;45;45;45;45;45;45;45;45;45;45;45;45;45;45;45;45;45;45;45;45;45;45;45;45;45;45;45;45;45;45;45;45;45;45;45;45;75;45;45;45,48,0.020833333333333332,0,0,0,0,,,0,0,,0,,,22.609913194444445,34.58781465893013,0.9183063122721505,39178abe2d58c241b69ffbdf46b9623563b716fb0c01bfbfb9737fa607a20471
m7_v1_development_m7g2_seed710800,m7v1d-m7g2-710800,M7G2,710800,0,command_conditioned_risk_roi,medium,33509,32969,0.9838849264376734,45;45;45;45;45;45;45;45;45;45;45;45;45;45;45;45;45;45;45;45;45;45;45;45;45;45;45;45;45;45;45;45;45;45;45;45;45;45;45;45;45;45;45;45;75;45;45;45,48,0.020833333333333332,0,0,0,0,,,0,0,,0,,,22.609913194444445,34.58781465893013,0.9183063122721505,6711e4926b7bf187e9ab78bd469aab4f7bdeec265d9ce2a24137504f8a798dad
m7_v1_development_m7g2_seed710800,m7v1d-m7g2-710800,M7G2,710800,0,v2_global_only,medium,33509,32964,0.9837357127935779,45;45;45;45;45;45;45;45;55;55;55;55;55;45;45;45;45;45;45;45;45;45;45;55;45;45;45;45;45;55;45;55;55;45;45;45;55;55;45;55;45;45;45;45;45;45;45;45,48,0.25,0,0,0,0,,,0,0,,0,,,21.001128472222224,34.90837729177245,0.9210106014253837,8c433f20a8808021608732144663e88cc76742fa4a99912c8ba6e83d905db4ec
m7_v1_development_m7g2_seed710800,m7v1d-m7g2-710800,M7G2,710800,0,v2_visible_edges,medium,33509,32964,0.9837357127935779,45;45;45;45;45;45;45;45;45;45;45;55;45;45;45;55;45;45;45;45;45;45;45;65;45;45;45;45;45;55;45;45;55;45;45;45;45;55;45;55;45;45;45;45;45;45;45;45,48,0.14583333333333334,0,0,0,0,,,0,0,,0,,,21.334305555555556,34.8400184998843,0.9200552948369852,8142cbb20686d3060463577778619dee92b9a8dcda130bd1f69cb239aca9c564
m7_v1_development_m7g2_seed710800,m7v1d-m7g2-710800,M7G2,710800,0,v2_corridor_edges,medium,33509,32964,0.9837357127935779,45;45;45;45;45;45;45;45;45;55;45;55;45;45;45;45;45;45;45;45;45;45;45;55;45;45;45;45;45;45;45;55;45;45;45;45;55;55;45;45;45;45;45;55;45;45;45;45,48,0.14583333333333334,0,0,0,0,,,0,0,,0,,,21.379427083333333,34.83084297875446,0.919852586039276,37295b9a3aebc72913f8c23615a0541ab421d4f8995fe3df630fcec9acad9e8d
m7_v1_development_m7g2_seed710800,m7v1d-m7g2-710800,M7G2,710800,0,state_only_risk_roi,high,34871,33770,0.9684264861919647,65;65;65;65;65;65;65;65;65;65;65;65;65;65;65;65;65;65;65;65;65;65;65;65;65;65;65;65;65;65;65;65;65;65;65;65;65;65;65;65;65;65;65;65;95;65;65;65,48,0.020833333333333332,0,0,0,0,,,0,0,,0,,,14.836163194444444,36.417587590438465,0.9379965657971038,fbb4a026db105ca529fef03c6c52ede079bb765b7f839b00f46537b7a11c2938
m7_v1_development_m7g2_seed710800,m7v1d-m7g2-710800,M7G2,710800,0,command_conditioned_risk_roi,high,34871,33779,0.9686845803102865,65;65;65;65;65;65;65;65;65;65;65;65;65;65;65;65;65;65;65;65;65;65;65;65;65;65;65;65;65;65;65;65;65;65;65;65;65;65;65;65;65;65;65;65;95;65;65;65,48,0.020833333333333332,0,0,0,0,,,0,0,,0,,,14.836163194444444,36.417587590438465,0.9379965657971038,c880ac692211a85fee9e3ff1206a89e80c8e1db948bf2d9fb94e8ad473026829
m7_v1_development_m7g2_seed710800,m7v1d-m7g2-710800,M7G2,710800,0,v2_global_only,high,34871,33774,0.9685411946889966,65;65;65;75;75;65;75;75;75;65;65;65;65;65;65;75;75;75;65;65;65;65;65;75;65;75;75;65;75;75;75;75;65;65;65;65;65;65;65;65;65;65;65;65;65;75;65;65,48,0.3333333333333333,0,0,0,0,,,0,0,,0,,,13.060815972222223,36.971100506085186,0.9407385121170742,bdb95e8a1f29795ce14fe2d06b74d0bfe53cf3ae62a5565d9414737f58858909
m7_v1_development_m7g2_seed710800,m7v1d-m7g2-710800,M7G2,710800,0,v2_visible_edges,high,34871,33774,0.9685411946889966,65;65;65;75;75;65;75;75;65;65;65;65;65;65;65;75;75;65;65;65;65;65;65;75;65;65;65;75;75;75;75;75;65;65;65;65;65;65;75;75;65;65;65;65;65;65;65;65,48,0.2916666666666667,0,0,0,0,,,0,0,,0,,,13.238177083333333,36.91252174642986,0.939279971303185,75c2d1e65d6dba2cc3f7d4ed92217e2bf1096466b08c493eb20afb94555b1ca5
m7_v1_development_m7g2_seed710800,m7v1d-m7g2-710800,M7G2,710800,0,v2_corridor_edges,high,34871,33774,0.9685411946889966,65;75;65;75;75;65;75;75;75;65;75;65;65;65;65;75;75;75;65;65;65;65;65;75;65;75;65;65;65;75;75;75;65;65;65;65;65;65;65;65;65;65;65;75;75;65;65;65,48,0.3541666666666667,0,0,0,0,,,0,0,,0,,,13.11720486111111,36.95239059572364,0.9408027146444572,f86c519793adaee771d565ce4dab91cb18ba46011d23d109e5e87bbca162dc19
m7_v1_development_m7g2_seed710800,m7v1d-m7g2-710800,M7G2,710800,1,state_only_risk_roi,severe,31466,31406,0.9980931799402529,5;5;5;5;5;5;5;5;5;5;5;5;5;5;5;5;5;5;5;5;5;5;5;5;5;5;5;5;5;5;5;5;5;5;5;5;5;5;5;5;5;5;5;5;35;5;5;5,48,0.020833333333333332,0,0,0,0,,,0,0,,0,,,190.73585069444445,25.326480301950948,0.7668697415078892,b21196dda21b5012dc10f63723b1d8d168927032c3a18fd82dddeee3ac529ffe
m7_v1_development_m7g2_seed710800,m7v1d-m7g2-710800,M7G2,710800,1,command_conditioned_risk_roi,severe,31466,31417,0.9984427636178732,5;5;5;5;5;5;5;5;5;5;5;5;5;5;5;5;5;5;5;5;5;5;5;5;5;5;5;5;5;5;5;5;5;5;5;5;5;5;5;5;5;5;5;5;35;5;5;5,48,0.020833333333333332,0,0,0,0,,,0,0,,0,,,190.73585069444445,25.326480301950948,0.7668697415078892,01350d57def9fc2ea9597212b94c189ba60320fa5fd2a0dc48807609a3f7ea2c
m7_v1_development_m7g2_seed710800,m7v1d-m7g2-710800,M7G2,710800,1,v2_global_only,severe,31466,31411,0.9982520816118986,25;15;15;15;25;25;15;25;15;15;15;15;15;15;15;15;5;5;5;5;5;5;5;5;5;5;5;5;5;5;5;5;5;5;5;5;5;5;5;5;5;5;5;5;5;5;5;5,48,0.3333333333333333,0,0,0,0,,,0,0,,0,,,163.89690972222223,25.98509595846764,0.7768232450460474,b070fbc1e9846085a732e21bf4770509e6dd3df925a6053a84cee9ba202dfcbe
m7_v1_development_m7g2_seed710800,m7v1d-m7g2-710800,M7G2,710800,1,v2_visible_edges,severe,31466,31411,0.9982520816118986,15;15;15;15;15;15;15;15;5;15;5;5;5;5;15;15;5;5;5;5;5;5;5;5;5;5;5;5;5;5;5;5;15;5;5;5;15;5;5;5;5;5;5;5;15;5;5;5,48,0.2916666666666667,0,0,0,0,,,0,0,,0,,,172.28321180555557,25.76837401327222,0.75684996016511,e2d54652675c1c91cba0bedf830c823fb07d4e9d300115661ee554b25e3cd285
m7_v1_development_m7g2_seed710800,m7v1d-m7g2-710800,M7G2,710800,1,v2_corridor_edges,severe,31466,31411,0.9982520816118986,15;15;15;15;15;15;15;25;15;15;15;15;15;15;15;15;5;5;5;5;5;5;5;5;5;5;5;5;5;5;5;5;5;5;5;5;5;5;5;5;5;5;5;5;5;5;5;5,48,0.3333333333333333,0,0,0,0,,,0,0,,0,,,165.0234375,25.955347314778614,0.7743203052803675,b8688e05a854f9fdd51443fc305477c207b74728caa91e6d0bfe52a71fe4c26b
m7_v1_development_m7g2_seed710800,m7v1d-m7g2-710800,M7G2,710800,1,state_only_risk_roi,low,32374,32238,0.9957990980416384,25;25;25;25;25;25;25;25;25;25;25;25;25;25;25;25;25;25;25;25;25;25;25;25;25;25;25;25;25;25;25;25;25;25;25;25;25;25;25;25;25;25;25;25;55;25;25;25,48,0.020833333333333332,0,0,0,0,,,0,0,,0,,,33.75604166666667,32.8472884658469,0.9011646409601554,33d1efa16dbca951b5a226a796703646387eb893449626787a850f299bc226a9
m7_v1_development_m7g2_seed710800,m7v1d-m7g2-710800,M7G2,710800,1,command_conditioned_risk_roi,low,32374,32249,0.9961388768765058,25;25;25;25;25;25;25;25;25;25;25;25;25;25;25;25;25;25;25;25;25;25;25;25;25;25;25;25;25;25;25;25;25;25;25;25;25;25;25;25;25;25;25;25;55;25;25;25,48,0.020833333333333332,0,0,0,0,,,0,0,,0,,,33.75604166666667,32.8472884658469,0.9011646409601554,efb25dc7b82886ce2123358d33042dac53ea3047861648040c42a32aae62bca2
m7_v1_development_m7g2_seed710800,m7v1d-m7g2-710800,M7G2,710800,1,v2_global_only,low,32374,32243,0.9959535429665781,25;25;25;35;35;35;25;25;25;25;25;25;25;25;25;25;25;25;25;25;25;25;25;25;25;35;35;25;25;25;25;25;35;25;25;25;25;25;25;25;25;25;25;25;25;25;25;25,48,0.125,0,0,0,0,,,0,0,,0,,,32.39211805555556,33.02641014285162,0.9025077356445227,852d457db3d62fdc31fc1e238344c0e3a87b3f4209a41ff857bd1d548ce56046
m7_v1_development_m7g2_seed710800,m7v1d-m7g2-710800,M7G2,710800,1,v2_visible_edges,low,32374,32243,0.9959535429665781,25;25;25;25;25;35;25;25;25;25;25;25;25;25;25;25;25;25;25;25;25;25;25;25;25;25;35;25;25;25;25;25;35;25;35;35;25;25;25;25;25;25;25;25;35;25;25;25,48,0.125,0,0,0,0,,,0,0,,0,,,32.81880208333333,32.96957636012286,0.9018792727185868,05bc5de27ee5e62efa322ae30647631300acfb2972ee18862a35221759757cc1
m7_v1_development_m7g2_seed710800,m7v1d-m7g2-710800,M7G2,710800,1,v2_corridor_edges,low,32374,32243,0.9959535429665781,25;25;25;35;35;35;25;25;25;25;25;25;25;25;25;25;25;25;25;25;25;25;25;25;25;35;35;25;25;25;25;25;25;25;25;25;25;25;25;25;25;25;25;25;25;25;25;25,48,0.10416666666666667,0,0,0,0,,,0,0,,0,,,32.52506944444445,33.00862128368896,0.9022088000222195,3a5159d92f72270dff36fafb93f8c51670ba876afc4a8585389d0984a713befb
m7_v1_development_m7g2_seed710800,m7v1d-m7g2-710800,M7G2,710800,1,state_only_risk_roi,medium,33509,32924,0.9825420036408129,45;45;45;45;45;45;45;45;45;45;45;45;45;45;45;45;45;45;45;45;45;45;45;45;45;45;45;45;45;45;45;45;45;45;45;45;45;45;45;45;45;45;45;45;75;45;45;45,48,0.020833333333333332,0,0,0,0,,,0,0,,0,,,21.23939236111111,34.8593827303434,0.9288543240485071,ed42e1b0580bd781e90ec549a08d01c74fd9af8561d155dc56d7bc208594de2f
m7_v1_development_m7g2_seed710800,m7v1d-m7g2-710800,M7G2,710800,1,command_conditioned_risk_roi,medium,33509,32935,0.9828702736578233,45;45;45;45;45;45;45;45;45;45;45;45;45;45;45;45;45;45;45;45;45;45;45;45;45;45;45;45;45;45;45;45;45;45;45;45;45;45;45;45;45;45;45;45;75;45;45;45,48,0.020833333333333332,0,0,0,0,,,0,0,,0,,,21.23939236111111,34.8593827303434,0.9288543240485071,24f45fc99decaa5366f6adcc793f073250a5c8ae55e4b94c5d628734bd5df8c6
m7_v1_development_m7g2_seed710800,m7v1d-m7g2-710800,M7G2,710800,1,v2_global_only,medium,33509,32929,0.9826912172849085,45;45;45;45;55;45;45;45;55;55;55;45;55;55;45;45;45;45;45;45;45;45;45;45;45;45;55;45;55;45;45;45;45;45;45;55;45;45;45;45;45;45;45;45;45;45;55;55,48,0.22916666666666666,0,0,0,0,,,0,0,,0,,,20.126041666666666,35.093219933992884,0.9293721677278902,2b3c88616733f4329bb9a576994e668bf99f6df9b57f9bc9f75f66e5c3c568d0
m7_v1_development_m7g2_seed710800,m7v1d-m7g2-710800,M7G2,710800,1,v2_visible_edges,medium,33509,32929,0.9826912172849085,45;45;45;45;45;45;45;45;45;55;45;45;45;45;45;45;45;55;45;45;45;45;45;45;45;45;45;45;45;45;45;45;55;45;45;45;45;45;45;45;45;45;45;45;45;45;55;65,48,0.10416666666666667,0,0,0,0,,,0,0,,0,,,20.590677083333333,34.994097331075416,0.9287876540480046,0b86f442f6f290fd787bd2b21c5fee276826ce6a63ffc02d4ad0f676f43b5a2e
m7_v1_development_m7g2_seed710800,m7v1d-m7g2-710800,M7G2,710800,1,v2_corridor_edges,medium,33509,32929,0.9826912172849085,45;45;45;45;45;45;45;45;55;55;55;45;45;55;45;45;45;45;45;45;45;45;45;45;45;45;55;45;55;45;45;45;45;45;45;55;45;45;45;45;45;45;45;45;45;45;55;55,48,0.1875,0,0,0,0,,,0,0,,0,,,20.171770833333333,35.08336335268585,0.9292780006046052,566b2bf5c893337a76ecda2eb8b03e422b929b530ee32628a85af87c106dbdae
m7_v1_development_m7g2_seed710800,m7v1d-m7g2-710800,M7G2,710800,1,state_only_risk_roi,high,34871,33731,0.9673080783459035,65;65;65;65;65;65;65;65;65;65;65;65;65;65;65;65;65;65;65;65;65;65;65;65;65;65;65;65;65;65;65;65;65;65;65;65;65;65;65;65;65;65;65;65;95;65;65;65,48,0.020833333333333332,0,0,0,0,,,0,0,,0,,,14.481319444444445,36.5227222709136,0.9450089115960383,95768ac7490a5a94087435de97f94fae44ba7573b29dafbfce94048995244b21
m7_v1_development_m7g2_seed710800,m7v1d-m7g2-710800,M7G2,710800,1,command_conditioned_risk_roi,high,34871,33742,0.9676235267127412,65;65;65;65;65;65;65;65;65;65;65;65;65;65;65;65;65;65;65;65;65;65;65;65;65;65;65;65;65;65;65;65;65;65;65;65;65;65;65;65;65;65;65;65;95;65;65;65,48,0.020833333333333332,0,0,0,0,,,0,0,,0,,,14.481319444444445,36.5227222709136,0.9450089115960383,3a7d156932952ef640f4b1db0c714a3a228cf2b0254c860d302c850b37b7e012
m7_v1_development_m7g2_seed710800,m7v1d-m7g2-710800,M7G2,710800,1,v2_global_only,high,34871,33736,0.9674514639671934,75;75;75;75;75;75;75;65;65;65;75;75;65;65;65;65;65;65;65;65;75;65;75;65;75;75;65;75;65;75;75;75;65;65;65;65;65;75;65;65;65;65;65;65;65;65;75;75,48,0.4166666666666667,0,0,0,0,,,0,0,,0,,,13.16204861111111,36.937568704304994,0.9468176481739748,e611e42e4329eaf03bc6f7c620b0a199972df0d52741a421432e49b30ef06832
m7_v1_development_m7g2_seed710800,m7v1d-m7g2-710800,M7G2,710800,1,v2_visible_edges,high,34871,33736,0.9674514639671934,65;65;75;75;75;65;65;65;65;65;65;65;65;65;65;65;65;75;75;65;65;65;75;65;75;75;65;65;65;75;75;75;65;65;65;65;65;65;75;65;65;65;65;65;65;65;75;75,48,0.2916666666666667,0,0,0,0,,,0,0,,0,,,13.30453125,36.89080782929362,0.9462373865412247,468c701ce1ba534f6613632e1f82653146f802bea2fb0f9549025bd661e93c2d
m7_v1_development_m7g2_seed710800,m7v1d-m7g2-710800,M7G2,710800,1,v2_corridor_edges,high,34871,33736,0.9674514639671934,75;75;75;75;75;65;65;65;65;65;65;65;65;65;65;65;65;65;65;65;75;65;75;65;75;75;65;75;65;75;75;75;65;65;65;65;65;65;65;65;65;65;65;65;75;65;75;75,48,0.3333333333333333,0,0,0,0,,,0,0,,0,,,13.155190972222222,36.93983203803064,0.9468479275085732,b15738ff73145d653d0a9315236d1467073ac0a7be984161c1a40b5a6004c4b9
m7_v1_development_m7g2_seed710800,m7v1d-m7g2-710800,M7G2,710800,2,state_only_risk_roi,severe,31466,31433,0.9989512489671392,5;5;5;5;5;5;5;5;5;5;5;5;5;5;5;5;5;5;5;5;5;5;5;5;5;5;5;5;5;5;5;5;5;5;5;5;5;5;5;5;5;5;5;5;35;5;5;5,48,0.020833333333333332,0,0,0,0,,,0,0,,0,,,187.86746527777777,25.392287849916578,0.7741224413257681,408c988a88ceff83e3bf7fdc1fd3d07d83b25abfaabe1fd50f5706a53f0160a8
m7_v1_development_m7g2_seed710800,m7v1d-m7g2-710800,M7G2,710800,2,command_conditioned_risk_roi,severe,31466,31456,0.9996821966567089,5;5;5;5;5;5;5;5;5;5;5;5;5;5;5;5;5;5;5;5;5;5;5;5;5;5;5;5;5;5;5;5;5;5;5;5;35;5;5;5;5;5;5;5;35;5;5;5,48,0.041666666666666664,0,0,0,0,,,0,0,,0,,,187.53277777777777,25.40003174330038,0.773209757525696,06a77f86d2a54fa665f0d489ac326319f88ffd44f2a0de85fea72b4f492485e8
m7_v1_development_m7g2_seed710800,m7v1d-m7g2-710800,M7G2,710800,2,v2_global_only,severe,31466,31444,0.9993008326447594,15;5;15;15;15;15;15;15;15;15;15;15;15;15;15;15;5;5;5;15;5;5;5;5;5;5;5;5;5;5;5;5;15;5;5;5;5;15;5;5;15;15;5;5;5;15;5;5,48,0.4375,0,0,0,0,,,0,0,,0,,,149.53180555555556,26.383467835375566,0.7855645916960782,31041acbb7196ba158c102add7cd24ee7c55915aa44083ccdba05b5d9f12c18d
m7_v1_development_m7g2_seed710800,m7v1d-m7g2-710800,M7G2,710800,2,v2_visible_edges,severe,31466,31444,0.9993008326447594,15;5;15;15;15;15;15;15;15;15;15;15;15;15;15;15;5;5;5;5;5;5;5;5;5;5;5;5;5;5;5;5;5;5;15;15;5;15;5;5;5;5;5;5;5;15;5;5,48,0.3958333333333333,0,0,0,0,,,0,0,,0,,,156.17694444444444,26.19463439134527,0.7821123416101415,a1be6e6cacd18d9ef98b3c1d1d881660f4622a1daec563beb3847654e46c862c
m7_v1_development_m7g2_seed710800,m7v1d-m7g2-710800,M7G2,710800,2,v2_corridor_edges,severe,31466,31444,0.9993008326447594,15;5;15;15;15;15;15;15;15;15;15;15;15;15;15;15;5;5;5;15;5;5;5;5;5;5;5;5;5;5;5;5;15;5;5;5;5;15;5;5;15;15;15;5;5;5;5;5,48,0.4375,0,0,0,0,,,0,0,,0,,,151.5518576388889,26.325190967899744,0.7855214293876182,ca7d1c8ad12811ad4af83c3f35f028a7231e04b2669459fe066715490c0c6744
m7_v1_development_m7g2_seed710800,m7v1d-m7g2-710800,M7G2,710800,2,state_only_risk_roi,low,32374,32227,0.9954593192067709,25;25;25;25;25;25;25;25;25;25;25;25;25;25;25;25;25;25;25;25;25;25;25;25;25;25;25;25;25;25;25;25;25;25;25;25;25;25;25;25;25;25;25;25;55;25;25;25,48,0.020833333333333332,0,0,0,0,,,0,0,,0,,,32.56592013888889,33.00317007343022,0.906925799734262,05992a914b0227ee711dbcf8a20669c187598bd22d776cf472094ac3bdacf277
m7_v1_development_m7g2_seed710800,m7v1d-m7g2-710800,M7G2,710800,2,command_conditioned_risk_roi,low,32374,32255,0.9963242107864335,25;25;25;25;25;25;25;25;25;25;25;25;25;25;25;25;25;25;25;25;25;25;25;25;25;25;25;25;25;25;25;25;25;25;25;25;55;25;25;25;25;25;25;25;55;25;25;25,48,0.041666666666666664,0,0,0,0,,,0,0,,0,,,32.424618055555555,33.02205491835511,0.9077410293215834,9c6be1d0c45b33726c0610590c93eb217e4cf1bfba6fc7f32c04a6d45151d7d1
m7_v1_development_m7g2_seed710800,m7v1d-m7g2-710800,M7G2,710800,2,v2_global_only,low,32374,32241,0.9958917649966023,25;25;25;25;25;25;25;25;25;35;35;35;25;35;25;25;25;25;25;25;25;25;25;25;25;35;25;25;35;45;25;35;25;35;25;25;35;25;25;35;25;25;25;25;25;25;25;25,48,0.22916666666666666,0,0,0,0,,,0,0,,0,,,29.341927083333335,33.45591727360167,0.9124773309518863,82a5a2c57093b192ce7b5c4a3abc3baaa8e50fb4a8d66a255610fb77a2b22ee0
m7_v1_development_m7g2_seed710800,m7v1d-m7g2-710800,M7G2,710800,2,v2_visible_edges,low,32374,32241,0.9958917649966023,25;25;25;25;25;25;25;25;25;35;45;35;25;25;25;25;25;25;25;25;25;25;25;25;25;35;25;25;35;25;25;25;35;35;25;25;25;25;25;35;25;25;25;25;25;35;25;25,48,0.1875,0,0,0,0,,,0,0,,0,,,30.47201388888889,33.29179203267186,0.911230366799964,d73f673e24528f2523481d53ea6d0b4733e5d0773813fa07534f183df5d727b2
m7_v1_development_m7g2_seed710800,m7v1d-m7g2-710800,M7G2,710800,2,v2_corridor_edges,low,32374,32241,0.9958917649966023,25;25;25;25;25;25;25;25;25;35;35;35;25;35;25;25;25;25;25;25;25;25;25;25;25;35;25;25;35;45;25;35;25;35;25;25;25;25;25;35;25;25;25;25;25;25;25;25,48,0.20833333333333334,0,0,0,0,,,0,0,,0,,,29.44980902777778,33.43997877991011,0.9120447454918233,c4c0303290ce6ac5e8664f61c554b9aa83b28c612cdd93c2facf82c92f289bcb
m7_v1_development_m7g2_seed710800,m7v1d-m7g2-710800,M7G2,710800,2,state_only_risk_roi,medium,33509,32876,0.981109552657495,45;45;45;45;45;45;45;45;45;45;45;45;45;45;45;45;45;45;45;45;45;45;45;45;45;45;45;45;45;45;45;45;45;45;45;45;45;45;45;45;45;45;45;45;75;45;45;45,48,0.020833333333333332,0,0,0,0,,,0,0,,0,,,19.30918402777778,35.27316439223211,0.9348850164136321,5b14fd854cedec3d2495a0379d144047c388204eb8a3ba122e3d913477364baf
m7_v1_development_m7g2_seed710800,m7v1d-m7g2-710800,M7G2,710800,2,command_conditioned_risk_roi,medium,33509,32917,0.9823331045390791,45;45;45;45;45;45;45;45;45;45;45;45;45;45;45;45;45;45;45;45;45;45;45;45;45;45;45;45;45;45;45;45;45;45;45;45;75;45;45;45;45;45;45;45;75;45;45;45,48,0.041666666666666664,0,0,0,0,,,0,0,,0,,,19.258072916666666,35.284675341297714,0.9353271090234196,e9d5e310aa97c8dbf6dabae0f886c9d53efb9732da2352aaba83b4ffdc49fecc
m7_v1_development_m7g2_seed710800,m7v1d-m7g2-710800,M7G2,710800,2,v2_global_only,medium,33509,32896,0.9817064072338775,45;45;45;45;45;45;55;45;45;45;45;45;55;55;45;55;45;45;45;55;45;45;45;45;45;55;45;55;45;45;65;55;65;45;45;45;45;45;45;45;45;45;45;45;55;45;45;45,48,0.22916666666666666,0,0,0,0,,,0,0,,0,,,18.119409722222223,35.54936315350365,0.935842702034016,20063ae8fdf1f9280d672187bf9aeaff147a2ab9deca04bca2d7fe8870433ac4
m7_v1_development_m7g2_seed710800,m7v1d-m7g2-710800,M7G2,710800,2,v2_visible_edges,medium,33509,32896,0.9817064072338775,45;45;45;45;45;45;45;45;45;45;45;45;45;45;45;45;45;45;45;45;45;55;45;45;45;55;45;45;45;45;45;45;55;45;65;45;55;45;45;45;45;45;45;45;45;45;65;45,48,0.125,0,0,0,0,,,0,0,,0,,,18.984045138888888,35.346916030234055,0.9354281453298788,31153bbf7d0d32e813b267791b9f8a913c70b8fe290ca5bc7df9cc63a954d159
m7_v1_development_m7g2_seed710800,m7v1d-m7g2-710800,M7G2,710800,2,v2_corridor_edges,medium,33509,32896,0.9817064072338775,45;45;45;45;45;45;55;45;45;45;45;45;55;55;45;55;45;45;45;45;45;45;45;45;45;55;45;55;45;45;55;55;55;45;45;45;55;45;45;45;45;45;45;45;65;45;45;45,48,0.22916666666666666,0,0,0,0,,,0,0,,0,,,18.449444444444445,35.47097067789893,0.9356550398877737,3c0130baa5fbafe83b67d8b7900a151d2f7621d223780953a2cde5ad49d1f8f0
m7_v1_development_m7g2_seed710800,m7v1d-m7g2-710800,M7G2,710800,2,state_only_risk_roi,high,34871,33704,0.966533795990938,65;65;65;65;65;65;65;65;65;65;65;65;65;65;65;65;65;65;65;65;65;65;65;65;65;65;65;65;65;65;65;65;65;65;65;65;65;65;65;65;65;65;65;65;95;65;65;65,48,0.020833333333333332,0,0,0,0,,,0,0,,0,,,12.909618055555555,37.02166967464264,0.9506783639941944,ceeb47c59725465e38e704baf1b101c24d179fdd4c8fcb7e7005a4dfdbd81bd6
m7_v1_development_m7g2_seed710800,m7v1d-m7g2-710800,M7G2,710800,2,command_conditioned_risk_roi,high,34871,33860,0.9710074273751829,65;65;65;65;65;65;65;65;65;65;65;65;65;65;65;65;65;65;65;65;65;65;65;65;65;65;65;65;65;65;65;65;65;65;65;65;95;65;65;65;65;65;65;65;95;65;65;65,48,0.041666666666666664,0,0,0,0,,,0,0,,0,,,12.8203125,37.05181749462685,0.9517758048637749,f732aac0766e7a556f395f107822deee4c3daff722cdae5903e5622d77fd401f
m7_v1_development_m7g2_seed710800,m7v1d-m7g2-710800,M7G2,710800,2,v2_global_only,high,34871,33782,0.9687706116830604,65;65;75;65;75;65;75;65;75;75;65;65;65;75;65;65;65;65;65;65;75;75;65;75;75;75;65;75;75;75;75;75;75;75;65;75;65;65;65;65;65;65;65;65;75;75;75;65,48,0.4583333333333333,0,0,0,0,,,0,0,,0,,,11.139131944444445,37.66229012617864,0.9531753413490325,4f8bc8c1e7471753c5a76806bed6733c2b85ba44adb8d3385448306967e64b29
m7_v1_development_m7g2_seed710800,m7v1d-m7g2-710800,M7G2,710800,2,v2_visible_edges,high,34871,33782,0.9687706116830604,75;65;75;65;65;65;75;65;65;65;65;65;65;75;65;65;65;75;65;65;75;75;65;65;75;75;65;75;75;75;75;75;75;75;75;75;75;65;65;65;65;65;65;65;65;75;65;75,48,0.4375,0,0,0,0,,,0,0,,0,,,11.335572916666667,37.586368859634604,0.9523468415770031,e2ebea4ef16e103ade633e4103bdc956d162e2b76897e6bbfbe832ebb2fb1b27
m7_v1_development_m7g2_seed710800,m7v1d-m7g2-710800,M7G2,710800,2,v2_corridor_edges,high,34871,33782,0.9687706116830604,65;65;75;65;75;65;75;65;75;65;65;65;65;75;65;65;65;65;75;65;75;75;65;75;75;75;65;75;75;75;75;75;75;75;65;75;75;65;65;65;65;65;65;65;65;75;75;65,48,0.4583333333333333,0,0,0,0,,,0,0,,0,,,11.223663194444445,37.62945735188033,0.9530880593004115,232ddd8da864bbeffd437b88ed7f9458e1cf282109197ee3b2e21e89bbead5c0
m7_v1_development_m7g2_seed710800,m7v1d-m7g2-710800,M7G2,710800,3,state_only_risk_roi,severe,31466,31415,0.998379202949215,5;5;5;5;5;5;5;5;5;5;5;5;5;5;5;5;5;5;5;5;5;5;5;5;5;5;5;5;5;5;5;5;5;5;5;5;5;5;5;5;5;5;5;5;35;5;5;5,48,0.020833333333333332,0,0,0,0,,,0,0,,0,,,196.895,25.188456731705273,0.7636953449951815,72672d817f636c4ee94a0ac1ea563c9bbecd8fd52d262bfb44f2c7056a9d66f8
m7_v1_development_m7g2_seed710800,m7v1d-m7g2-710800,M7G2,710800,3,command_conditioned_risk_roi,severe,31466,31432,0.99891946863281,5;5;5;5;5;5;5;5;5;5;5;5;5;5;5;5;5;5;5;5;5;5;5;5;5;5;5;5;5;5;5;5;5;5;5;5;5;5;5;5;5;5;5;5;35;5;5;5,48,0.020833333333333332,0,0,0,0,,,0,0,,0,,,196.895,25.188456731705273,0.7636953449951815,1f79628649b20a44e698dc8dbce7fb5fc7499fcb94bfbe6dd727d4d6a0acd0c3
m7_v1_development_m7g2_seed710800,m7v1d-m7g2-710800,M7G2,710800,3,v2_global_only,severe,31466,31423,0.9986334456238479,15;15;15;15;5;15;25;15;15;15;5;15;5;15;15;15;5;5;5;5;5;5;5;5;5;5;5;5;5;5;5;5;5;5;5;5;5;5;5;5;15;15;5;15;15;15;5;5,48,0.375,0,0,0,0,,,0,0,,0,,,161.97762152777779,26.036253433520443,0.7663955499112007,4ab06a3ae6379da0654918e5b15ab612248ecda1fff341ea82aa84e12cea853a
m7_v1_development_m7g2_seed710800,m7v1d-m7g2-710800,M7G2,710800,3,v2_visible_edges,severe,31466,31423,0.9986334456238479,15;5;5;15;5;15;15;15;15;5;5;15;5;5;15;15;5;5;5;5;5;5;5;5;5;5;5;5;5;5;5;5;5;5;5;5;5;5;5;5;5;15;5;5;5;15;15;5,48,0.25,0,0,0,0,,,0,0,,0,,,172.55338541666666,25.761568765023334,0.7664198348312413,5fd7996b5430ee4a6f3177225db78bb2c6d5bd6f2c2ff6ec0f831a773bf3ac54
m7_v1_development_m7g2_seed710800,m7v1d-m7g2-710800,M7G2,710800,3,v2_corridor_edges,severe,31466,31423,0.9986334456238479,15;15;15;15;5;15;15;15;15;5;5;15;5;15;15;15;5;5;5;5;5;5;5;5;5;5;5;5;5;5;5;5;5;5;5;5;5;5;5;5;15;15;5;15;15;15;5;5,48,0.3541666666666667,0,0,0,0,,,0,0,,0,,,164.28064236111112,25.974939685286348,0.7622475431965663,aa19daa45a0ad5f1a4b11d6ed0cc999931411be28e95d1d71138c9f6c052a771
m7_v1_development_m7g2_seed710800,m7v1d-m7g2-710800,M7G2,710800,3,state_only_risk_roi,low,32374,32182,0.994069314882313,25;25;25;25;25;25;25;25;25;25;25;25;25;25;25;25;25;25;25;25;25;25;25;25;25;25;25;25;25;25;25;25;25;25;25;25;25;25;25;25;25;25;25;25;55;25;25;25,48,0.020833333333333332,0,0,0,0,,,0,0,,0,,,31.047013888888888,33.210605249202615,0.9080407646387859,1e9e1afde9dcfefeab99b641148aa788659eddf10a5c5e5ea6f54cb07fbe0ae3
m7_v1_development_m7g2_seed710800,m7v1d-m7g2-710800,M7G2,710800,3,command_conditioned_risk_roi,low,32374,32199,0.9945944276271081,25;25;25;25;25;25;25;25;25;25;25;25;25;25;25;25;25;25;25;25;25;25;25;25;25;25;25;25;25;25;25;25;25;25;25;25;25;25;25;25;25;25;25;25;55;25;25;25,48,0.020833333333333332,0,0,0,0,,,0,0,,0,,,31.047013888888888,33.210605249202615,0.9080407646387859,aae2f856b2662d8d298b1a2c2679d7971ef6e21464df1e8caf756b335cdbf7dd
m7_v1_development_m7g2_seed710800,m7v1d-m7g2-710800,M7G2,710800,3,v2_global_only,low,32374,32190,0.9943164267622165,25;25;25;25;25;25;25;25;35;35;25;25;25;35;25;25;25;25;25;25;25;25;25;25;25;25;25;25;35;35;25;25;25;25;25;25;35;25;25;25;25;25;25;25;25;25;25;25,48,0.125,0,0,0,0,,,0,0,,0,,,29.374131944444443,33.45115319539031,0.9099640859759695,047e3c38d0e9acb4d6e6341cc5a2934e3a2fd9ac3860f101bcd603a8a9e07076
m7_v1_development_m7g2_seed710800,m7v1d-m7g2-710800,M7G2,710800,3,v2_visible_edges,low,32374,32190,0.9943164267622165,25;25;25;25;25;25;25;25;25;25;25;25;25;35;25;25;35;25;25;25;25;25;25;25;25;25;25;25;25;25;25;25;25;35;25;25;25;35;25;25;25;25;25;25;25;25;25;25,48,0.08333333333333333,0,0,0,0,,,0,0,,0,,,30.367274305555554,33.306745484419224,0.9086758385064458,72316655b204b1440cd471b65d852f51ef160a30ccdd1cf7565ca14d77530528
m7_v1_development_m7g2_seed710800,m7v1d-m7g2-710800,M7G2,710800,3,v2_corridor_edges,low,32374,32189,0.9942855377772286,25;25;25;25;25;25;25;25;35;25;25;25;25;35;25;35;25;25;25;25;25;25;25;25;25;25;25;25;25;35;25;25;25;25;35;25;35;25;25;25;25;25;25;25;25;25;25;25,48,0.125,0,0,0,0,,,0,0,,0,,,29.617048611111112,33.41538582704721,0.9099329429183575,851837e3537b8843e7ef6fca069d72a7bdc6411e3f1ceb788e2f463049b6e94b
m7_v1_development_m7g2_seed710800,m7v1d-m7g2-710800,M7G2,710800,3,state_only_risk_roi,medium,33509,32792,0.9786027634366886,45;45;45;45;45;45;45;45;45;45;45;45;45;45;45;45;45;45;45;45;45;45;45;45;45;45;45;45;45;45;45;45;45;45;45;45;45;45;45;45;45;45;45;45;75;45;45;45,48,0.020833333333333332,0,0,0,0,,,0,0,,0,,,18.671475694444446,35.419017172290935,0.9371091488621937,a9d3d5699a56bb540ad025fbdc6693efd1df06343ab16a4396b9a2b399aded6a
m7_v1_development_m7g2_seed710800,m7v1d-m7g2-710800,M7G2,710800,3,command_conditioned_risk_roi,medium,33509,32809,0.9791100898266137,45;45;45;45;45;45;45;45;45;45;45;45;45;45;45;45;45;45;45;45;45;45;45;45;45;45;45;45;45;45;45;45;45;45;45;45;45;45;45;45;45;45;45;45;75;45;45;45,48,0.020833333333333332,0,0,0,0,,,0,0,,0,,,18.671475694444446,35.419017172290935,0.9371091488621937,9a7818ab4c8a9762dce53390f27c42a8f7665ea01d37f9dddf6b63c28efd754c
m7_v1_development_m7g2_seed710800,m7v1d-m7g2-710800,M7G2,710800,3,v2_global_only,medium,33509,32800,0.9788415052672417,45;45;55;45;45;45;45;55;45;55;45;45;55;45;45;55;45;45;45;45;45;45;45;45;55;55;45;45;45;55;55;45;45;45;45;45;45;45;45;45;45;45;45;45;45;45;45;45,48,0.1875,0,0,0,0,,,0,0,,0,,,17.913194444444443,35.599073207538325,0.9380126888196686,019afdfc4e87e8120fc993a4bd28a14d1152cda581820d18525bfca70c9af4f5
m7_v1_development_m7g2_seed710800,m7v1d-m7g2-710800,M7G2,710800,3,v2_visible_edges,medium,33509,32800,0.9788415052672417,45;45;45;45;45;45;45;45;45;45;45;45;55;45;45;55;45;45;45;55;45;45;45;55;45;45;45;45;45;45;45;45;45;45;45;45;45;45;45;45;45;45;45;45;45;45;55;55,48,0.125,0,0,0,0,,,0,0,,0,,,18.412621527777777,35.47964734558616,0.937156504552529,8facd75b0a3944a6ca79dd9d3433c1bcd1a99e60307516320fa59bae2b76c25d
m7_v1_development_m7g2_seed710800,m7v1d-m7g2-710800,M7G2,710800,3,v2_corridor_edges,medium,33509,32800,0.9788415052672417,45;45;45;45;45;45;45;45;45;45;45;45;55;45;45;55;45;45;45;45;45;45;45;45;55;55;45;45;45;55;55;45;45;45;45;45;45;45;45;45;45;45;45;45;45;45;45;45,48,0.125,0,0,0,0,,,0,0,,0,,,17.963680555555555,35.58685037378203,0.9380300541210929,6706debf29e1d6e0e36b98ff8002c34eeb53a6fead6206713d1570ad0792df9b
m7_v1_development_m7g2_seed710800,m7v1d-m7g2-710800,M7G2,710800,3,state_only_risk_roi,high,34871,33568,0.9626337070918528,65;65;65;65;65;65;65;65;65;65;65;65;65;65;65;65;65;65;65;65;65;65;65;65;65;65;65;65;65;65;65;65;65;65;65;65;65;65;65;65;65;65;65;65;95;65;65;65,48,0.020833333333333332,0,0,0,0,,,0,0,,0,,,12.323663194444444,37.22340540323385,0.9543698038217432,1c2204780358183ed49f39782aea5ed072e2e8bdcceb9c6f42d3c48f0ca2645c
m7_v1_development_m7g2_seed710800,m7v1d-m7g2-710800,M7G2,710800,3,command_conditioned_risk_roi,high,34871,33585,0.9631212182042385,65;65;65;65;65;65;65;65;65;65;65;65;65;65;65;65;65;65;65;65;65;65;65;65;65;65;65;65;65;65;65;65;65;65;65;65;65;65;65;65;65;65;65;65;95;65;65;65,48,0.020833333333333332,0,0,0,0,,,0,0,,0,,,12.323663194444444,37.22340540323385,0.9543698038217432,9485e2648c41ef4522bffe2d6580fbab89cc5449433abd576fb2951938e1e710
m7_v1_development_m7g2_seed710800,m7v1d-m7g2-710800,M7G2,710800,3,v2_global_only,high,34871,33576,0.9628631240859167,65;65;65;75;65;75;75;75;75;65;65;65;65;65;65;65;65;65;65;65;65;65;75;65;65;75;75;65;65;75;65;75;75;65;65;65;65;75;75;65;65;65;65;65;65;65;65;75,48,0.2916666666666667,0,0,0,0,,,0,0,,0,,,11.163524305555555,37.652790385935795,0.9557541577280787,7c19bb587579ce603b7f73a0eddebd95ebd7fabb2111e9e1be9abe68f348e6bf
m7_v1_development_m7g2_seed710800,m7v1d-m7g2-710800,M7G2,710800,3,v2_visible_edges,high,34871,33576,0.9628631240859167,65;65;65;75;65;75;75;75;75;65;65;65;65;65;65;65;65;65;65;65;65;65;65;65;65;65;65;65;65;65;65;75;75;75;65;65;75;75;75;75;65;65;65;65;65;65;65;75,48,0.2708333333333333,0,0,0,0,,,0,0,,0,,,11.433802083333333,37.54889690469115,0.9552711207825801,78ee4f881ac619bd0913918e88eb976209025341f00492fe8b1945a65ffc0276
m7_v1_development_m7g2_seed710800,m7v1d-m7g2-710800,M7G2,710800,3,v2_corridor_edges,high,34871,33576,0.9628631240859167,65;65;65;75;65;75;75;75;65;65;65;65;65;65;65;65;65;65;65;65;65;65;75;65;65;75;75;65;65;75;65;75;75;65;65;65;65;75;75;65;65;65;65;65;65;65;65;75,48,0.2708333333333333,0,0,0,0,,,0,0,,0,,,11.1765625,37.64772109807367,0.9556239606907712,8aa2e79d34e91b10538f6ec53f9afdfb91a13f25a9ca74784320a9f19543c8fa
m7_v1_development_m7g2_seed710801,m7v1d-m7g2-710801,M7G2,710801,0,state_only_risk_roi,severe,31466,31431,0.9988876882984808,5;5;5;5;5;5;5;5;5;5;5;5;5;5;5;5;5;5;5;5;5;5;5;5;5;5;5;5;5;5;5;5;5;5;5;5;5;5;5;5;5;5;5;5;35;5;5;5,48,0.020833333333333332,0,0,0,0,,,0,0,,0,,,209.12664930555556,24.926709817618843,0.7448943896261714,efd404ac997acc070f75c1ba83cb6cdc01adb5c66f25264f547fc4ae6182c81f
m7_v1_development_m7g2_seed710801,m7v1d-m7g2-710801,M7G2,710801,0,command_conditioned_risk_roi,severe,31466,31440,0.9991737113074429,5;5;5;5;5;5;5;5;5;5;5;5;5;5;5;5;5;5;5;5;5;5;5;5;5;5;5;5;5;5;5;5;5;5;5;5;5;5;5;5;5;5;5;5;35;5;5;5,48,0.020833333333333332,0,0,0,0,,,0,0,,0,,,209.12664930555556,24.926709817618843,0.7448943896261714,682728716b85a7a73984bbdb61ebcb07c94a9cec05c33162b1a0c6f68320d411
m7_v1_development_m7g2_seed710801,m7v1d-m7g2-710801,M7G2,710801,0,v2_global_only,severe,31466,31434,0.9989830293014682,15;15;15;15;15;15;25;15;15;15;15;5;15;5;15;5;5;5;5;5;5;5;5;5;5;5;5;5;5;5;5;5;5;5;5;5;5;5;5;5;5;5;5;5;5;5;15;5,48,0.2916666666666667,0,0,0,0,,,0,0,,0,,,186.96017361111112,25.41331258197943,0.7405789192783366,5ed27f685bee3693ffbd7439895b357c3a74db7898b5b8cb7ec85b56a5dbad04
m7_v1_development_m7g2_seed710801,m7v1d-m7g2-710801,M7G2,710801,0,v2_visible_edges,severe,31466,31434,0.9989830293014682,15;15;15;15;15;15;25;15;15;15;5;5;15;5;5;5;5;5;5;5;5;5;5;5;5;5;5;5;5;5;5;5;5;5;5;5;5;5;5;5;5;5;5;5;15;5;15;5,48,0.2708333333333333,0,0,0,0,,,0,0,,0,,,188.69204861111112,25.37326761270419,0.7354977622809727,633a5d985be97d88b1f40d951808aa12d531d0e5226bdbac796935bdb6cbc111
m7_v1_development_m7g2_seed710801,m7v1d-m7g2-710801,M7G2,710801,0,v2_corridor_edges,severe,31466,31435,0.9990148096357974,15;15;15;15;15;15;25;15;15;15;5;5;15;5;5;5;5;5;5;5;5;5;5;5;5;5;5;5;5;5;5;5;5;5;5;5;5;5;5;5;5;5;5;5;15;5;15;5,48,0.2708333333333333,0,0,0,0,,,0,0,,0,,,188.69204861111112,25.37326761270419,0.7354977622809727,565a002a14168ef37da97063eed2c8e026a0c2039d7e3c2933b8aa1156d30f12
m7_v1_development_m7g2_seed710801,m7v1d-m7g2-710801,M7G2,710801,0,state_only_risk_roi,low,32374,32263,0.9965713226663372,25;25;25;25;25;25;25;25;25;25;25;25;25;25;25;25;25;25;25;25;25;25;25;25;25;25;25;25;25;25;25;25;25;25;25;25;25;25;25;25;25;25;25;25;55;25;25;25,48,0.020833333333333332,0,0,0,0,,,0,0,,0,,,35.22394097222222,32.66242416200328,0.8886465981938804,213e8b2dc5c36fc50d4607f4d2026f1c26a1de6680910c97d974efc01c97980e
m7_v1_development_m7g2_seed710801,m7v1d-m7g2-710801,M7G2,710801,0,command_conditioned_risk_roi,low,32374,32272,0.9968493235312288,25;25;25;25;25;25;25;25;25;25;25;25;25;25;25;25;25;25;25;25;25;25;25;25;25;25;25;25;25;25;25;25;25;25;25;25;25;25;25;25;25;25;25;25;55;25;25;25,48,0.020833333333333332,0,0,0,0,,,0,0,,0,,,35.22394097222222,32.66242416200328,0.8886465981938804,87bd86f2f584b12ccf3927ca1b358f8387b0a5d3adb6ab0395433f2d5854e783
m7_v1_development_m7g2_seed710801,m7v1d-m7g2-710801,M7G2,710801,0,v2_global_only,low,32374,32267,0.996694878606289,25;25;35;35;25;25;25;25;25;35;25;25;25;25;25;25;25;25;25;25;25;25;25;25;25;25;35;35;25;25;25;25;25;25;25;25;25;25;25;25;25;25;25;25;25;25;25;35,48,0.125,0,0,0,0,,,0,0,,0,,,33.54555555555555,32.87445372147027,0.8906680078264954,8a0ee9ae6c7ca040611e1d4ed529b3885a79c8d459ca7750d137e96cd8903608
m7_v1_development_m7g2_seed710801,m7v1d-m7g2-710801,M7G2,710801,0,v2_visible_edges,low,32374,32267,0.996694878606289,25;25;25;35;25;25;25;25;25;35;25;25;25;25;25;25;25;35;25;25;25;25;25;25;25;25;35;25;25;25;25;25;25;25;25;25;35;25;25;25;25;25;25;25;25;25;25;25,48,0.10416666666666667,0,0,0,0,,,0,0,,0,,,34.23696180555555,32.785851425270906,0.8892878457447996,d08b50cf758d8c4a5ffc88d3c819a18a4a7d15bccbfa89a32ae37159e614e053
m7_v1_development_m7g2_seed710801,m7v1d-m7g2-710801,M7G2,710801,0,v2_corridor_edges,low,32374,32267,0.996694878606289,25;25;25;35;25;25;25;25;25;25;25;25;25;25;25;25;25;25;25;25;25;25;25;25;25;25;25;25;25;25;25;25;25;25;25;25;25;25;25;25;25;25;25;45;25;25;25;25,48,0.041666666666666664,0,0,0,0,,,0,0,,0,,,34.86222222222222,32.707252939835264,0.888957317645812,00d98d6fc26f928e5d4a52ea536ad029d178eab057420f49497e02d5bdc5344d
m7_v1_development_m7g2_seed710801,m7v1d-m7g2-710801,M7G2,710801,0,state_only_risk_roi,medium,33509,32960,0.9836163418783014,45;45;45;45;45;45;45;45;45;45;45;45;45;45;45;45;45;45;45;45;45;45;45;45;45;45;45;45;45;45;45;45;45;45;45;45;45;45;45;45;45;45;45;45;75;45;45;45,48,0.020833333333333332,0,0,0,0,,,0,0,,0,,,22.609913194444445,34.58781465893013,0.9183063122721505,39178abe2d58c241b69ffbdf46b9623563b716fb0c01bfbfb9737fa607a20471
m7_v1_development_m7g2_seed710801,m7v1d-m7g2-710801,M7G2,710801,0,command_conditioned_risk_roi,medium,33509,32969,0.9838849264376734,45;45;45;45;45;45;45;45;45;45;45;45;45;45;45;45;45;45;45;45;45;45;45;45;45;45;45;45;45;45;45;45;45;45;45;45;45;45;45;45;45;45;45;45;75;45;45;45,48,0.020833333333333332,0,0,0,0,,,0,0,,0,,,22.609913194444445,34.58781465893013,0.9183063122721505,6711e4926b7bf187e9ab78bd469aab4f7bdeec265d9ce2a24137504f8a798dad
m7_v1_development_m7g2_seed710801,m7v1d-m7g2-710801,M7G2,710801,0,v2_global_only,medium,33509,32964,0.9837357127935779,45;45;45;45;45;45;45;45;55;55;55;55;55;45;45;45;45;45;45;45;45;45;45;55;45;45;45;45;45;55;45;55;55;45;45;45;55;55;45;55;45;45;45;45;45;45;45;45,48,0.25,0,0,0,0,,,0,0,,0,,,21.001128472222224,34.90837729177245,0.9210106014253837,8c433f20a8808021608732144663e88cc76742fa4a99912c8ba6e83d905db4ec
m7_v1_development_m7g2_seed710801,m7v1d-m7g2-710801,M7G2,710801,0,v2_visible_edges,medium,33509,32964,0.9837357127935779,45;45;45;45;45;45;45;45;45;45;45;55;45;45;45;55;45;45;45;45;45;45;45;65;45;45;45;45;45;55;45;45;55;45;45;45;45;55;45;55;45;45;45;45;45;45;45;45,48,0.14583333333333334,0,0,0,0,,,0,0,,0,,,21.334305555555556,34.8400184998843,0.9200552948369852,8142cbb20686d3060463577778619dee92b9a8dcda130bd1f69cb239aca9c564
m7_v1_development_m7g2_seed710801,m7v1d-m7g2-710801,M7G2,710801,0,v2_corridor_edges,medium,33509,32964,0.9837357127935779,45;45;45;45;45;45;45;45;45;55;45;55;45;45;45;45;45;45;45;45;45;45;45;55;45;45;45;45;45;45;45;55;45;45;45;45;55;55;45;45;45;45;45;55;45;45;45;45,48,0.14583333333333334,0,0,0,0,,,0,0,,0,,,21.379427083333333,34.83084297875446,0.919852586039276,37295b9a3aebc72913f8c23615a0541ab421d4f8995fe3df630fcec9acad9e8d
m7_v1_development_m7g2_seed710801,m7v1d-m7g2-710801,M7G2,710801,0,state_only_risk_roi,high,34871,33770,0.9684264861919647,65;65;65;65;65;65;65;65;65;65;65;65;65;65;65;65;65;65;65;65;65;65;65;65;65;65;65;65;65;65;65;65;65;65;65;65;65;65;65;65;65;65;65;65;95;65;65;65,48,0.020833333333333332,0,0,0,0,,,0,0,,0,,,14.836163194444444,36.417587590438465,0.9379965657971038,fbb4a026db105ca529fef03c6c52ede079bb765b7f839b00f46537b7a11c2938
m7_v1_development_m7g2_seed710801,m7v1d-m7g2-710801,M7G2,710801,0,command_conditioned_risk_roi,high,34871,33779,0.9686845803102865,65;65;65;65;65;65;65;65;65;65;65;65;65;65;65;65;65;65;65;65;65;65;65;65;65;65;65;65;65;65;65;65;65;65;65;65;65;65;65;65;65;65;65;65;95;65;65;65,48,0.020833333333333332,0,0,0,0,,,0,0,,0,,,14.836163194444444,36.417587590438465,0.9379965657971038,c880ac692211a85fee9e3ff1206a89e80c8e1db948bf2d9fb94e8ad473026829
m7_v1_development_m7g2_seed710801,m7v1d-m7g2-710801,M7G2,710801,0,v2_global_only,high,34871,33774,0.9685411946889966,65;65;65;75;75;65;75;75;75;65;65;65;65;65;65;75;75;75;65;65;65;65;65;75;65;75;75;65;75;75;75;75;65;65;65;65;65;65;65;65;65;65;65;65;65;75;65;65,48,0.3333333333333333,0,0,0,0,,,0,0,,0,,,13.060815972222223,36.971100506085186,0.9407385121170742,bdb95e8a1f29795ce14fe2d06b74d0bfe53cf3ae62a5565d9414737f58858909
m7_v1_development_m7g2_seed710801,m7v1d-m7g2-710801,M7G2,710801,0,v2_visible_edges,high,34871,33774,0.9685411946889966,65;65;65;75;75;65;75;75;65;65;65;65;65;65;65;75;75;65;65;65;65;65;65;75;65;65;65;75;75;75;75;75;65;65;65;65;65;65;75;75;65;65;65;65;65;65;65;65,48,0.2916666666666667,0,0,0,0,,,0,0,,0,,,13.238177083333333,36.91252174642986,0.939279971303185,75c2d1e65d6dba2cc3f7d4ed92217e2bf1096466b08c493eb20afb94555b1ca5
m7_v1_development_m7g2_seed710801,m7v1d-m7g2-710801,M7G2,710801,0,v2_corridor_edges,high,34871,33774,0.9685411946889966,65;75;65;75;75;65;75;75;75;65;75;65;65;65;65;75;75;75;65;65;65;65;65;75;65;75;65;65;65;75;75;75;65;65;65;65;65;65;65;65;65;65;65;75;75;65;65;65,48,0.3541666666666667,0,0,0,0,,,0,0,,0,,,13.11720486111111,36.95239059572364,0.9408027146444572,f86c519793adaee771d565ce4dab91cb18ba46011d23d109e5e87bbca162dc19
m7_v1_development_m7g2_seed710801,m7v1d-m7g2-710801,M7G2,710801,1,state_only_risk_roi,severe,31466,31406,0.9980931799402529,5;5;5;5;5;5;5;5;5;5;5;5;5;5;5;5;5;5;5;5;5;5;5;5;5;5;5;5;5;5;5;5;5;5;5;5;5;5;5;5;5;5;5;5;35;5;5;5,48,0.020833333333333332,0,0,0,0,,,0,0,,0,,,190.73585069444445,25.326480301950948,0.7668697415078892,b21196dda21b5012dc10f63723b1d8d168927032c3a18fd82dddeee3ac529ffe
m7_v1_development_m7g2_seed710801,m7v1d-m7g2-710801,M7G2,710801,1,command_conditioned_risk_roi,severe,31466,31417,0.9984427636178732,5;5;5;5;5;5;5;5;5;5;5;5;5;5;5;5;5;5;5;5;5;5;5;5;5;5;5;5;5;5;5;5;5;5;5;5;5;5;5;5;5;5;5;5;35;5;5;5,48,0.020833333333333332,0,0,0,0,,,0,0,,0,,,190.73585069444445,25.326480301950948,0.7668697415078892,01350d57def9fc2ea9597212b94c189ba60320fa5fd2a0dc48807609a3f7ea2c
m7_v1_development_m7g2_seed710801,m7v1d-m7g2-710801,M7G2,710801,1,v2_global_only,severe,31466,31411,0.9982520816118986,25;15;15;15;25;25;15;25;15;15;15;15;15;15;15;15;5;5;5;5;5;5;5;5;5;5;5;5;5;5;5;5;5;5;5;5;5;5;5;5;5;5;5;5;5;5;5;5,48,0.3333333333333333,0,0,0,0,,,0,0,,0,,,163.89690972222223,25.98509595846764,0.7768232450460474,b070fbc1e9846085a732e21bf4770509e6dd3df925a6053a84cee9ba202dfcbe
m7_v1_development_m7g2_seed710801,m7v1d-m7g2-710801,M7G2,710801,1,v2_visible_edges,severe,31466,31411,0.9982520816118986,15;15;15;15;15;15;15;15;5;15;5;5;5;5;15;15;5;5;5;5;5;5;5;5;5;5;5;5;5;5;5;5;15;5;5;5;15;5;5;5;5;5;5;5;15;5;5;5,48,0.2916666666666667,0,0,0,0,,,0,0,,0,,,172.28321180555557,25.76837401327222,0.75684996016511,e2d54652675c1c91cba0bedf830c823fb07d4e9d300115661ee554b25e3cd285
m7_v1_development_m7g2_seed710801,m7v1d-m7g2-710801,M7G2,710801,1,v2_corridor_edges,severe,31466,31411,0.9982520816118986,15;15;15;15;15;15;15;25;15;15;15;15;15;15;15;15;5;5;5;5;5;5;5;5;5;5;5;5;5;5;5;5;5;5;5;5;5;5;5;5;5;5;5;5;5;5;5;5,48,0.3333333333333333,0,0,0,0,,,0,0,,0,,,165.0234375,25.955347314778614,0.7743203052803675,b8688e05a854f9fdd51443fc305477c207b74728caa91e6d0bfe52a71fe4c26b
m7_v1_development_m7g2_seed710801,m7v1d-m7g2-710801,M7G2,710801,1,state_only_risk_roi,low,32374,32238,0.9957990980416384,25;25;25;25;25;25;25;25;25;25;25;25;25;25;25;25;25;25;25;25;25;25;25;25;25;25;25;25;25;25;25;25;25;25;25;25;25;25;25;25;25;25;25;25;55;25;25;25,48,0.020833333333333332,0,0,0,0,,,0,0,,0,,,33.75604166666667,32.8472884658469,0.9011646409601554,33d1efa16dbca951b5a226a796703646387eb893449626787a850f299bc226a9
m7_v1_development_m7g2_seed710801,m7v1d-m7g2-710801,M7G2,710801,1,command_conditioned_risk_roi,low,32374,32249,0.9961388768765058,25;25;25;25;25;25;25;25;25;25;25;25;25;25;25;25;25;25;25;25;25;25;25;25;25;25;25;25;25;25;25;25;25;25;25;25;25;25;25;25;25;25;25;25;55;25;25;25,48,0.020833333333333332,0,0,0,0,,,0,0,,0,,,33.75604166666667,32.8472884658469,0.9011646409601554,efb25dc7b82886ce2123358d33042dac53ea3047861648040c42a32aae62bca2
m7_v1_development_m7g2_seed710801,m7v1d-m7g2-710801,M7G2,710801,1,v2_global_only,low,32374,32243,0.9959535429665781,25;25;25;35;35;35;25;25;25;25;25;25;25;25;25;25;25;25;25;25;25;25;25;25;25;35;35;25;25;25;25;25;35;25;25;25;25;25;25;25;25;25;25;25;25;25;25;25,48,0.125,0,0,0,0,,,0,0,,0,,,32.39211805555556,33.02641014285162,0.9025077356445227,852d457db3d62fdc31fc1e238344c0e3a87b3f4209a41ff857bd1d548ce56046
m7_v1_development_m7g2_seed710801,m7v1d-m7g2-710801,M7G2,710801,1,v2_visible_edges,low,32374,32243,0.9959535429665781,25;25;25;25;25;35;25;25;25;25;25;25;25;25;25;25;25;25;25;25;25;25;25;25;25;25;35;25;25;25;25;25;35;25;35;35;25;25;25;25;25;25;25;25;35;25;25;25,48,0.125,0,0,0,0,,,0,0,,0,,,32.81880208333333,32.96957636012286,0.9018792727185868,05bc5de27ee5e62efa322ae30647631300acfb2972ee18862a35221759757cc1
m7_v1_development_m7g2_seed710801,m7v1d-m7g2-710801,M7G2,710801,1,v2_corridor_edges,low,32374,32243,0.9959535429665781,25;25;25;35;35;35;25;25;25;25;25;25;25;25;25;25;25;25;25;25;25;25;25;25;25;35;35;25;25;25;25;25;25;25;25;25;25;25;25;25;25;25;25;25;25;25;25;25,48,0.10416666666666667,0,0,0,0,,,0,0,,0,,,32.52506944444445,33.00862128368896,0.9022088000222195,3a5159d92f72270dff36fafb93f8c51670ba876afc4a8585389d0984a713befb
m7_v1_development_m7g2_seed710801,m7v1d-m7g2-710801,M7G2,710801,1,state_only_risk_roi,medium,33509,32924,0.9825420036408129,45;45;45;45;45;45;45;45;45;45;45;45;45;45;45;45;45;45;45;45;45;45;45;45;45;45;45;45;45;45;45;45;45;45;45;45;45;45;45;45;45;45;45;45;75;45;45;45,48,0.020833333333333332,0,0,0,0,,,0,0,,0,,,21.23939236111111,34.8593827303434,0.9288543240485071,ed42e1b0580bd781e90ec549a08d01c74fd9af8561d155dc56d7bc208594de2f
m7_v1_development_m7g2_seed710801,m7v1d-m7g2-710801,M7G2,710801,1,command_conditioned_risk_roi,medium,33509,32935,0.9828702736578233,45;45;45;45;45;45;45;45;45;45;45;45;45;45;45;45;45;45;45;45;45;45;45;45;45;45;45;45;45;45;45;45;45;45;45;45;45;45;45;45;45;45;45;45;75;45;45;45,48,0.020833333333333332,0,0,0,0,,,0,0,,0,,,21.23939236111111,34.8593827303434,0.9288543240485071,24f45fc99decaa5366f6adcc793f073250a5c8ae55e4b94c5d628734bd5df8c6
m7_v1_development_m7g2_seed710801,m7v1d-m7g2-710801,M7G2,710801,1,v2_global_only,medium,33509,32929,0.9826912172849085,45;45;45;45;55;45;45;45;55;55;55;45;55;55;45;45;45;45;45;45;45;45;45;45;45;45;55;45;55;45;45;45;45;45;45;55;45;45;45;45;45;45;45;45;45;45;55;55,48,0.22916666666666666,0,0,0,0,,,0,0,,0,,,20.126041666666666,35.093219933992884,0.9293721677278902,2b3c88616733f4329bb9a576994e668bf99f6df9b57f9bc9f75f66e5c3c568d0
m7_v1_development_m7g2_seed710801,m7v1d-m7g2-710801,M7G2,710801,1,v2_visible_edges,medium,33509,32929,0.9826912172849085,45;45;45;45;45;45;45;45;45;55;45;45;45;45;45;45;45;55;45;45;45;45;45;45;45;45;45;45;45;45;45;45;55;45;45;45;45;45;45;45;45;45;45;45;45;45;55;65,48,0.10416666666666667,0,0,0,0,,,0,0,,0,,,20.590677083333333,34.994097331075416,0.9287876540480046,0b86f442f6f290fd787bd2b21c5fee276826ce6a63ffc02d4ad0f676f43b5a2e
m7_v1_development_m7g2_seed710801,m7v1d-m7g2-710801,M7G2,710801,1,v2_corridor_edges,medium,33509,32929,0.9826912172849085,45;45;45;45;45;45;45;45;55;55;55;45;45;55;45;45;45;45;45;45;45;45;45;45;45;45;55;45;55;45;45;45;45;45;45;55;45;45;45;45;45;45;45;45;45;45;55;55,48,0.1875,0,0,0,0,,,0,0,,0,,,20.171770833333333,35.08336335268585,0.9292780006046052,566b2bf5c893337a76ecda2eb8b03e422b929b530ee32628a85af87c106dbdae
m7_v1_development_m7g2_seed710801,m7v1d-m7g2-710801,M7G2,710801,1,state_only_risk_roi,high,34871,33731,0.9673080783459035,65;65;65;65;65;65;65;65;65;65;65;65;65;65;65;65;65;65;65;65;65;65;65;65;65;65;65;65;65;65;65;65;65;65;65;65;65;65;65;65;65;65;65;65;95;65;65;65,48,0.020833333333333332,0,0,0,0,,,0,0,,0,,,14.481319444444445,36.5227222709136,0.9450089115960383,95768ac7490a5a94087435de97f94fae44ba7573b29dafbfce94048995244b21
m7_v1_development_m7g2_seed710801,m7v1d-m7g2-710801,M7G2,710801,1,command_conditioned_risk_roi,high,34871,33742,0.9676235267127412,65;65;65;65;65;65;65;65;65;65;65;65;65;65;65;65;65;65;65;65;65;65;65;65;65;65;65;65;65;65;65;65;65;65;65;65;65;65;65;65;65;65;65;65;95;65;65;65,48,0.020833333333333332,0,0,0,0,,,0,0,,0,,,14.481319444444445,36.5227222709136,0.9450089115960383,3a7d156932952ef640f4b1db0c714a3a228cf2b0254c860d302c850b37b7e012
m7_v1_development_m7g2_seed710801,m7v1d-m7g2-710801,M7G2,710801,1,v2_global_only,high,34871,33736,0.9674514639671934,75;75;75;75;75;75;75;65;65;65;75;75;65;65;65;65;65;65;65;65;75;65;75;65;75;75;65;75;65;75;75;75;65;65;65;65;65;75;65;65;65;65;65;65;65;65;75;75,48,0.4166666666666667,0,0,0,0,,,0,0,,0,,,13.16204861111111,36.937568704304994,0.9468176481739748,e611e42e4329eaf03bc6f7c620b0a199972df0d52741a421432e49b30ef06832
m7_v1_development_m7g2_seed710801,m7v1d-m7g2-710801,M7G2,710801,1,v2_visible_edges,high,34871,33736,0.9674514639671934,65;65;75;75;75;65;65;65;65;65;65;65;65;65;65;65;65;75;75;65;65;65;75;65;75;75;65;65;65;75;75;75;65;65;65;65;65;65;75;65;65;65;65;65;65;65;75;75,48,0.2916666666666667,0,0,0,0,,,0,0,,0,,,13.30453125,36.89080782929362,0.9462373865412247,468c701ce1ba534f6613632e1f82653146f802bea2fb0f9549025bd661e93c2d
m7_v1_development_m7g2_seed710801,m7v1d-m7g2-710801,M7G2,710801,1,v2_corridor_edges,high,34871,33736,0.9674514639671934,75;75;75;75;75;65;65;65;65;65;65;65;65;65;65;65;65;65;65;65;75;65;75;65;75;75;65;75;65;75;75;75;65;65;65;65;65;65;65;65;65;65;65;65;75;65;75;75,48,0.3333333333333333,0,0,0,0,,,0,0,,0,,,13.155190972222222,36.93983203803064,0.9468479275085732,b15738ff73145d653d0a9315236d1467073ac0a7be984161c1a40b5a6004c4b9
m7_v1_development_m7g2_seed710801,m7v1d-m7g2-710801,M7G2,710801,2,state_only_risk_roi,severe,31466,31433,0.9989512489671392,5;5;5;5;5;5;5;5;5;5;5;5;5;5;5;5;5;5;5;5;5;5;5;5;5;5;5;5;5;5;5;5;5;5;5;5;5;5;5;5;5;5;5;5;35;5;5;5,48,0.020833333333333332,0,0,0,0,,,0,0,,0,,,187.86746527777777,25.392287849916578,0.7741224413257681,408c988a88ceff83e3bf7fdc1fd3d07d83b25abfaabe1fd50f5706a53f0160a8
m7_v1_development_m7g2_seed710801,m7v1d-m7g2-710801,M7G2,710801,2,command_conditioned_risk_roi,severe,31466,31456,0.9996821966567089,5;5;5;5;5;5;5;5;5;5;5;5;5;5;5;5;5;5;5;5;5;5;5;5;5;5;5;5;5;5;5;5;5;5;5;5;35;5;5;5;5;5;5;5;35;5;5;5,48,0.041666666666666664,0,0,0,0,,,0,0,,0,,,187.53277777777777,25.40003174330038,0.773209757525696,06a77f86d2a54fa665f0d489ac326319f88ffd44f2a0de85fea72b4f492485e8
m7_v1_development_m7g2_seed710801,m7v1d-m7g2-710801,M7G2,710801,2,v2_global_only,severe,31466,31444,0.9993008326447594,15;5;15;15;15;15;15;15;15;15;15;15;15;15;15;15;5;5;5;15;5;5;5;5;5;5;5;5;5;5;5;5;15;5;5;5;5;15;5;5;15;15;5;5;5;15;5;5,48,0.4375,0,0,0,0,,,0,0,,0,,,149.53180555555556,26.383467835375566,0.7855645916960782,31041acbb7196ba158c102add7cd24ee7c55915aa44083ccdba05b5d9f12c18d
m7_v1_development_m7g2_seed710801,m7v1d-m7g2-710801,M7G2,710801,2,v2_visible_edges,severe,31466,31444,0.9993008326447594,15;5;15;15;15;15;15;15;15;15;15;15;15;15;15;15;5;5;5;5;5;5;5;5;5;5;5;5;5;5;5;5;5;5;15;15;5;15;5;5;5;5;5;5;5;15;5;5,48,0.3958333333333333,0,0,0,0,,,0,0,,0,,,156.17694444444444,26.19463439134527,0.7821123416101415,a1be6e6cacd18d9ef98b3c1d1d881660f4622a1daec563beb3847654e46c862c
m7_v1_development_m7g2_seed710801,m7v1d-m7g2-710801,M7G2,710801,2,v2_corridor_edges,severe,31466,31444,0.9993008326447594,15;5;15;15;15;15;15;15;15;15;15;15;15;15;15;15;5;5;5;15;5;5;5;5;5;5;5;5;5;5;5;5;15;5;5;5;5;15;5;5;15;15;15;5;5;5;5;5,48,0.4375,0,0,0,0,,,0,0,,0,,,151.5518576388889,26.325190967899744,0.7855214293876182,ca7d1c8ad12811ad4af83c3f35f028a7231e04b2669459fe066715490c0c6744
m7_v1_development_m7g2_seed710801,m7v1d-m7g2-710801,M7G2,710801,2,state_only_risk_roi,low,32374,32227,0.9954593192067709,25;25;25;25;25;25;25;25;25;25;25;25;25;25;25;25;25;25;25;25;25;25;25;25;25;25;25;25;25;25;25;25;25;25;25;25;25;25;25;25;25;25;25;25;55;25;25;25,48,0.020833333333333332,0,0,0,0,,,0,0,,0,,,32.56592013888889,33.00317007343022,0.906925799734262,05992a914b0227ee711dbcf8a20669c187598bd22d776cf472094ac3bdacf277
m7_v1_development_m7g2_seed710801,m7v1d-m7g2-710801,M7G2,710801,2,command_conditioned_risk_roi,low,32374,32255,0.9963242107864335,25;25;25;25;25;25;25;25;25;25;25;25;25;25;25;25;25;25;25;25;25;25;25;25;25;25;25;25;25;25;25;25;25;25;25;25;55;25;25;25;25;25;25;25;55;25;25;25,48,0.041666666666666664,0,0,0,0,,,0,0,,0,,,32.424618055555555,33.02205491835511,0.9077410293215834,9c6be1d0c45b33726c0610590c93eb217e4cf1bfba6fc7f32c04a6d45151d7d1
m7_v1_development_m7g2_seed710801,m7v1d-m7g2-710801,M7G2,710801,2,v2_global_only,low,32374,32241,0.9958917649966023,25;25;25;25;25;25;25;25;25;35;35;35;25;35;25;25;25;25;25;25;25;25;25;25;25;35;25;25;35;45;25;35;25;35;25;25;35;25;25;35;25;25;25;25;25;25;25;25,48,0.22916666666666666,0,0,0,0,,,0,0,,0,,,29.341927083333335,33.45591727360167,0.9124773309518863,82a5a2c57093b192ce7b5c4a3abc3baaa8e50fb4a8d66a255610fb77a2b22ee0
m7_v1_development_m7g2_seed710801,m7v1d-m7g2-710801,M7G2,710801,2,v2_visible_edges,low,32374,32241,0.9958917649966023,25;25;25;25;25;25;25;25;25;35;45;35;25;25;25;25;25;25;25;25;25;25;25;25;25;35;25;25;35;25;25;25;35;35;25;25;25;25;25;35;25;25;25;25;25;35;25;25,48,0.1875,0,0,0,0,,,0,0,,0,,,30.47201388888889,33.29179203267186,0.911230366799964,d73f673e24528f2523481d53ea6d0b4733e5d0773813fa07534f183df5d727b2
m7_v1_development_m7g2_seed710801,m7v1d-m7g2-710801,M7G2,710801,2,v2_corridor_edges,low,32374,32241,0.9958917649966023,25;25;25;25;25;25;25;25;25;35;35;35;25;35;25;25;25;25;25;25;25;25;25;25;25;35;25;25;35;45;25;35;25;35;25;25;25;25;25;35;25;25;25;25;25;25;25;25,48,0.20833333333333334,0,0,0,0,,,0,0,,0,,,29.44980902777778,33.43997877991011,0.9120447454918233,c4c0303290ce6ac5e8664f61c554b9aa83b28c612cdd93c2facf82c92f289bcb
m7_v1_development_m7g2_seed710801,m7v1d-m7g2-710801,M7G2,710801,2,state_only_risk_roi,medium,33509,32876,0.981109552657495,45;45;45;45;45;45;45;45;45;45;45;45;45;45;45;45;45;45;45;45;45;45;45;45;45;45;45;45;45;45;45;45;45;45;45;45;45;45;45;45;45;45;45;45;75;45;45;45,48,0.020833333333333332,0,0,0,0,,,0,0,,0,,,19.30918402777778,35.27316439223211,0.9348850164136321,5b14fd854cedec3d2495a0379d144047c388204eb8a3ba122e3d913477364baf
m7_v1_development_m7g2_seed710801,m7v1d-m7g2-710801,M7G2,710801,2,command_conditioned_risk_roi,medium,33509,32917,0.9823331045390791,45;45;45;45;45;45;45;45;45;45;45;45;45;45;45;45;45;45;45;45;45;45;45;45;45;45;45;45;45;45;45;45;45;45;45;45;75;45;45;45;45;45;45;45;75;45;45;45,48,0.041666666666666664,0,0,0,0,,,0,0,,0,,,19.258072916666666,35.284675341297714,0.9353271090234196,e9d5e310aa97c8dbf6dabae0f886c9d53efb9732da2352aaba83b4ffdc49fecc
m7_v1_development_m7g2_seed710801,m7v1d-m7g2-710801,M7G2,710801,2,v2_global_only,medium,33509,32896,0.9817064072338775,45;45;45;45;45;45;55;45;45;45;45;45;55;55;45;55;45;45;45;55;45;45;45;45;45;55;45;55;45;45;65;55;65;45;45;45;45;45;45;45;45;45;45;45;55;45;45;45,48,0.22916666666666666,0,0,0,0,,,0,0,,0,,,18.119409722222223,35.54936315350365,0.935842702034016,20063ae8fdf1f9280d672187bf9aeaff147a2ab9deca04bca2d7fe8870433ac4
m7_v1_development_m7g2_seed710801,m7v1d-m7g2-710801,M7G2,710801,2,v2_visible_edges,medium,33509,32896,0.9817064072338775,45;45;45;45;45;45;45;45;45;45;45;45;45;45;45;45;45;45;45;45;45;55;45;45;45;55;45;45;45;45;45;45;55;45;65;45;55;45;45;45;45;45;45;45;45;45;65;45,48,0.125,0,0,0,0,,,0,0,,0,,,18.984045138888888,35.346916030234055,0.9354281453298788,31153bbf7d0d32e813b267791b9f8a913c70b8fe290ca5bc7df9cc63a954d159
m7_v1_development_m7g2_seed710801,m7v1d-m7g2-710801,M7G2,710801,2,v2_corridor_edges,medium,33509,32896,0.9817064072338775,45;45;45;45;45;45;55;45;45;45;45;45;55;55;45;55;45;45;45;45;45;45;45;45;45;55;45;55;45;45;55;55;55;45;45;45;55;45;45;45;45;45;45;45;65;45;45;45,48,0.22916666666666666,0,0,0,0,,,0,0,,0,,,18.449444444444445,35.47097067789893,0.9356550398877737,3c0130baa5fbafe83b67d8b7900a151d2f7621d223780953a2cde5ad49d1f8f0
m7_v1_development_m7g2_seed710801,m7v1d-m7g2-710801,M7G2,710801,2,state_only_risk_roi,high,34871,33704,0.966533795990938,65;65;65;65;65;65;65;65;65;65;65;65;65;65;65;65;65;65;65;65;65;65;65;65;65;65;65;65;65;65;65;65;65;65;65;65;65;65;65;65;65;65;65;65;95;65;65;65,48,0.020833333333333332,0,0,0,0,,,0,0,,0,,,12.909618055555555,37.02166967464264,0.9506783639941944,ceeb47c59725465e38e704baf1b101c24d179fdd4c8fcb7e7005a4dfdbd81bd6
m7_v1_development_m7g2_seed710801,m7v1d-m7g2-710801,M7G2,710801,2,command_conditioned_risk_roi,high,34871,33860,0.9710074273751829,65;65;65;65;65;65;65;65;65;65;65;65;65;65;65;65;65;65;65;65;65;65;65;65;65;65;65;65;65;65;65;65;65;65;65;65;95;65;65;65;65;65;65;65;95;65;65;65,48,0.041666666666666664,0,0,0,0,,,0,0,,0,,,12.8203125,37.05181749462685,0.9517758048637749,f732aac0766e7a556f395f107822deee4c3daff722cdae5903e5622d77fd401f
m7_v1_development_m7g2_seed710801,m7v1d-m7g2-710801,M7G2,710801,2,v2_global_only,high,34871,33782,0.9687706116830604,65;65;75;65;75;65;75;65;75;75;65;65;65;75;65;65;65;65;65;65;75;75;65;75;75;75;65;75;75;75;75;75;75;75;65;75;65;65;65;65;65;65;65;65;75;75;75;65,48,0.4583333333333333,0,0,0,0,,,0,0,,0,,,11.139131944444445,37.66229012617864,0.9531753413490325,4f8bc8c1e7471753c5a76806bed6733c2b85ba44adb8d3385448306967e64b29
m7_v1_development_m7g2_seed710801,m7v1d-m7g2-710801,M7G2,710801,2,v2_visible_edges,high,34871,33782,0.9687706116830604,75;65;75;65;65;65;75;65;65;65;65;65;65;75;65;65;65;75;65;65;75;75;65;65;75;75;65;75;75;75;75;75;75;75;75;75;75;65;65;65;65;65;65;65;65;75;65;75,48,0.4375,0,0,0,0,,,0,0,,0,,,11.335572916666667,37.586368859634604,0.9523468415770031,e2ebea4ef16e103ade633e4103bdc956d162e2b76897e6bbfbe832ebb2fb1b27
m7_v1_development_m7g2_seed710801,m7v1d-m7g2-710801,M7G2,710801,2,v2_corridor_edges,high,34871,33782,0.9687706116830604,65;65;75;65;75;65;75;65;75;65;65;65;65;75;65;65;65;65;75;65;75;75;65;75;75;75;65;75;75;75;75;75;75;75;65;75;75;65;65;65;65;65;65;65;65;75;75;65,48,0.4583333333333333,0,0,0,0,,,0,0,,0,,,11.223663194444445,37.62945735188033,0.9530880593004115,232ddd8da864bbeffd437b88ed7f9458e1cf282109197ee3b2e21e89bbead5c0
m7_v1_development_m7g2_seed710801,m7v1d-m7g2-710801,M7G2,710801,3,state_only_risk_roi,severe,31466,31415,0.998379202949215,5;5;5;5;5;5;5;5;5;5;5;5;5;5;5;5;5;5;5;5;5;5;5;5;5;5;5;5;5;5;5;5;5;5;5;5;5;5;5;5;5;5;5;5;35;5;5;5,48,0.020833333333333332,0,0,0,0,,,0,0,,0,,,196.895,25.188456731705273,0.7636953449951815,72672d817f636c4ee94a0ac1ea563c9bbecd8fd52d262bfb44f2c7056a9d66f8
m7_v1_development_m7g2_seed710801,m7v1d-m7g2-710801,M7G2,710801,3,command_conditioned_risk_roi,severe,31466,31432,0.99891946863281,5;5;5;5;5;5;5;5;5;5;5;5;5;5;5;5;5;5;5;5;5;5;5;5;5;5;5;5;5;5;5;5;5;5;5;5;5;5;5;5;5;5;5;5;35;5;5;5,48,0.020833333333333332,0,0,0,0,,,0,0,,0,,,196.895,25.188456731705273,0.7636953449951815,1f79628649b20a44e698dc8dbce7fb5fc7499fcb94bfbe6dd727d4d6a0acd0c3
m7_v1_development_m7g2_seed710801,m7v1d-m7g2-710801,M7G2,710801,3,v2_global_only,severe,31466,31423,0.9986334456238479,15;15;15;15;5;15;25;15;15;15;5;15;5;15;15;15;5;5;5;5;5;5;5;5;5;5;5;5;5;5;5;5;5;5;5;5;5;5;5;5;15;15;5;15;15;15;5;5,48,0.375,0,0,0,0,,,0,0,,0,,,161.97762152777779,26.036253433520443,0.7663955499112007,4ab06a3ae6379da0654918e5b15ab612248ecda1fff341ea82aa84e12cea853a
m7_v1_development_m7g2_seed710801,m7v1d-m7g2-710801,M7G2,710801,3,v2_visible_edges,severe,31466,31423,0.9986334456238479,15;5;5;15;5;15;15;15;15;5;5;15;5;5;15;15;5;5;5;5;5;5;5;5;5;5;5;5;5;5;5;5;5;5;5;5;5;5;5;5;5;15;5;5;5;15;15;5,48,0.25,0,0,0,0,,,0,0,,0,,,172.55338541666666,25.761568765023334,0.7664198348312413,5fd7996b5430ee4a6f3177225db78bb2c6d5bd6f2c2ff6ec0f831a773bf3ac54
m7_v1_development_m7g2_seed710801,m7v1d-m7g2-710801,M7G2,710801,3,v2_corridor_edges,severe,31466,31423,0.9986334456238479,15;15;15;15;5;15;15;15;15;5;5;15;5;15;15;15;5;5;5;5;5;5;5;5;5;5;5;5;5;5;5;5;5;5;5;5;5;5;5;5;15;15;5;15;15;15;5;5,48,0.3541666666666667,0,0,0,0,,,0,0,,0,,,164.28064236111112,25.974939685286348,0.7622475431965663,aa19daa45a0ad5f1a4b11d6ed0cc999931411be28e95d1d71138c9f6c052a771
m7_v1_development_m7g2_seed710801,m7v1d-m7g2-710801,M7G2,710801,3,state_only_risk_roi,low,32374,32182,0.994069314882313,25;25;25;25;25;25;25;25;25;25;25;25;25;25;25;25;25;25;25;25;25;25;25;25;25;25;25;25;25;25;25;25;25;25;25;25;25;25;25;25;25;25;25;25;55;25;25;25,48,0.020833333333333332,0,0,0,0,,,0,0,,0,,,31.047013888888888,33.210605249202615,0.9080407646387859,1e9e1afde9dcfefeab99b641148aa788659eddf10a5c5e5ea6f54cb07fbe0ae3
m7_v1_development_m7g2_seed710801,m7v1d-m7g2-710801,M7G2,710801,3,command_conditioned_risk_roi,low,32374,32199,0.9945944276271081,25;25;25;25;25;25;25;25;25;25;25;25;25;25;25;25;25;25;25;25;25;25;25;25;25;25;25;25;25;25;25;25;25;25;25;25;25;25;25;25;25;25;25;25;55;25;25;25,48,0.020833333333333332,0,0,0,0,,,0,0,,0,,,31.047013888888888,33.210605249202615,0.9080407646387859,aae2f856b2662d8d298b1a2c2679d7971ef6e21464df1e8caf756b335cdbf7dd
m7_v1_development_m7g2_seed710801,m7v1d-m7g2-710801,M7G2,710801,3,v2_global_only,low,32374,32190,0.9943164267622165,25;25;25;25;25;25;25;25;35;35;25;25;25;35;25;25;25;25;25;25;25;25;25;25;25;25;25;25;35;35;25;25;25;25;25;25;35;25;25;25;25;25;25;25;25;25;25;25,48,0.125,0,0,0,0,,,0,0,,0,,,29.374131944444443,33.45115319539031,0.9099640859759695,047e3c38d0e9acb4d6e6341cc5a2934e3a2fd9ac3860f101bcd603a8a9e07076
m7_v1_development_m7g2_seed710801,m7v1d-m7g2-710801,M7G2,710801,3,v2_visible_edges,low,32374,32190,0.9943164267622165,25;25;25;25;25;25;25;25;25;25;25;25;25;35;25;25;35;25;25;25;25;25;25;25;25;25;25;25;25;25;25;25;25;35;25;25;25;35;25;25;25;25;25;25;25;25;25;25,48,0.08333333333333333,0,0,0,0,,,0,0,,0,,,30.367274305555554,33.306745484419224,0.9086758385064458,72316655b204b1440cd471b65d852f51ef160a30ccdd1cf7565ca14d77530528
m7_v1_development_m7g2_seed710801,m7v1d-m7g2-710801,M7G2,710801,3,v2_corridor_edges,low,32374,32189,0.9942855377772286,25;25;25;25;25;25;25;25;35;25;25;25;25;35;25;35;25;25;25;25;25;25;25;25;25;25;25;25;25;35;25;25;25;25;35;25;35;25;25;25;25;25;25;25;25;25;25;25,48,0.125,0,0,0,0,,,0,0,,0,,,29.617048611111112,33.41538582704721,0.9099329429183575,851837e3537b8843e7ef6fca069d72a7bdc6411e3f1ceb788e2f463049b6e94b
m7_v1_development_m7g2_seed710801,m7v1d-m7g2-710801,M7G2,710801,3,state_only_risk_roi,medium,33509,32792,0.9786027634366886,45;45;45;45;45;45;45;45;45;45;45;45;45;45;45;45;45;45;45;45;45;45;45;45;45;45;45;45;45;45;45;45;45;45;45;45;45;45;45;45;45;45;45;45;75;45;45;45,48,0.020833333333333332,0,0,0,0,,,0,0,,0,,,18.671475694444446,35.419017172290935,0.9371091488621937,a9d3d5699a56bb540ad025fbdc6693efd1df06343ab16a4396b9a2b399aded6a
m7_v1_development_m7g2_seed710801,m7v1d-m7g2-710801,M7G2,710801,3,command_conditioned_risk_roi,medium,33509,32809,0.9791100898266137,45;45;45;45;45;45;45;45;45;45;45;45;45;45;45;45;45;45;45;45;45;45;45;45;45;45;45;45;45;45;45;45;45;45;45;45;45;45;45;45;45;45;45;45;75;45;45;45,48,0.020833333333333332,0,0,0,0,,,0,0,,0,,,18.671475694444446,35.419017172290935,0.9371091488621937,9a7818ab4c8a9762dce53390f27c42a8f7665ea01d37f9dddf6b63c28efd754c
m7_v1_development_m7g2_seed710801,m7v1d-m7g2-710801,M7G2,710801,3,v2_global_only,medium,33509,32800,0.9788415052672417,45;45;55;45;45;45;45;55;45;55;45;45;55;45;45;55;45;45;45;45;45;45;45;45;55;55;45;45;45;55;55;45;45;45;45;45;45;45;45;45;45;45;45;45;45;45;45;45,48,0.1875,0,0,0,0,,,0,0,,0,,,17.913194444444443,35.599073207538325,0.9380126888196686,019afdfc4e87e8120fc993a4bd28a14d1152cda581820d18525bfca70c9af4f5
m7_v1_development_m7g2_seed710801,m7v1d-m7g2-710801,M7G2,710801,3,v2_visible_edges,medium,33509,32800,0.9788415052672417,45;45;45;45;45;45;45;45;45;45;45;45;55;45;45;55;45;45;45;55;45;45;45;55;45;45;45;45;45;45;45;45;45;45;45;45;45;45;45;45;45;45;45;45;45;45;55;55,48,0.125,0,0,0,0,,,0,0,,0,,,18.412621527777777,35.47964734558616,0.937156504552529,8facd75b0a3944a6ca79dd9d3433c1bcd1a99e60307516320fa59bae2b76c25d
m7_v1_development_m7g2_seed710801,m7v1d-m7g2-710801,M7G2,710801,3,v2_corridor_edges,medium,33509,32800,0.9788415052672417,45;45;45;45;45;45;45;45;45;45;45;45;55;45;45;55;45;45;45;45;45;45;45;45;55;55;45;45;45;55;55;45;45;45;45;45;45;45;45;45;45;45;45;45;45;45;45;45,48,0.125,0,0,0,0,,,0,0,,0,,,17.963680555555555,35.58685037378203,0.9380300541210929,6706debf29e1d6e0e36b98ff8002c34eeb53a6fead6206713d1570ad0792df9b
m7_v1_development_m7g2_seed710801,m7v1d-m7g2-710801,M7G2,710801,3,state_only_risk_roi,high,34871,33568,0.9626337070918528,65;65;65;65;65;65;65;65;65;65;65;65;65;65;65;65;65;65;65;65;65;65;65;65;65;65;65;65;65;65;65;65;65;65;65;65;65;65;65;65;65;65;65;65;95;65;65;65,48,0.020833333333333332,0,0,0,0,,,0,0,,0,,,12.323663194444444,37.22340540323385,0.9543698038217432,1c2204780358183ed49f39782aea5ed072e2e8bdcceb9c6f42d3c48f0ca2645c
m7_v1_development_m7g2_seed710801,m7v1d-m7g2-710801,M7G2,710801,3,command_conditioned_risk_roi,high,34871,33585,0.9631212182042385,65;65;65;65;65;65;65;65;65;65;65;65;65;65;65;65;65;65;65;65;65;65;65;65;65;65;65;65;65;65;65;65;65;65;65;65;65;65;65;65;65;65;65;65;95;65;65;65,48,0.020833333333333332,0,0,0,0,,,0,0,,0,,,12.323663194444444,37.22340540323385,0.9543698038217432,9485e2648c41ef4522bffe2d6580fbab89cc5449433abd576fb2951938e1e710
m7_v1_development_m7g2_seed710801,m7v1d-m7g2-710801,M7G2,710801,3,v2_global_only,high,34871,33576,0.9628631240859167,65;65;65;75;65;75;75;75;75;65;65;65;65;65;65;65;65;65;65;65;65;65;75;65;65;75;75;65;65;75;65;75;75;65;65;65;65;75;75;65;65;65;65;65;65;65;65;75,48,0.2916666666666667,0,0,0,0,,,0,0,,0,,,11.163524305555555,37.652790385935795,0.9557541577280787,7c19bb587579ce603b7f73a0eddebd95ebd7fabb2111e9e1be9abe68f348e6bf
m7_v1_development_m7g2_seed710801,m7v1d-m7g2-710801,M7G2,710801,3,v2_visible_edges,high,34871,33576,0.9628631240859167,65;65;65;75;65;75;75;75;75;65;65;65;65;65;65;65;65;65;65;65;65;65;65;65;65;65;65;65;65;65;65;75;75;75;65;65;75;75;75;75;65;65;65;65;65;65;65;75,48,0.2708333333333333,0,0,0,0,,,0,0,,0,,,11.433802083333333,37.54889690469115,0.9552711207825801,78ee4f881ac619bd0913918e88eb976209025341f00492fe8b1945a65ffc0276
m7_v1_development_m7g2_seed710801,m7v1d-m7g2-710801,M7G2,710801,3,v2_corridor_edges,high,34871,33576,0.9628631240859167,65;65;65;75;65;75;75;75;65;65;65;65;65;65;65;65;65;65;65;65;65;65;75;65;65;75;75;65;65;75;65;75;75;65;65;65;65;75;75;65;65;65;65;65;65;65;65;75,48,0.2708333333333333,0,0,0,0,,,0,0,,0,,,11.1765625,37.64772109807367,0.9556239606907712,8aa2e79d34e91b10538f6ec53f9afdfb91a13f25a9ca74784320a9f19543c8fa
